id,SW,CH,S_Dbw,AVI,AVU,MQ,K,min_size,max_share,AVI@comovement,AVU@comovement,MQ@comovement,AVI@leadlag,AVU@leadlag,MQ@leadlag,AVI@multiplex,AVU@multiplex,MQ@multiplex,method,k,network,resolution,distance,xi_mult,admissible
kmeans|k4,0.23891657559139737,741.7372812795679,0.5761050391560243,0.6700475138846657,0.5115044271417339,0.32752318296820065,4,89,0.46875,0.7225112679930137,0.5375429822394105,0.4443001970623195,0.5731480726639785,0.5418945909173553,0.307075572991686,0.6444549192725021,0.5322337139172395,0.36712333938393277,kmeans,4.0,,,,,True
gmm|k4,0.17741935364264713,500.45675462498906,0.5735323964297843,0.6123612295408948,0.544221244962419,0.333738178931672,4,267,0.4573412698412698,0.7159772250902994,0.5582434894745075,0.45164098215165066,0.5777914728093558,0.5855382894891978,0.3115314837855025,0.641188872640523,0.5596839132963795,0.3737468760815684,gmm,4.0,,,,,True
ward|k4,0.22022692908662297,660.8493528504022,0.6922529814473265,0.6365841328516657,0.5069693439108645,0.3459913998660565,4,35,0.4880952380952381,0.6888865455007886,0.5326340645704917,0.4129168037324555,0.5559578374502709,0.5255846271634567,0.29253293424224697,0.6243529639415748,0.5237746569521421,0.3536972385904084,ward,4.0,,,,,True
pattern|k4,0.04437030671680057,304.53168351749525,1.0651799271927795,0.4790443830947396,0.6139209520917012,0.22979444785688527,4,305,0.3373015873015873,0.5072405536521678,0.6617755376414763,0.2577388490298763,0.41717526317607606,0.6262361544886385,0.16723054587082822,0.4675944331130948,0.6339437240927002,0.21803369174995882,pattern,4.0,,,,,True
kmeans|k5,0.17587710910734622,625.8568995585232,0.5135757335496683,0.576641039314904,0.45512560732939206,0.31869047009993934,5,87,0.31398809523809523,0.6339847965288401,0.5415699715704457,0.41503866946998225,0.4998674421448007,0.5542771437340026,0.2826919960520864,0.5651122142505429,0.5210888511158762,0.34471787949501465,kmeans,5.0,,,,,True
gmm|k5,0.17509448595178131,440.9383055766222,0.6587222807983044,0.5410256772803682,0.49482612480510635,0.32466343907885314,5,120,0.42212301587301587,0.641784946366475,0.515467697812491,0.44372193231386714,0.502088444983027,0.532136342074349,0.30332450403043665,0.5662317131993235,0.5101254764883757,0.36510682647514614,gmm,5.0,,,,,True
ward|k5,0.2110319243880973,551.9400926961633,0.7318753926263255,0.5920884321801438,0.43794418339907953,0.3450104830671423,5,35,0.4880952380952381,0.6058392378167048,0.5014997570216385,0.42045996727173185,0.48462109870812664,0.49220548988493906,0.3001332401691256,0.5522577501378705,0.48276111106114483,0.3591019843081854,ward,5.0,,,,,True
pattern|k5,0.027507217610903863,232.02983859784024,0.7534449750459574,0.4175856255282048,0.5630455390156027,0.22889730831856472,5,212,0.3373015873015873,0.43036920518274996,0.5980726120171866,0.2441417834262779,0.3373314538596428,0.5755214613045654,0.15300309873086856,0.39277298262409804,0.5795159937165195,0.20716811695388765,pattern,5.0,,,,,True
kmeans|k6,0.17187833671607594,550.8436233031796,0.5238266931104523,0.5286355533744063,0.4288531619642874,0.3208102559355869,6,59,0.27033730158730157,0.5720466561039058,0.5194833982313,0.407616214045681,0.4410909411753628,0.5279427753201652,0.27563964223962706,0.5094092201658095,0.5006167387614606,0.3396117901960545,kmeans,6.0,,,,,True
gmm|k6,0.14053069243420832,381.63715532489715,0.624795207331321,0.4743606267740022,0.4611490843029796,0.31543974848127165,6,111,0.3725198412698413,0.5672580521626044,0.5118977781759637,0.41781305209947844,0.4532686633388532,0.5352655071592692,0.2966665850226893,0.5035685030272966,0.505163686498109,0.3503713182372232,gmm,6.0,,,,,True
ward|k6,0.21776633604411125,489.5536936304568,0.604944700003172,0.5624616331584316,0.4105882591842121,0.34977335930935044,6,35,0.4880952380952381,0.5869325101195836,0.4721030811831197,0.43575150166638327,0.46799589009744197,0.46086643599239574,0.315861624456009,0.5320562021212075,0.45252261215990314,0.3726665886500155,ward,6.0,,,,,True
pattern|k6,0.01889428097920547,199.3525412497563,0.729671332747915,0.37935291509023106,0.5371418427964918,0.22919057263926818,6,163,0.29216269841269843,0.3735457048724106,0.5750973037569272,0.23471609858680526,0.2968479826609713,0.5558361770178609,0.14995493631689835,0.34620237632715084,0.5584281152276139,0.20253089715248757,pattern,6.0,,,,,True
kmeans|k7,0.18326643656115268,498.7367970636254,0.48715706612658427,0.5335160939129652,0.430901232328816,0.327628667603288,7,39,0.2509920634920635,0.5580712867761723,0.5019786672327038,0.4255056232875776,0.443389424660957,0.5066493592861505,0.30526983124850543,0.5016222355160672,0.4790141279482925,0.35932983243969957,kmeans,7.0,,,,,True
gmm|k7,0.09905059635673831,358.1613359970537,0.579438317025211,0.4446042163613348,0.45627430014324666,0.312583219881065,7,100,0.25793650793650796,0.520074622496658,0.5024039233453913,0.3925600739607,0.4168716170259238,0.5248916109598353,0.28812015630767646,0.4655821297175245,0.49887411514962426,0.3363461087455882,gmm,7.0,,,,,True
ward|k7,0.15556874235363666,441.6090067472512,0.5648794556334541,0.5136990026914142,0.3981246580516021,0.33599823919421,7,35,0.24503968253968253,0.5272588914261612,0.4741949828040029,0.3919472279497775,0.4177221935397721,0.4656120099195761,0.280228693954843,0.4794835583253315,0.45362971700081856,0.33869089739656266,ward,7.0,,,,,True
pattern|k7,-0.00477792375902147,179.0301495710389,0.6053074324573943,0.36474282939807473,0.5380500536275935,0.2315103063737631,7,163,0.2296626984126984,0.3445499993769933,0.5677832017084709,0.2225170081720526,0.2665185672651716,0.5539560763038014,0.14283022506160373,0.3203615002031583,0.5548428462075369,0.19553447136550228,pattern,7.0,,,,,True
kmeans|k8,0.17331319491336622,459.2790541895159,0.45474439744247963,0.49261212101271784,0.4342057364420477,0.3328044287285888,8,41,0.18253968253968253,0.5214691926353848,0.49385654724898653,0.41659936680878634,0.4133124931286347,0.5080333749956533,0.29747921056764476,0.46985810368823167,0.4801355835779628,0.3542015414805494,kmeans,8.0,,,,,True
gmm|k8,0.08464767269016203,329.4388530112548,0.5605749486135658,0.4472642126242439,0.43265083382177133,0.28825372105411473,8,54,0.24553571428571427,0.483641158866011,0.4677319749587688,0.3511406678343394,0.36628020723909727,0.487874575575898,0.23534706745395576,0.4278837015032841,0.46646139240999573,0.2944820725125409,gmm,8.0,,,,,True
ward|k8,0.13827061821083816,401.8771757882385,0.5168675656219092,0.46194649975470947,0.4214786175996958,0.32882922912243195,8,35,0.24503968253968253,0.4965925151029478,0.49734355319550044,0.4014173280409999,0.39553398347546287,0.4983239702208044,0.29314581722785826,0.44835864843382617,0.47566396996175636,0.3456978487355749,ward,8.0,,,,,True
pattern|k8,-0.011284192358894959,160.15320806778075,0.5628834422024512,0.3451611273801243,0.5229757924988269,0.22499251146148763,8,146,0.2296626984126984,0.3082663129565728,0.5482017164151686,0.20943692235912814,0.23995710455856056,0.5327890860779655,0.13831054497971124,0.29216847384474465,0.5356405694509123,0.18714690089886937,pattern,8.0,,,,,True
kmeans|k9,0.17906134631010492,425.08387080914815,0.4282474554120892,0.4557246971871728,0.41915860842072905,0.33015885757165897,9,25,0.18898809523809523,0.5067416760825751,0.46051128235802197,0.4212853916756909,0.38927281911836226,0.4753165023461306,0.29976267461811734,0.4506077923058661,0.4465047719927784,0.3561793522878006,kmeans,9.0,,,,,True
gmm|k9,0.10115959136246541,291.6933796268554,0.5801638733815823,0.39203707245921976,0.4299798985981788,0.3072936173104704,9,69,0.2628968253968254,0.4351352441513553,0.48429284281651785,0.37290633668604106,0.3403809299230152,0.4955793934343969,0.2655239501768288,0.3921168925626561,0.4744569424141928,0.31890501822139966,gmm,9.0,,,,,True
ward|k9,0.13776489789858082,371.8729528903108,0.4971674020494369,0.4219016066242801,0.42627742375983646,0.32612306739154395,9,35,0.24503968253968253,0.45932519463372135,0.48626686505683536,0.39007590019071153,0.37223953013612715,0.48736015815609623,0.285311135837177,0.4167595377339706,0.46976346978283634,0.3376599998020109,ward,9.0,,,,,True
pattern|k9,-0.02570084276385796,158.026911724182,0.5472287183734587,0.32501932045659054,0.5327131162320262,0.21805719092010709,9,146,0.14087301587301587,0.3036587099417606,0.5433163370473699,0.2083778981497966,0.23551087161802245,0.5336990856489268,0.13712131942500153,0.284147396715118,0.5368742832965416,0.1845627454717347,pattern,9.0,,,,,True
kmeans|k10,0.17134857271789955,396.6567277476021,0.42233513201387207,0.4050023064146305,0.4100064894576191,0.32338127026343716,10,28,0.1810515873015873,0.4604999947958019,0.4727210516950159,0.402080447123582,0.3431252905720662,0.4825477345912389,0.2756158500493689,0.4070350429884247,0.45933482269075504,0.3380313033185369,kmeans,10.0,,,,,True
gmm|k10,0.08255741941633085,281.32141877164685,0.5279928428987974,0.41486640529151364,0.4234938522374958,0.29738198137432553,10,47,0.24553571428571427,0.4304464846601877,0.46111993672329027,0.3531880008255544,0.3280873045526816,0.47859807354425576,0.23823595156617805,0.38745218520032393,0.45814344185024225,0.29840333781698786,gmm,10.0,,,,,True
ward|k10,0.1406205344237884,348.25701428096346,0.4208847377886191,0.40694432261694613,0.3840497751884081,0.32612387487496625,10,13,0.24503968253968253,0.45948458747512316,0.4438142999932107,0.3899410428057572,0.3617411638092799,0.4471483479127146,0.28466585859968774,0.4126319675344199,0.4298473380635627,0.337348959540112,ward,10.0,,,,,False
pattern|k10,-0.04610450498466084,142.34886750638208,0.5206246676446252,0.29836644770070914,0.5157322513034244,0.21274368345001954,10,77,0.14087301587301587,0.27895011578564566,0.5174207617194557,0.20567265279833796,0.2129999459360948,0.5075513864225164,0.13565168569696703,0.2598228996676877,0.5130629974958485,0.1816944284754877,pattern,10.0,,,,,True
kmeans|k11,0.17409414062472744,374.76363430409657,0.3815010712733246,0.4316166162710045,0.39205180615464114,0.32372572817060274,11,16,0.1701388888888889,0.4547785174049406,0.44828751010450746,0.4047130640944489,0.3364230350869295,0.4651574990536366,0.2772587390271027,0.40364467247326147,0.43971288584596907,0.33974604678453707,kmeans,11.0,,,,,False
gmm|k11,0.04976821311976115,257.6273972023596,0.5466457317982826,0.40066727925123824,0.4471973446792868,0.30842938325424635,11,47,0.1974206349206349,0.4242701852556182,0.4703719097919548,0.34989545600877686,0.3176249702877181,0.48478641865315475,0.2381058583314882,0.377710586458041,0.4704327465496704,0.29954278713386284,gmm,11.0,,,,,True
ward|k11,0.14129048311818343,329.2488360855325,0.4109601641542757,0.3832085044443758,0.39046272521673553,0.32097793209443826,11,13,0.18898809523809523,0.43568111132684206,0.4469983952770967,0.3831211101838397,0.33196524642939446,0.45379437604412015,0.27115487489620826,0.38646245963391307,0.43648192196971797,0.32834474529625474,ward,11.0,,,,,False
pattern|k11,-0.0441047109907429,134.13989872810586,0.5403372907678703,0.2752035556205158,0.50223088582663,0.20853719009791508,11,77,0.14087301587301587,0.25917656316543,0.5110203391456372,0.2018405288565519,0.1975069177770102,0.5035758549611802,0.13417552250841364,0.24077346718080975,0.5061431060355166,0.1786940678313481,pattern,11.0,,,,,True
kmeans|k12,0.17263634723543056,356.9359796582329,0.3711096314460458,0.4128473234791093,0.3938442196950311,0.3223306542530635,12,16,0.15575396825396826,0.4283868430139717,0.4560564950145367,0.3950969133973617,0.32147288763974385,0.47343052112192874,0.27690488408276914,0.38359548563814677,0.44725810054326537,0.3355804469669629,kmeans,12.0,,,,,False
gmm|k12,0.05453445148683675,237.7055011556552,0.5458896775050937,0.39320855401179505,0.43060533500606923,0.2965123635762101,12,26,0.26587301587301587,0.39081368981309583,0.4610341058976149,0.3562582729732702,0.29132894129665227,0.46514180821209977,0.2280819718401466,0.3488527597801483,0.45461973025579944,0.295468110687472,gmm,12.0,,,,,True
ward|k12,0.10130085096553187,311.71105392258113,0.37960998754356645,0.3856217033669833,0.4187093875034291,0.29179203170944523,12,13,0.18898809523809523,0.4369153136737549,0.46811294248845786,0.3575696848458665,0.3213910363113109,0.46097914297013726,0.23437775316209303,0.38414383286812187,0.4556136988970823,0.297481436590106,ward,12.0,,,,,False
pattern|k12,-0.053601795888643146,123.60752877675499,0.5205702118896005,0.25691328934602625,0.48693795033438025,0.20716695181153605,12,56,0.14087301587301587,0.23973095250744456,0.4964185842000554,0.19869815988438277,0.18248816600352744,0.48927419545229095,0.13254868107993084,0.22313287296178932,0.4914786154922867,0.1765325459710376,pattern,12.0,,,,,True
leiden|geography|r0.02,-0.03506218775887417,61.95200486675751,0.9721600237258511,0.9985775519855556,0.5005584292249009,0.3093899209592308,4,62,0.7544642857142857,0.58364077904019,0.5264828143261333,0.16836662121249013,0.45827177820772963,0.5395117326469,0.13277861149872092,0.6159918460723538,0.5329373791179102,0.1889328264215343,leiden,,geography,0.02,,,False
leiden|geography|r0.05,-0.02505873294112318,129.39196175973362,0.7511340590978618,0.9876925515302061,0.461427447586825,0.7608215114880067,7,62,0.3869047619047619,0.5513978375923916,0.44676107672158966,0.3741924797325097,0.3926238471657954,0.4709068053418049,0.2420933807999628,0.5855250753375173,0.45998065418610457,0.41608784462102744,leiden,,geography,0.05,,,True
leiden|geography|r0.1,-0.07184828961326163,83.7820075276631,0.6755526412039791,0.9868574708573585,0.378114180061125,0.8089144999573925,9,27,0.22767857142857142,0.4658370278265624,0.4452540493417067,0.3585015733479031,0.3134853109897272,0.4526443309227742,0.2147784164464329,0.5165969838075193,0.4484031340821871,0.41108519015590445,leiden,,geography,0.1,,,True
leiden|geography|r0.2,-0.04481850619203684,113.88683549160713,0.5381592218875828,0.9794035241488136,0.46236839460336193,0.8640667237807217,12,27,0.14732142857142858,0.42146638176254564,0.4556535847039236,0.36807473251928335,0.2737081565678294,0.46577809398671505,0.2110572828144716,0.4874799394888689,0.46054678179770225,0.426205021709781,leiden,,geography,0.2,,,True
leiden|geography|r0.3,-0.05999543614618973,87.08565298272373,0.5322539524880043,0.9119158881467375,0.4742561839478957,0.8662070827649786,18,11,0.14930555555555555,0.324824640947685,0.39929034309069344,0.34298012854896825,0.21565306074631344,0.3989003785261326,0.20264968428255564,0.40714632597933625,0.3981300476927737,0.4136382267362503,leiden,,geography,0.3,,,False
leiden|geography|r0.5,-0.04680366696230304,81.11330398123988,0.5341784713271154,0.9396728015723319,0.5256032515521877,0.8837236143535787,22,9,0.10168650793650794,0.3120888005405519,0.4444805173872572,0.33044935728834574,0.19409252200609542,0.4447537325307385,0.19405337253316154,0.39559979243806337,0.44348729651428725,0.40954963668868355,leiden,,geography,0.5,,,False
leiden|geography|r1,-0.0858004732777643,67.99675587925681,0.49723030046083194,0.9134958445747526,0.5371188371512691,0.8945462583838236,29,9,0.06398809523809523,0.26165776712410954,0.4778893231987073,0.2515874584886596,0.16486186961936658,0.45673051904035394,0.14899360838727907,0.36946517419109665,0.46539286919881134,0.36415893275720324,leiden,,geography,1.0,,,False
spectral|geography|k4,-0.025598886830767376,67.71189295638783,0.9819976614704915,0.9951714378286189,0.5003612509488117,0.3642303341653746,4,73,0.6959325396825397,0.5791966086312933,0.5275501159802866,0.1913243611102082,0.4442921849710016,0.5390087040403967,0.14534453186671492,0.6065659933222051,0.5334199338141359,0.21597651165259474,spectral,4.0,geography,,,,False
spectral_joint|geography|k4,0.19356336354107723,385.9213503053377,0.7810252261576877,0.8403827587985311,0.5620653845013388,0.45929074182365615,4,209,0.65625,0.7131688019154653,0.5703478986080522,0.3810791763829181,0.584192005279806,0.5613847377042915,0.2591112997527934,0.6933097606688207,0.566220788462422,0.35533234508035183,spectral_joint,4.0,geography,,,,False
kefrin|geography|cosine|xi1|k4,0.15430419354559696,556.0297523298581,0.5961523847274353,0.678692344737322,0.5641577725912208,0.39402197902842784,4,283,0.30009920634920634,0.6495934796712453,0.5886838637535441,0.40663043563290746,0.5607398285433997,0.5829531640588924,0.3325212666880221,0.6215069235744028,0.5895662839347016,0.37860196428094306,kefrin,4.0,geography,,cosine,1.0,True
kefrin|geography|cosine|xi4|k4,0.12745246282701317,524.970641213596,0.533976638860667,0.7662977766743142,0.6201248788544054,0.4908111784411937,4,346,0.314484126984127,0.6205012301318464,0.6049643353533011,0.3828046707687992,0.5331577344249567,0.5880635691797427,0.29986957937479114,0.6182986584056065,0.5947922164992469,0.37938070293148146,kefrin,4.0,geography,,cosine,4.0,True
kefrin|geography|cosine|xi16|k4,0.08697605842263663,419.8802298020004,0.5359553675008867,0.9295320374958578,0.6039467660590535,0.6619294807161753,4,407,0.3005952380952381,0.6296643209747492,0.5911249955111554,0.3843372514002098,0.49478405023014177,0.5842353290055695,0.24298821812597077,0.6461359832131889,0.58769536599534,0.39866978820161647,kefrin,4.0,geography,,cosine,16.0,True
kefrin|geography|euclidean|xi1|k4,0.23992797942261881,741.3549109248211,0.568546024924053,0.6802717875701627,0.5117498129484629,0.3347873338489447,4,91,0.470734126984127,0.7277710396778015,0.5337717346384314,0.446872148705014,0.5788217233764674,0.5394416427183402,0.30989687006418654,0.650817356310723,0.5294392975130587,0.3709485430039463,kefrin,4.0,geography,,euclidean,1.0,True
spectral|geography|k5,0.010748553026947513,119.6204672718984,0.8529274509733321,0.994019141853229,0.4062206278002023,0.6397559898317038,5,73,0.4037698412698413,0.5729707015397053,0.4852401270504485,0.339070576142378,0.4225871462869685,0.5062841880857604,0.2060840430406155,0.601696435814136,0.4959111187310207,0.36072953338358793,spectral,5.0,geography,,,,True
spectral_joint|geography|k5,0.13381054617248236,366.09339298918985,0.6369530714373456,0.8196344116518091,0.5100986405440433,0.4802587947051201,5,147,0.628968253968254,0.6721758724590338,0.5243709611835272,0.39229164763221325,0.5479271839987392,0.5052716481468625,0.27522822046859274,0.6542730126364724,0.5140681949447603,0.3703634114666256,spectral_joint,5.0,geography,,,,False
kefrin|geography|cosine|xi1|k5,0.12276502618735757,504.59287804559034,0.5000968673204388,0.6405070148379997,0.5519662625803287,0.45512249794898313,5,260,0.27232142857142855,0.6477356060847568,0.5944079731042355,0.45489893823039,0.5179672961925075,0.597826509764866,0.32244259769129324,0.598092580796795,0.5738839722151851,0.4077420199926121,kefrin,5.0,geography,,cosine,1.0,True
kefrin|geography|cosine|xi4|k5,0.11362164832446735,414.8807913869619,0.5133097038671564,0.7617820700350214,0.5724675627114599,0.5340917346982423,5,305,0.24751984126984128,0.5167022681465239,0.5768101646371067,0.3445151218980391,0.436542736968305,0.5695553618468777,0.26793570954425844,0.5420011463910479,0.5726546876839592,0.3625104235882972,kefrin,5.0,geography,,cosine,4.0,True
kefrin|geography|cosine|xi16|k5,0.015660178879937783,295.65149005296416,0.5372186856046682,0.8963778345277806,0.5728095996082458,0.6922412825583983,5,302,0.24851190476190477,0.4897576854678037,0.5689818125786351,0.2950455590705956,0.42530629726312047,0.5657457282930333,0.22234331840580684,0.5606922654565315,0.5665605946851147,0.36169099519673026,kefrin,5.0,geography,,cosine,16.0,True
kefrin|geography|euclidean|xi1|k5,0.17447724879534549,625.3319032755762,0.5017713643358152,0.5840099766244833,0.4537366561203832,0.3222071210804354,5,87,0.3115079365079365,0.6434748883408409,0.5291645452751647,0.4176799875055089,0.5043875239524789,0.5490221652544415,0.28316141473459633,0.5726250472525629,0.5149400498742337,0.34683068696553704,kefrin,5.0,geography,,euclidean,1.0,True
spectral|geography|k6,0.004818117163974139,110.86286440001037,0.8340279084127423,0.963811443936648,0.6338349504298316,0.6401999149402229,6,71,0.4107142857142857,0.5175971700101127,0.4571751552642118,0.328078463405282,0.37869863891127015,0.4525517040954287,0.20671844030117376,0.5491265077087977,0.454005264539112,0.3565787975404496,spectral,6.0,geography,,,,True
spectral_joint|geography|k6,0.029923152738230322,315.25857838776216,0.5470357998814867,0.8266221875643223,0.48062850934567486,0.6051937429319925,6,139,0.40029761904761907,0.6340341341515089,0.4843871650699793,0.422655290998139,0.48987911158768704,0.482820049201715,0.26872971863070283,0.6197308052505089,0.48314139229648806,0.4091056293364992,spectral_joint,6.0,geography,,,,True
kefrin|geography|cosine|xi1|k6,0.12377642192178029,447.7833200444485,0.4501405431993499,0.5978593445853788,0.5148268229343668,0.4469879494028034,6,236,0.22569444444444445,0.5850345073456048,0.571323921041142,0.4400251447040864,0.4686419654860334,0.5765647226067959,0.3159622454828972,0.5444119708136047,0.5531750481070902,0.39745921597679307,kefrin,6.0,geography,,cosine,1.0,True
kefrin|geography|cosine|xi4|k6,0.07647057897357964,379.1019779953754,0.4537196354288415,0.7487141485786513,0.4864525478210922,0.5732369464646645,6,278,0.19444444444444445,0.5242957232371471,0.5650957925560623,0.3825367746478572,0.4348378921380626,0.5843702904106235,0.27806414299683,0.5430989507516258,0.5586988931040676,0.39045474565685545,kefrin,6.0,geography,,cosine,4.0,True
kefrin|geography|cosine|xi16|k6,0.03178553673709709,250.37993429157837,0.5449371463312707,0.9212608740621868,0.5557406215652637,0.7382312169258554,6,236,0.2425595238095238,0.453543990218051,0.5626390366945917,0.2956429415113235,0.35669785181827,0.547928620119107,0.18772963101411,0.522489148094512,0.5539774537427998,0.36010737877492066,kefrin,6.0,geography,,cosine,16.0,True
kefrin|geography|euclidean|xi1|k6,0.17181411137104544,548.8310677776486,0.4902649031604588,0.5325960464338955,0.4163866897367144,0.32392074547163685,6,57,0.3100198412698413,0.5878612325317404,0.488789456852796,0.41511416309152843,0.4603638542150228,0.508660930047697,0.2856557662918545,0.5262576708021607,0.47811498204120184,0.3470536895687089,kefrin,6.0,geography,,euclidean,1.0,True
spectral|geography|k7,-0.034796384194228015,76.62482642328276,0.7382802031260424,0.9818707078531332,0.42209166296016265,0.7268001533193734,7,30,0.40575396825396826,0.4993185735419994,0.43185803364500935,0.35922453967184337,0.3519660375254424,0.4289859115614618,0.22228379644408433,0.540331434911234,0.42804247144509766,0.394426663587734,spectral,7.0,geography,,,,True
spectral_joint|geography|k7,0.042132251012835895,313.00229570704573,0.5180596298478296,0.7606967269848922,0.44908079719360877,0.6157480534866808,7,51,0.33482142857142855,0.5995069386945111,0.4507055572013727,0.41541802313533543,0.4356771713273536,0.4579249513738012,0.25044637373457135,0.5716809030777703,0.45525281042573285,0.401781036127545,spectral_joint,7.0,geography,,,,True
kefrin|geography|cosine|xi1|k7,0.11694447375705841,402.60802513962204,0.44357717893588583,0.5999176968545008,0.4957120689270846,0.4623612475233328,7,169,0.20634920634920634,0.5275267309597166,0.5525174034774042,0.427690136402347,0.4148157602864414,0.555794454749767,0.302440175282772,0.5002098501658205,0.5372213018687427,0.39101308265312174,kefrin,7.0,geography,,cosine,1.0,True
kefrin|geography|cosine|xi4|k7,0.09445800172351558,330.26259081202187,0.5183294987871909,0.7700242235708722,0.47781244396762756,0.5810808369129291,7,164,0.1939484126984127,0.5225247817083594,0.5473264943294084,0.40512254038300827,0.39974827088391235,0.5601042328445223,0.2840170701119883,0.5260837868199356,0.5393206476319347,0.40278050725988573,kefrin,7.0,geography,,cosine,4.0,True
kefrin|geography|cosine|xi16|k7,0.03009777500696891,231.81150465705576,0.5238902989103691,0.8999267135725946,0.5611562670362846,0.7503404531550723,7,221,0.1810515873015873,0.44999339495316465,0.5431814877652098,0.3248445081327898,0.3410439362450542,0.5423956176292005,0.2080126125531424,0.5107703152013262,0.5424863615676537,0.3817445273436115,kefrin,7.0,geography,,cosine,16.0,True
kefrin|geography|euclidean|xi1|k7,0.17363604631011126,493.74556181414056,0.49101904046437045,0.5033575679173308,0.43886430397343457,0.33107999456039205,7,36,0.24305555555555555,0.5512548927768346,0.4825649367570635,0.41256854280504557,0.4338414943626604,0.5005723234412988,0.2915678890651798,0.49440323158221455,0.4717692640107158,0.3500409741932781,kefrin,7.0,geography,,euclidean,1.0,True
spectral|geography|k8,-0.06558058113761,64.20196115310884,0.7531744014392376,0.9604878046675716,0.49661227021179327,0.6931958992043192,8,27,0.40029761904761907,0.49550141534137204,0.40529516595297466,0.3492581933396263,0.3286418482929575,0.4008205566904971,0.1945607816051538,0.5184577650408282,0.40145967602241855,0.372850367994662,spectral,8.0,geography,,,,True
spectral_joint|geography|k8,0.02157648120552594,239.25009877421803,0.5709456924590776,0.7348927224799933,0.48971388131378957,0.6072911355706332,8,75,0.3382936507936508,0.5523594532303933,0.47724538386029913,0.39185250909849056,0.39018929187934903,0.4723837166557114,0.2320453489263995,0.5327730359608415,0.4764638075340575,0.38359172796791097,spectral_joint,8.0,geography,,,,True
kefrin|geography|cosine|xi1|k8,0.1189873240815074,365.00411948137014,0.4295769557466015,0.5967999386466036,0.47549229345308197,0.4712469616230009,8,130,0.20337301587301587,0.477923572597621,0.5448515925832886,0.40356931736449797,0.3839209708458079,0.5545973802125675,0.2869265479133043,0.469115532547145,0.5326672493964002,0.3778861989615001,kefrin,8.0,geography,,cosine,1.0,True
kefrin|geography|cosine|xi4|k8,0.04134026684224785,279.8843768801499,0.46531673986138467,0.7574247140040102,0.4567286558152475,0.6090798862957442,8,187,0.15228174603174602,0.449554283440693,0.5465166420008178,0.3577752046813389,0.3546599127661443,0.5579407557952366,0.24940233189399275,0.4842817598523123,0.5383309792399091,0.37764468629098785,kefrin,8.0,geography,,cosine,4.0,True
kefrin|geography|cosine|xi16|k8,-0.012112109148733738,193.85284956450067,0.5254643200029493,0.8844197343539779,0.49505996220306303,0.7525420650800105,8,98,0.17857142857142858,0.4292582060707362,0.5277855651469426,0.32159364956910036,0.3397366139664642,0.5270320189559347,0.22187364889767325,0.5041320408526505,0.5263853399090153,0.38660457867766435,kefrin,8.0,geography,,cosine,16.0,True
kefrin|geography|euclidean|xi1|k8,0.08819395990051412,425.22638620540425,0.4485903739329655,0.5596397143494005,0.4055170491836304,0.3418593934807246,8,26,0.283234126984127,0.5119071506716192,0.5203473757209841,0.4030980807228514,0.40580626347251425,0.4810931452777498,0.29259546381359036,0.4857226712018472,0.47002839804371954,0.3491073684026719,kefrin,8.0,geography,,euclidean,1.0,True
spectral|geography|k9,-0.07449152623095193,62.56995704744662,0.7337391674516789,0.9640711577249222,0.5323702145162534,0.7205906258992971,9,27,0.3531746031746032,0.4614702763210495,0.41484343971536775,0.36499639586219207,0.30409547543954685,0.41228098499924964,0.20230167039222005,0.4970241392358138,0.41140662828910834,0.3882644222967725,spectral,9.0,geography,,,,True
spectral_joint|geography|k9,0.041069309978105754,250.68661254051125,0.5338830929245845,0.7471126928970491,0.4523778281123502,0.6159159861700608,9,46,0.32787698412698413,0.5671596254313455,0.43483232857737436,0.39870371823685846,0.39843525513514966,0.43932060634474657,0.24186578092086966,0.5443953191204967,0.4389675565464246,0.39210282020620213,spectral_joint,9.0,geography,,,,True
kefrin|geography|cosine|xi1|k9,0.12159285022306685,332.5799997423353,0.44401719651678684,0.589279635626099,0.455462485746975,0.47883877671658126,9,96,0.1736111111111111,0.4665937810387511,0.5288230703635368,0.4171317440829988,0.37197709052595246,0.5400426151997355,0.30749040114875703,0.45867386849159786,0.5164976667109094,0.3924321624920963,kefrin,9.0,geography,,cosine,1.0,True
kefrin|geography|cosine|xi4|k9,0.04160929011774253,249.184362792592,0.49500409087233205,0.7637133870136956,0.44494773746333866,0.6238599384876986,9,115,0.17162698412698413,0.4478992457235973,0.538658586937185,0.369727389383205,0.3310243547972481,0.5324899411205004,0.24665416484513952,0.47309563182512754,0.5263702335937586,0.3845219465548676,kefrin,9.0,geography,,cosine,4.0,True
kefrin|geography|cosine|xi16|k9,-0.03465932271328797,172.11075620520455,0.5093417991318727,0.8847589736273719,0.5434897114142667,0.7713363704917507,9,158,0.14732142857142858,0.37247392946630514,0.5499767159615344,0.26301734842861746,0.2714216714472568,0.5393340684267277,0.1567985921289898,0.45377985035380586,0.5440388109310551,0.3430784755482765,kefrin,9.0,geography,,cosine,16.0,True
kefrin|geography|euclidean|xi1|k9,0.08540046392671748,400.6042678398502,0.4273172205397581,0.5443889222214667,0.40236356769536763,0.3617541736980466,9,26,0.19791666666666666,0.4941045313356372,0.5122364761615646,0.4094544960519271,0.38604424973239326,0.47909590935332713,0.29276388564778005,0.4672994477826986,0.46897293492047365,0.3563894579514921,kefrin,9.0,geography,,euclidean,1.0,True
spectral|geography|k10,-0.051412171843704085,82.30592220254981,0.7128516604659112,0.9605743600319452,0.5115405259309336,0.7736488368196485,10,27,0.3005952380952381,0.438057462091234,0.4157192313832418,0.3425690288669323,0.29315116187995555,0.42547117378640503,0.208755688258791,0.4846922812653297,0.4197567393557716,0.3941108322170439,spectral,10.0,geography,,,,True
spectral_joint|geography|k10,0.041176650098143315,230.69351609002766,0.5041918729192623,0.7535562184564921,0.4542285914995968,0.6409511730434679,10,46,0.2847222222222222,0.548626050338543,0.44273919670203216,0.40321915476420395,0.3872442039504214,0.45651818661073956,0.26398513303735033,0.5334935806533949,0.44892578929485494,0.40796360322423697,spectral_joint,10.0,geography,,,,True
kefrin|geography|cosine|xi1|k10,0.07826388439144243,293.9751950680668,0.4268649940134706,0.5697872251740601,0.47574554900242993,0.48537035207058854,10,91,0.16964285714285715,0.43736915418201505,0.5305601225655211,0.3831854851684063,0.35979554438410233,0.529636909558716,0.289564129988832,0.437833278027262,0.5184216874464218,0.37376583005147723,kefrin,10.0,geography,,cosine,1.0,True
kefrin|geography|cosine|xi4|k10,-0.011149113844484106,225.25922522079006,0.43003850295132845,0.7413615993752083,0.46617394612849916,0.6228797770684255,10,124,0.1572420634920635,0.40350560739025143,0.5567991148070749,0.3147094333688377,0.3220903654808175,0.5441342839907108,0.22697040785241518,0.45183220511675826,0.541974419638767,0.3556219192204297,kefrin,10.0,geography,,cosine,4.0,True
kefrin|geography|cosine|xi16|k10,-0.029329114861383808,154.42448395564168,0.526022229186613,0.8885348063188934,0.509426010141262,0.7756705782969047,10,127,0.14682539682539683,0.3938327960167262,0.523203832641715,0.307003349451181,0.288177510466001,0.5252109121752315,0.19421823324233123,0.46775921691593664,0.5246950560460365,0.3756713773793772,kefrin,10.0,geography,,cosine,16.0,True
kefrin|geography|euclidean|xi1|k10,0.09513978843116733,367.5760929738209,0.45143903924849,0.5461242812592099,0.40938729917389577,0.3657751961093093,10,27,0.23015873015873015,0.4959500483335214,0.48323736748019286,0.39341788794749794,0.37156163921556223,0.46471553572529817,0.2698904889865371,0.46788703547617355,0.45568911593669537,0.34218227500921705,kefrin,10.0,geography,,euclidean,1.0,True
spectral|geography|k11,-0.05251708535576103,74.618596166113,0.7054630880043352,0.9575440033248107,0.5149930980908928,0.7751362727704123,11,27,0.2931547619047619,0.40354895392752516,0.40683895483961857,0.3393419802140202,0.26802541915013856,0.41675338833389597,0.20529708384081077,0.45970923727458984,0.411261420023069,0.3918959243532656,spectral,11.0,geography,,,,True
spectral_joint|geography|k11,0.042735079769494894,216.19204897991906,0.5044736634911811,0.7430501584980768,0.4513821079852003,0.6408743439857735,11,44,0.28174603174603174,0.5256855614820517,0.43740645902927544,0.4016846594339376,0.3623112629714727,0.43986326423685557,0.2579486981451727,0.5099485380371944,0.4377588664033368,0.40496671945532525,spectral_joint,11.0,geography,,,,True
kefrin|geography|cosine|xi1|k11,0.09762226792182221,283.49700789260436,0.39229638585594084,0.6036116472708652,0.4638719829260058,0.5104440400233441,11,83,0.15327380952380953,0.4280242302200739,0.5197147905810827,0.4045092352229307,0.3284899339967906,0.5244038668514311,0.294130674055341,0.43012538555326996,0.5106531558866049,0.3897631644677283,kefrin,11.0,geography,,cosine,1.0,True
kefrin|geography|cosine|xi4|k11,0.01283421196617427,214.76605553573154,0.43407065991703214,0.7561100354403869,0.4523991861199484,0.6452914881690993,11,116,0.13740079365079366,0.3918168728799381,0.5334037885066653,0.3438193887682116,0.30423100686796617,0.5329649980961736,0.2477269404036564,0.44181584789001604,0.5254428449044494,0.37988528513222003,kefrin,11.0,geography,,cosine,4.0,True
kefrin|geography|cosine|xi16|k11,-0.03700793913140068,138.99974313896692,0.5277956093441323,0.8676014443211415,0.5466119953209586,0.7812904544968999,11,74,0.13740079365079366,0.3355436610092559,0.5223853598559925,0.2630070247904311,0.25736437978444465,0.5179063879033119,0.17881186940836577,0.429066656904895,0.5202906065485833,0.35334928881958727,kefrin,11.0,geography,,cosine,16.0,True
kefrin|geography|euclidean|xi1|k11,0.08777729232720827,346.2194942855151,0.5058618274546314,0.5214567562267857,0.39697282376961296,0.36858656423295094,11,26,0.19444444444444445,0.480743408214307,0.4717886019968401,0.39089451034108175,0.35052242819015483,0.4570187631005803,0.26191344609187006,0.44832704322287237,0.4477983889775059,0.33893969335257085,kefrin,11.0,geography,,euclidean,1.0,True
spectral|geography|k12,-0.054337438540142294,75.32319264488963,0.6916953736725814,0.9505836461426295,0.5080200373994903,0.7946586666163823,12,27,0.22321428571428573,0.3933492992725441,0.43031969117868374,0.35582591741226677,0.26076048087101256,0.4331306627232216,0.21171884067189672,0.45244055386913334,0.4301706290439842,0.4053902888110851,spectral,12.0,geography,,,,True
spectral_joint|geography|k12,0.04045687756477459,210.31562388098786,0.46923578402634347,0.7478463382469874,0.45447145532961314,0.6495727883986395,12,45,0.21378968253968253,0.5083165765145842,0.4441009405290471,0.3782686254433485,0.3485331222828823,0.4416965953924878,0.24137718597354002,0.4994263946405309,0.43995452921153255,0.3914273813673826,spectral_joint,12.0,geography,,,,True
kefrin|geography|cosine|xi1|k12,0.11057556477809835,268.74475771074304,0.4101474154182986,0.5912409273809098,0.42982810887452944,0.49112213645876357,12,76,0.17261904761904762,0.39272854962478315,0.5131637511181865,0.39474216717761257,0.3027392727423908,0.5260342428845209,0.29211535203149014,0.40334483643391406,0.5038365194776956,0.38053304733833676,kefrin,12.0,geography,,cosine,1.0,True
kefrin|geography|cosine|xi4|k12,-0.027985226609715797,182.8078468991881,0.4385629703005518,0.760130166987501,0.4940988620480289,0.666478099420985,12,96,0.12648809523809523,0.32646228003223093,0.5372796809520545,0.2614748258320928,0.2583676710011022,0.5330846781739783,0.19224052646564405,0.4031142615751895,0.5305609891884261,0.3316208852253596,kefrin,12.0,geography,,cosine,4.0,True
kefrin|geography|cosine|xi16|k12,-0.06055790751064919,126.56038103082604,0.5337904836880442,0.8853649548496576,0.49416339251129315,0.7900964376205517,12,75,0.13194444444444445,0.32116258240121837,0.5266852060251047,0.23568565621803267,0.23160872300556215,0.517705540948935,0.14721832422008757,0.41747092717461914,0.5215699064238819,0.3330052415709102,kefrin,12.0,geography,,cosine,16.0,True
kefrin|geography|euclidean|xi1|k12,0.09213100470746387,330.6529390926431,0.4108610409155773,0.49419478187754134,0.40313236964430127,0.3575693787212514,12,25,0.17807539682539683,0.45574531104838384,0.4686181404146503,0.37071426211688857,0.33079990658713837,0.45394384343060606,0.24631927670581324,0.42455526458366794,0.4463905018488272,0.32254407862037504,kefrin,12.0,geography,,euclidean,1.0,True
leiden|comovement|r0.02,,,,1.0,0.0,0.0,1,2016,1.0,1.0,0.0,0.0,1.0,0.0,0.0,1.0,0.0,0.0,leiden,,comovement,0.02,,,False
leiden|comovement|r0.05,,,,1.0,0.0,0.0,1,2016,1.0,1.0,0.0,0.0,1.0,0.0,0.0,1.0,0.0,0.0,leiden,,comovement,0.05,,,False
leiden|comovement|r0.1,0.27516470324367637,528.6159985277201,0.5791917333521363,0.9287930045764479,0.9999999999999996,0.2799631421004571,2,231,0.8854166666666666,0.9727802447637927,1.0000000000000093,0.2580603329924728,0.8501034190418187,0.9999999999999984,0.17975074508729824,0.9188724300017548,0.9999999999999982,0.23479931667356643,leiden,,comovement,0.1,,,False
leiden|comovement|r0.2,0.03900707898914758,312.91203667260413,0.6004062940032401,0.7263759016769111,0.5479230169201444,0.31597068693508096,4,99,0.4583333333333333,0.9379505572907131,0.5532199766988357,0.5908000352200018,0.7107719433701405,0.5553599512101209,0.3584346013782438,0.8094573468447792,0.554807322118604,0.4408421399140356,leiden,,comovement,0.2,,,True
leiden|comovement|r0.3,0.028343204976012067,269.9050093348537,0.6896112965089382,0.6360758904996169,0.42297254182128796,0.2937691201574055,5,100,0.4469246031746032,0.9074329632384879,0.47955109945645064,0.6004050314702793,0.6287902247759558,0.47420504035917155,0.35098582525081723,0.7443763263097868,0.4563177342412404,0.4364621083805781,leiden,,comovement,0.3,,,True
leiden|comovement|r0.5,-0.01749706611440053,232.62501575815122,0.6485250383659039,0.48607681404070135,0.4400080845531254,0.31846851608024646,7,99,0.31994047619047616,0.8614615664485701,0.5152784889948957,0.6925364857013642,0.4861586782619578,0.5167047359731829,0.3486720549077521,0.6382084473835702,0.47852785528838254,0.47758941370135916,leiden,,comovement,0.5,,,True
leiden|comovement|r1,-0.01941606337908183,192.22650381630476,0.5502983018525629,0.4417324587867189,0.47471143597594523,0.30010452460780723,9,59,0.3020833333333333,0.8324930464606641,0.5231222118875727,0.7038119670274423,0.4574437778658156,0.511509431888862,0.32778888265968437,0.6060595734824807,0.49497159368518395,0.46978574595799144,leiden,,comovement,1.0,,,True
spectral|comovement|k4,0.05809066975151113,330.6177443394808,0.5900692452697927,0.7213227332196518,0.5552710015247965,0.3150996066344137,4,104,0.5054563492063492,0.9280871187121009,0.5562284158208354,0.5860433898476969,0.7283807159655254,0.5643582128145525,0.3999793654399488,0.8120633783844218,0.5634777405625426,0.45454843182723725,spectral,4.0,comovement,,,,True
spectral_joint|comovement|k4,0.13937410230917435,436.2994823859175,0.5567007467285577,0.7232683573549348,0.60706368305089,0.33968398275771394,4,101,0.5843253968253969,0.908762354517929,0.5630125597928327,0.5642365765583128,0.7280857577697171,0.5653274005535969,0.40042031788383997,0.8062551546876056,0.5738751236148566,0.45213128003507413,spectral_joint,4.0,comovement,,,,True
kefrin|comovement|cosine|xi1|k4,0.1891159885000325,617.0522624702068,0.6236729230208428,0.5867257821649061,0.57229888136725,0.32902973314998696,4,276,0.5089285714285714,0.7687349710443016,0.6429014462563875,0.5128579695079658,0.6330804665317001,0.6537001877790025,0.3769680131754314,0.6773458299065935,0.6043884133700078,0.4215648352178733,kefrin,4.0,comovement,,cosine,1.0,True
kefrin|comovement|cosine|xi4|k4,0.0974724177819294,500.11361916885755,0.5489106159380815,0.5338647748987253,0.5536658798831523,0.30149826187474205,4,388,0.29662698412698413,0.8464529131099743,0.6104826965434312,0.5972830832841095,0.605050087393528,0.6229594733365216,0.35618527080504586,0.6839998597399882,0.6023580371781685,0.43864085725014224,kefrin,4.0,comovement,,cosine,4.0,True
kefrin|comovement|cosine|xi16|k4,0.08293220527455367,435.56685745241623,0.5733123007833136,0.5196029963357629,0.5531467670747483,0.28204160602057615,4,418,0.30505952380952384,0.8838494941676717,0.6235629361389743,0.6342345718428006,0.6171242032165464,0.6345796752263697,0.3659490816339318,0.7001578383458684,0.6017330442183886,0.45230493809731465,kefrin,4.0,comovement,,cosine,16.0,True
kefrin|comovement|euclidean|xi1|k4,0.24154786163174047,738.6386504000831,0.5701815613732779,0.6828214826401038,0.5146485982095159,0.3351833337259655,4,94,0.48561507936507936,0.7487087653230399,0.5359031652534897,0.47035664714322917,0.5905123665447629,0.5430701312751383,0.3226808192625285,0.6649733604128322,0.5308401979562369,0.3851784233396483,kefrin,4.0,comovement,,euclidean,1.0,True
spectral|comovement|k5,0.03886266483257651,278.3360056578439,0.6743588804245271,0.6269727542511785,0.4443845424852281,0.31115473735057153,5,104,0.41517857142857145,0.9012338151588967,0.49771956933722017,0.6272257501694511,0.6086047205505458,0.518941779918065,0.36690601627854086,0.733890098413206,0.4886016503507581,0.4574575374247778,spectral,5.0,comovement,,,,True
spectral_joint|comovement|k5,0.12783841005980262,448.54495446583195,0.5541761561683114,0.6772522710318576,0.4968784646708544,0.3539342437136618,5,102,0.5322420634920635,0.862971503451541,0.5335005524667948,0.5983291701060467,0.6768939872685851,0.5680927615942808,0.4245409109287882,0.7550098227212783,0.5212389606491497,0.47815323905345025,spectral_joint,5.0,comovement,,,,True
kefrin|comovement|cosine|xi1|k5,0.1272666504511298,511.7449126999837,0.48774568533883444,0.5481204519825558,0.5252741336745645,0.3547074525856099,5,258,0.27132936507936506,0.7286179039266631,0.5978560022426163,0.5391038893388035,0.5542430879626528,0.6031422464753156,0.3597350699014249,0.6226788610303611,0.5699858324111087,0.43116120776780675,kefrin,5.0,comovement,,cosine,1.0,True
kefrin|comovement|cosine|xi4|k5,0.10668263683727666,472.8711178925759,0.48140814506546864,0.5427117254492636,0.5065049801518147,0.3417265278416891,5,270,0.28422619047619047,0.8102528206689181,0.5761326175547433,0.6188995629148194,0.567210438548495,0.6045418004491149,0.3708861956325198,0.6578184159623828,0.556660479601333,0.46349233890788266,kefrin,5.0,comovement,,cosine,4.0,True
kefrin|comovement|cosine|xi16|k5,0.08003120124078843,358.9026096498109,0.5582657274997335,0.48303268487276324,0.5069983933756774,0.3053672916166751,5,297,0.24801587301587302,0.8578449915489064,0.5877843705679213,0.658362322272277,0.5551663823680582,0.6075343172613834,0.36356494787143706,0.6598146806581762,0.5590964812733707,0.46737642804500334,kefrin,5.0,comovement,,cosine,16.0,True
kefrin|comovement|euclidean|xi1|k5,0.18158949570508123,624.0990525725864,0.4964072933990542,0.5748115585348963,0.44854959065112715,0.32090864671076524,5,74,0.34771825396825395,0.6671354111131652,0.5329032261194709,0.4418718362279851,0.522314246956949,0.5576263087734165,0.3028792111544505,0.5877634565345857,0.515805507830083,0.3634056021145569,kefrin,5.0,comovement,,euclidean,1.0,True
spectral|comovement|k6,-0.006895230067262902,230.15857108729938,0.6085992351765,0.5520951350709962,0.44138377626629494,0.3231558930369739,6,105,0.2931547619047619,0.8719623889681092,0.48159839818261885,0.6669031878935118,0.5359800126816587,0.5042235076498773,0.31976697877064103,0.6775394606420391,0.4797326049938306,0.45763324888698875,spectral,6.0,comovement,,,,True
spectral_joint|comovement|k6,0.1080930327038322,353.9686385396247,0.559854431400991,0.6392354348672576,0.46697207708275856,0.3484050681183959,6,102,0.5203373015873016,0.828117641300715,0.492408347515507,0.5987399421736357,0.6012456904697213,0.5341540151159011,0.3952179015351136,0.7036224025919783,0.49431854145523807,0.4658126704935766,spectral_joint,6.0,comovement,,,,True
kefrin|comovement|cosine|xi1|k6,0.13633352793620845,455.3431031555217,0.446724554353507,0.502756388523198,0.4949122287369779,0.34666041997713637,6,214,0.23115079365079366,0.6729110770003071,0.5586833003102043,0.5255840544522041,0.4893233463742009,0.5751266018883419,0.33864654126681953,0.5649618261119552,0.5440924511900124,0.415943517860901,kefrin,6.0,comovement,,cosine,1.0,True
kefrin|comovement|cosine|xi4|k6,0.10212917624048173,384.0430090066585,0.4987196231717041,0.4699197214899213,0.48636161006124495,0.332208619478519,6,215,0.2390873015873016,0.7940622460742254,0.5430964511072673,0.6367929584510577,0.4968267036057843,0.5757315792212837,0.3530534024139665,0.6095244444897442,0.5327359208918895,0.46134169477644604,kefrin,6.0,comovement,,cosine,4.0,True
kefrin|comovement|cosine|xi16|k6,0.03966882584966877,300.90676743681036,0.5279397256886619,0.5175957833954133,0.4601547496197953,0.33534779155154737,6,198,0.2425595238095238,0.8520037365918817,0.5419232540582671,0.6762322753191602,0.5049838635587908,0.5573450617911859,0.34683793016738207,0.6462312221298582,0.5212294092759414,0.47426151127906313,kefrin,6.0,comovement,,cosine,16.0,True
kefrin|comovement|euclidean|xi1|k6,0.17168764268892425,546.1305204828843,0.5248660851612236,0.5292534838017188,0.4175031164072405,0.31607743521218534,6,55,0.29910714285714285,0.6351227684203692,0.4947318470411107,0.44719991541801296,0.4677776784668584,0.5136791496116908,0.2979377318453482,0.5467640904100733,0.48060746958775824,0.36247525884658505,kefrin,6.0,comovement,,euclidean,1.0,True
spectral|comovement|k7,-0.009770418950395056,235.6903900982906,0.5477977787662026,0.5034754960582953,0.46893639332337533,0.30838151888203913,7,101,0.27232142857142855,0.8498860439020888,0.4855463052817265,0.6798769954458559,0.4994919820094375,0.503112740553198,0.3294993398642208,0.6435497784739524,0.4841230486089474,0.4628789244653022,spectral,7.0,comovement,,,,True
spectral_joint|comovement|k7,0.07636002461456638,304.03516148370244,0.604623405979119,0.5848177358549126,0.4782803965625848,0.3462927099085138,7,101,0.44146825396825395,0.7961986513690807,0.5234005005641084,0.6044522638579342,0.5392679971067834,0.5247187732806927,0.35262299846153894,0.6547898625781002,0.49842427900999203,0.45125299493928817,spectral_joint,7.0,comovement,,,,True
kefrin|comovement|cosine|xi1|k7,0.1297588123820084,414.6508962950947,0.4960454454153628,0.46861741278975994,0.48617255642498935,0.3389898305476943,7,156,0.21180555555555555,0.6143488993528893,0.5574517869443507,0.5132686113658116,0.4397556789353307,0.5582577692151419,0.3283025754391017,0.5140371392259344,0.5340990011647785,0.40524805995962065,kefrin,7.0,comovement,,cosine,1.0,True
kefrin|comovement|cosine|xi4|k7,0.05461491260122889,319.63396712360884,0.4743505043800389,0.44978553584199027,0.5101893685425581,0.3240393248695399,7,190,0.23214285714285715,0.7899338833282948,0.5299981424006083,0.6537158454900878,0.46718606247565536,0.557892685768964,0.3384514427591167,0.5933643465560212,0.5328966512227401,0.4603057535642886,kefrin,7.0,comovement,,cosine,4.0,True
kefrin|comovement|cosine|xi16|k7,0.003335152988267186,266.9482256316515,0.5591044275804878,0.5072627502305503,0.444041037659263,0.34393203313708287,7,124,0.23363095238095238,0.8354884777819305,0.5348896679917794,0.6845017905547138,0.4984511968705435,0.5435730036931398,0.3482015454864873,0.6361215388866637,0.5063150263019192,0.48039754728422135,kefrin,7.0,comovement,,cosine,16.0,True
kefrin|comovement|euclidean|xi1|k7,0.1774745926211849,489.5415232376796,0.4810532609439807,0.47889709270964564,0.39987149971805225,0.32240124172552576,7,28,0.3159722222222222,0.6040956463861633,0.4718918597262314,0.4589147405079463,0.4560818772157565,0.48509682882136357,0.3137151507697019,0.5244447640391637,0.45208344513179866,0.37458111392176247,kefrin,7.0,comovement,,euclidean,1.0,True
spectral|comovement|k8,-0.008258479124503502,221.63970398302692,0.5697689916093458,0.4837207513217856,0.44740943339700784,0.3092640801910356,8,100,0.2683531746031746,0.838207999525533,0.48638654662770947,0.6893734505512055,0.4766861841123366,0.5064325851772209,0.3281555549515445,0.6258669597973395,0.4801185972111942,0.4663785003612706,spectral,8.0,comovement,,,,True
spectral_joint|comovement|k8,0.0695911159651566,260.36801692152,0.5119570336907561,0.5211530975195414,0.4798953342426914,0.3130088648379327,8,60,0.44642857142857145,0.7754274138109167,0.5437860907114723,0.6060678485267648,0.5103110309300701,0.5200156800211517,0.3471722718617769,0.62065113028608,0.5037968004701989,0.4420658230450686,spectral_joint,8.0,comovement,,,,True
kefrin|comovement|cosine|xi1|k8,0.1303515511004366,367.277934861811,0.4337003216471973,0.45052807586584576,0.4849623022677646,0.34535404112309287,8,130,0.17708333333333334,0.6029749422178787,0.5527406757459361,0.514645526425725,0.4200143089735038,0.5616628602562179,0.3322300080024735,0.4990075808140829,0.5310835111049778,0.4086715238923101,kefrin,8.0,comovement,,cosine,1.0,True
kefrin|comovement|cosine|xi4|k8,0.0421568069486443,278.7691035019199,0.4736533038435607,0.40562343752832875,0.510141494352399,0.30464701356846036,8,177,0.1775793650793651,0.7683422815412164,0.5410253186677484,0.6536894572502626,0.4175395584048948,0.5542631828056107,0.31166243375806535,0.5547141919731773,0.5310183055988839,0.4456528989568842,kefrin,8.0,comovement,,cosine,4.0,True
kefrin|comovement|cosine|xi16|k8,-0.014159723932447604,227.7761353346687,0.48464855093909154,0.4533562463680271,0.46845941129475793,0.32465756327946826,8,111,0.19990079365079366,0.8163723895573194,0.5193924985536577,0.6852186738597801,0.44175521823602726,0.5224584868067472,0.31229663076324676,0.5939193036001673,0.5015195677149061,0.4626156482599513,kefrin,8.0,comovement,,cosine,16.0,True
kefrin|comovement|euclidean|xi1|k8,0.11024212677015573,426.2421397752565,0.5130701904846144,0.4930076750832171,0.4540363566527205,0.32923364394409604,8,28,0.20684523809523808,0.6209750991480768,0.48079305083548274,0.4709619064321795,0.4403767491805043,0.4890114646541181,0.2985033540538211,0.5269146018965875,0.47257597894162295,0.37479560788346267,kefrin,8.0,comovement,,euclidean,1.0,True
spectral|comovement|k9,-0.02231642361622991,188.3265515892891,0.5550314076214778,0.4313126397075701,0.48091933222064065,0.2752274796491242,9,39,0.2628968253968254,0.8155487859822264,0.5146588638962268,0.6835480347359147,0.4471294972697778,0.49406669302482054,0.30778650076239783,0.5914597952265194,0.4882641481099911,0.4485351066894459,spectral,9.0,comovement,,,,True
spectral_joint|comovement|k9,0.01688708723526884,226.64356404916768,0.46028582205320284,0.45116405634892903,0.4923585283646804,0.2905521854842438,9,54,0.33035714285714285,0.7424566180891907,0.5192088674786067,0.591393998904911,0.4926737065351701,0.49557119695666124,0.3526928589468355,0.5853832622454641,0.4992413774007983,0.4328666737295241,spectral_joint,9.0,comovement,,,,True
kefrin|comovement|cosine|xi1|k9,0.11006233220042712,336.61099159766883,0.4100996834357551,0.4183340880820208,0.4729858132483127,0.3470371481577287,9,116,0.18253968253968253,0.5824031603418476,0.5405502982224611,0.5235248950578603,0.3809569670692334,0.5390682928478356,0.30961528149217254,0.46896512934844176,0.516134667068828,0.4040920367944398,kefrin,9.0,comovement,,cosine,1.0,True
kefrin|comovement|cosine|xi4|k9,0.005863043291760108,251.2087540188703,0.44189788251708717,0.43246437567943546,0.48315020159606686,0.3375712578763763,9,133,0.1875,0.7693905734975756,0.5358288797655842,0.661474227411307,0.42170864137444436,0.5384407636458803,0.3104514498841425,0.5651137630299305,0.5133623108151185,0.455760133543193,kefrin,9.0,comovement,,cosine,4.0,True
kefrin|comovement|cosine|xi16|k9,-0.03104503117013431,206.7312296124449,0.49581190832711136,0.42865435160537185,0.4832786227798883,0.3026962769102976,9,105,0.17609126984126985,0.8104056936402444,0.5211305173832714,0.6868164436020975,0.418452144697574,0.5282387146155886,0.28660279431505675,0.5784266334303281,0.5026853297701522,0.4482294467174063,kefrin,9.0,comovement,,cosine,16.0,True
kefrin|comovement|euclidean|xi1|k9,0.09556780295805616,384.7729021752113,0.4253142755191103,0.4941358292706321,0.41167412031980966,0.34417933220212193,9,24,0.2728174603174603,0.6103860025315341,0.44637331867049074,0.4605637189167398,0.4478336765725429,0.46430923569985283,0.3033007205715848,0.5271520453670658,0.4390853172195439,0.3757909643578612,kefrin,9.0,comovement,,euclidean,1.0,True
spectral|comovement|k10,-0.02862680802598607,175.4508462802036,0.5166562259813783,0.4095180870910996,0.4967134577230162,0.2747703668883482,10,38,0.23561507936507936,0.8078825433741376,0.5476094568520367,0.6874961234654874,0.44106942093473595,0.5051724209790613,0.3100696979322191,0.5816552155168621,0.5041546361430224,0.4507980186013405,spectral,10.0,comovement,,,,True
spectral_joint|comovement|k10,0.06470289649379805,241.80613640896323,0.48352281724503676,0.43018783697628377,0.4794623866314828,0.30076242140423315,10,52,0.38839285714285715,0.7250192851726986,0.5157612294463312,0.5891338068616094,0.4659212225656882,0.49923330214907374,0.34415924327268593,0.5626546792338216,0.4934318182070722,0.43117423074091216,spectral_joint,10.0,comovement,,,,True
kefrin|comovement|cosine|xi1|k10,0.04735234766547809,296.4818689757223,0.39457612081964166,0.44775113295546304,0.4799168335293599,0.35715926766799755,10,116,0.16121031746031747,0.6221548202612136,0.5281679355806868,0.543275043288376,0.3965661302532325,0.536554062298604,0.30737066997894447,0.4981717377563443,0.5141170475820018,0.41289337790376685,kefrin,10.0,comovement,,cosine,1.0,True
kefrin|comovement|cosine|xi4|k10,0.006026811676979971,221.89755936640967,0.4486947274999726,0.4120799011267161,0.5049295004265294,0.31495101364626565,10,130,0.13541666666666666,0.7440101794598797,0.5192611347384097,0.6439041581995869,0.39372101693865513,0.5374530586512976,0.30385757633794963,0.5379740460280413,0.5187706473787619,0.4411949805800168,kefrin,10.0,comovement,,cosine,4.0,True
kefrin|comovement|cosine|xi16|k10,-0.033275152005498944,184.33268909822183,0.4738925179337698,0.3977056003058784,0.4953248541452611,0.2988756957157725,10,105,0.14136904761904762,0.7879774850529843,0.5123753884293452,0.6794000149276042,0.38594887055536664,0.522314733625131,0.2777537458810272,0.5487832779643302,0.5036349896742425,0.44107737667053204,kefrin,10.0,comovement,,cosine,16.0,True
kefrin|comovement|euclidean|xi1|k10,0.09216349217605845,353.7150121507323,0.4206596851681308,0.4796031659755567,0.4555807602864679,0.314778409421095,10,28,0.23313492063492064,0.6189433514572414,0.4529685411901962,0.4692358198155794,0.44062322900010803,0.45062738804249036,0.3029896837158361,0.5236836341145243,0.4484474789222859,0.3724034870079858,kefrin,10.0,comovement,,euclidean,1.0,True
spectral|comovement|k11,-0.02823030072416225,167.69725164279666,0.5545693312504523,0.3847614413366246,0.4693668347147449,0.26825102276196855,11,38,0.23313492063492064,0.7850655477803532,0.5350028821890631,0.6822120699359194,0.4120867016089463,0.4953229121588836,0.3000959719899655,0.5555960510865531,0.4905268378046234,0.4433366686814799,spectral,11.0,comovement,,,,True
spectral_joint|comovement|k11,0.04668950817816227,212.56425554464127,0.47246618546941577,0.4124598337345544,0.4658740266576469,0.29208014366991386,11,36,0.37797619047619047,0.7078894226158309,0.49826932516176525,0.588594935513584,0.44580675730673947,0.4885199970845052,0.347942189691814,0.5433789795163961,0.4804645059398526,0.4303366306640567,spectral_joint,11.0,comovement,,,,True
kefrin|comovement|cosine|xi1|k11,0.0334070873562814,274.7317243764399,0.3824558305288431,0.399886665148251,0.46818679024479054,0.3306569504766432,11,119,0.14087301587301587,0.600887266779908,0.5309105050567742,0.5423837578976766,0.35285667610163685,0.5354190147766723,0.28703131160660567,0.4610209447477422,0.515626156087048,0.39862999740845634,kefrin,11.0,comovement,,cosine,1.0,True
kefrin|comovement|cosine|xi4|k11,-0.0012203562005573204,220.74996480403485,0.4246807776642169,0.3908609516645734,0.4662571392667427,0.32532448260970626,11,121,0.13541666666666666,0.7255554344347922,0.5313157717795834,0.6455742924154744,0.36873288641393737,0.5279665461185156,0.2931978880316335,0.513830682698153,0.5079849800920161,0.4399968809062154,kefrin,11.0,comovement,,cosine,4.0,True
kefrin|comovement|cosine|xi16|k11,-0.028961666950139676,172.8564245790226,0.497962530159017,0.3812265261358641,0.4829194807778512,0.29029494670867684,11,102,0.1259920634920635,0.7720761249568139,0.5142096649683009,0.6752600471856376,0.37955463075156115,0.5263663286246516,0.27803389346181234,0.5378799210120682,0.5080500845105781,0.4376893568894181,kefrin,11.0,comovement,,cosine,16.0,True
kefrin|comovement|euclidean|xi1|k11,0.09522823092644407,329.5492997302105,0.42576723571931135,0.45261205504700475,0.43075723262135385,0.29681294073395,11,26,0.24305555555555555,0.590685152112276,0.4412112524550922,0.4595030098127012,0.4108891576905428,0.41917503044801574,0.2968134080597315,0.4986801432325985,0.42452448964762723,0.36212861100240523,kefrin,11.0,comovement,,euclidean,1.0,True
spectral|comovement|k12,-0.026905917547413376,161.5128990788473,0.5008388694383592,0.36698639122290255,0.4765514517732978,0.25814717919300506,12,38,0.20634920634920634,0.7748814579210227,0.5360099811239963,0.6756101973563893,0.38141713956948387,0.49462243714762266,0.2715866007290746,0.5353166748580593,0.492691310107824,0.4276967682571943,spectral,12.0,comovement,,,,True
spectral_joint|comovement|k12,0.02442760021714101,213.1349839358481,0.45448180189027,0.4096363318045442,0.47405544606304056,0.31618255993093475,12,35,0.23462301587301587,0.6968372350241188,0.5063382203021232,0.5910536686276812,0.4265908613168012,0.4896228386670795,0.32370022380625557,0.5316235925613803,0.4858502267254799,0.42785257885235173,spectral_joint,12.0,comovement,,,,True
kefrin|comovement|cosine|xi1|k12,0.045174189901311466,271.8051695321692,0.3880124154401009,0.40498250118112505,0.4918869534323384,0.33539080344996575,12,98,0.1552579365079365,0.5805528143283424,0.5188619605621055,0.536617583891903,0.36033808769687964,0.5203409946611993,0.296027918568584,0.4578648293730248,0.5073575863669691,0.40086871033775584,kefrin,12.0,comovement,,cosine,1.0,True
kefrin|comovement|cosine|xi4|k12,-0.009772342076844086,200.41070296813277,0.41227383197886214,0.3772218744908484,0.4853562071677476,0.2987365142098001,12,102,0.12896825396825398,0.7258370915658051,0.5221571181414181,0.6425843060937231,0.3719507669831448,0.5219006942493778,0.28389854107316503,0.5135239525654548,0.5059193923045722,0.4290010593789339,kefrin,12.0,comovement,,cosine,4.0,True
kefrin|comovement|cosine|xi16|k12,-0.032572307812756204,165.00969278463677,0.46785405953176284,0.34484093692886386,0.48640748604866485,0.27636327247147063,12,103,0.12648809523809523,0.7473455120742992,0.5146286552124439,0.6650654936962676,0.34846917242071823,0.521455178775256,0.262391869673053,0.5070001954169522,0.5058397069296099,0.4245543564441495,kefrin,12.0,comovement,,cosine,16.0,True
kefrin|comovement|euclidean|xi1|k12,0.09846710893950764,314.47338506815936,0.38686190164046197,0.4701984778054609,0.429840670668167,0.2995308558281357,12,26,0.23511904761904762,0.588151167713285,0.4599127640454635,0.45996621971017215,0.40034613349295417,0.4367113994706789,0.289923592201011,0.49271352806873936,0.43554130489452353,0.36022610522035475,kefrin,12.0,comovement,,euclidean,1.0,True
leiden|leadlag|r0.02,,,,1.0,0.0,0.0,1,2016,1.0,1.0,0.0,0.0,1.0,0.0,0.0,1.0,0.0,0.0,leiden,,leadlag,0.02,,,False
leiden|leadlag|r0.05,,,,1.0,0.0,0.0,1,2016,1.0,1.0,0.0,0.0,1.0,0.0,0.0,1.0,0.0,0.0,leiden,,leadlag,0.05,,,False
leiden|leadlag|r0.1,0.21052261554220555,535.3206292300222,1.0711887436415721,0.7113899801161994,0.9999999999999999,0.21092757581184138,2,726,0.6398809523809523,0.900498579255837,1.0000000000000009,0.40015522670501324,0.9646363730644506,0.9999999999999998,0.45122483307779715,0.8798862695258041,1.0000000000000009,0.3770807731202967,leiden,,leadlag,0.1,,,False
leiden|leadlag|r0.2,0.18757625048424373,471.6050960272546,1.0179615846464043,0.6933269253264032,1.0,0.19194551010966102,2,939,0.5342261904761905,0.8766192630814563,0.9999999999999998,0.36836884020745464,0.9656382989070994,1.0000000000000002,0.46535050275121165,0.8675689441992704,0.9999999999999997,0.36477927758519835,leiden,,leadlag,0.2,,,True
leiden|leadlag|r0.3,0.1274356211306267,355.8547670208619,0.9441492373928076,0.5718042084791548,0.6666666666666665,0.22967300896308812,3,585,0.3556547619047619,0.739723835160691,0.6666666666666666,0.409925908342524,0.9159802171429091,0.6666666666666665,0.5778819609322096,0.7704456295113902,0.6666666666666664,0.43249283340974315,leiden,,leadlag,0.3,,,True
leiden|leadlag|r0.5,0.07332105843608963,281.30604918911,0.8191282123160754,0.4956475100191041,0.5887295852250889,0.24809778530269752,4,355,0.376984126984127,0.6923942832307723,0.6578152006352675,0.444594018053173,0.8933706976490641,0.6628244789499529,0.6341777590675393,0.7240573151022964,0.6239675999214204,0.47139541842443367,leiden,,leadlag,0.5,,,True
leiden|leadlag|r1,-0.03301860055681266,147.37284747528858,0.9242661633784184,0.36258683366931876,0.5164358318859095,0.24434586290373578,8,145,0.16964285714285715,0.4958195919956801,0.5578980892551713,0.3966290878675435,0.8058104211785901,0.5791246910697955,0.6783564527794801,0.5848249633903158,0.5432369841974221,0.4675353053291204,leiden,,leadlag,1.0,,,True
spectral|leadlag|k4,0.0647035601427776,271.0135291659713,0.8071781764596182,0.5017531791926282,0.5826136280681274,0.2397844484421455,4,304,0.3774801587301587,0.6878893832168823,0.6511723500233262,0.43829226240319097,0.8812843807689059,0.6563901267776238,0.620973825904693,0.7182886909796307,0.618229107388547,0.4618698563340138,spectral,4.0,leadlag,,,,True
spectral_joint|leadlag|k4,0.12329394344782565,387.9511620970285,0.7360340864462235,0.5567106053911386,0.5657096188285652,0.2986166638227912,4,353,0.4131944444444444,0.7209466767459073,0.6246283050885737,0.47548908573347926,0.8493996645194819,0.6443376426162333,0.587337165438764,0.7332869666132569,0.6025227665442264,0.478121944306938,spectral_joint,4.0,leadlag,,,,True
kefrin|leadlag|cosine|xi1|k4,0.16031421702674056,557.1087396052387,0.5671332281635275,0.5767078420857279,0.55141286026535,0.29270412783948435,4,271,0.31299603174603174,0.6566667899432795,0.5928175952026119,0.4099481315832142,0.6614517843795131,0.5800005020374286,0.42512589573818427,0.6403819253970497,0.5812756963018233,0.39079671209291944,kefrin,4.0,leadlag,,cosine,1.0,True
kefrin|leadlag|cosine|xi4|k4,0.1306227630795065,501.82981682753166,0.5798664887923416,0.5429814380883862,0.5564716295090778,0.2640877214131237,4,307,0.30753968253968256,0.6614489249290744,0.6029179154479415,0.42566457388925394,0.7540901837356854,0.6109312907913246,0.5150279215204747,0.6702111180014709,0.5878035175861068,0.42378588537971523,kefrin,4.0,leadlag,,cosine,4.0,True
kefrin|leadlag|cosine|xi16|k4,0.09810847933716663,348.0583030218562,0.657712673334295,0.516171388889915,0.5855733863051933,0.27568982451757285,4,396,0.3308531746031746,0.6816576015988824,0.6369017541847096,0.44147910230923104,0.8793353399351911,0.6335550191840257,0.627551474053761,0.71978447348573,0.6103986762246943,0.47398469331486925,kefrin,4.0,leadlag,,cosine,16.0,True
kefrin|leadlag|euclidean|xi1|k4,0.24145069644542397,739.4981693780704,0.5715109322768447,0.6564845865608628,0.50787916508079,0.3291502514038627,4,78,0.4732142857142857,0.7332192091507941,0.5292273445955396,0.4465080540163414,0.5854719116210305,0.5332073697431358,0.3126640151163119,0.6539332609077589,0.5249204642129652,0.37052257010277656,kefrin,4.0,leadlag,,euclidean,1.0,True
spectral|leadlag|k5,0.018505946090330957,213.77136798876333,1.0202240064375254,0.4893776765558263,0.5360231574408484,0.26149360924199033,5,161,0.34523809523809523,0.6489752364343992,0.5881045821339559,0.4373059765872048,0.8595761532369564,0.5990301695289442,0.6391867721681626,0.6895522887750299,0.5689811226566092,0.4730571746493445,spectral,5.0,leadlag,,,,True
spectral_joint|leadlag|k5,0.060071899236364,289.4283922695621,0.7980702632260599,0.5560253909996302,0.5185534360636423,0.3121588996429863,5,178,0.41121031746031744,0.7106424258623976,0.5669558682320904,0.4887396696845163,0.8151671703661947,0.6152771728217525,0.5901011179245936,0.7148393297733461,0.5599788216650187,0.4871927525572333,spectral_joint,5.0,leadlag,,,,True
kefrin|leadlag|cosine|xi1|k5,0.11733721224631843,491.13891309396143,0.5590096552465007,0.49866249921701833,0.5274142349747246,0.30320183670610973,5,224,0.3090277777777778,0.6369072150103804,0.6059642278598771,0.44407054526235107,0.6395293641535785,0.564487968042077,0.44477549409122624,0.607645925159723,0.5666146677681169,0.41376904021785477,kefrin,5.0,leadlag,,cosine,1.0,True
kefrin|leadlag|cosine|xi4|k5,0.08784706517784868,415.2128646522219,0.5626412035064408,0.4747721977245196,0.5361567235621093,0.28070019068902713,5,254,0.30505952380952384,0.6413519196151177,0.6213597623142953,0.4484438248530371,0.7638783000131355,0.549475254787556,0.5615701910999337,0.6533343426695859,0.5692236630501363,0.45413466889163756,kefrin,5.0,leadlag,,cosine,4.0,True
kefrin|leadlag|cosine|xi16|k5,0.05205225870337814,294.9236278326779,0.6329911729294286,0.44610954728156715,0.5582069139706028,0.26360243252459353,5,288,0.2425595238095238,0.6142134748506173,0.6189043764547961,0.4302729970078865,0.8414382852927351,0.6131919532684199,0.6420512918198942,0.665169353557155,0.5858065521584765,0.4729077344830482,kefrin,5.0,leadlag,,cosine,16.0,True
kefrin|leadlag|euclidean|xi1|k5,0.17827257536180197,624.382667263592,0.5055679939280033,0.5646566572046487,0.45071485874726375,0.31079820248484763,5,79,0.31200396825396826,0.649396169902031,0.5447395968116835,0.4265963367661505,0.5192301141863039,0.5579093507069697,0.30310190938513926,0.5772416815318191,0.5203682261155961,0.3550939196567969,kefrin,5.0,leadlag,,euclidean,1.0,True
spectral|leadlag|k6,-0.029243185305890422,186.3185395770596,0.8548608452848617,0.43088887074217214,0.5291771021760413,0.24623514001368252,6,155,0.28075396825396826,0.5945900881668819,0.5825538693634322,0.42708576144039667,0.8362230916481792,0.6113878201522555,0.6549164010881537,0.647590542063731,0.5612772993215481,0.4714925818614605,spectral,6.0,leadlag,,,,True
spectral_joint|leadlag|k6,0.010324316152690648,256.7174699216196,0.7096927843796531,0.49402998512907503,0.514993500376908,0.3005855641118079,6,174,0.2544642857142857,0.6407608710283333,0.5751033111481406,0.4579109461147544,0.7791934287098551,0.5941220637574678,0.6002523245615821,0.6618531753108149,0.5541041380345414,0.4762653864953402,spectral_joint,6.0,leadlag,,,,True
kefrin|leadlag|cosine|xi1|k6,0.11714462526116572,433.734991237042,0.4722765385409756,0.4946534498940398,0.5136290711519599,0.331456944981409,6,225,0.2123015873015873,0.5804400568154578,0.5802188129490627,0.439813618544683,0.6041830942478078,0.5776036818804368,0.45967608921736136,0.5716778125946016,0.5624938859044853,0.42426791808335357,kefrin,6.0,leadlag,,cosine,1.0,True
kefrin|leadlag|cosine|xi4|k6,0.0800151923208991,373.7002486261712,0.5158666738903404,0.45311591143995117,0.51410578776028,0.2840442746524687,6,234,0.20436507936507936,0.5764323197190455,0.5872382356833011,0.4332231495600849,0.7113584754092397,0.5809784351778421,0.5572754297634226,0.6007833516037747,0.5630639238400413,0.4470678979673291,kefrin,6.0,leadlag,,cosine,4.0,True
kefrin|leadlag|cosine|xi16|k6,0.04073011497859817,239.3971682911932,0.6094864294457876,0.3864256382594497,0.5431744221363178,0.24353907948668557,6,287,0.1984126984126984,0.5445940822197121,0.6023062292942165,0.4107210773624941,0.8157706742754103,0.610543409451673,0.6515411906003263,0.6147040938043775,0.5744087926244428,0.46357149680043275,kefrin,6.0,leadlag,,cosine,16.0,True
kefrin|leadlag|euclidean|xi1|k6,0.17966813933316908,548.8882602186148,0.4921086880788115,0.5255072103143285,0.41670634239213133,0.3119121060554523,6,58,0.2683531746031746,0.5893839261513814,0.5086123764833385,0.42389186746298874,0.4747366122615932,0.5135935599958229,0.30948415361567244,0.5301491751090444,0.48369815697131635,0.35660922231201747,kefrin,6.0,leadlag,,euclidean,1.0,True
spectral|leadlag|k7,-0.033823012436276424,157.67614992889992,0.9718799903540787,0.3962236606723345,0.5178321555727403,0.23674015906115317,7,152,0.20684523809523808,0.5408407757062558,0.564533418141356,0.40572516792945496,0.8143054546027486,0.5861747085262314,0.6624381127759239,0.6114951429293308,0.5479727964565083,0.4634839030551762,spectral,7.0,leadlag,,,,True
spectral_joint|leadlag|k7,0.0038053401937527195,225.16978111160913,0.5584228822411907,0.443231660338348,0.5404876118265267,0.2780848397043346,7,82,0.25744047619047616,0.6068228113464251,0.5759106752141446,0.44556759069335866,0.7334523059341128,0.5749930594181342,0.5864653209659119,0.6175983338078973,0.5569887614278166,0.4610117530322783,spectral_joint,7.0,leadlag,,,,True
kefrin|leadlag|cosine|xi1|k7,0.11402122685635412,376.52978074397623,0.484719085414276,0.48586815403241757,0.48264596228506446,0.3395419038552924,7,140,0.21577380952380953,0.5379140780061975,0.5640725402888748,0.44282661407707885,0.5547471117822027,0.5604721126287363,0.4596397672998405,0.5328572124147096,0.5400389044449827,0.42707607743128545,kefrin,7.0,leadlag,,cosine,1.0,True
kefrin|leadlag|cosine|xi4|k7,0.0203551991759016,307.82583143280067,0.4871086191102595,0.45456462196092545,0.5087780337906187,0.2942929757727702,7,162,0.1974206349206349,0.5592579477429214,0.5723098955759852,0.4203500694484523,0.7128071586072455,0.5719780120970644,0.5706807942198975,0.5936590167148272,0.553025290522376,0.4491593532208775,kefrin,7.0,leadlag,,cosine,4.0,True
kefrin|leadlag|cosine|xi16|k7,-0.026480988405795713,182.75489796689092,0.864039822281397,0.3740708073777383,0.5425259162711893,0.22758650233906574,7,220,0.18898809523809523,0.5313097905789755,0.589436707901844,0.398218260573613,0.8049396191696448,0.6057515423786723,0.6603355016279107,0.6015037015967005,0.570733851561085,0.4578480794023952,kefrin,7.0,leadlag,,cosine,16.0,True
kefrin|leadlag|euclidean|xi1|k7,0.18167155418917194,496.1532378600899,0.47908226663202375,0.5409963122246843,0.42345302343298513,0.3367376180869039,7,40,0.251984126984127,0.582152349502173,0.5019962409866031,0.4511662735234209,0.4782926403691526,0.5099925204862169,0.3409522979972673,0.52716825963734,0.4802788054068797,0.3850142907206481,kefrin,7.0,leadlag,,euclidean,1.0,True
spectral|leadlag|k8,-0.0392659275598856,140.61536252338357,0.7017898961660951,0.3729587368562556,0.5225665963818132,0.23322208315691623,8,129,0.2048611111111111,0.5063168838748057,0.5607075766702304,0.38198957435834757,0.785546899350674,0.5771307373615122,0.6544926008159575,0.5799325301054234,0.5477950084791183,0.45024290595516836,spectral,8.0,leadlag,,,,True
spectral_joint|leadlag|k8,-0.008713767516974901,193.8630738115494,0.6250584797043962,0.39752023203511616,0.5257382300964448,0.2577295673872403,8,71,0.2569444444444444,0.5621915666461162,0.5613357057706274,0.4208668683099779,0.7170981166500949,0.5624008716410531,0.5821537566355217,0.5812216389941547,0.5435905538122677,0.4447358598679401,spectral_joint,8.0,leadlag,,,,True
kefrin|leadlag|cosine|xi1|k8,0.11022794216965617,348.937162957205,0.47922239225894175,0.4249239245205504,0.48960895431379686,0.3178050119377821,8,137,0.21577380952380953,0.4789246965843339,0.5563043812586822,0.4061127733556833,0.4966618183264843,0.5644267389536592,0.42458157691330445,0.4747827976529793,0.5370035897685791,0.394282762629722,kefrin,8.0,leadlag,,cosine,1.0,True
kefrin|leadlag|cosine|xi4|k8,0.02019943802441758,265.90761901536473,0.48863755283022564,0.39273582540458435,0.5047653398610232,0.25709089794524076,8,183,0.16220238095238096,0.49890046662816817,0.5724613006724322,0.3966772275498809,0.6951575810299816,0.5667661696515515,0.5812055405331267,0.5483628414559611,0.5539177822009665,0.4348481204350598,kefrin,8.0,leadlag,,cosine,4.0,True
kefrin|leadlag|cosine|xi16|k8,-0.035538082880279,167.39983667217157,0.6086866444654087,0.35290653918147624,0.5300294000904845,0.23743949776073442,8,186,0.16865079365079366,0.4771831023133656,0.5803858967701959,0.37182728062270787,0.7776407355547845,0.5877253222136462,0.6545618551303156,0.5658832138912278,0.5608190364018681,0.44745587381620205,kefrin,8.0,leadlag,,cosine,16.0,True
kefrin|leadlag|euclidean|xi1|k8,0.16975280739473092,455.98954803909436,0.45403464946165617,0.5058051926670744,0.4232138944691128,0.3399648381932072,8,40,0.2088293650793651,0.5298342018671576,0.489552253605237,0.42957457764971296,0.44546837116214855,0.5021350113444629,0.3343981934401751,0.4876823885696132,0.4742720317295385,0.37487430789161974,kefrin,8.0,leadlag,,euclidean,1.0,True
spectral|leadlag|k9,-0.07619443845504136,109.6962778258696,0.8239171399790679,0.33590319556349013,0.5032565001040792,0.21400690505929468,9,68,0.21329365079365079,0.4799016503741487,0.5441361485494393,0.3726071426741977,0.7749068680138487,0.5399945406287283,0.6573828852781929,0.5555389398597905,0.5279486202581618,0.4430948865979657,spectral,9.0,leadlag,,,,True
spectral_joint|leadlag|k9,-0.011958394766907517,171.2394419705816,0.6951317593982415,0.36928767987936784,0.5160157899670368,0.24713526262318516,9,74,0.2524801587301587,0.5131848415452005,0.5411623883206619,0.3970329976137008,0.6690585608096784,0.5479868825506518,0.5548869926032741,0.5383174249213378,0.5315201438968278,0.4225378363534913,spectral_joint,9.0,leadlag,,,,True
kefrin|leadlag|cosine|xi1|k9,0.0948398828769139,316.7298650065185,0.4207109287018789,0.39532008581584993,0.4897702493240757,0.306746150805101,9,131,0.18253968253968253,0.4460403286198814,0.5472251540310351,0.39789820540017007,0.48426993464159385,0.5606831016185114,0.41942255313000787,0.4489489489197408,0.5319368000671011,0.38644306408867446,kefrin,9.0,leadlag,,cosine,1.0,True
kefrin|leadlag|cosine|xi4|k9,0.011327447574386177,218.4400290306677,0.5222292946130381,0.331609539448961,0.5064852170104591,0.2269416753243265,9,153,0.15873015873015872,0.46126736980093547,0.5618996193165252,0.3795994141117621,0.6916697321490133,0.5479363691782358,0.5917456167461045,0.5212222400734553,0.5415853218669407,0.4247010629625746,kefrin,9.0,leadlag,,cosine,4.0,True
kefrin|leadlag|cosine|xi16|k9,-0.0358838214864552,150.92434959919623,0.6262079869168652,0.3283398173160323,0.5257847286817063,0.21545656764431276,9,157,0.15376984126984128,0.4676173406638676,0.5647699591543921,0.3615693660712335,0.7615824475711869,0.5759846610163363,0.6494535271413742,0.5483210235558759,0.5507483803667511,0.43620074187583846,kefrin,9.0,leadlag,,cosine,16.0,True
kefrin|leadlag|euclidean|xi1|k9,0.16879923339057723,420.500556608334,0.42131339540370955,0.45421987446196155,0.4055697821192901,0.340673595160176,9,25,0.19444444444444445,0.5229758653385692,0.45774911084309594,0.43399876579118,0.41694097889042214,0.4689638321488846,0.3296453794380175,0.47004548904181725,0.4440186926425539,0.3749629584788813,kefrin,9.0,leadlag,,euclidean,1.0,True
spectral|leadlag|k10,-0.0670811403313685,112.91632759452146,0.6533026688521507,0.30894137103434194,0.5102560221091659,0.2005180066381046,10,67,0.16567460317460317,0.4522458968264278,0.5434592325099561,0.35816577804674465,0.764923112334328,0.5506318240654597,0.6615094245863664,0.5353873237649442,0.5320324383085391,0.43573726168878074,spectral,10.0,leadlag,,,,True
spectral_joint|leadlag|k10,-0.017406093910971095,158.67072243862097,0.5993935326495976,0.3531638783459759,0.5057137647816285,0.24326822258793485,10,75,0.24503968253968253,0.486977674324787,0.5323098312576398,0.3846923076541125,0.6630115108944972,0.5379138094000002,0.5575383940477773,0.5232647135350343,0.5230589325331471,0.41763835153170203,spectral_joint,10.0,leadlag,,,,True
kefrin|leadlag|cosine|xi1|k10,0.07478512716485938,291.72051438423756,0.4008285965824295,0.3951506444574708,0.4859880710281696,0.31276608125086,10,122,0.16071428571428573,0.43476429474057954,0.5406642178967409,0.38231680561081344,0.4761165805396944,0.5487570601372396,0.42342289966546787,0.4416665859809575,0.5293096366407583,0.3831836172284273,kefrin,10.0,leadlag,,cosine,1.0,True
kefrin|leadlag|cosine|xi4|k10,-0.003957662724127812,218.09877697698707,0.4898734486151465,0.3394692500891512,0.5114361585684797,0.23684552932816827,10,168,0.11259920634920635,0.43982729821440075,0.557737961003389,0.3768871720284097,0.6561778971435306,0.5728974126102025,0.5671785333702889,0.4997230946489136,0.5492923060847239,0.4168071337452885,kefrin,10.0,leadlag,,cosine,4.0,True
kefrin|leadlag|cosine|xi16|k10,-0.049210873211133495,134.19671514935172,0.6063540494207956,0.30715697695469724,0.5234316934915078,0.21217609090326806,10,151,0.1378968253968254,0.44322304455965894,0.558214217018397,0.3584654173791266,0.7524454159315301,0.5727576851505763,0.6533887547794068,0.5310621899703005,0.5465208909007729,0.4357099126546472,kefrin,10.0,leadlag,,cosine,16.0,True
kefrin|leadlag|euclidean|xi1|k10,0.1269815603631707,388.23705591206414,0.4126092227101178,0.45818210095078393,0.4650884400138254,0.31220217782683407,10,25,0.19246031746031747,0.5141890381777151,0.4903925083936521,0.4128586977529572,0.4084648959404625,0.4806693927391681,0.3074330402321252,0.4612688017521923,0.470809876816974,0.3512788265013391,kefrin,10.0,leadlag,,euclidean,1.0,True
spectral|leadlag|k11,-0.07136599422792621,103.16932551534995,0.6379225842759664,0.2930148341185965,0.509186746843588,0.19465443186162734,11,63,0.16567460317460317,0.4313299703141345,0.5319508585726365,0.34705084598869124,0.7441410703551887,0.5412691447594984,0.6493630572694995,0.5163566355347119,0.5253025299374046,0.4253458160935479,spectral,11.0,leadlag,,,,True
spectral_joint|leadlag|k11,-0.021938289233963192,142.76417664328267,0.5932003133094769,0.34546801908484487,0.5004517488211214,0.24298859296847483,11,70,0.24107142857142858,0.48886316362878685,0.5320311108483257,0.3880740858981496,0.6663910301754837,0.5309646587646789,0.5680111141740313,0.5237576068850548,0.5193160671554431,0.42273670413942727,spectral_joint,11.0,leadlag,,,,True
kefrin|leadlag|cosine|xi1|k11,0.03361720181659247,264.1102302521409,0.40275575710945416,0.39520973025069933,0.48258232241329235,0.31203889837174886,11,84,0.17212301587301587,0.44555088110089136,0.5267378418276505,0.3890332158705818,0.4950052007220708,0.5271017841379293,0.4241939094477768,0.4523071135864404,0.5167288775010674,0.38568073776210116,kefrin,11.0,leadlag,,cosine,1.0,True
kefrin|leadlag|cosine|xi4|k11,-0.014331720024847417,195.16644190123338,0.4663865543241396,0.33288224451538306,0.5113984738992297,0.24500392633108745,11,140,0.11507936507936507,0.4465326886747485,0.5452678795842669,0.38450957757338783,0.666207295077513,0.559812340369943,0.577514553565211,0.5039570735775754,0.5407737313683056,0.4254984371188042,kefrin,11.0,leadlag,,cosine,4.0,True
kefrin|leadlag|cosine|xi16|k11,-0.04096680229162676,126.03687005385096,0.5826918232704894,0.29393624353462067,0.5159463913570562,0.2165141026154701,11,160,0.12698412698412698,0.42162303499266895,0.5491722640683606,0.3575584862372504,0.727755873753274,0.5782455934065512,0.6398696913230967,0.5124097400844272,0.5410252085450039,0.43110567198535593,kefrin,11.0,leadlag,,cosine,16.0,True
kefrin|leadlag|euclidean|xi1|k11,0.11711251764211865,362.3591468699461,0.38612598827439826,0.45884726384988744,0.4403313919217334,0.30292307827429815,11,18,0.17113095238095238,0.4938581929077961,0.4751794765408263,0.4040539187190016,0.393027463555292,0.46727791489914733,0.3060734686795173,0.44472991333365147,0.4609536701873936,0.3453059600940581,kefrin,11.0,leadlag,,euclidean,1.0,False
spectral|leadlag|k12,-0.07872455131099472,91.19201561885993,0.6940405591340536,0.27501491019172114,0.5112029742758242,0.18047135546387388,12,61,0.14930555555555555,0.4193695801587713,0.5223425075484808,0.33570401563244545,0.7220861484667616,0.5352710290614506,0.6402937239212033,0.4972387765829616,0.5206969246033447,0.41402498207362454,spectral,12.0,leadlag,,,,True
spectral_joint|leadlag|k12,-0.03800995553691236,118.89660364462617,0.6351007572815296,0.3185510302464943,0.49611801185499066,0.23272174969529355,12,39,0.2326388888888889,0.4488496792358481,0.5153054242905607,0.3545802320165455,0.635064868138965,0.5114755078008201,0.54571812452003,0.48837801486288085,0.5078319970613817,0.3987181871644425,spectral_joint,12.0,leadlag,,,,True
kefrin|leadlag|cosine|xi1|k12,0.035042306666569496,250.63348353262,0.37514265791438434,0.36895496318962734,0.508592011630014,0.3216669031609311,12,88,0.14583333333333334,0.42573989833584863,0.5362355363214742,0.3829634311882413,0.4620918523455347,0.5387411537629639,0.40958044407420835,0.42934563614405147,0.5278210462793635,0.3798521369593509,kefrin,12.0,leadlag,,cosine,1.0,True
kefrin|leadlag|cosine|xi4|k12,-0.03083125265393378,165.05571061040692,0.4687087381971693,0.3031569853752362,0.5101920611834829,0.22811354632374256,12,98,0.11458333333333333,0.4156943223227874,0.5433898589098759,0.3510326989897182,0.6592437084256603,0.5526345891186821,0.5785517172007998,0.48239369615091604,0.536773138300553,0.40855286603504415,kefrin,12.0,leadlag,,cosine,4.0,True
kefrin|leadlag|cosine|xi16|k12,-0.051283488967140765,114.79242084473867,0.5753569428261884,0.2777558860968295,0.5147884866549007,0.21126450937071825,12,117,0.13740079365079366,0.4019830561867783,0.5390396241818618,0.336801280318452,0.7183354132017344,0.5631010598547815,0.6374237051505623,0.4961701945059139,0.5340027416183913,0.4208308710515586,kefrin,12.0,leadlag,,cosine,16.0,True
kefrin|leadlag|euclidean|xi1|k12,0.09628330165702059,333.56268269634126,0.3537908148388208,0.42643407823108676,0.4358560465248502,0.2715604798343528,12,16,0.17807539682539683,0.4882567728675109,0.48446236074181886,0.39423274862025637,0.39886851800713025,0.4553386624811148,0.29651387305360516,0.4365189481738339,0.460749097108756,0.33030799272492245,kefrin,12.0,leadlag,,euclidean,1.0,False
leiden|multiplex|r0.02,,,,1.0,0.0,0.0,1,2016,1.0,1.0,0.0,0.0,1.0,0.0,0.0,1.0,0.0,0.0,leiden,,multiplex,0.02,,,False
leiden|multiplex|r0.05,,,,1.0,0.0,0.0,1,2016,1.0,1.0,0.0,0.0,1.0,0.0,0.0,1.0,0.0,0.0,leiden,,multiplex,0.05,,,False
leiden|multiplex|r0.1,,,,1.0,0.0,0.0,1,2016,1.0,1.0,0.0,0.0,1.0,0.0,0.0,1.0,0.0,0.0,leiden,,multiplex,0.1,,,False
leiden|multiplex|r0.2,0.12546343525999273,161.44040464887277,0.7224863254742682,0.9738229222751951,0.9999999999999907,0.1682675992449291,2,110,0.9454365079365079,0.9504987672370463,0.9999999999999942,0.13016156101162818,0.8381054514448447,1.0000000000000022,0.08311693314555003,0.9215679274397109,0.9999999999999989,0.12180293514193027,leiden,,multiplex,0.2,,,False
leiden|multiplex|r0.3,0.0893908979586463,338.9482331568798,0.6618437062197028,0.7842930343918416,0.6666666666666669,0.31099125326985694,3,116,0.6622023809523809,0.9128421238958572,0.6666666666666666,0.4851609550382546,0.8493604625401586,0.6666666666666666,0.43496363162205365,0.864118923239437,0.6666666666666669,0.4271948026747627,leiden,,multiplex,0.3,,,False
leiden|multiplex|r0.5,0.07734414373426066,336.53528642906406,0.58379884131953,0.7182411243674686,0.4204081789503437,0.40440454001672993,5,118,0.48759920634920634,0.8430837310736663,0.5387088251636081,0.5881592840196214,0.7750654978660337,0.5888441014953545,0.5348404131188806,0.795396592667746,0.5200244480751164,0.5271355714417828,leiden,,multiplex,0.5,,,True
leiden|multiplex|r1,0.05841157904579465,316.60694889508216,0.5713665705693428,0.7166478748385697,0.42615108055253514,0.4247816562224157,5,119,0.39880952380952384,0.8319978031392097,0.5323287791784785,0.5836774684039704,0.7774986041508274,0.5985429771075667,0.5526270148195723,0.7907813362301792,0.5235156388700573,0.5368113724776531,leiden,,multiplex,1.0,,,True
spectral|multiplex|k4,0.06814228322693275,341.34642222518215,0.6537331303364212,0.7652310622532351,0.5132103366467692,0.42125226872784993,4,144,0.4930555555555556,0.8134779352254526,0.5714750202135016,0.49340352578538393,0.8078305002421127,0.5880322296615534,0.4951686036098087,0.8042306246428401,0.5683288795888986,0.47939447012498093,spectral,4.0,multiplex,,,,True
spectral_joint|multiplex|k4,0.10874151364602344,354.0037270524257,0.6765980577903563,0.8038538223685534,0.530511838630309,0.437068417068351,4,152,0.6170634920634921,0.7914638226514012,0.5690825349919448,0.4340099891593054,0.7756243183158964,0.5817277262003556,0.4184188983109658,0.7919009405338415,0.5672418714858716,0.43027912929513545,spectral_joint,4.0,multiplex,,,,False
kefrin|multiplex|cosine|xi1|k4,0.19973526362926833,625.5192525701683,0.5126510454842429,0.6221300399317096,0.5713432300718196,0.35060758540867687,4,291,0.5114087301587301,0.7679800122489683,0.6243557080609141,0.5117116420046017,0.6579516971029049,0.6495531778621211,0.39234917794177865,0.6943426101628754,0.5995867535344175,0.432119760815419,kefrin,4.0,multiplex,,cosine,1.0,True
kefrin|multiplex|cosine|xi4|k4,0.19842391527307077,579.9705103318325,0.5075282410054184,0.6577652132040741,0.5306775478708627,0.36916259105905913,4,311,0.5014880952380952,0.8143766074710084,0.6024581561130112,0.5531017824095741,0.7390165671909529,0.6565259055781362,0.4628393405099312,0.7528100060631647,0.5843346265258581,0.4791578372145349,kefrin,4.0,multiplex,,cosine,4.0,True
kefrin|multiplex|cosine|xi16|k4,0.15219317697147478,462.61351681831025,0.5288193505286102,0.6454391356283902,0.5344655817844687,0.37851108744328427,4,309,0.42658730158730157,0.8236828038336078,0.6040372390379817,0.5682182226166204,0.8009204608127575,0.6714263438259309,0.5389579821943412,0.778824447080941,0.5883554161280579,0.5153252669973836,kefrin,4.0,multiplex,,cosine,16.0,True
kefrin|multiplex|euclidean|xi1|k4,0.24304732373814197,738.1441838306158,0.565344639012507,0.6858320441722005,0.5141867904565202,0.3350554900964195,4,90,0.4871031746031746,0.7507729070187736,0.5342520053475771,0.4704568509585055,0.5939817630701091,0.5411391206246271,0.32552237273720364,0.6676125890611471,0.5291740512061289,0.38630304995172127,kefrin,4.0,multiplex,,euclidean,1.0,True
spectral|multiplex|k5,0.052199908117786166,309.28385055821485,0.6319340339264616,0.6940427370328005,0.4338047874897365,0.40614607682103804,5,140,0.43253968253968256,0.8040089658610421,0.5294606289395587,0.5621400244558173,0.7937989084576065,0.5758524008196414,0.5571854145659751,0.7800134614896583,0.5168123620360269,0.5257133655662947,spectral,5.0,multiplex,,,,True
spectral_joint|multiplex|k5,0.07924725084419823,349.43082101823694,0.5813502079738073,0.6847404038549305,0.4559108927477319,0.3923121457472327,5,129,0.45535714285714285,0.8088920850852631,0.5295783566295686,0.5634695911334465,0.7747646572449962,0.5851791994568742,0.5371260546261828,0.7723641071181893,0.5238620273782434,0.5156032331732953,spectral_joint,5.0,multiplex,,,,True
kefrin|multiplex|cosine|xi1|k5,0.13573895391586338,520.3277008527507,0.4704107644275979,0.5673822058148665,0.5119078139967461,0.3597870340979744,5,258,0.28869047619047616,0.6987680307004378,0.5875734527312977,0.5057149202238201,0.6115605625213127,0.5891038175216594,0.4160273742631053,0.6371268669386669,0.5628062104081426,0.44050754798030145,kefrin,5.0,multiplex,,cosine,1.0,True
kefrin|multiplex|cosine|xi4|k5,0.11882361720445331,476.31932142663607,0.4689426304213854,0.5918921950999956,0.4899054420518576,0.3861260444829712,5,304,0.28918650793650796,0.7532379721610118,0.5664083153894662,0.5595462271409956,0.6727852885034986,0.5899388710966742,0.4711116349886404,0.6891775228340147,0.5487285940917576,0.48868565756632365,kefrin,5.0,multiplex,,cosine,4.0,True
kefrin|multiplex|cosine|xi16|k5,0.08608271828539418,377.8932856008951,0.4952431871067943,0.5900259559855486,0.49952213857941763,0.39518048300218767,5,307,0.24751984126984128,0.7523941507730267,0.5690432947473689,0.5630624733371874,0.7351703392502014,0.6209463726965082,0.5357464207891534,0.7137552200158106,0.5579814881649837,0.5162211345269613,kefrin,5.0,multiplex,,cosine,16.0,True
kefrin|multiplex|euclidean|xi1|k5,0.17872226403919547,621.3754601726847,0.502806043894413,0.5771799906730245,0.448438683020527,0.32486105860173525,5,77,0.3506944444444444,0.6695465631964612,0.5196052500766087,0.4411107714102164,0.5365034573145059,0.5452984943417377,0.3110651686904041,0.5954804949965016,0.5068539103962744,0.3672378566673947,kefrin,5.0,multiplex,,euclidean,1.0,True
spectral|multiplex|k6,0.043761320584538195,252.20704383658116,0.6379051714875221,0.6556644753621734,0.5239375291304386,0.3936220352582386,6,107,0.4320436507936508,0.763853672202529,0.5438237411309603,0.5529991980177003,0.725328428680398,0.5598888722406928,0.5401118444570944,0.7292791743303425,0.5341855630826662,0.5127069726851244,spectral,6.0,multiplex,,,,True
spectral_joint|multiplex|k6,0.06788366435708924,284.86664094911623,0.6150644360685985,0.6593009256178926,0.5399604839944078,0.3878096837725233,6,108,0.45634920634920634,0.773778704461071,0.5456662672973593,0.5586133405273808,0.7047047704297156,0.5648151933599527,0.5187817148903098,0.726811310262032,0.5356957728346449,0.5057043264073591,spectral_joint,6.0,multiplex,,,,True
kefrin|multiplex|cosine|xi1|k6,0.13902260395949217,459.0896590842291,0.4356207055067856,0.5608695811982065,0.4929789947188541,0.39967993514809236,6,221,0.22718253968253968,0.636924876774217,0.5569271086728619,0.49592997224907004,0.550999417440465,0.5879607853872565,0.4020766399891699,0.5894347960012256,0.5497682410551504,0.4407527305238979,kefrin,6.0,multiplex,,cosine,1.0,True
kefrin|multiplex|cosine|xi4|k6,0.0529511500781362,383.35244389364044,0.4799742384638258,0.6483383197402527,0.42976109881913,0.43605771572860424,6,143,0.28273809523809523,0.7504635327392836,0.5468694924968476,0.5658094381867391,0.6577253094400397,0.5521887217593185,0.4663912553481427,0.6963941731844243,0.5150211981457303,0.5007789657225464,kefrin,6.0,multiplex,,cosine,4.0,True
kefrin|multiplex|cosine|xi16|k6,0.016834507525026483,301.7132305702156,0.5702724843110318,0.6228664843562214,0.43776396489185404,0.41959953171470404,6,154,0.2544642857142857,0.7502872559366711,0.5563054299853292,0.5717384353995123,0.7271696672890128,0.5797711780992983,0.5437902211756049,0.7171778468797089,0.5257438026566291,0.527947621268514,kefrin,6.0,multiplex,,cosine,16.0,True
kefrin|multiplex|euclidean|xi1|k6,0.10397804250809516,498.732187322867,0.5009816832869257,0.6516411260292428,0.4018291958184259,0.35189565750398577,6,90,0.3308531746031746,0.7026795209577843,0.45668196725952365,0.45350432589071477,0.5458959608455722,0.49203937358234123,0.3074303730051587,0.6287336278162029,0.4549649178870765,0.37684027650927765,kefrin,6.0,multiplex,,euclidean,1.0,True
spectral|multiplex|k7,0.05731640544327827,226.83961773014173,0.6239378010977217,0.6223711792752935,0.4970260659849878,0.4016214455794814,7,101,0.41617063492063494,0.7276243356513826,0.5366543847381473,0.5543169202690952,0.69213085179552,0.5524821374810888,0.5352949719640355,0.6957735235507311,0.52034400143406,0.5130041730329732,spectral,7.0,multiplex,,,,True
spectral_joint|multiplex|k7,0.0473974636502409,235.33848128165099,0.5951806500355113,0.6080374957646871,0.5121148120335886,0.3878752952526993,7,104,0.373015873015873,0.7222408821503551,0.5243934381248585,0.5439769060444115,0.6375371926053154,0.5374774256981242,0.49070625531903617,0.6693616227801682,0.5186043854136592,0.48884599525993305,spectral_joint,7.0,multiplex,,,,True
kefrin|multiplex|cosine|xi1|k7,0.06527674274317113,374.06697593637654,0.44105057454338326,0.5690371962331344,0.48145219522738375,0.43387838275196566,7,215,0.21626984126984128,0.6396638657393445,0.5463992288454358,0.5033339436393818,0.5563947430402726,0.5641517795722817,0.4114863415837136,0.5954031157486052,0.5345605310049854,0.45477598510767453,kefrin,7.0,multiplex,,cosine,1.0,True
kefrin|multiplex|cosine|xi4|k7,0.048789321411789204,339.96215681945677,0.5568299553771443,0.5991644291384935,0.45105625805430993,0.43675164694321084,7,180,0.23065476190476192,0.690917996806543,0.5452482566778527,0.5507456154116697,0.617748164858232,0.5699937868490687,0.4722355552124832,0.6451271480288824,0.5281352532857351,0.4968749888954471,kefrin,7.0,multiplex,,cosine,4.0,True
kefrin|multiplex|cosine|xi16|k7,0.01923367719072399,261.91546798574285,0.508232993631707,0.6148330882484244,0.42784191155141726,0.4481482859779031,7,126,0.2296626984126984,0.7149400185032315,0.5309443089411554,0.5665382577867326,0.6756452985832687,0.5720112941009051,0.5171582930167399,0.6835770198721945,0.5122203425859214,0.5222519339111815,kefrin,7.0,multiplex,,cosine,16.0,True
kefrin|multiplex|euclidean|xi1|k7,0.105399540167594,451.3533473884124,0.4950884552275796,0.6163796938550171,0.38832191376512804,0.34548870836372714,7,41,0.32142857142857145,0.6746113636480701,0.4318498870923141,0.46679825808965847,0.5322549758735089,0.46224269937812246,0.32108357630212647,0.605055949140338,0.4286135561974819,0.38568464939887254,kefrin,7.0,multiplex,,euclidean,1.0,True
spectral|multiplex|k8,0.01923043414353442,191.01021351924638,0.56276381002815,0.5711753647286896,0.4831358628616075,0.39918075449598306,8,106,0.39087301587301587,0.695390381220717,0.5212937034888074,0.5428610104369794,0.6380179668815615,0.5426123658465387,0.507161635808298,0.6516432221201174,0.5145717593658566,0.49707399433809735,spectral,8.0,multiplex,,,,True
spectral_joint|multiplex|k8,0.026347166562095424,218.15588414193462,0.5914215150592004,0.60351336364077,0.5156117277164451,0.4382575860202901,8,101,0.3125,0.6922743956469608,0.5120978697534712,0.5253610127415708,0.5843952280613309,0.514498575323649,0.4284925314512851,0.6366319149199231,0.508797419642984,0.4701150250271503,spectral_joint,8.0,multiplex,,,,True
kefrin|multiplex|cosine|xi1|k8,0.1331699101177752,376.0274349108811,0.4153014100223848,0.5010677658015611,0.48249042392906644,0.3923611333180842,8,136,0.17807539682539683,0.5447322168283832,0.5436573259922335,0.47595142204320096,0.4550500159504789,0.5643243147126331,0.37643406451877487,0.5021602747029862,0.5301364348853185,0.4211476233339797,kefrin,8.0,multiplex,,cosine,1.0,True
kefrin|multiplex|cosine|xi4|k8,0.02773326067709053,305.3510468314849,0.3958392305325918,0.581414270419797,0.42511672802317263,0.45112462518436985,8,127,0.19345238095238096,0.6874197605329263,0.5324996543618454,0.5532455562882157,0.5802678745055839,0.5543828394076403,0.44853803368316914,0.6275731768537909,0.5163685050841789,0.49226195139015333,kefrin,8.0,multiplex,,cosine,4.0,True
kefrin|multiplex|cosine|xi16|k8,-0.003919279445200684,223.35659272427262,0.5116743678509769,0.5688344005781107,0.4635744461264193,0.4198139953138768,8,134,0.21081349206349206,0.7101682269235886,0.5276439631463923,0.5738987209252335,0.6406370963000623,0.5537641672285845,0.5091940335934266,0.6563227487651616,0.5151009809827358,0.51510812119905,kefrin,8.0,multiplex,,cosine,16.0,True
kefrin|multiplex|euclidean|xi1|k8,0.10970585662662634,425.23481212708793,0.46364254447994535,0.6064547659568875,0.37165732069303026,0.3714539044221688,8,40,0.2614087301587302,0.6244176597928117,0.4539329800164393,0.4648110476870751,0.49994350567341184,0.4709933695299379,0.33616701284656453,0.5690316072462644,0.4384873888152165,0.3964929644990246,kefrin,8.0,multiplex,,euclidean,1.0,True
spectral|multiplex|k9,0.014424161663360123,151.55204858036294,0.7923906488335708,0.526597923953264,0.45823059625297535,0.3782457554511123,9,79,0.39037698412698413,0.660776463094873,0.5185242035129309,0.5340599053203356,0.6070597337664961,0.5347055457489835,0.49716952584843577,0.6150758214488931,0.5055419014405534,0.4849626438569367,spectral,9.0,multiplex,,,,True
spectral_joint|multiplex|k9,0.02177949346728764,210.4048413782557,0.5416858207512552,0.6137786998731385,0.49215733236481085,0.47275940829752555,9,103,0.3055555555555556,0.6536556673711287,0.5003890593344307,0.5028438602028841,0.5524089411767811,0.5086555277334699,0.41312327792357617,0.6099931591089757,0.4986465169092992,0.4636008055916587,spectral_joint,9.0,multiplex,,,,True
kefrin|multiplex|cosine|xi1|k9,0.07761124488213134,329.18044079507786,0.42359524046666736,0.5601283378815398,0.4455705009364933,0.4467528333347854,9,130,0.1800595238095238,0.5823449121354111,0.5250817346931433,0.49789187430644677,0.4655630241035372,0.5470925117503296,0.3662724446220451,0.534659488638617,0.5123418257463466,0.4383883083309363,kefrin,9.0,multiplex,,cosine,1.0,True
kefrin|multiplex|cosine|xi4|k9,0.03471444355589735,273.1209355044634,0.4420572112360026,0.5385238385418286,0.4548356821261916,0.4341490181280698,9,146,0.20287698412698413,0.6592898012659204,0.5191065252659475,0.5482662406375614,0.5604858819011015,0.5485823616842069,0.45015926453820637,0.5991085466144499,0.5134609943016947,0.48670990306877515,kefrin,9.0,multiplex,,cosine,4.0,True
kefrin|multiplex|cosine|xi16|k9,-0.00881419983796016,203.11627446474424,0.5115148726751907,0.5224332554361603,0.43502008796574415,0.4195918716425162,9,123,0.1949404761904762,0.6795216016826952,0.5217520284530157,0.566844322383908,0.6075773713590166,0.5417063436393399,0.5058952960018398,0.6254652268819625,0.5069286458305865,0.5110463760803887,kefrin,9.0,multiplex,,cosine,16.0,True
kefrin|multiplex|euclidean|xi1|k9,0.099341143982916,385.47767808452994,0.4143914490698686,0.5285953102587378,0.40069802106451174,0.3459023967868387,9,43,0.23958333333333334,0.6152404691898608,0.41972671632099023,0.458626416626013,0.4693322240932385,0.45189907498713844,0.3240907037470867,0.5403868872908948,0.4283156331998421,0.3832390329344878,kefrin,9.0,multiplex,,euclidean,1.0,True
spectral|multiplex|k10,-0.019498794729925318,145.62223870497408,0.581872542697882,0.5128176829395524,0.4680817903198788,0.37060948450959674,10,66,0.33779761904761907,0.6441505797265823,0.5139678363824932,0.5307575140516133,0.5902716484801399,0.5175806160100468,0.48516457312213385,0.5978069988899323,0.5027365717801235,0.47723298932390895,spectral,10.0,multiplex,,,,True
spectral_joint|multiplex|k10,0.003604934440116625,188.14538145698552,0.5052197311117207,0.5881546528699862,0.47747826541936644,0.46243008009720593,10,69,0.3055555555555556,0.6372448833962712,0.5037370351833076,0.49648100993193955,0.5471922824449208,0.5030584230644046,0.4143801287071215,0.5941537447075592,0.4970460316330472,0.4590565238438078,spectral_joint,10.0,multiplex,,,,True
kefrin|multiplex|cosine|xi1|k10,0.061305556683547285,298.10649824537364,0.40361186714869446,0.4934168301029171,0.45704626014104555,0.4055364457235096,10,118,0.15922619047619047,0.5474653847739721,0.5239815247869634,0.4938098714443261,0.4460156145665066,0.5375198623465555,0.37762443539888857,0.49836019788749064,0.5143354436191074,0.4314603574487839,kefrin,10.0,multiplex,,cosine,1.0,True
kefrin|multiplex|cosine|xi4|k10,0.027402274152528026,251.31832744196345,0.3917049226747655,0.5371021779870186,0.4525709953662174,0.4430590683478165,10,121,0.19047619047619047,0.6587496530171878,0.5199325513327642,0.5531716484127511,0.5345441067820795,0.5464801005814595,0.4358430848377737,0.588917875863989,0.5127332905931709,0.48527314357424267,kefrin,10.0,multiplex,,cosine,4.0,True
kefrin|multiplex|cosine|xi16|k10,-0.005517246790563692,183.38425608481052,0.5193154511783045,0.5437132556627499,0.4534182096355517,0.4447429968783112,10,118,0.20684523809523808,0.6790069094267899,0.5156457875421522,0.5740345654963043,0.5697608105709854,0.537858550192495,0.46844524478849203,0.6134242682539499,0.5048348958045029,0.5056767021167046,kefrin,10.0,multiplex,,cosine,16.0,True
kefrin|multiplex|euclidean|xi1|k10,0.1184234066626052,357.13191830865645,0.40579675986380725,0.5670464649270441,0.4125498883752924,0.3566728123364873,10,18,0.25992063492063494,0.6126541292581311,0.43449523883784746,0.4633386209849371,0.4496086064350652,0.4347494156032674,0.3189235543988989,0.5398510704688062,0.4221700792176821,0.3858555203959086,kefrin,10.0,multiplex,,euclidean,1.0,False
spectral|multiplex|k11,-0.022564637060424803,135.42970260964373,0.6433963860153914,0.4936383568432658,0.4681287741541578,0.3745294474645556,11,65,0.28621031746031744,0.6202676929490978,0.5067529610294903,0.5213103481343009,0.5715209189776735,0.5039901303541211,0.47759318204292334,0.5783462413524842,0.49421803569725653,0.4714691839066218,spectral,11.0,multiplex,,,,True
spectral_joint|multiplex|k11,0.009236662061546792,187.2691322873429,0.5466161968223947,0.5462321688505724,0.46772056060707157,0.4667233661215458,11,48,0.29365079365079366,0.6174197315675451,0.4895384603070793,0.49407598357725296,0.5191324010023401,0.4931555488836457,0.40637797555328803,0.5691279492861511,0.4856148089481889,0.45599086823798257,spectral_joint,11.0,multiplex,,,,True
kefrin|multiplex|cosine|xi1|k11,0.05515193723129778,283.3855220403067,0.38779549089488147,0.51879723493211,0.4680434367874472,0.43348998496554403,11,117,0.17609126984126985,0.5569440254031693,0.5153093641672182,0.49459829162604874,0.43246177411208414,0.530928193771621,0.35748283330482133,0.5034391253303191,0.5074676993006703,0.4305764086012106,kefrin,11.0,multiplex,,cosine,1.0,True
kefrin|multiplex|cosine|xi4|k11,0.033128004876938934,245.52284090541093,0.39268196308003517,0.5527338781949745,0.47311116680335813,0.4506007649676505,11,104,0.18303571428571427,0.6318680657938089,0.5070580109081678,0.535536366752633,0.5114482627988733,0.5403729104159072,0.41720344842257007,0.5719463696331875,0.5092559361340622,0.47297547137960627,kefrin,11.0,multiplex,,cosine,4.0,True
kefrin|multiplex|cosine|xi16|k11,-0.011466377913857411,186.24809500069324,0.4548265853262191,0.49918914921746,0.4618633227696893,0.4142016830202659,11,120,0.14732142857142858,0.6649979370431223,0.517866834420773,0.5764378087236783,0.5419123641953844,0.5437943146599925,0.4568217588477801,0.5866951546529916,0.5130682943093912,0.49513130048342197,kefrin,11.0,multiplex,,cosine,16.0,True
kefrin|multiplex|euclidean|xi1|k11,0.11197322696632542,345.91728555107204,0.3667597358000529,0.5444677058665875,0.4120215465394249,0.3594606909462138,11,18,0.20238095238095238,0.5790043497376931,0.44162311803233295,0.45503362309008727,0.4275318714606635,0.43994429424927284,0.3132485571494601,0.5132238545089653,0.42737661870695637,0.381182597019334,kefrin,11.0,multiplex,,euclidean,1.0,False
spectral|multiplex|k12,-0.03588982525756767,136.39260887321757,0.6112812593087187,0.4955073170137569,0.48122866624397637,0.42447827454680975,12,66,0.22073412698412698,0.6074133576830056,0.49161472348171215,0.5038623895719265,0.5627243039959653,0.5077386261291316,0.46131500140208254,0.5707218871931742,0.49271846950462894,0.4704031908858073,spectral,12.0,multiplex,,,,True
spectral_joint|multiplex|k12,0.014627692065749313,188.86466934871234,0.49587269239925,0.5321638540931944,0.4550716246323154,0.4451487731643658,12,60,0.24603174603174602,0.6092272043232365,0.4891735714838878,0.4891689175724453,0.5024389987787385,0.504771263410149,0.41237050525461866,0.5566573482151391,0.48888055191494545,0.4515595126340098,spectral_joint,12.0,multiplex,,,,True
kefrin|multiplex|cosine|xi1|k12,0.047424284646563654,263.9529433992352,0.37167804849768754,0.49410315823801604,0.4689436091175507,0.43485955294739287,12,96,0.14831349206349206,0.5346794213951692,0.5161815434658605,0.4825705992183493,0.42338350604348723,0.5353126378512912,0.34775667367524415,0.4870641616328144,0.5097041493347572,0.4224757460432052,kefrin,12.0,multiplex,,cosine,1.0,True
kefrin|multiplex|cosine|xi4|k12,0.022793500264533192,225.74944289949724,0.3840203819135563,0.5049103082578005,0.46217967963373896,0.4342434613912164,12,120,0.14434523809523808,0.6054560337902444,0.5165718685136692,0.5328764463295098,0.49186949133785135,0.5398303627422406,0.4137909514475486,0.5431525756841614,0.5124760074806506,0.4666516254072595,kefrin,12.0,multiplex,,cosine,4.0,True
kefrin|multiplex|cosine|xi16|k12,-0.015977780842362913,170.52825630919446,0.44607621756880045,0.48928059201602586,0.49194508584285873,0.41469439589911405,12,87,0.13343253968253968,0.6218959608641462,0.5181013666564868,0.54616524825965,0.5438571192858794,0.5415008628942873,0.46668542861147033,0.5676720356915369,0.5153851478839412,0.4869309619664236,kefrin,12.0,multiplex,,cosine,16.0,True
kefrin|multiplex|euclidean|xi1|k12,0.09099929002036652,315.89285128682883,0.33373760842377487,0.5136757289769708,0.4285146603543626,0.3323853506611122,12,18,0.19444444444444445,0.5760219715973411,0.4661817033278957,0.44456763502013114,0.42108913179482843,0.4463878431159954,0.30769998304783436,0.5027065270522858,0.44303566522362875,0.36863796681314187,kefrin,12.0,multiplex,,euclidean,1.0,False
