territory_id,name,name_short,region_name,mo_type,lat,lon,type,trajectory,market_access,type_2023,type_2024
1,городской округ город Майкоп,Майкоп,Республика Адыгея,городской округ,44.6062079,40.104053,2,стабильный,309.6,2,2
2,городской округ город Адыгейск,Адыгейск,Республика Адыгея,городской округ,44.8833775,39.1909625,1,устойчивый сдвиг,322.8,1,1
3,Гиагинский муниципальный район,Гиагинский,Республика Адыгея,муниципальный район,44.8755853,40.0564982,1,стабильный,315.2,1,1
4,Кошехабльский муниципальный район,Кошехабльский,Республика Адыгея,муниципальный район,44.8964998,40.4963631,3,устойчивый сдвиг,315.5,3,3
5,Красногвардейский муниципальный район,Красногвардейский,Республика Адыгея,муниципальный район,45.1443556,39.5861478,3,колебания,320.2,0,3
6,Майкопский муниципальный район,Майкопский,Республика Адыгея,муниципальный район,44.5093616,40.1762144,2,устойчивый сдвиг,308.1,3,2
7,Тахтамукайский муниципальный район,Тахтамукайский,Республика Адыгея,муниципальный район,44.9212862,38.994718,2,стабильный,324.7,2,2
8,Теучежский муниципальный район,Теучежский,Республика Адыгея,муниципальный район,44.8876896,39.3828521,2,стабильный,317.4,2,2
9,Шовгеновский муниципальный район,Шовгеновский,Республика Адыгея,муниципальный район,45.020114,40.2291119,0,колебания,314.3,0,3
10,городской округ город Горно-Алтайск,Горно-Алтайск,Республика Алтай,городской округ,51.957775,85.963653,2,стабильный,213.5,2,2
11,Кош-Агачский муниципальный район,Кош-Агачский,Республика Алтай,муниципальный район,49.9947055,88.6628218,3,стабильный,191.0,3,3
12,Майминский муниципальный район,Майминский,Республика Алтай,муниципальный район,52.004684,85.898743,2,устойчивый сдвиг,214.9,2,2
13,Онгудайский муниципальный район,Онгудайский,Республика Алтай,муниципальный район,50.7495872,86.1335256,3,стабильный,202.6,3,3
14,Турочакский муниципальный район,Турочакский,Республика Алтай,муниципальный район,52.259956,87.117538,3,стабильный,210.9,3,3
15,Улаганский муниципальный район,Улаганский,Республика Алтай,муниципальный район,50.6317434,87.9561929,3,стабильный,192.9,3,3
16,Усть-Канский муниципальный район,Усть-Канский,Республика Алтай,муниципальный район,50.932003,84.765213,3,стабильный,204.7,3,3
17,Усть-Коксинский муниципальный район,Усть-Коксинский,Республика Алтай,муниципальный район,50.2695927,85.6155842,3,стабильный,198.8,3,3
18,Чемальский муниципальный район,Чемальский,Республика Алтай,муниципальный район,51.4065933,86.0037576,3,стабильный,207.6,3,3
19,Чойский муниципальный район,Чойский,Республика Алтай,муниципальный район,51.8987536,86.5916701,0,колебания,210.2,3,3
20,Шебалинский муниципальный район,Шебалинский,Республика Алтай,муниципальный район,51.2922638,85.6739928,3,стабильный,207.8,3,3
21,городской округ город Уфа,Уфа,Республика Башкортостан,городской округ,54.7261409,55.947499,2,стабильный,374.3,2,2
22,городской округ город Агидель,Агидель,Республика Башкортостан,городской округ,55.899276,53.9374202,1,стабильный,319.2,1,1
23,городской округ город Кумертау,Кумертау,Республика Башкортостан,городской округ,52.760975,55.796482,2,устойчивый сдвиг,306.7,2,2
25,городской округ город Нефтекамск,Нефтекамск,Республика Башкортостан,городской округ,56.0884031,54.2478094,2,стабильный,323.7,2,2
26,городской округ город Октябрьский,Октябрьский,Республика Башкортостан,городской округ,54.4809722,53.4660062,2,стабильный,338.4,2,2
27,городской округ город Салават,Салават,Республика Башкортостан,городской округ,53.361687,55.924641,2,стабильный,313.8,2,2
28,городской округ город Сибай,Сибай,Республика Башкортостан,городской округ,52.720425,58.665466,2,стабильный,288.3,2,2
29,городской округ город Стерлитамак,Стерлитамак,Республика Башкортостан,городской округ,53.632374,55.952259,2,стабильный,343.8,2,2
30,Абзелиловский муниципальный район,Абзелиловский,Республика Башкортостан,муниципальный район,53.3391062,58.5060548,3,стабильный,294.7,3,3
31,Альшеевский муниципальный район,Альшеевский,Республика Башкортостан,муниципальный район,54.068695,54.941628,0,устойчивый сдвиг,324.0,3,0
32,Архангельский муниципальный район,Архангельский,Республика Башкортостан,муниципальный район,54.405724,56.784122,0,устойчивый сдвиг,316.6,0,0
33,Аскинский муниципальный район,Аскинский,Республика Башкортостан,муниципальный район,56.0855892,56.5788224,0,колебания,317.4,0,0
34,Аургазинский муниципальный район,Аургазинский,Республика Башкортостан,муниципальный район,54.010342,55.886463,0,стабильный,322.3,0,0
35,Баймакский муниципальный район,Баймакский,Республика Башкортостан,муниципальный район,52.597919,58.30756,3,стабильный,288.3,3,3
36,Бакалинский муниципальный район,Бакалинский,Республика Башкортостан,муниципальный район,55.1811919,53.7990407,0,стабильный,333.9,0,0
37,Балтачевский муниципальный район,Балтачевский,Республика Башкортостан,муниципальный район,56.000443,55.923466,0,колебания,320.2,0,0
38,Белебеевский муниципальный район,Белебеевский,Республика Башкортостан,муниципальный район,54.106495,54.107811,2,стабильный,327.7,2,2
39,Белокатайский муниципальный район,Белокатайский,Республика Башкортостан,муниципальный район,55.704636,58.961376,3,колебания,307.7,3,3
40,Белорецкий муниципальный район,Белорецкий,Республика Башкортостан,муниципальный район,53.9680705,58.4099549,2,устойчивый сдвиг,302.2,3,2
41,Бижбулякский муниципальный район,Бижбулякский,Республика Башкортостан,муниципальный район,53.693443,54.268616,0,стабильный,323.0,0,0
42,Бирский муниципальный район,Бирский,Республика Башкортостан,муниципальный район,55.4206774,55.5407179,2,устойчивый сдвиг,327.0,2,2
43,Благоварский муниципальный район,Благоварский,Республика Башкортостан,муниципальный район,54.691818,55.01387,0,колебания,329.2,0,0
44,Благовещенский муниципальный район,Благовещенский,Республика Башкортостан,муниципальный район,55.031143,55.981876,2,стабильный,328.0,2,2
45,Буздякский муниципальный район,Буздякский,Республика Башкортостан,муниципальный район,54.5696389,54.5323993,0,колебания,331.8,0,0
46,Бураевский муниципальный район,Бураевский,Республика Башкортостан,муниципальный район,55.836903,55.410423,0,колебания,325.1,0,0
47,Бурзянский муниципальный район,Бурзянский,Республика Башкортостан,муниципальный район,53.1028707,57.4444763,3,колебания,295.4,3,0
48,Гафурийский муниципальный район,Гафурийский,Республика Башкортостан,муниципальный район,53.8961616,56.4705604,0,устойчивый сдвиг,312.2,3,0
49,Давлекановский муниципальный район,Давлекановский,Республика Башкортостан,муниципальный район,54.2129656,55.0307219,1,колебания,325.1,1,1
50,Дуванский муниципальный район,Дуванский,Республика Башкортостан,муниципальный район,55.534695,58.239239,3,стабильный,306.3,3,3
51,Дюртюлинский муниципальный район,Дюртюлинский,Республика Башкортостан,муниципальный район,55.490616,54.863895,2,колебания,331.3,3,3
52,Ермекеевский муниципальный район,Ермекеевский,Республика Башкортостан,муниципальный район,54.073929,53.671932,0,стабильный,330.3,0,0
53,Зианчуринский муниципальный район,Зианчуринский,Республика Башкортостан,муниципальный район,52.189625,56.582493,3,стабильный,296.6,3,3
54,Зилаирский муниципальный район,Зилаирский,Республика Башкортостан,муниципальный район,52.233707,57.441547,3,колебания,290.4,3,3
55,Иглинский муниципальный район,Иглинский,Республика Башкортостан,муниципальный район,54.8340521,56.4165846,2,колебания,328.2,2,2
56,Илишевский муниципальный район,Илишевский,Республика Башкортостан,муниципальный район,55.4451166,54.3153665,0,стабильный,332.5,0,0
57,Ишимбайский муниципальный район,Ишимбайский,Республика Башкортостан,муниципальный район,53.4546454,56.0439119,2,стабильный,315.0,2,2
58,Калтасинский муниципальный район,Калтасинский,Республика Башкортостан,муниципальный район,55.970051,54.7900496,1,колебания,320.4,1,1
59,Караидельский муниципальный район,Караидельский,Республика Башкортостан,муниципальный район,55.83279,56.913136,0,устойчивый сдвиг,315.0,3,0
60,Кармаскалинский муниципальный район,Кармаскалинский,Республика Башкортостан,муниципальный район,54.367451,56.168819,1,стабильный,324.2,3,3
61,Кигинский муниципальный район,Кигинский,Республика Башкортостан,муниципальный район,55.4059473,58.5993731,3,стабильный,310.7,3,3
62,Краснокамский муниципальный район,Краснокамский,Республика Башкортостан,муниципальный район,56.1286312,54.1702787,1,стабильный,325.6,3,3
63,Кугарчинский муниципальный район,Кугарчинский,Республика Башкортостан,муниципальный район,52.7154243,56.6223067,0,устойчивый сдвиг,301.3,3,0
65,Кушнаренковский муниципальный район,Кушнаренковский,Республика Башкортостан,муниципальный район,55.107124,55.342201,1,колебания,332.0,3,0
66,Мелеузовский муниципальный район,Мелеузовский,Республика Башкортостан,муниципальный район,52.96328,55.928612,2,стабильный,309.6,2,2
67,Мечетлинский муниципальный район,Мечетлинский,Республика Башкортостан,муниципальный район,55.95219,58.2687,3,стабильный,308.9,3,3
68,Мишкинский муниципальный район,Мишкинский,Республика Башкортостан,муниципальный район,55.531227,55.970352,0,стабильный,322.6,0,0
69,Миякинский муниципальный район,Миякинский,Республика Башкортостан,муниципальный район,53.629292,54.800922,0,стабильный,319.7,0,0
70,Нуримановский муниципальный район,Нуримановский,Республика Башкортостан,муниципальный район,55.1897234,56.6677432,1,стабильный,316.4,1,1
71,Салаватский муниципальный район,Салаватский,Республика Башкортостан,муниципальный район,55.2034086,58.1536392,3,стабильный,311.5,3,3
72,Стерлибашевский муниципальный район,Стерлибашевский,Республика Башкортостан,муниципальный район,53.438549,55.256725,0,стабильный,316.9,0,0
73,Стерлитамакский муниципальный район,Стерлитамакский,Республика Башкортостан,муниципальный район,53.632374,55.952259,2,стабильный,485.7,2,2
74,Татышлинский муниципальный район,Татышлинский,Республика Башкортостан,муниципальный район,56.2921876,55.8557435,0,колебания,317.6,0,3
75,Туймазинский муниципальный район,Туймазинский,Республика Башкортостан,муниципальный район,54.606537,53.6974004,2,стабильный,336.0,2,2
76,Уфимский муниципальный район,Уфимский,Республика Башкортостан,муниципальный район,54.7261409,55.947499,2,стабильный,889.7,2,2
77,Учалинский муниципальный район,Учалинский,Республика Башкортостан,муниципальный район,54.316597,59.384636,2,стабильный,299.6,2,2
78,Федоровский муниципальный район,Федоровский,Республика Башкортостан,муниципальный район,53.1771974,55.1864825,0,стабильный,313.8,0,0
79,Хайбуллинский муниципальный район,Хайбуллинский,Республика Башкортостан,муниципальный район,51.865116,58.220215,3,стабильный,283.6,3,3
80,Чекмагушевский муниципальный район,Чекмагушевский,Республика Башкортостан,муниципальный район,55.1378996,54.6534999,0,устойчивый сдвиг,332.7,0,0
81,Чишминский муниципальный район,Чишминский,Республика Башкортостан,муниципальный район,54.58968,55.385605,2,устойчивый сдвиг,331.1,3,2
82,Шаранский муниципальный район,Шаранский,Республика Башкортостан,муниципальный район,54.8182509,54.0016574,0,устойчивый сдвиг,332.9,0,0
83,Янаульский муниципальный район,Янаульский,Республика Башкортостан,муниципальный район,56.2714237,54.9294823,3,стабильный,321.6,3,3
167,городской округ Нальчик,Нальчик,Кабардино-Балкарская Республика,городской округ,43.4769604,43.5966578,2,стабильный,298.0,2,2
168,городской округ Баксан,Баксан,Кабардино-Балкарская Республика,городской округ,43.6820626,43.5344319,0,стабильный,337.9,0,0
169,городской округ Прохладный,Прохладный,Кабардино-Балкарская Республика,городской округ,43.7590017,44.0103981,1,стабильный,346.2,1,1
173,Майский муниципальный район,Майский,Кабардино-Балкарская Республика,муниципальный район,43.6282481,44.0518741,0,стабильный,301.5,0,0
181,Городовиковский муниципальный район,Городовиковский,Республика Калмыкия,муниципальный район,46.082851,41.934269,0,стабильный,314.8,0,0
184,Лаганский муниципальный район,Лаганский,Республика Калмыкия,муниципальный район,45.392059,47.361282,0,колебания,280.8,0,0
185,Малодербетовский муниципальный район,Малодербетовский,Республика Калмыкия,муниципальный район,47.9509398,44.6783553,0,стабильный,321.1,0,0
188,Сарпинский муниципальный район,Сарпинский,Республика Калмыкия,муниципальный район,47.7676505,44.5164159,0,колебания,319.0,0,0
191,Юстинский муниципальный район,Юстинский,Республика Калмыкия,муниципальный район,47.565372,46.724106,0,устойчивый сдвиг,298.7,0,0
194,городской округ Черкесский,Черкесский,Карачаево-Черкесская Республика,городской округ,44.2285229,42.048257,2,стабильный,306.5,2,2
195,городской округ Карачаевский,Карачаевский,Карачаево-Черкесская Республика,городской округ,43.7715594,41.911979,0,колебания,311.0,0,1
196,Абазинский муниципальный район,Абазинский,Карачаево-Черкесская Республика,муниципальный район,44.0524374,41.78537743530578,3,устойчивый сдвиг,324.7,2,2
198,Зеленчукский муниципальный район,Зеленчукский,Карачаево-Черкесская Республика,муниципальный район,43.8549752,41.5853611,0,стабильный,297.8,0,0
201,Ногайский муниципальный район,Ногайский,Карачаево-Черкесская Республика,муниципальный район,44.3768288,41.9579221,0,устойчивый сдвиг,304.8,3,3
203,Урупский муниципальный район,Урупский,Карачаево-Черкесская Республика,муниципальный район,43.9528755,41.1917906,0,стабильный,296.8,1,1
204,Усть-Джегутинский муниципальный район,Усть-Джегутинский,Карачаево-Черкесская Республика,муниципальный район,44.0858961,41.9722557,0,устойчивый сдвиг,303.9,0,1
205,Хабезский муниципальный район,Хабезский,Карачаево-Черкесская Республика,муниципальный район,44.0461094,41.7695948,0,стабильный,315.0,0,0
206,городской округ Петрозаводский,Петрозаводский,Республика Карелия,городской округ,61.7900426,34.390007,6,стабильный,280.5,5,5
207,городской округ Костомукшский,Костомукшский,Республика Карелия,городской округ,64.5873013,30.5969076,5,стабильный,238.5,5,5
208,Беломорский муниципальный округ,Беломорский,Республика Карелия,муниципальный округ,64.5216684,34.7625835,5,стабильный,247.2,5,5
209,Калевальский муниципальный район,Калевальский,Республика Карелия,муниципальный район,65.200096,31.180172,3,устойчивый сдвиг,234.5,2,2
210,Кемский муниципальный район,Кемский,Республика Карелия,муниципальный район,64.9550895,34.5697446,1,колебания,244.4,1,1
211,Кондопожский муниципальный район,Кондопожский,Республика Карелия,муниципальный район,62.20929,34.268185,5,колебания,270.4,5,1
212,Лахденпохский муниципальный район,Лахденпохский,Республика Карелия,муниципальный район,61.5179265,30.2038927,2,стабильный,284.3,2,2
213,Лоухский муниципальный район,Лоухский,Республика Карелия,муниципальный район,66.07512539999999,33.04001857654001,5,стабильный,234.7,5,5
214,Медвежьегорский муниципальный район,Медвежьегорский,Республика Карелия,муниципальный район,62.915024,34.473339,1,колебания,266.4,1,1
215,Муезерский муниципальный район,Муезерский,Республика Карелия,муниципальный район,63.9596446,31.9947228,3,колебания,246.8,3,3
216,Олонецкий муниципальный район,Олонецкий,Республика Карелия,муниципальный район,60.979276,32.9749376,1,колебания,292.1,3,1
217,Питкярантский муниципальный округ,Питкярантский,Республика Карелия,муниципальный округ,61.57460265,31.47962163893381,5,колебания,277.7,5,5
218,Прионежский муниципальный район,Прионежский,Республика Карелия,муниципальный район,61.7900426,34.390007,5,колебания,365.8,5,5
219,Пряжинский муниципальный район,Пряжинский,Республика Карелия,муниципальный район,61.6932537,33.6224108,1,стабильный,280.3,1,1
220,Пудожский муниципальный район,Пудожский,Республика Карелия,муниципальный район,61.808434,36.536045,3,стабильный,282.6,3,3
221,Сегежский муниципальный округ,Сегежский,Республика Карелия,муниципальный округ,63.7435087,34.3106868,5,стабильный,256.2,5,5
222,Сортавальский муниципальный район,Сортавальский,Республика Карелия,муниципальный район,61.70274,30.691231,2,устойчивый сдвиг,279.6,5,5
223,Суоярвский муниципальный округ,Суоярвский,Республика Карелия,муниципальный округ,62.0820094,32.345856,1,стабильный,269.2,1,1
224,городской округ Сыктывкар,Сыктывкар,Республика Коми,городской округ,61.6685237,50.8352024,5,стабильный,276.0,5,5
225,городской округ Воркута,Воркута,Республика Коми,городской округ,67.5035662,64.0627028,5,стабильный,208.0,5,5
226,муниципальный округ Вуктыл,Вуктыл,Республика Коми,муниципальный округ,63.844337,57.300171,5,стабильный,237.3,5,5
227,городской округ Инта,Инта,Республика Коми,городской округ,66.0401498,60.1313631,5,стабильный,221.3,5,5
228,муниципальный округ Усинск,Усинск,Республика Коми,муниципальный округ,65.9944237,57.5570861,5,стабильный,222.2,5,5
229,городской округ Ухта,Ухта,Республика Коми,городской округ,63.5623797,53.6842376,5,стабильный,251.9,5,5
230,Ижемский муниципальный район,Ижемский,Республика Коми,муниципальный район,65.0324906,53.97245771017012,3,стабильный,235.7,3,3
231,Княжпогостский муниципальный район,Княжпогостский,Республика Коми,муниципальный район,62.5983295,50.8880873,3,колебания,268.0,1,1
232,Койгородский муниципальный район,Койгородский,Республика Коми,муниципальный район,60.441257,51.007,3,колебания,278.2,3,3
233,Корткеросский муниципальный район,Корткеросский,Республика Коми,муниципальный район,61.8130799,51.5744647,3,стабильный,275.1,1,1
234,муниципальный район Печора,Печора,Республика Коми,муниципальный район,65.1142862,57.16074,5,стабильный,233.5,5,5
235,Прилузский муниципальный район,Прилузский,Республика Коми,муниципальный район,60.334034,49.618275,1,колебания,290.9,3,1
236,муниципальный район Сосногорск,Сосногорск,Республика Коми,муниципальный район,63.5895298,53.9305546,5,стабильный,251.7,5,5
237,Сыктывдинский муниципальный район,Сыктывдинский,Республика Коми,муниципальный район,61.627003,50.768478,5,колебания,282.2,2,2
238,Сысольский муниципальный район,Сысольский,Республика Коми,муниципальный район,61.076214,50.084496,1,колебания,284.3,1,1
239,Троицко-Печорский муниципальный район,Троицко-Печорский,Республика Коми,муниципальный район,62.714462,56.185379,1,стабильный,241.6,1,1
240,Удорский муниципальный район,Удорский,Республика Коми,муниципальный район,63.456226,48.894211,3,колебания,258.1,3,1
241,Усть-Вымский муниципальный район,Усть-Вымский,Республика Коми,муниципальный район,62.224483,49.992413,1,стабильный,273.9,1,1
242,Усть-Куломский муниципальный район,Усть-Куломский,Республика Коми,муниципальный район,61.684792,53.689861,3,колебания,261.2,3,1
243,Усть-Цилемский муниципальный район,Усть-Цилемский,Республика Коми,муниципальный район,65.43623545,52.2008925353455,3,стабильный,228.3,3,3
269,городской округ город Йошкар-Ола,Йошкар-Ола,Республика Марий Эл,городской округ,56.6326996,47.8975847,2,стабильный,347.3,2,2
270,городской округ город Волжск,Волжск,Республика Марий Эл,городской округ,55.8636579,48.3618598,1,стабильный,368.8,1,1
271,городской округ город Козьмодемьянск,Козьмодемьянск,Республика Марий Эл,городской округ,56.3324346,46.5462855,1,стабильный,360.8,1,1
272,Волжский муниципальный район,Волжский,Республика Марий Эл,муниципальный район,55.8636579,48.3618598,1,стабильный,384.7,3,3
273,Горномарийский муниципальный район,Горномарийский,Республика Марий Эл,муниципальный район,56.3324346,46.5462855,0,стабильный,360.6,0,0
274,Звениговский муниципальный район,Звениговский,Республика Марий Эл,муниципальный район,55.9718239,48.016105,1,стабильный,354.9,1,1
275,Килемарский муниципальный район,Килемарский,Республика Марий Эл,муниципальный район,56.7767366,46.8594894,0,колебания,337.7,0,0
276,Куженерский муниципальный район,Куженерский,Республика Марий Эл,муниципальный район,56.8114328,48.9167614,0,колебания,339.1,1,0
277,Мари-Турекский муниципальный район,Мари-Турекский,Республика Марий Эл,муниципальный район,56.7877954,49.6203566,0,стабильный,336.2,0,0
278,Медведевский муниципальный район,Медведевский,Республика Марий Эл,муниципальный район,56.6332426,47.8030237,2,стабильный,352.3,2,2
279,Моркинский муниципальный район,Моркинский,Республика Марий Эл,муниципальный район,56.4302572,48.9980508,1,колебания,346.2,0,0
280,Новоторъяльский муниципальный район,Новоторъяльский,Республика Марий Эл,муниципальный район,57.0032906,48.7403315,0,колебания,337.4,0,1
281,Оршанский муниципальный район,Оршанский,Республика Марий Эл,муниципальный район,56.9154239,47.8944568,0,колебания,343.8,0,1
282,Параньгинский муниципальный район,Параньгинский,Республика Марий Эл,муниципальный район,56.7052785,49.3933921,0,стабильный,335.3,0,0
283,Сернурский муниципальный район,Сернурский,Республика Марий Эл,муниципальный район,56.9347617,49.1469163,1,устойчивый сдвиг,337.2,1,1
284,Советский муниципальный район,Советский,Республика Марий Эл,муниципальный район,56.7629821,48.474292,1,стабильный,343.1,1,1
285,Юринский муниципальный район,Юринский,Республика Марий Эл,муниципальный район,56.29035,46.291918,0,стабильный,333.9,0,0
287,Ардатовский муниципальный район,Ардатовский,Республика Мордовия,муниципальный район,54.8443349,46.2393200428824,0,стабильный,359.1,0,0
288,Атюрьевский муниципальный район,Атюрьевский,Республика Мордовия,муниципальный район,54.3211519,43.3363522,0,стабильный,362.5,0,0
289,Атяшевский муниципальный район,Атяшевский,Республика Мордовия,муниципальный район,54.5791907,46.07576069523395,0,стабильный,358.4,0,0
290,Большеберезниковский муниципальный район,Большеберезниковский,Республика Мордовия,муниципальный район,54.171913,45.966282,0,стабильный,357.0,0,0
292,Дубенский муниципальный район,Дубенский,Республика Мордовия,муниципальный район,54.437653,46.2980698,0,стабильный,356.6,0,0
293,Ельниковский муниципальный район,Ельниковский,Республика Мордовия,муниципальный район,54.620689,43.875977,0,стабильный,360.1,0,0
294,Зубово-Полянский муниципальный район,Зубово-Полянский,Республика Мордовия,муниципальный район,54.079964,42.837425,0,стабильный,368.6,0,0
295,Инсарский муниципальный район,Инсарский,Республика Мордовия,муниципальный район,53.867741,44.371407,0,стабильный,360.1,0,0
296,Ичалковский муниципальный район,Ичалковский,Республика Мордовия,муниципальный район,54.694168,45.243855,0,стабильный,360.8,0,0
297,Кадошкинский муниципальный район,Кадошкинский,Республика Мордовия,муниципальный район,54.03075525,44.42132744805929,0,стабильный,359.1,0,0
298,Ковылкинский муниципальный район,Ковылкинский,Республика Мордовия,муниципальный район,54.0345571,43.90662617920928,1,колебания,363.6,0,1
300,Краснослободский муниципальный район,Краснослободский,Республика Мордовия,муниципальный район,54.41721065,43.78777038683488,0,стабильный,362.2,0,0
301,Лямбирский муниципальный район,Лямбирский,Республика Мордовия,муниципальный район,54.2828455,45.1226407,2,стабильный,365.5,3,3
302,Ромодановский муниципальный район,Ромодановский,Республика Мордовия,муниципальный район,54.420921,45.334122,0,стабильный,362.0,0,0
303,Рузаевский муниципальный район,Рузаевский,Республика Мордовия,муниципальный район,54.058735,44.954391,1,стабильный,364.1,1,1
304,Старошайговский муниципальный район,Старошайговский,Республика Мордовия,муниципальный район,54.304256,44.463558,0,стабильный,359.4,0,0
305,Темниковский муниципальный район,Темниковский,Республика Мордовия,муниципальный район,54.6342327,43.21511935549957,0,стабильный,361.7,0,0
306,Теньгушевский муниципальный район,Теньгушевский,Республика Мордовия,муниципальный район,54.767166,42.714211,0,стабильный,368.1,0,0
307,Торбеевский муниципальный район,Торбеевский,Республика Мордовия,муниципальный район,54.074532,43.245144,1,стабильный,364.8,0,0
308,Чамзинский муниципальный район,Чамзинский,Республика Мордовия,муниципальный район,54.407948,45.784023,1,стабильный,359.1,1,1
309,городской округ город Якутск,Якутск,Республика Саха (Якутия),городской округ,62.0279259,129.740571750415,7,стабильный,137.0,7,7
312,Алданский муниципальный район,Алданский,Республика Саха (Якутия),муниципальный район,58.61558475,125.3960842109866,5,стабильный,143.8,5,5
314,Амгинский муниципальный район,Амгинский,Республика Саха (Якутия),муниципальный район,60.894218,131.97998,7,стабильный,136.2,7,7
316,Булунский муниципальный район,Булунский,Республика Саха (Якутия),муниципальный район,71.636604,128.868546,7,стабильный,116.9,7,7
317,Верхневилюйский муниципальный район,Верхневилюйский,Республика Саха (Якутия),муниципальный район,63.4497609,120.3146678,7,колебания,129.9,7,7
318,Верхнеколымский муниципальный район,Верхнеколымский,Республика Саха (Якутия),муниципальный район,65.733597,150.893326,7,стабильный,121.8,7,7
319,Верхоянский муниципальный район,Верхоянский,Республика Саха (Якутия),муниципальный район,67.654907,134.635071,7,стабильный,124.4,7,7
320,Вилюйский муниципальный район,Вилюйский,Республика Саха (Якутия),муниципальный район,63.754082,121.626549,7,стабильный,130.8,7,7
321,Горный муниципальный район,Горный,Республика Саха (Якутия),муниципальный район,62.098289,126.699837,3,стабильный,136.0,3,3
323,Кобяйский муниципальный район,Кобяйский,Республика Саха (Якутия),муниципальный район,63.923618,127.466759,7,стабильный,,7,7
324,Нюрбинский муниципальный район,Нюрбинский,Республика Саха (Якутия),муниципальный район,63.286648,118.354149,7,колебания,,7,7
325,Ленский муниципальный район,Ленский,Республика Саха (Якутия),муниципальный район,60.7145488,114.9172123,5,колебания,151.6,7,5
326,Мегино-Кангаласский муниципальный район,Мегино-Кангаласский,Республика Саха (Якутия),муниципальный район,61.957066,129.911346,7,колебания,142.9,7,7
327,Мирнинский муниципальный район,Мирнинский,Республика Саха (Якутия),муниципальный район,62.541077,113.978584,5,стабильный,152.1,5,5
329,Намский муниципальный район,Намский,Республика Саха (Якутия),муниципальный район,62.718227,129.664246,7,колебания,138.6,7,7
330,Нерюнгринский муниципальный район,Нерюнгринский,Республика Саха (Якутия),муниципальный район,56.6579435,124.7123042,5,колебания,147.1,5,5
331,Нижнеколымский муниципальный район,Нижнеколымский,Республика Саха (Якутия),муниципальный район,68.7427218,161.3324435184306,7,стабильный,113.6,7,7
332,Оймяконский муниципальный район,Оймяконский,Республика Саха (Якутия),муниципальный район,64.566376,143.237839,7,стабильный,127.0,7,7
333,Олекминский муниципальный район,Олекминский,Республика Саха (Якутия),муниципальный район,60.3729364,120.403496,7,стабильный,145.2,5,5
334,Оленекский эвенкийский национальный муниципальный район,Оленекский,Республика Саха (Якутия),муниципальный район,68.505272,112.450287,7,стабильный,140.7,7,7
335,Среднеколымский муниципальный район,Среднеколымский,Республика Саха (Якутия),муниципальный район,67.455497,153.7071456,7,стабильный,119.0,7,7
336,Сунтарский муниципальный район,Сунтарский,Республика Саха (Якутия),муниципальный район,62.157455,117.646332,7,колебания,149.5,7,3
337,Таттинский муниципальный район,Таттинский,Республика Саха (Якутия),муниципальный район,62.360935,133.563309,7,колебания,135.5,7,7
338,Томпонский муниципальный район,Томпонский,Республика Саха (Якутия),муниципальный район,62.6477939,135.5750942,7,стабильный,133.4,7,7
339,Усть-Алданский муниципальный район,Усть-Алданский,Республика Саха (Якутия),муниципальный район,62.6722619,131.1795031521465,7,колебания,137.4,7,3
340,Усть-Майский муниципальный район,Усть-Майский,Республика Саха (Якутия),муниципальный район,60.416439,134.536499,7,стабильный,133.6,7,7
341,Усть-Янский муниципальный район,Усть-Янский,Республика Саха (Якутия),муниципальный район,69.3396494,139.9468635,7,стабильный,119.2,7,7
342,Хангаласский муниципальный район,Хангаласский,Республика Саха (Якутия),муниципальный район,61.48327,129.1540617,5,колебания,138.6,5,2
343,Чурапчинский муниципальный район,Чурапчинский,Республика Саха (Якутия),муниципальный район,61.999668,132.425201,7,стабильный,136.7,7,7
345,городской округ город Владикавказ,Владикавказ,Республика Северная Осетия — Алания,городской округ,43.024593,44.68211,2,стабильный,291.4,2,2
346,Алагирский муниципальный район,Алагирский,Республика Северная Осетия — Алания,муниципальный район,43.018619,44.2261205,2,устойчивый сдвиг,291.4,2,2
347,Ардонский муниципальный район,Ардонский,Республика Северная Осетия — Алания,муниципальный район,43.1739502,44.2752375,0,колебания,295.9,0,0
348,Дигорский муниципальный район,Дигорский,Республика Северная Осетия — Алания,муниципальный район,43.1591223,44.1581267,0,стабильный,293.7,0,0
349,Ирафский муниципальный район,Ирафский,Республика Северная Осетия — Алания,муниципальный район,43.198139,43.923298,0,стабильный,293.7,0,0
351,Моздокский муниципальный район,Моздокский,Республика Северная Осетия — Алания,муниципальный район,43.735584,44.653614,2,колебания,296.8,2,2
352,Правобережный муниципальный район,Правобережный,Республика Северная Осетия — Алания,муниципальный район,43.1875572,44.5375689,2,устойчивый сдвиг,297.3,2,2
354,городской округ город Казань,Казань,Республика Татарстан,городской округ,55.7823547,49.1242266,2,стабильный,345.0,2,2
355,городской округ город Набережные Челны,Набережные Челны,Республика Татарстан,городской округ,55.7419774,52.399207,2,стабильный,367.4,2,2
356,Агрызский муниципальный район,Агрызский,Республика Татарстан,муниципальный район,56.525516,52.9971643,1,устойчивый сдвиг,334.6,1,1
357,Азнакаевский муниципальный район,Азнакаевский,Республика Татарстан,муниципальный район,54.8629555,53.0792275,1,стабильный,338.8,3,3
358,Аксубаевский муниципальный район,Аксубаевский,Республика Татарстан,муниципальный район,54.846351,50.8055345,0,стабильный,342.1,0,0
359,Актанышский муниципальный район,Актанышский,Республика Татарстан,муниципальный район,55.7221799,54.0577272,0,колебания,328.5,0,0
360,Алексеевский муниципальный район,Алексеевский,Республика Татарстан,муниципальный район,55.3049649,50.1129039,1,устойчивый сдвиг,352.3,1,1
361,Алькеевский муниципальный район,Алькеевский,Республика Татарстан,муниципальный район,54.9034845,49.9275488,0,стабильный,347.1,0,0
362,Альметьевский муниципальный район,Альметьевский,Республика Татарстан,муниципальный район,54.9005008,52.2963777,2,стабильный,340.3,2,2
363,Апастовский муниципальный район,Апастовский,Республика Татарстан,муниципальный район,55.2026717,48.5068612,0,стабильный,355.8,0,0
364,Арский муниципальный район,Арский,Республика Татарстан,муниципальный район,56.0909916,49.8771828,0,устойчивый сдвиг,348.5,0,0
365,Атнинский муниципальный район,Атнинский,Республика Татарстан,муниципальный район,56.2503047,49.4534003,0,стабильный,349.2,0,0
366,Бавлинский муниципальный район,Бавлинский,Республика Татарстан,муниципальный район,54.4031069,53.2356367,1,устойчивый сдвиг,339.6,1,1
367,Балтасинский муниципальный район,Балтасинский,Республика Татарстан,муниципальный район,56.344623,50.2114172,0,стабильный,343.3,0,0
368,Бугульминский муниципальный район,Бугульминский,Республика Татарстан,муниципальный район,54.5384152,52.7955953,2,стабильный,340.5,2,2
369,Буинский муниципальный район,Буинский,Республика Татарстан,муниципальный район,54.9723656,48.2926834,0,стабильный,356.3,0,0
370,Верхнеуслонский муниципальный район,Верхнеуслонский,Республика Татарстан,муниципальный район,55.7685496,48.9829213,1,устойчивый сдвиг,357.3,2,1
371,Высокогорский муниципальный район,Высокогорский,Республика Татарстан,муниципальный район,55.9101814,49.3072048,2,устойчивый сдвиг,363.4,2,2
372,Дрожжановский муниципальный район,Дрожжановский,Республика Татарстан,муниципальный район,54.7249827,47.5645397,0,стабильный,355.1,0,0
373,Елабужский муниципальный район,Елабужский,Республика Татарстан,муниципальный район,55.7577131,52.0539938,2,стабильный,344.3,2,2
374,Заинский муниципальный район,Заинский,Республика Татарстан,муниципальный район,55.2866509,52.0056047,2,колебания,342.9,3,3
375,Зеленодольский муниципальный район,Зеленодольский,Республика Татарстан,муниципальный район,55.8586627,48.55746590061055,2,стабильный,360.6,2,2
376,Кайбицкий муниципальный район,Кайбицкий,Республика Татарстан,муниципальный район,55.4061658,48.19358,0,колебания,358.4,0,0
377,Камско-Устьинский муниципальный район,Камско-Устьинский,Республика Татарстан,муниципальный район,55.2015629,49.2680082,0,стабильный,347.1,0,0
378,Кукморский муниципальный район,Кукморский,Республика Татарстан,муниципальный район,56.1865318,50.8972087,0,устойчивый сдвиг,339.1,0,0
379,Лаишевский муниципальный район,Лаишевский,Республика Татарстан,муниципальный район,55.4051397,49.55569253230886,2,стабильный,353.7,2,2
380,Лениногорский муниципальный район,Лениногорский,Республика Татарстан,муниципальный район,54.5994324,52.4469099,2,стабильный,339.6,2,2
381,Мамадышский муниципальный район,Мамадышский,Республика Татарстан,муниципальный район,55.7090757,51.4089032,0,стабильный,341.7,0,0
382,Менделеевский муниципальный район,Менделеевский,Республика Татарстан,муниципальный район,55.8878706,52.308443,1,стабильный,342.9,1,1
383,Мензелинский муниципальный район,Мензелинский,Республика Татарстан,муниципальный район,55.7255585,53.1071815,1,устойчивый сдвиг,335.8,1,1
384,Муслюмовский муниципальный район,Муслюмовский,Республика Татарстан,муниципальный район,55.3041209,53.1975331,0,стабильный,336.2,0,0
385,Нижнекамский муниципальный район,Нижнекамский,Республика Татарстан,муниципальный район,55.6412879,51.8160376,2,стабильный,339.3,2,2
386,Новошешминский муниципальный район,Новошешминский,Республика Татарстан,муниципальный район,55.0616447,51.224884,0,колебания,344.3,0,0
387,Нурлатский муниципальный район,Нурлатский,Республика Татарстан,муниципальный район,54.4297351,50.8019579,1,стабильный,342.9,3,3
388,Пестречинский муниципальный район,Пестречинский,Республика Татарстан,муниципальный район,55.7502111,49.6570913,2,колебания,355.1,2,2
390,Сабинский муниципальный район,Сабинский,Республика Татарстан,муниципальный район,56.0106232,50.4467802,0,устойчивый сдвиг,344.3,0,0
391,Сармановский муниципальный район,Сармановский,Республика Татарстан,муниципальный район,55.2607513,52.57767738349195,0,устойчивый сдвиг,340.5,0,0
392,Спасский муниципальный район,Спасский,Республика Татарстан,муниципальный район,54.9747437,49.0302075,1,устойчивый сдвиг,340.7,1,1
393,Тетюшский муниципальный район,Тетюшский,Республика Татарстан,муниципальный район,54.9342754,48.8319574,1,стабильный,350.2,0,0
395,Тюлячинский муниципальный район,Тюлячинский,Республика Татарстан,муниципальный район,55.8918846,50.2334985,0,стабильный,348.8,0,0
396,Черемшанский муниципальный район,Черемшанский,Республика Татарстан,муниципальный район,54.6611013,51.5053223,0,стабильный,342.4,0,0
397,Чистопольский муниципальный район,Чистопольский,Республика Татарстан,муниципальный район,55.3714831,50.6367311,2,устойчивый сдвиг,347.1,3,2
398,Ютазинский муниципальный район,Ютазинский,Республика Татарстан,муниципальный район,54.5993324,53.4663259,1,стабильный,337.9,1,1
401,Бай-Тайгинский муниципальный район,Бай-Тайгинский,Республика Тыва,муниципальный район,51.0110954,90.2043058,3,стабильный,182.5,3,3
402,Барун-Хемчикский муниципальный район,Барун-Хемчикский,Республика Тыва,муниципальный район,51.1454611,90.5814803,3,стабильный,184.2,3,3
403,Дзун-Хемчикский муниципальный район,Дзун-Хемчикский,Республика Тыва,муниципальный район,51.2840385,91.5666701,3,стабильный,181.6,3,3
404,Каа-Хемский муниципальный район,Каа-Хемский,Республика Тыва,муниципальный район,51.492626,95.554681,3,колебания,183.0,3,3
405,Кызылский муниципальный район,Кызылский,Республика Тыва,муниципальный район,51.696541,94.563721,2,устойчивый сдвиг,187.5,2,2
408,Пий-Хемский муниципальный район,Пий-Хемский,Республика Тыва,муниципальный район,52.1458093,93.9186434,3,колебания,188.7,3,3
410,Тандинский муниципальный район,Тандинский,Республика Тыва,муниципальный район,51.1601031,94.4651991,3,стабильный,183.5,3,3
413,Тоджинский муниципальный район,Тоджинский,Республика Тыва,муниципальный район,52.4679232,96.117896,3,колебания,177.8,3,3
414,Улуг-Хемский муниципальный район,Улуг-Хемский,Республика Тыва,муниципальный район,51.538721,92.9194074,3,стабильный,182.3,3,3
416,Чеди-Хольский муниципальный район,Чеди-Хольский,Республика Тыва,муниципальный район,51.131943,93.715744,3,стабильный,182.5,3,3
418,городской округ город Ижевск,Ижевск,Удмуртская Республика,городской округ,56.86051745,53.19773074245531,2,стабильный,324.0,2,2
419,городской округ город Воткинск,Воткинск,Удмуртская Республика,городской округ,57.03096265,53.95290987149551,2,стабильный,338.4,2,2
420,городской округ город Глазов,Глазов,Удмуртская Республика,городской округ,58.1401196,52.6464388,2,стабильный,322.3,2,2
421,городской округ город Можга,Можга,Удмуртская Республика,городской округ,56.44903635,52.21859474400328,2,стабильный,345.2,3,3
422,городской округ город Сарапул,Сарапул,Удмуртская Республика,городской округ,56.4811552,53.78269270925261,2,стабильный,327.0,2,2
423,муниципальный округ Алнашский район,Алнашский,Удмуртская Республика,муниципальный округ,56.1848812,52.4755309,0,стабильный,337.0,0,0
424,муниципальный округ Балезинский район,Балезинский,Удмуртская Республика,муниципальный округ,57.9745686,53.0111891,1,колебания,315.7,1,0
425,муниципальный округ Вавожский район,Вавожский,Удмуртская Республика,муниципальный округ,56.7676129,51.9313766,0,колебания,325.9,0,0
428,муниципальный округ Граховский район,Граховский,Удмуртская Республика,муниципальный округ,56.0468999,51.9629501,0,стабильный,336.5,0,0
429,муниципальный округ Дебёсский район,Дебёсский,Удмуртская Республика,муниципальный округ,57.652351,53.806393,0,стабильный,319.7,0,0
430,муниципальный округ Завьяловский район,Завьяловский,Удмуртская Республика,муниципальный округ,56.784662,53.3776005,2,стабильный,333.6,2,2
431,муниципальный округ Игринский район,Игринский,Удмуртская Республика,муниципальный округ,57.5391501,53.0808519,1,колебания,323.0,1,1
432,муниципальный округ Камбарский район,Камбарский,Удмуртская Республика,муниципальный округ,56.2652515,54.1945613,1,стабильный,325.6,1,1
433,муниципальный округ Каракулинский район,Каракулинский,Удмуртская Республика,муниципальный округ,56.0105232,53.705165,0,стабильный,317.6,0,0
434,муниципальный округ Кезский район,Кезский,Удмуртская Республика,муниципальный округ,57.8965573,53.7140134,0,стабильный,314.3,0,0
435,муниципальный округ Кизнерский район,Кизнерский,Удмуртская Республика,муниципальный округ,56.2850255,51.5192626,0,колебания,334.6,0,0
436,муниципальный округ Киясовский район,Киясовский,Удмуртская Республика,муниципальный округ,56.3438804,53.1247526,0,стабильный,327.3,0,0
437,муниципальный округ Красногорский район,Красногорский,Удмуртская Республика,муниципальный округ,57.703725,52.501841,0,стабильный,320.2,0,0
438,муниципальный округ Малопургинский район,Малопургинский,Удмуртская Республика,муниципальный округ,56.5495455,53.0055085,0,устойчивый сдвиг,335.1,0,0
440,муниципальный округ Сарапульский район,Сарапульский,Удмуртская Республика,муниципальный округ,56.4216058,53.7753696,2,колебания,328.2,1,3
441,муниципальный округ Селтинский район,Селтинский,Удмуртская Республика,муниципальный округ,57.3094964,52.1381468,0,стабильный,325.4,0,0
442,муниципальный округ Сюмсинский район,Сюмсинский,Удмуртская Республика,муниципальный округ,57.1081378,51.6147316,0,стабильный,328.2,0,0
443,муниципальный округ Увинский район,Увинский,Удмуртская Республика,муниципальный округ,56.9826616,52.1884394,3,стабильный,327.3,3,3
444,муниципальный округ Шарканский район,Шарканский,Удмуртская Республика,муниципальный округ,57.295315,53.869011,0,стабильный,320.2,0,0
445,муниципальный округ Юкаменский район,Юкаменский,Удмуртская Республика,муниципальный округ,57.8865761,52.2473098,0,стабильный,314.0,0,0
446,муниципальный округ Якшур-Бодьинский район,Якшур-Бодьинский,Удмуртская Республика,муниципальный округ,57.1842484,53.1544847,0,стабильный,325.1,0,0
447,муниципальный округ Ярский район,Ярский,Удмуртская Республика,муниципальный округ,58.2442424,52.1079326,0,стабильный,311.7,0,0
448,городской округ город Абакан,Абакан,Республика Хакасия,городской округ,53.72068,91.4406019,2,стабильный,203.1,2,2
449,городской округ город Абаза,Абаза,Республика Хакасия,городской округ,52.6510546,90.101159,3,стабильный,192.7,3,3
450,городской округ город Саяногорск,Саяногорск,Республика Хакасия,городской округ,53.0899015,91.4128377,3,колебания,197.9,2,2
451,городской округ город Сорск,Сорск,Республика Хакасия,городской округ,54.0016092,90.2525861,1,стабильный,198.1,1,1
452,городской округ город Черногорск,Черногорск,Республика Хакасия,городской округ,53.828236,91.31321,2,устойчивый сдвиг,205.4,2,2
453,Алтайский муниципальный район,Алтайский,Республика Хакасия,муниципальный район,53.596436,91.382362,3,стабильный,203.5,3,3
455,Бейский муниципальный район,Бейский,Республика Хакасия,муниципальный район,53.046246,90.921989,3,стабильный,197.4,3,3
456,Боградский муниципальный район,Боградский,Республика Хакасия,муниципальный район,54.21806,90.856026,0,колебания,205.0,0,0
457,Орджоникидзевский муниципальный район,Орджоникидзевский,Республика Хакасия,муниципальный район,55.03561,89.847221,0,колебания,209.9,0,0
458,Таштыпский муниципальный район,Таштыпский,Республика Хакасия,муниципальный район,52.7880649,89.595458,3,стабильный,194.1,3,3
459,Усть-Абаканский муниципальный район,Усть-Абаканский,Республика Хакасия,муниципальный район,53.8326614,91.3938038,3,стабильный,206.4,3,3
460,Ширинский муниципальный район,Ширинский,Республика Хакасия,муниципальный район,54.48764,89.962891,3,стабильный,207.1,3,3
478,городской округ город Чебоксары,Чебоксары,Чувашская Республика,городской округ,56.1307195,47.2449597,2,стабильный,356.3,2,2
479,городской округ город Алатырь,Алатырь,Чувашская Республика,городской округ,54.84582955,46.5627484284573,0,стабильный,365.1,0,0
480,городской округ город Канаш,Канаш,Чувашская Республика,городской округ,55.5148161,47.49863071889008,1,стабильный,383.0,3,3
481,городской округ город Новочебоксарск,Новочебоксарск,Чувашская Республика,городской округ,56.1140023,47.4870341,2,стабильный,361.7,2,2
482,городской округ город Шумерля,Шумерля,Чувашская Республика,городской округ,55.4985162,46.4186725,1,колебания,368.6,1,1
484,Аликовский муниципальный округ,Аликовский,Чувашская Республика,муниципальный округ,55.7393757,46.7465335,0,стабильный,361.5,0,0
485,Батыревский муниципальный округ,Батыревский,Чувашская Республика,муниципальный округ,55.0681559,47.6042007,0,стабильный,358.0,0,0
486,Вурнарский муниципальный округ,Вурнарский,Чувашская Республика,муниципальный округ,55.4917095,46.9529003,0,устойчивый сдвиг,359.4,0,0
487,Ибресинский муниципальный округ,Ибресинский,Чувашская Республика,муниципальный округ,55.3043004,47.0389112,0,стабильный,358.7,0,0
489,Козловский муниципальный округ,Козловский,Чувашская Республика,муниципальный округ,55.8414764,48.2484231,0,колебания,356.8,0,0
490,Комсомольский муниципальный округ,Комсомольский,Чувашская Республика,муниципальный округ,55.2622657,47.5455999,0,стабильный,361.3,0,0
491,Красноармейский муниципальный округ,Красноармейский,Чувашская Республика,муниципальный округ,55.7679252,47.1684942,0,стабильный,361.0,0,0
492,Красночетайский муниципальный округ,Красночетайский,Чувашская Республика,муниципальный округ,55.6988225,46.1593707,0,стабильный,358.2,0,0
493,Мариинско-Посадский муниципальный округ,Мариинско-Посадский,Чувашская Республика,муниципальный округ,56.1178077,47.7220654,1,колебания,354.7,0,0
494,Моргаушский муниципальный округ,Моргаушский,Чувашская Республика,муниципальный округ,55.9642116,46.7687775,0,колебания,358.9,0,1
495,Порецкий муниципальный округ,Порецкий,Чувашская Республика,муниципальный округ,55.1989448,46.3261836,0,стабильный,360.6,0,0
496,Урмарский муниципальный округ,Урмарский,Чувашская Республика,муниципальный округ,55.6802934,47.9446913,0,стабильный,358.0,0,0
497,Цивильский муниципальный округ,Цивильский,Чувашская Республика,муниципальный округ,55.8661072,47.473703,1,стабильный,362.7,1,1
498,Чебоксарский муниципальный округ,Чебоксарский,Чувашская Республика,муниципальный округ,56.0315502,47.2987956,2,стабильный,366.7,3,3
499,Шемуршинский муниципальный округ,Шемуршинский,Чувашская Республика,муниципальный округ,54.8854761,47.51651,0,стабильный,356.8,0,0
501,Ядринский муниципальный округ,Ядринский,Чувашская Республика,муниципальный округ,55.9407976,46.2006586,1,колебания,361.5,0,0
502,Яльчикский муниципальный округ,Яльчикский,Чувашская Республика,муниципальный округ,55.1628658,48.003334,0,стабильный,355.1,0,0
503,Янтиковский муниципальный округ,Янтиковский,Чувашская Республика,муниципальный округ,55.5163733,47.7805881,0,стабильный,357.7,0,0
504,городской округ город Барнаул,Барнаул,Алтайский край,городской округ,53.3475493,83.7788448,2,стабильный,224.8,2,2
505,городской округ город Алейск,Алейск,Алтайский край,городской округ,52.4970352,82.7732311,3,стабильный,230.0,3,3
506,городской округ город Белокуриха,Белокуриха,Алтайский край,городской округ,51.9994856,84.9860861,2,стабильный,216.1,2,2
507,городской округ город Бийск,Бийск,Алтайский край,городской округ,52.5394905,85.2148673,2,стабильный,230.7,2,2
508,городской округ город Заринск,Заринск,Алтайский край,городской округ,53.707915,84.9348606,2,колебания,231.2,2,2
509,городской округ город Новоалтайск,Новоалтайск,Алтайский край,городской округ,53.393341,83.939407,2,стабильный,263.0,2,2
510,городской округ город Рубцовск,Рубцовск,Алтайский край,городской округ,51.5276264,81.2176174,2,устойчивый сдвиг,226.4,2,2
511,муниципальный округ город Славгород,Славгород,Алтайский край,муниципальный округ,52.9968921,78.6485041,3,стабильный,228.3,3,3
512,городской округ город Яровое,Яровое,Алтайский край,городской округ,52.919704,78.563568,3,колебания,227.9,3,1
515,Алтайский муниципальный район,Алтайский,Алтайский край,муниципальный район,51.945145,85.336746,3,стабильный,214.4,3,3
516,Баевский муниципальный район,Баевский,Алтайский край,муниципальный район,53.2685571,80.77923,0,стабильный,226.9,0,0
517,Бийский муниципальный район,Бийский,Алтайский край,муниципальный район,52.5394905,85.2148673,3,стабильный,287.4,3,3
518,Благовещенский муниципальный район,Благовещенский,Алтайский край,муниципальный район,52.830602,79.8705683,3,колебания,224.3,1,1
519,Бурлинский муниципальный район,Бурлинский,Алтайский край,муниципальный район,53.3364288,78.3306842,0,стабильный,229.5,0,0
520,Быстроистокский муниципальный район,Быстроистокский,Алтайский край,муниципальный район,52.3742191,84.3931658,0,стабильный,214.2,0,0
521,Волчихинский муниципальный район,Волчихинский,Алтайский край,муниципальный район,52.0173355,80.3650849,0,стабильный,220.1,0,0
522,Егорьевский муниципальный район,Егорьевский,Алтайский край,муниципальный район,51.75893,80.892517,0,колебания,219.1,0,1
523,Ельцовский муниципальный район,Ельцовский,Алтайский край,муниципальный район,53.2819421,86.2044919,0,колебания,220.1,0,0
524,Завьяловский муниципальный район,Завьяловский,Алтайский край,муниципальный район,52.8386675,80.91978,0,колебания,224.1,0,0
525,Залесовский муниципальный округ,Залесовский,Алтайский край,муниципальный округ,53.9933512,84.7466139,0,стабильный,229.3,0,0
527,Змеиногорский муниципальный район,Змеиногорский,Алтайский край,муниципальный район,51.1544658,82.1979928,1,стабильный,213.9,1,1
528,Калманский муниципальный район,Калманский,Алтайский край,муниципальный район,52.8982394,83.5438135,0,колебания,226.2,0,0
529,Каменский муниципальный район,Каменский,Алтайский край,муниципальный район,53.79023085,81.31597534099072,3,колебания,229.8,3,3
530,Ключевский муниципальный район,Ключевский,Алтайский край,муниципальный район,52.2530605,79.1678164,3,колебания,223.1,1,0
531,Косихинский муниципальный район,Косихинский,Алтайский край,муниципальный район,53.3619517,84.5795068,0,устойчивый сдвиг,226.9,0,1
532,Красногорский муниципальный район,Красногорский,Алтайский край,муниципальный район,52.296341,86.195274,0,стабильный,214.4,0,0
533,Краснощёковский муниципальный район,Краснощёковский,Алтайский край,муниципальный район,51.669357,82.730652,0,стабильный,214.4,0,0
534,Крутихинский муниципальный район,Крутихинский,Алтайский край,муниципальный район,53.9619568,81.2143794,0,колебания,231.9,0,0
535,Кулундинский муниципальный район,Кулундинский,Алтайский край,муниципальный район,52.566559,78.935448,3,стабильный,225.3,3,3
536,Курьинский муниципальный район,Курьинский,Алтайский край,муниципальный район,51.6002902,82.2887814,0,стабильный,215.6,0,0
537,Кытмановский муниципальный район,Кытмановский,Алтайский край,муниципальный район,53.4636969,85.4502753,0,стабильный,223.8,0,0
538,Локтевский муниципальный район,Локтевский,Алтайский край,муниципальный район,51.0004641,81.4638583,1,колебания,213.0,1,1
539,Мамонтовский муниципальный район,Мамонтовский,Алтайский край,муниципальный район,52.7067003,81.6312908,0,стабильный,223.6,0,0
540,Михайловский муниципальный район,Михайловский,Алтайский край,муниципальный район,51.8212486,79.7193176,3,колебания,220.1,0,0
541,Новичихинский муниципальный район,Новичихинский,Алтайский край,муниципальный район,52.2103282,81.3940414,0,стабильный,219.1,0,0
542,Зональный муниципальный район,Зональный,Алтайский край,муниципальный район,52.6639985,84.9347359,0,устойчивый сдвиг,222.9,0,1
543,Павловский муниципальный район,Павловский,Алтайский край,муниципальный район,53.3133356,82.9899119,1,стабильный,228.6,1,1
544,Панкрушихинский муниципальный район,Панкрушихинский,Алтайский край,муниципальный район,53.83286,80.3443,0,стабильный,230.2,0,0
545,Первомайский муниципальный район,Первомайский,Алтайский край,муниципальный район,53.393341,83.939407,3,колебания,273.7,1,1
546,Петропавловский муниципальный район,Петропавловский,Алтайский край,муниципальный район,52.069763,84.108116,0,стабильный,214.6,0,0
547,Поспелихинский муниципальный район,Поспелихинский,Алтайский край,муниципальный район,51.9707861,81.7339244,0,стабильный,218.4,0,0
548,Ребрихинский муниципальный район,Ребрихинский,Алтайский край,муниципальный район,53.0752803,82.338217,0,стабильный,224.6,0,0
549,Родинский муниципальный район,Родинский,Алтайский край,муниципальный район,52.496135,80.2104298,0,стабильный,224.3,0,0
550,Романовский муниципальный район,Романовский,Алтайский край,муниципальный район,52.6187229,81.226359,0,стабильный,223.6,0,0
552,Смоленский муниципальный район,Смоленский,Алтайский край,муниципальный район,52.305302,85.079384,1,устойчивый сдвиг,219.6,0,1
553,муниципальный округ Суетский район,Суетский,Алтайский край,муниципальный округ,53.3027185,80.0450874,0,стабильный,227.2,0,0
554,Советский муниципальный район,Советский,Алтайский край,муниципальный район,52.282604,85.409721,3,устойчивый сдвиг,217.7,0,3
555,Солонешенский муниципальный район,Солонешенский,Алтайский край,муниципальный район,51.655628,84.318352,0,стабильный,211.1,0,0
556,Солтонский муниципальный район,Солтонский,Алтайский край,муниципальный район,52.8365518,86.4756389,0,стабильный,212.8,0,0
557,Шелаболихинский муниципальный район,Шелаболихинский,Алтайский край,муниципальный район,53.4174823,82.5971994,0,стабильный,226.9,0,0
558,Табунский муниципальный район,Табунский,Алтайский край,муниципальный район,52.7747185,78.7904097,0,колебания,226.9,0,0
559,Тальменский муниципальный район,Тальменский,Алтайский край,муниципальный район,53.8176306,83.562011,1,колебания,234.5,1,1
560,Тогульский муниципальный район,Тогульский,Алтайский край,муниципальный район,53.4658177,85.9136273,0,стабильный,221.3,0,0
561,Топчихинский муниципальный район,Топчихинский,Алтайский край,муниципальный район,52.8175669,83.115343,0,устойчивый сдвиг,222.7,0,1
562,Третьяковский муниципальный район,Третьяковский,Алтайский край,муниципальный район,51.006229,81.999641,0,стабильный,212.5,0,0
563,Троицкий муниципальный район,Троицкий,Алтайский край,муниципальный район,52.981388,84.677628,0,стабильный,225.7,0,0
564,Тюменцевский муниципальный район,Тюменцевский,Алтайский край,муниципальный район,53.3189514,81.4979587,0,стабильный,226.4,0,0
565,Угловский муниципальный район,Угловский,Алтайский край,муниципальный район,51.3608091,80.1883865,0,стабильный,217.2,0,0
566,Усть-Калманский муниципальный район,Усть-Калманский,Алтайский край,муниципальный район,52.1171375,83.3047794,0,стабильный,218.2,0,0
567,Усть-Пристанский муниципальный район,Усть-Пристанский,Алтайский край,муниципальный район,52.3912939,83.668251,0,стабильный,218.7,0,0
568,Хабарский муниципальный район,Хабарский,Алтайский край,муниципальный район,53.6236801,79.5404777,0,колебания,230.2,3,0
569,Целинный муниципальный район,Целинный,Алтайский край,муниципальный район,53.0806917,85.6647246,0,стабильный,221.7,0,0
570,муниципальный округ Чарышский район,Чарышский,Алтайский край,муниципальный округ,51.4008481,83.556989,0,стабильный,210.9,0,0
571,Шипуновский муниципальный район,Шипуновский,Алтайский край,муниципальный район,52.218868,82.261627,0,стабильный,218.9,0,0
572,Немецкий национальный муниципальный район,Немецкий,Алтайский край,муниципальный район,53.2265802,78.9865883,0,колебания,227.6,0,1
574,городской округ город Петровск-Забайкальский,Петровск-Забайкальский,Забайкальский край,городской округ,51.28062685,108.8386403192038,3,стабильный,172.4,3,3
578,Балейский муниципальный район,Балейский,Забайкальский край,муниципальный район,51.578789,116.646042,3,устойчивый сдвиг,156.3,2,3
579,Борзинский муниципальный район,Борзинский,Забайкальский край,муниципальный район,50.3851808,116.5330685,3,колебания,154.9,2,3
580,Газимуро-Заводский муниципальный округ,Газимуро-Заводский,Забайкальский край,муниципальный округ,51.5511167,118.3349104,3,колебания,153.2,3,3
581,Забайкальский муниципальный район,Забайкальский,Забайкальский край,муниципальный район,49.644653,117.329025,3,стабильный,152.8,2,2
582,Каларский муниципальный округ,Каларский,Забайкальский край,муниципальный округ,56.797935,118.2732323,5,колебания,157.0,5,5
583,Калганский муниципальный округ,Калганский,Забайкальский край,муниципальный округ,50.92355,118.899208,3,стабильный,151.1,3,3
584,Карымский муниципальный район,Карымский,Забайкальский край,муниципальный район,51.623402,114.34063,3,стабильный,161.0,3,3
585,муниципальный район Город Краснокаменск и Краснокаменский район,Краснокаменск и Краснокаменский,Забайкальский край,муниципальный район,50.096992,118.041344,2,колебания,151.8,5,2
586,Красночикойский муниципальный район,Красночикойский,Забайкальский край,муниципальный район,50.364742,108.75798,3,стабильный,165.1,3,3
587,Кыринский муниципальный район,Кыринский,Забайкальский край,муниципальный район,49.578625,111.971039,3,стабильный,153.0,3,3
588,Могочинский муниципальный округ,Могочинский,Забайкальский край,муниципальный округ,53.7362642,119.7624853,3,колебания,152.1,3,2
589,Нерчинский муниципальный район,Нерчинский,Забайкальский край,муниципальный район,51.97694,116.588341,3,стабильный,157.7,3,3
591,Оловяннинский муниципальный район,Оловяннинский,Забайкальский край,муниципальный район,50.943687,115.586937,3,стабильный,157.3,3,3
592,Ононский муниципальный округ,Ононский,Забайкальский край,муниципальный округ,50.510593,115.118385,3,стабильный,157.5,3,3
593,Петровск-Забайкальский муниципальный район,Петровск-Забайкальский,Забайкальский край,муниципальный район,51.28062685,108.8386403192038,3,стабильный,172.4,3,3
594,Приаргунский муниципальный округ,Приаргунский,Забайкальский край,муниципальный округ,50.365902,119.090134,3,стабильный,150.9,3,3
595,Сретенский муниципальный район,Сретенский,Забайкальский край,муниципальный район,52.243191,117.695541,3,стабильный,155.4,3,3
598,Улётовский муниципальный район,Улётовский,Забайкальский край,муниципальный район,51.35854,112.485115,3,стабильный,162.2,3,3
599,Хилокский муниципальный район,Хилокский,Забайкальский край,муниципальный район,51.3628436,110.4579749,3,стабильный,165.1,3,3
600,Чернышевский муниципальный район,Чернышевский,Забайкальский край,муниципальный район,52.514069,117.01371,3,стабильный,156.6,3,3
601,Читинский муниципальный район,Читинский,Забайкальский край,муниципальный район,52.033409,113.500893,3,стабильный,279.8,3,3
602,Шелопугинский муниципальный район,Шелопугинский,Забайкальский край,муниципальный район,51.649864,117.564728,3,колебания,155.4,3,0
603,Шилкинский муниципальный район,Шилкинский,Забайкальский край,муниципальный район,51.851639,116.025894,3,стабильный,158.4,3,3
604,городской округ поселок Агинское,Агинское,Забайкальский край,городской округ,51.1057609,114.5408006,3,стабильный,167.4,3,3
605,Агинский муниципальный район,Агинский,Забайкальский край,муниципальный район,51.1057609,114.5408006,3,стабильный,167.9,3,3
606,Дульдургинский муниципальный район,Дульдургинский,Забайкальский край,муниципальный район,50.7391314,113.3924757,3,стабильный,158.4,3,3
607,Могойтуйский муниципальный район,Могойтуйский,Забайкальский край,муниципальный район,51.2831177,114.9299468,3,стабильный,159.1,3,3
608,городской округ Петропавловск-Камчатский,Петропавловск-Камчатский,Камчатский край,городской округ,53.0199838,158.6471356,4,устойчивый сдвиг,157.3,4,4
612,Елизовский муниципальный район,Елизовский,Камчатский край,муниципальный район,53.1864972,158.3836712,4,устойчивый сдвиг,142.1,4,4
613,Мильковский муниципальный округ,Мильковский,Камчатский край,муниципальный округ,54.690411,158.609879,5,стабильный,129.9,5,5
614,Соболевский муниципальный район,Соболевский,Камчатский край,муниципальный район,54.2976842,155.9424213,5,стабильный,128.0,7,7
615,Усть-Большерецкий муниципальный район,Усть-Большерецкий,Камчатский край,муниципальный район,52.8250585,156.2804925,5,стабильный,131.8,7,7
616,Усть-Камчатский муниципальный район,Усть-Камчатский,Камчатский край,муниципальный район,56.2400377,162.5369568,5,устойчивый сдвиг,123.7,7,5
618,Карагинский муниципальный район,Карагинский,Камчатский край,муниципальный район,59.247414,163.069931,7,стабильный,,7,7
619,Олюторский муниципальный район,Олюторский,Камчатский край,муниципальный район,60.429134,166.057053,7,стабильный,,7,7
621,Тигильский муниципальный район,Тигильский,Камчатский край,муниципальный район,57.650604,158.8234989,7,стабильный,123.5,7,7
666,городской округ город Красноярск,Красноярск,Красноярский край,городской округ,56.0091173,92.872586,2,стабильный,203.8,2,2
667,городской округ город Ачинск,Ачинск,Красноярский край,городской округ,56.2694846,90.4953964,2,стабильный,222.9,2,2
668,городской округ город Боготол,Боготол,Красноярский край,городской округ,56.211464,89.531639,1,стабильный,220.1,1,1
669,городской округ город Бородино,Бородино,Красноярский край,городской округ,55.9,94.89365,1,колебания,205.9,1,1
670,городской округ город Дивногорск,Дивногорск,Красноярский край,городской округ,55.959644,92.37542,2,стабильный,216.8,2,2
671,городской округ город Енисейск,Енисейск,Красноярский край,городской округ,58.4532212,92.1748169,5,колебания,196.5,5,5
674,городской округ город Канск,Канск,Красноярский край,городской округ,56.205997,95.706787,2,стабильный,209.9,2,2
675,городской округ город Лесосибирск,Лесосибирск,Красноярский край,городской округ,58.2165271,92.5078354,2,колебания,194.6,2,2
676,городской округ город Минусинск,Минусинск,Красноярский край,городской округ,53.6862056,91.6567752,2,стабильный,213.9,2,2
677,городской округ город Назарово,Назарово,Красноярский край,городской округ,56.011593,90.418503,2,устойчивый сдвиг,223.1,3,2
678,городской округ город Норильск,Норильск,Красноярский край,городской округ,69.3444054,88.2096151,5,стабильный,,5,5
679,городской округ город Сосновоборск,Сосновоборск,Красноярский край,городской округ,56.121494,93.33873,2,стабильный,216.8,2,2
680,городской округ город Шарыпово,Шарыпово,Красноярский край,городской округ,55.5329127,89.1864204,2,стабильный,220.3,2,2
683,Абанский муниципальный район,Абанский,Красноярский край,муниципальный район,56.67667,96.067764,0,стабильный,198.1,0,0
685,Балахтинский муниципальный район,Балахтинский,Красноярский край,муниципальный район,55.383221,91.615273,3,колебания,209.0,3,2
686,Березовский муниципальный район,Березовский,Красноярский край,муниципальный район,56.038422,93.133194,2,стабильный,222.9,2,2
687,Бирилюсский муниципальный район,Бирилюсский,Красноярский край,муниципальный район,56.95171,90.685806,0,колебания,209.2,0,0
689,Богучанский муниципальный район,Богучанский,Красноярский край,муниципальный район,58.382816,97.461578,5,стабильный,186.1,5,5
690,Большемуртинский муниципальный район,Большемуртинский,Красноярский край,муниципальный район,56.909847,93.138016,0,колебания,206.6,0,3
691,Большеулуйский муниципальный район,Большеулуйский,Красноярский край,муниципальный район,56.656811,90.57975,0,колебания,212.3,0,1
692,Дзержинский муниципальный район,Дзержинский,Красноярский край,муниципальный район,56.838005,95.22139,0,стабильный,196.7,0,0
693,Емельяновский муниципальный район,Емельяновский,Красноярский край,муниципальный район,56.167255,92.688454,2,стабильный,221.7,2,2
694,Енисейский муниципальный район,Енисейский,Красноярский край,муниципальный район,58.4532212,92.1748169,1,стабильный,195.7,1,1
695,Ермаковский муниципальный район,Ермаковский,Красноярский край,муниципальный район,53.278046,92.396088,3,стабильный,197.6,3,3
696,Идринский муниципальный район,Идринский,Красноярский край,муниципальный район,54.370876,92.133156,0,стабильный,197.2,0,0
697,Иланский муниципальный район,Иланский,Красноярский край,муниципальный район,56.23806,96.06694,1,стабильный,200.5,1,1
698,Ирбейский муниципальный район,Ирбейский,Красноярский край,муниципальный район,55.644501,95.456528,3,колебания,202.6,0,3
699,Казачинский муниципальный район,Казачинский,Красноярский край,муниципальный район,57.694408,93.281029,0,стабильный,199.8,0,0
701,Каратузский муниципальный район,Каратузский,Красноярский край,муниципальный район,53.600666,92.868996,0,колебания,197.2,3,0
702,Кежемский муниципальный район,Кежемский,Красноярский край,муниципальный район,58.6027015,99.1887515,5,стабильный,183.0,5,5
703,Козульский муниципальный район,Козульский,Красноярский край,муниципальный район,56.165138,91.391975,0,колебания,214.6,1,1
704,Краснотуранский муниципальный район,Краснотуранский,Красноярский край,муниципальный район,54.316296,91.567825,3,стабильный,196.5,3,3
705,Курагинский муниципальный район,Курагинский,Красноярский край,муниципальный район,53.888092,92.680222,3,стабильный,198.6,3,3
706,Манский муниципальный район,Манский,Красноярский край,муниципальный район,55.719715,93.764816,0,стабильный,209.7,0,0
708,Мотыгинский муниципальный район,Мотыгинский,Красноярский край,муниципальный район,58.184208,94.694298,3,колебания,178.0,7,5
710,Нижнеингашский муниципальный район,Нижнеингашский,Красноярский край,муниципальный район,56.203602,96.544518,3,колебания,199.1,3,1
711,Новоселовский муниципальный район,Новоселовский,Красноярский край,муниципальный район,55.005177,90.967201,3,стабильный,209.2,3,3
712,Партизанский муниципальный район,Партизанский,Красноярский край,муниципальный район,55.499271,94.393066,0,колебания,204.7,0,0
713,Пировский муниципальный округ,Пировский,Красноярский край,муниципальный округ,57.624046,92.272644,0,стабильный,196.5,0,0
714,Рыбинский муниципальный район,Рыбинский,Красноярский край,муниципальный район,55.965401,94.708107,3,стабильный,206.4,3,3
715,Саянский муниципальный район,Саянский,Красноярский край,муниципальный район,55.258972,94.906372,0,колебания,201.4,1,0
716,Северо-Енисейский муниципальный район,Северо-Енисейский,Красноярский край,муниципальный район,60.374702,93.032997,5,устойчивый сдвиг,181.6,5,5
717,Сухобузимский муниципальный район,Сухобузимский,Красноярский край,муниципальный район,56.499875,93.2785676,3,колебания,210.6,3,1
718,Таймырский Долгано-Ненецкий муниципальный район,Таймырский Долгано-Ненецкий,Красноярский край,муниципальный район,69.4038179,86.17219,7,колебания,,7,5
719,Тасеевский муниципальный район,Тасеевский,Красноярский край,муниципальный район,57.216042,94.898598,0,стабильный,193.9,0,0
720,Туруханский муниципальный район,Туруханский,Красноярский край,муниципальный район,65.7934285,87.9589375,7,стабильный,,7,7
721,Тюхтетский муниципальный округ,Тюхтетский,Красноярский край,муниципальный округ,56.539837,89.311485,0,колебания,213.2,0,0
722,Ужурский муниципальный район,Ужурский,Красноярский край,муниципальный район,55.3197221,89.8424197,3,стабильный,212.3,3,3
723,Уярский муниципальный район,Уярский,Красноярский край,муниципальный район,55.809986,94.327774,1,стабильный,207.6,1,1
725,Шушенский муниципальный район,Шушенский,Красноярский край,муниципальный район,53.32782,91.945374,3,стабильный,199.1,3,3
726,Эвенкийский муниципальный район,Эвенкийский,Красноярский край,муниципальный район,64.2741955,100.2169635,7,стабильный,,7,7
727,городской округ Пермский,Пермский,Пермский край,городской округ,58.014965,56.246723,2,стабильный,350.9,2,2
731,городской округ Лысьвенский,Лысьвенский,Пермский край,городской округ,58.105056,57.8028461,2,устойчивый сдвиг,299.9,2,2
734,муниципальный округ Александровский,Александровский,Пермский край,муниципальный округ,59.1593861,57.5861232,1,стабильный,286.7,1,1
735,муниципальный округ Бардымский,Бардымский,Пермский край,муниципальный округ,56.930187,55.586967,3,колебания,314.5,3,3
736,муниципальный округ Березовский,Березовский,Пермский край,муниципальный округ,57.6026326,57.333067,3,колебания,305.8,0,1
737,муниципальный округ Большесосновский,Большесосновский,Пермский край,муниципальный округ,57.671268,54.602867,3,колебания,317.8,1,0
738,городской округ Верещагинский,Верещагинский,Пермский край,городской округ,58.072099,54.6674784,3,стабильный,311.9,3,3
739,городской округ Горнозаводский,Горнозаводский,Пермский край,городской округ,58.374001,58.325058,1,стабильный,297.8,1,1
741,городской округ Добрянский,Добрянский,Пермский край,городской округ,58.4624764,56.4007589,1,колебания,304.4,1,2
742,муниципальный округ Еловский,Еловский,Пермский край,муниципальный округ,57.04635035,54.92345971818599,3,колебания,312.2,3,3
743,городской округ Ильинский,Ильинский,Пермский край,городской округ,58.56762465,55.69450970007735,1,стабильный,305.1,1,1
744,муниципальный округ Карагайский,Карагайский,Пермский край,муниципальный округ,58.265579,54.927208,3,стабильный,311.0,3,3
745,городской округ город Кизел,Кизел,Пермский край,городской округ,59.049252,57.6535,1,стабильный,288.1,1,1
746,муниципальный округ Кишертский,Кишертский,Пермский край,муниципальный округ,57.3599717,57.2471775,0,стабильный,308.9,0,0
747,городской округ Красновишерский,Красновишерский,Пермский край,городской округ,60.4017837,57.0767045,1,стабильный,273.0,1,1
748,городской округ Краснокамский,Краснокамский,Пермский край,городской округ,58.0812613,55.7586943,2,стабильный,318.3,2,2
749,муниципальный округ Куединский,Куединский,Пермский край,муниципальный округ,56.433506,55.590763,3,колебания,318.5,3,0
751,городской округ Нытвенский,Нытвенский,Пермский край,городской округ,57.943423,55.3316349,1,стабильный,315.9,1,1
752,городской округ Октябрьский,Октябрьский,Пермский край,городской округ,56.5143078,57.2035567,0,колебания,313.1,0,0
753,муниципальный округ Ординский,Ординский,Пермский край,муниципальный округ,57.19532845000001,56.90325538019961,0,устойчивый сдвиг,311.7,0,0
754,городской округ Осинский,Осинский,Пермский край,городской округ,57.2829207,55.4602059,1,колебания,309.6,3,3
755,городской округ Оханский,Оханский,Пермский край,городской округ,57.721785,55.3859893,1,устойчивый сдвиг,311.0,1,1
756,городской округ Очерский,Очерский,Пермский край,городской округ,57.8836175,54.715823,3,стабильный,316.9,3,3
757,муниципальный округ Пермский,Пермский,Пермский край,муниципальный округ,58.014965,56.246723,2,стабильный,686.4,2,2
758,муниципальный округ Сивинский,Сивинский,Пермский край,муниципальный округ,58.4277655,54.205753,0,колебания,309.1,3,0
760,городской округ Суксунский,Суксунский,Пермский край,городской округ,57.1463922,57.3951339,0,стабильный,309.1,0,0
761,муниципальный округ Уинский,Уинский,Пермский край,муниципальный округ,56.87829735,56.56837437378221,0,стабильный,310.3,0,0
763,городской округ Чайковский,Чайковский,Пермский край,городской округ,56.7787468,54.1500704,2,стабильный,322.1,2,2
764,муниципальный округ Частинский,Частинский,Пермский край,муниципальный округ,57.29295159999999,54.96425968947727,0,колебания,311.5,3,1
765,городской округ Чердынский,Чердынский,Пермский край,городской округ,60.4046807,56.4752752,0,стабильный,273.4,0,0
766,городской округ Чернушинский,Чернушинский,Пермский край,городской округ,56.5152817,56.0765041,3,стабильный,314.5,3,3
767,городской округ Чусовской,Чусовской,Пермский край,городской округ,58.282055,57.821075,2,устойчивый сдвиг,301.1,2,2
769,муниципальный округ Гайнский,Гайнский,Пермский край,муниципальный округ,60.304131,54.327332,1,колебания,279.3,1,1
770,муниципальный округ Косинский,Косинский,Пермский край,муниципальный округ,59.944386,54.989826,3,колебания,281.2,3,0
771,муниципальный округ Кочевский,Кочевский,Пермский край,муниципальный округ,59.60936735,54.32639043781445,3,колебания,287.8,3,0
773,муниципальный округ Юрлинский,Юрлинский,Пермский край,муниципальный округ,59.3286875,54.3246555,3,колебания,291.4,3,0
774,муниципальный округ Юсьвинский,Юсьвинский,Пермский край,муниципальный округ,58.964665,54.9605745,1,колебания,296.1,1,1
775,городской округ Владивостокский,Владивостокский,Приморский край,городской округ,43.1150678,131.8855768,4,стабильный,140.3,4,4
776,городской округ Арсеньевский,Арсеньевский,Приморский край,городской округ,44.1644451,133.2704255,2,стабильный,137.2,2,2
777,городской округ Артемовский,Артемовский,Приморский край,городской округ,43.3570377,132.1853629,2,колебания,142.1,5,2
778,городской округ Большой Камень,Большой Камень,Приморский край,городской округ,43.1121194,132.3509104,5,стабильный,138.4,5,5
779,городской округ Дальнегорский,Дальнегорский,Приморский край,городской округ,44.559457,135.5759241,3,стабильный,132.5,3,3
780,городской округ Дальнереченский,Дальнереченский,Приморский край,городской округ,45.9337195,133.7349056,3,стабильный,140.7,3,3
781,городской округ Лесозаводский,Лесозаводский,Приморский край,городской округ,45.4653394,133.4047457,3,стабильный,138.1,3,3
782,городской округ Находкинский,Находкинский,Приморский край,городской округ,42.8246489,132.8926,2,стабильный,134.8,5,5
783,городской округ Партизанский,Партизанский,Приморский край,городской округ,43.1406647,133.1433137,1,стабильный,136.0,3,3
784,городской округ Спасск-Дальний,Спасск-Дальний,Приморский край,городской округ,44.5980135,132.815701,2,устойчивый сдвиг,148.1,3,2
785,городской округ Уссурийский,Уссурийский,Приморский край,городской округ,43.7972447,131.9520752,2,стабильный,139.3,2,2
787,Анучинский муниципальный округ,Анучинский,Приморский край,муниципальный округ,43.9656156,133.0606584,1,колебания,137.9,3,3
788,Дальнереченский муниципальный район,Дальнереченский,Приморский край,муниципальный район,45.9337195,133.7349056,3,стабильный,145.2,3,3
789,Кавалеровский муниципальный округ,Кавалеровский,Приморский край,муниципальный округ,44.2673637,135.0554977,2,колебания,133.9,2,3
790,Кировский муниципальный район,Кировский,Приморский край,муниципальный район,45.0897627,133.5062027,3,стабильный,138.6,3,3
791,Красноармейский муниципальный округ,Красноармейский,Приморский край,муниципальный округ,45.8518226,134.5005526,3,стабильный,137.2,3,3
792,Лазовский муниципальный округ,Лазовский,Приморский край,муниципальный округ,43.384794,133.9054043,3,колебания,133.2,3,3
793,Михайловский муниципальный район,Михайловский,Приморский край,муниципальный район,43.9370245,132.0033145,1,устойчивый сдвиг,141.9,1,1
794,Надеждинский муниципальный район,Надеждинский,Приморский край,муниципальный район,43.3709905,131.9933355,2,стабильный,144.7,2,2
795,Октябрьский муниципальный округ,Октябрьский,Приморский край,муниципальный округ,43.9524657,131.6329635,1,устойчивый сдвиг,139.8,1,1
796,Ольгинский муниципальный округ,Ольгинский,Приморский край,муниципальный округ,43.7461009,135.2901676,3,стабильный,132.7,3,3
797,Партизанский муниципальный округ,Партизанский,Приморский край,муниципальный округ,42.8922366,133.0782462,3,стабильный,136.0,3,3
798,Пограничный муниципальный округ,Пограничный,Приморский край,муниципальный округ,44.4031151,131.382506,1,колебания,137.0,1,1
799,Пожарский муниципальный округ,Пожарский,Приморский край,муниципальный округ,46.4443195,134.3006729,1,колебания,139.3,5,5
800,Спасский муниципальный район,Спасский,Приморский край,муниципальный район,44.5980135,132.815701,3,стабильный,155.4,3,3
801,Тернейский муниципальный округ,Тернейский,Приморский край,муниципальный округ,45.0504046,136.6137293,3,колебания,132.0,3,3
802,Ханкайский муниципальный округ,Ханкайский,Приморский край,муниципальный округ,44.7421984,132.0467903,3,колебания,137.4,3,3
803,Хасанский муниципальный округ,Хасанский,Приморский край,муниципальный округ,42.8606833,131.3924115,3,стабильный,135.1,3,3
804,Хорольский муниципальный округ,Хорольский,Приморский край,муниципальный округ,44.4252585,132.0816616,1,колебания,139.1,3,1
805,Черниговский муниципальный округ,Черниговский,Приморский край,муниципальный округ,44.3591368,132.4941354,3,стабильный,139.3,3,3
806,Чугуевский муниципальный округ,Чугуевский,Приморский край,муниципальный округ,44.1686667,133.8729678,3,стабильный,135.8,3,3
807,Шкотовский муниципальный округ,Шкотовский,Приморский край,муниципальный округ,43.2874945,132.4563758,3,стабильный,140.5,3,3
808,Яковлевский муниципальный округ,Яковлевский,Приморский край,муниципальный округ,44.4262999,133.4742211,3,колебания,137.4,3,1
809,городской округ город Ставрополь,Ставрополь,Ставропольский край,городской округ,45.0433245,41.9690934,2,стабильный,310.0,2,2
810,Благодарненский муниципальный округ,Благодарненский,Ставропольский край,муниципальный округ,45.1006298,43.4372187,0,колебания,304.8,0,1
811,Георгиевский муниципальный округ,Георгиевский,Ставропольский край,муниципальный округ,44.1478944,43.4741718,2,стабильный,306.3,2,2
812,городской округ город-курорт Ессентуки,Ессентуки,Ставропольский край,городской округ,44.0470042,42.8576575,2,стабильный,310.3,2,2
813,городской округ город-курорт Железноводск,Железноводск,Ставропольский край,городской округ,44.1424034,43.0090751,2,стабильный,309.6,2,2
814,Изобильненский муниципальный округ,Изобильненский,Ставропольский край,муниципальный округ,45.3740796,41.7121154,2,колебания,313.6,0,2
815,Ипатовский муниципальный округ,Ипатовский,Ставропольский край,муниципальный округ,45.719723,42.916286,1,колебания,309.1,1,1
817,Кировский муниципальный округ,Кировский,Ставропольский край,муниципальный округ,43.961891,43.6311,1,стабильный,304.8,1,1
818,городской округ город Лермонтов,Лермонтов,Ставропольский край,городской округ,44.1050468,42.9731466,2,стабильный,309.6,2,2
819,Минераловодский муниципальный округ,Минераловодский,Ставропольский край,муниципальный округ,44.2107377,43.134969,2,стабильный,309.1,2,2
820,городской округ город Невинномысск,Невинномысск,Ставропольский край,городской округ,44.6245814,41.9475941,2,стабильный,312.6,2,2
821,Нефтекумский муниципальный округ,Нефтекумский,Ставропольский край,муниципальный округ,44.752205,44.985077,1,устойчивый сдвиг,296.3,0,1
822,Новоалександровский муниципальный округ,Новоалександровский,Ставропольский край,муниципальный округ,45.4952532,41.2198866,0,устойчивый сдвиг,317.6,0,3
823,Петровский муниципальный округ,Петровский,Ставропольский край,муниципальный округ,45.3406133,42.8459286,0,стабильный,308.9,0,0
824,городской округ город-курорт Пятигорск,Пятигорск,Ставропольский край,городской округ,44.039775,43.0706669,2,стабильный,308.1,2,2
825,Советский муниципальный округ,Советский,Ставропольский край,муниципальный округ,44.403175,43.884163,0,колебания,303.2,1,1
826,Александровский муниципальный округ,Александровский,Ставропольский край,муниципальный округ,44.7124773,43.0005,0,стабильный,308.1,0,0
827,Андроповский муниципальный округ,Андроповский,Ставропольский край,муниципальный округ,44.4616429,42.5082311,0,стабильный,309.1,0,0
828,Апанасенковский муниципальный округ,Апанасенковский,Ставропольский край,муниципальный округ,45.910305,43.341801,0,стабильный,309.3,0,0
829,Арзгирский муниципальный округ,Арзгирский,Ставропольский край,муниципальный округ,45.369194,44.212685,0,стабильный,303.9,0,0
830,Будённовский муниципальный округ,Будённовский,Ставропольский край,муниципальный округ,44.780533,44.163357,2,стабильный,302.0,2,2
831,Грачёвский муниципальный округ,Грачёвский,Ставропольский край,муниципальный округ,45.2028215,42.3990568,0,колебания,313.3,0,0
832,Кочубеевский муниципальный округ,Кочубеевский,Ставропольский край,муниципальный округ,44.6867318,41.825956,0,колебания,313.6,0,1
833,Красногвардейский муниципальный округ,Красногвардейский,Ставропольский край,муниципальный округ,45.840508,41.514591,0,устойчивый сдвиг,317.4,0,1
834,Курский муниципальный округ,Курский,Ставропольский край,муниципальный округ,44.0431414,44.4625266,0,стабильный,298.5,0,0
835,Левокумский муниципальный округ,Левокумский,Ставропольский край,муниципальный округ,44.822536,44.660427,0,стабильный,299.9,0,0
836,Новоселицкий муниципальный округ,Новоселицкий,Ставропольский край,муниципальный округ,44.7564658,43.434083,0,стабильный,305.5,0,0
838,Степновский муниципальный округ,Степновский,Ставропольский край,муниципальный округ,44.2688631,44.5944095,0,стабильный,295.6,0,0
839,Труновский муниципальный округ,Труновский,Ставропольский край,муниципальный округ,45.4548156,41.9756382,0,стабильный,315.9,0,0
840,Туркменский муниципальный округ,Туркменский,Ставропольский край,муниципальный округ,45.426357,43.44257,0,стабильный,304.6,0,0
841,Шпаковский муниципальный округ,Шпаковский,Ставропольский край,муниципальный округ,45.1324913,42.0263304,2,стабильный,316.6,2,2
842,городской округ город Хабаровск,Хабаровск,Хабаровский край,городской округ,48.4812568,135.0762968,4,устойчивый сдвиг,173.3,4,4
843,городской округ город Комсомольск-на-Амуре,Комсомольск-на-Амуре,Хабаровский край,городской округ,50.5497277,137.0099189,2,стабильный,141.7,5,5
844,Амурский муниципальный район,Амурский,Хабаровский край,муниципальный район,50.2265588,136.9100919,5,стабильный,136.5,5,5
846,Бикинский муниципальный район,Бикинский,Хабаровский край,муниципальный район,46.819363,134.254822,3,стабильный,139.8,5,5
847,Ванинский муниципальный район,Ванинский,Хабаровский край,муниципальный район,49.090481,140.260864,5,стабильный,135.5,5,5
848,Верхнебуреинский муниципальный район,Верхнебуреинский,Хабаровский край,муниципальный район,51.134487,133.035553,5,устойчивый сдвиг,138.1,7,5
849,Вяземский муниципальный район,Вяземский,Хабаровский край,муниципальный район,47.533455,134.757874,3,колебания,141.7,3,3
851,муниципальный район имени Лазо,Лазо,Хабаровский край,муниципальный район,47.968636,135.054947,3,колебания,143.8,3,3
852,Нанайский муниципальный район,Нанайский,Хабаровский край,муниципальный район,49.4412636,136.5486873372029,3,устойчивый сдвиг,139.3,3,1
853,Николаевский муниципальный район,Николаевский,Хабаровский край,муниципальный район,53.138729,140.72493,5,устойчивый сдвиг,127.7,7,5
854,Охотский муниципальный округ,Охотский,Хабаровский край,муниципальный округ,59.3619947,143.2146511,5,колебания,,7,7
855,муниципальный район имени Полины Осипенко,Полины Осипенко,Хабаровский край,муниципальный район,52.422848,136.48938,5,колебания,134.4,7,7
856,Советско-Гаванский муниципальный район,Советско-Гаванский,Хабаровский край,муниципальный район,48.9663026,140.284958,5,стабильный,133.9,5,5
857,Солнечный муниципальный район,Солнечный,Хабаровский край,муниципальный район,50.723808,136.64006,1,колебания,137.7,5,1
859,Ульчский муниципальный район,Ульчский,Хабаровский край,муниципальный район,52.3825564,140.4500273781285,3,колебания,129.6,3,3
860,Хабаровский муниципальный район,Хабаровский,Хабаровский край,муниципальный район,48.4812568,135.0762968,2,устойчивый сдвиг,399.3,5,5
870,Архаринский муниципальный округ,Архаринский,Амурская область,муниципальный округ,49.4224283,130.0858308,3,стабильный,144.0,3,3
871,Белогорский муниципальный округ,Белогорский,Амурская область,муниципальный округ,50.921326,128.47287,3,стабильный,175.9,3,3
872,Благовещенский муниципальный округ,Благовещенский,Амурская область,муниципальный округ,50.2600417,127.5337378,2,стабильный,236.1,2,2
873,Бурейский муниципальный округ,Бурейский,Амурская область,муниципальный округ,49.7939604,129.8734105,1,колебания,144.7,5,1
874,Завитинский муниципальный округ,Завитинский,Амурская область,муниципальный округ,50.111154,129.4402341,3,устойчивый сдвиг,145.2,3,1
875,Зейский муниципальный округ,Зейский,Амурская область,муниципальный округ,53.7403584,127.2716246,5,устойчивый сдвиг,149.5,7,5
876,Ивановский муниципальный округ,Ивановский,Амурская область,муниципальный округ,50.358143,128.003128,3,стабильный,146.4,3,3
877,Константиновский муниципальный район,Константиновский,Амурская область,муниципальный район,49.6180004,127.9852534,3,колебания,144.0,3,3
878,Магдагачинский муниципальный район,Магдагачинский,Амурская область,муниципальный район,53.4509086,125.8035421,5,устойчивый сдвиг,148.3,5,3
879,Мазановский муниципальный район,Мазановский,Амурская область,муниципальный район,51.6624387,128.920503,3,колебания,145.7,7,3
880,Михайловский муниципальный район,Михайловский,Амурская область,муниципальный район,49.621155,128.65097,3,стабильный,144.0,3,3
881,Октябрьский муниципальный район,Октябрьский,Амурская область,муниципальный район,50.371284,129.107193,3,колебания,145.9,2,3
882,Ромненский муниципальный округ,Ромненский,Амурская область,муниципальный округ,50.718391,129.290924,3,стабильный,145.7,3,3
883,Свободненский муниципальный район,Свободненский,Амурская область,муниципальный район,51.377354,128.13475,5,колебания,165.1,2,2
884,Селемджинский муниципальный район,Селемджинский,Амурская область,муниципальный район,53.068481,132.940369,5,устойчивый сдвиг,138.1,7,5
885,Серышевский муниципальный округ,Серышевский,Амурская область,муниципальный округ,51.091206,128.38092,3,стабильный,147.1,3,3
886,Сковородинский муниципальный округ,Сковородинский,Амурская область,муниципальный округ,53.9862567,123.9373454,3,колебания,149.2,3,3
888,Тындинский муниципальный округ,Тындинский,Амурская область,муниципальный округ,55.149694,124.7375884,5,устойчивый сдвиг,158.4,7,5
889,Шимановский муниципальный округ,Шимановский,Амурская область,муниципальный округ,51.9987022,127.6719156,5,колебания,152.5,3,3
890,городской округ город Архангельск,Архангельск,Архангельская область,городской округ,64.543022,40.537121,6,стабильный,261.4,5,5
891,городской округ город Коряжма,Коряжма,Архангельская область,городской округ,61.3152522,47.1607291,1,колебания,287.4,5,1
892,городской округ Котлас,Котлас,Архангельская область,городской округ,61.252151,46.647629,5,колебания,296.1,5,5
895,городской округ город Новодвинск,Новодвинск,Архангельская область,городской округ,64.419212,40.793793,1,устойчивый сдвиг,260.0,1,1
896,городской округ Северодвинск,Северодвинск,Архангельская область,городской округ,64.563385,39.823769,5,стабильный,253.6,5,5
897,Вельский муниципальный район,Вельский,Архангельская область,муниципальный район,61.0756446,42.0979582,2,колебания,299.2,2,2
898,Верхнетоемский муниципальный округ,Верхнетоемский,Архангельская область,муниципальный округ,62.2353641,45.0007897,1,стабильный,276.0,1,1
899,муниципальный округ Вилегодский,Вилегодский,Архангельская область,муниципальный округ,61.115704,47.97831,1,колебания,284.8,1,1
900,Виноградовский муниципальный округ,Виноградовский,Архангельская область,муниципальный округ,62.855541,42.710133,3,колебания,276.5,3,1
901,муниципальный округ Каргопольский,Каргопольский,Архангельская область,муниципальный округ,61.509121,38.940796,3,колебания,287.1,3,1
902,Коношский муниципальный район,Коношский,Архангельская область,муниципальный район,60.973812,40.25671,3,стабильный,297.0,3,3
903,Котласский муниципальный округ,Котласский,Архангельская область,муниципальный округ,61.252151,46.647629,1,устойчивый сдвиг,314.5,1,1
904,Красноборский муниципальный округ,Красноборский,Архангельская область,муниципальный округ,61.556374,45.934135,1,устойчивый сдвиг,284.5,1,1
905,Ленский муниципальный район,Ленский,Архангельская область,муниципальный район,62.172482,49.088966,3,стабильный,274.4,3,3
907,Мезенский муниципальный округ,Мезенский,Архангельская область,муниципальный округ,65.843956,44.244141,1,устойчивый сдвиг,240.9,1,1
908,Няндомский муниципальный округ,Няндомский,Архангельская область,муниципальный округ,61.6612985,40.1970404,3,колебания,287.6,3,3
909,Онежский муниципальный район,Онежский,Архангельская область,муниципальный район,63.911644,38.094822,1,стабильный,250.5,1,1
911,Плесецкий муниципальный округ,Плесецкий,Архангельская область,муниципальный округ,62.709524,40.2843885,3,колебания,270.1,3,3
912,Приморский муниципальный округ,Приморский,Архангельская область,муниципальный округ,64.543022,40.537121,5,устойчивый сдвиг,325.4,5,5
913,Устьянский муниципальный округ,Устьянский,Архангельская область,муниципальный округ,61.090485,43.171482,3,колебания,293.7,3,3
914,Холмогорский муниципальный округ,Холмогорский,Архангельская область,муниципальный округ,64.2270008,41.6512435,1,стабильный,261.9,1,1
915,Шенкурский муниципальный округ,Шенкурский,Архангельская область,муниципальный округ,62.1059279,42.9076435,1,колебания,283.4,1,1
916,городской округ город Нарьян-Мар,Нарьян-Мар,Ненецкий автономный округ,городской округ,67.6380175,53.0071044,5,стабильный,209.7,5,5
917,муниципальный район Заполярный район,Заполярный,Ненецкий автономный округ,муниципальный район,67.676239,53.129215,5,колебания,210.2,7,5
918,городской округ город Астрахань,Астрахань,Астраханская область,городской округ,46.3498308,48.0326203,2,стабильный,285.7,2,2
920,Ахтубинский муниципальный район,Ахтубинский,Астраханская область,муниципальный район,48.2848132,46.1643706,1,стабильный,306.0,1,1
922,Енотаевский муниципальный район,Енотаевский,Астраханская область,муниципальный район,47.2443998,47.0354919,0,стабильный,293.7,0,0
923,Икрянинский муниципальный район,Икрянинский,Астраханская область,муниципальный район,46.0979213,47.7362688,0,стабильный,288.3,0,0
924,Камызякский муниципальный район,Камызякский,Астраханская область,муниципальный район,46.120527,48.0815617,0,стабильный,286.7,0,0
925,Красноярский муниципальный район,Красноярский,Астраханская область,муниципальный район,46.5329449,48.3526951,0,стабильный,287.8,0,0
926,Лиманский муниципальный район,Лиманский,Астраханская область,муниципальный район,45.7835085,47.2255472,0,стабильный,284.5,0,0
927,Наримановский муниципальный район,Наримановский,Астраханская область,муниципальный район,46.6798783,47.86102647452168,2,устойчивый сдвиг,290.7,2,2
928,Приволжский муниципальный район,Приволжский,Астраханская область,муниципальный район,46.3387984,48.194564,2,стабильный,291.9,2,2
929,Харабалинский муниципальный район,Харабалинский,Астраханская область,муниципальный район,47.4083742,47.2538899,0,стабильный,291.1,0,0
930,Черноярский муниципальный район,Черноярский,Астраханская область,муниципальный район,48.061531,46.113724,0,стабильный,306.0,0,0
986,городской округ город Владимир,Владимир,Владимирская область,городской округ,56.1288899,40.4075203,2,стабильный,408.0,2,2
987,городской округ город Гусь-Хрустальный,Гусь-Хрустальный,Владимирская область,городской округ,55.6149968,40.6708665,2,устойчивый сдвиг,424.6,2,2
988,городской округ город Ковров,Ковров,Владимирская область,городской округ,56.374603,41.311676,2,стабильный,409.7,2,2
989,городской округ округ Муром,Муром,Владимирская область,городской округ,55.5738,42.0447,2,стабильный,394.3,2,2
991,Александровский муниципальный район,Александровский,Владимирская область,муниципальный район,56.39211265,38.71124026724134,2,стабильный,426.7,2,2
992,Вязниковский муниципальный район,Вязниковский,Владимирская область,муниципальный район,56.2469403,42.1585948,2,стабильный,386.8,3,3
993,Гороховецкий муниципальный район,Гороховецкий,Владимирская область,муниципальный район,56.20657,42.679035,1,стабильный,383.7,1,1
994,Гусь-Хрустальный муниципальный район,Гусь-Хрустальный,Владимирская область,муниципальный район,55.6149968,40.6708665,1,стабильный,434.9,1,1
995,Камешковский муниципальный район,Камешковский,Владимирская область,муниципальный район,56.3462575,40.997098,1,стабильный,396.5,1,1
996,Киржачский муниципальный район,Киржачский,Владимирская область,муниципальный район,56.1592229,38.8721255,2,стабильный,441.6,2,2
998,Кольчугинский муниципальный район,Кольчугинский,Владимирская область,муниципальный район,56.2939784,39.3759931,2,устойчивый сдвиг,421.3,2,2
999,Меленковский муниципальный район,Меленковский,Владимирская область,муниципальный район,55.3368374,41.6314063,1,стабильный,381.6,1,1
1001,Петушинский муниципальный район,Петушинский,Владимирская область,муниципальный район,55.92980185,39.4508310119064,2,стабильный,433.1,2,2
1002,Селивановский муниципальный район,Селивановский,Владимирская область,муниципальный район,55.8651703,41.7662028,1,стабильный,385.4,1,1
1003,Собинский муниципальный район,Собинский,Владимирская область,муниципальный район,55.9903976,40.0150802,1,стабильный,416.3,1,1
1004,Судогодский муниципальный район,Судогодский,Владимирская область,муниципальный район,55.95650075,40.87630713906415,1,стабильный,401.2,1,1
1005,Суздальский муниципальный район,Суздальский,Владимирская область,муниципальный район,56.4193908,40.4487893,2,колебания,399.1,2,2
1006,Юрьев-Польский муниципальный район,Юрьев-Польский,Владимирская область,муниципальный район,56.4971948,39.67864,1,стабильный,408.7,1,1
1007,городской округ город-герой Волгоград,Волгоград,Волгоградская область,городской округ,48.6484138,44.3849755901299,2,стабильный,325.6,2,2
1008,городской округ город Волжский,Волжский,Волгоградская область,городской округ,48.7862021,44.7519454,2,стабильный,332.9,2,2
1009,городской округ город Камышин,Камышин,Волгоградская область,городской округ,50.0808422,45.4048003,2,стабильный,350.9,2,2
1010,городской округ город Михайловка,Михайловка,Волгоградская область,городской округ,50.0797109,43.2342365,3,стабильный,336.7,3,3
1011,городской округ город Урюпинск,Урюпинск,Волгоградская область,городской округ,50.7970972,42.0051866,3,устойчивый сдвиг,363.9,0,3
1012,городской округ город Фролово,Фролово,Волгоградская область,городской округ,49.7645711,43.6539516,1,колебания,339.8,1,1
1013,Алексеевский муниципальный район,Алексеевский,Волгоградская область,муниципальный район,50.2909025,42.1849358,0,стабильный,337.0,0,0
1014,Быковский муниципальный район,Быковский,Волгоградская область,муниципальный район,49.7665,45.3831,0,стабильный,312.2,0,0
1015,Городищенский муниципальный район,Городищенский,Волгоградская область,муниципальный район,48.810127,44.476082,1,стабильный,345.2,1,1
1016,Даниловский муниципальный район,Даниловский,Волгоградская область,муниципальный район,50.3519626,44.1205144,0,стабильный,330.6,0,0
1017,Дубовский муниципальный район,Дубовский,Волгоградская область,муниципальный район,49.06052,44.830776,1,колебания,331.8,0,0
1018,Еланский муниципальный район,Еланский,Волгоградская область,муниципальный район,50.946434,43.743038,0,стабильный,337.2,0,0
1019,Жирновский муниципальный район,Жирновский,Волгоградская область,муниципальный район,50.978779,44.778908,1,колебания,333.4,1,1
1020,Иловлинский муниципальный район,Иловлинский,Волгоградская область,муниципальный район,49.306286,43.979027,1,стабильный,332.5,1,1
1021,Калачевский муниципальный район,Калачевский,Волгоградская область,муниципальный район,48.6818764,43.5379998,1,стабильный,325.9,1,1
1023,Киквидзенский муниципальный район,Киквидзенский,Волгоградская область,муниципальный район,50.741516,43.056446,0,стабильный,337.9,0,0
1024,Клетский муниципальный район,Клетский,Волгоградская область,муниципальный район,49.311558,43.059322,0,стабильный,325.1,0,0
1025,Котельниковский муниципальный район,Котельниковский,Волгоградская область,муниципальный район,47.6332274,43.14109,1,стабильный,314.3,1,1
1026,Котовский муниципальный район,Котовский,Волгоградская область,муниципальный район,50.322208,44.801643,1,стабильный,328.0,1,1
1027,Кумылженский муниципальный район,Кумылженский,Волгоградская область,муниципальный район,49.8800246,42.5912737,0,стабильный,330.1,0,0
1028,Ленинский муниципальный район,Ленинский,Волгоградская область,муниципальный район,48.7102843,45.20405224111999,0,стабильный,325.1,0,0
1029,Нехаевский муниципальный район,Нехаевский,Волгоградская область,муниципальный район,50.408291,41.752254,0,стабильный,337.4,0,0
1030,Николаевский муниципальный район,Николаевский,Волгоградская область,муниципальный район,50.02859125000001,45.46389913481958,0,стабильный,310.3,0,0
1031,Новоаннинский муниципальный район,Новоаннинский,Волгоградская область,муниципальный район,50.529675,42.667362,0,колебания,342.1,0,3
1032,Новониколаевский муниципальный район,Новониколаевский,Волгоградская область,муниципальный район,50.97493,42.366272,0,стабильный,347.8,0,0
1033,Октябрьский муниципальный район,Октябрьский,Волгоградская область,муниципальный район,47.968594,43.653126,0,стабильный,315.5,0,0
1034,Ольховский муниципальный район,Ольховский,Волгоградская область,муниципальный район,49.852688,44.562557,0,колебания,330.1,0,1
1035,Палласовский муниципальный район,Палласовский,Волгоградская область,муниципальный район,50.04529814999999,46.89316089497515,0,стабильный,314.0,0,0
1036,Руднянский муниципальный район,Руднянский,Волгоградская область,муниципальный район,50.796791,44.556606,0,стабильный,332.2,0,0
1037,Светлоярский муниципальный район,Светлоярский,Волгоградская область,муниципальный район,48.477432,44.785168,1,колебания,321.6,1,1
1038,Серафимовичский муниципальный район,Серафимовичский,Волгоградская область,муниципальный район,49.580608,42.730164,0,стабильный,328.9,0,0
1039,Среднеахтубинский муниципальный район,Среднеахтубинский,Волгоградская область,муниципальный район,48.7128782,44.86866064696045,2,колебания,336.5,2,2
1040,Старополтавский муниципальный район,Старополтавский,Волгоградская область,муниципальный район,50.475101,46.480801,0,стабильный,320.7,0,0
1041,Суровикинский муниципальный район,Суровикинский,Волгоградская область,муниципальный район,48.605141,42.844147,0,стабильный,325.1,0,0
1044,Чернышковский муниципальный район,Чернышковский,Волгоградская область,муниципальный район,48.422199,42.225616,0,стабильный,323.5,0,0
1047,Бабаевский муниципальный округ,Бабаевский,Вологодская область,муниципальный округ,59.3887129,35.9499951,1,колебания,320.2,3,3
1048,Бабушкинский муниципальный округ,Бабушкинский,Вологодская область,муниципальный округ,59.7567364,43.1335636,3,стабильный,308.4,3,3
1049,Белозерский муниципальный округ,Белозерский,Вологодская область,муниципальный округ,60.03199,37.7842189,2,устойчивый сдвиг,308.9,2,2
1051,Великоустюгский муниципальный округ,Великоустюгский,Вологодская область,муниципальный округ,60.7612852,46.3014666,2,стабильный,297.3,3,3
1052,Верховажский муниципальный округ,Верховажский,Вологодская область,муниципальный округ,60.7451617,42.047316,3,стабильный,304.6,3,3
1053,Вожегодский муниципальный округ,Вожегодский,Вологодская область,муниципальный округ,60.4736301,40.2121613,1,устойчивый сдвиг,303.4,1,1
1054,Вологодский муниципальный округ,Вологодский,Вологодская область,муниципальный округ,59.2189391,39.8933913,2,стабильный,468.2,2,2
1055,Вытегорский муниципальный район,Вытегорский,Вологодская область,муниципальный район,61.006498,36.4514921,3,стабильный,295.6,3,3
1056,Грязовецкий муниципальный округ,Грязовецкий,Вологодская область,муниципальный округ,58.8841692,40.2515006,1,стабильный,344.7,1,1
1057,Кадуйский муниципальный округ,Кадуйский,Вологодская область,муниципальный округ,59.199219,37.148609,1,устойчивый сдвиг,323.0,1,1
1058,Кирилловский муниципальный округ,Кирилловский,Вологодская область,муниципальный округ,59.8590575,38.3758696,1,устойчивый сдвиг,315.9,1,1
1059,Кичменгско-Городецкий муниципальный округ,Кичменгско-Городецкий,Вологодская область,муниципальный округ,59.9923379,45.8055674,3,стабильный,305.5,3,3
1060,Междуреченский муниципальный округ,Междуреченский,Вологодская область,муниципальный округ,59.3746522,41.0282183,1,колебания,326.1,0,1
1061,Никольский муниципальный округ,Никольский,Вологодская область,муниципальный округ,59.5304186,45.4585029,3,стабильный,311.0,3,3
1062,Нюксенский муниципальный округ,Нюксенский,Вологодская область,муниципальный округ,60.419796,44.254551,3,стабильный,301.3,3,3
1063,Сокольский муниципальный округ,Сокольский,Вологодская область,муниципальный округ,59.462799,40.112858,1,устойчивый сдвиг,329.2,1,1
1064,Сямженский муниципальный округ,Сямженский,Вологодская область,муниципальный округ,60.021656,41.060516,0,устойчивый сдвиг,314.8,0,0
1065,Тарногский муниципальный округ,Тарногский,Вологодская область,муниципальный округ,60.50661565,43.56205408043196,3,колебания,298.2,3,3
1066,Тотемский муниципальный округ,Тотемский,Вологодская область,муниципальный округ,59.9736254,42.7587335,1,устойчивый сдвиг,311.0,1,1
1067,Усть-Кубинский муниципальный округ,Усть-Кубинский,Вологодская область,муниципальный округ,59.631699,39.726299,1,колебания,321.6,0,0
1068,Устюженский муниципальный округ,Устюженский,Вологодская область,муниципальный округ,58.8428204,36.4296982,1,устойчивый сдвиг,334.4,1,1
1069,Харовский муниципальный округ,Харовский,Вологодская область,муниципальный округ,59.9533237,40.2068249,1,устойчивый сдвиг,314.5,1,1
1070,Чагодощенский муниципальный округ,Чагодощенский,Вологодская область,муниципальный округ,59.16383,35.329369,1,стабильный,321.8,3,3
1071,Череповецкий муниципальный район,Череповецкий,Вологодская область,муниципальный район,59.128696,37.916389,2,устойчивый сдвиг,448.4,2,2
1072,Шекснинский муниципальный район,Шекснинский,Вологодская область,муниципальный район,59.2069457,38.5009851,1,устойчивый сдвиг,325.4,3,1
1107,городской округ Иваново,Иваново,Ивановская область,городской округ,56.9984452,40.9737394,2,стабильный,405.9,2,2
1108,городской округ Вичуга,Вичуга,Ивановская область,городской округ,57.2200735,41.9239228,1,стабильный,380.9,1,1
1109,городской округ Кинешма,Кинешма,Ивановская область,городской округ,57.4426901,42.1687834,2,колебания,367.7,3,3
1110,городской округ Кохма,Кохма,Ивановская область,городской округ,56.9315448,41.0939402,2,устойчивый сдвиг,384.9,2,2
1111,городской округ Тейково,Тейково,Ивановская область,городской округ,56.8554753,40.5405863,1,стабильный,394.6,1,1
1112,городской округ Шуя,Шуя,Ивановская область,городской округ,56.8558465,41.3838496,1,стабильный,396.5,1,1
1113,Вичугский муниципальный район,Вичугский,Ивановская область,муниципальный район,57.2200735,41.9239228,0,устойчивый сдвиг,392.4,1,1
1115,Гаврилово-Посадский муниципальный район,Гаврилово-Посадский,Ивановская область,муниципальный район,56.5585501,40.1205669,0,колебания,396.7,0,1
1116,Заволжский муниципальный район,Заволжский,Ивановская область,муниципальный район,57.47784385,42.14006934304795,0,колебания,357.7,0,1
1117,Ивановский муниципальный район,Ивановский,Ивановская область,муниципальный район,56.9984452,40.9737394,2,стабильный,622.7,2,2
1118,Ильинский муниципальный район,Ильинский,Ивановская область,муниципальный район,56.9713637,39.7714702,0,колебания,388.7,1,0
1119,Кинешемский муниципальный район,Кинешемский,Ивановская область,муниципальный район,57.4426901,42.1687834,1,стабильный,395.3,1,1
1120,Комсомольский муниципальный район,Комсомольский,Ивановская область,муниципальный район,57.027321,40.377602,1,стабильный,380.4,1,1
1121,Лежневский муниципальный район,Лежневский,Ивановская область,муниципальный район,56.775677,40.887329,1,стабильный,387.0,1,1
1122,Лухский муниципальный район,Лухский,Ивановская область,муниципальный район,57.007736,42.252235,0,колебания,364.3,0,1
1123,Палехский муниципальный район,Палехский,Ивановская область,муниципальный район,56.8023842,41.8539925,1,стабильный,373.3,1,1
1124,Пестяковский муниципальный район,Пестяковский,Ивановская область,муниципальный район,56.7087539,42.6705083,0,устойчивый сдвиг,366.2,0,1
1125,Приволжский муниципальный район,Приволжский,Ивановская область,муниципальный район,57.380333,41.281178,1,стабильный,370.2,1,1
1126,Пучежский муниципальный район,Пучежский,Ивановская область,муниципальный район,56.9820977,43.168062,0,стабильный,358.4,0,0
1127,Родниковский муниципальный район,Родниковский,Ивановская область,муниципальный район,57.105225,41.72839,1,стабильный,371.4,1,1
1128,Савинский муниципальный район,Савинский,Ивановская область,муниципальный район,56.5907172,41.2151323,1,устойчивый сдвиг,377.6,1,1
1129,Тейковский муниципальный район,Тейковский,Ивановская область,муниципальный район,56.8554753,40.5405863,1,стабильный,408.5,1,1
1130,Фурмановский муниципальный район,Фурмановский,Ивановская область,муниципальный район,57.248756,41.10923,1,стабильный,374.0,1,1
1131,Шуйский муниципальный район,Шуйский,Ивановская область,муниципальный район,56.8558465,41.3838496,1,колебания,425.0,1,3
1132,Южский муниципальный район,Южский,Ивановская область,муниципальный район,56.5840428,42.0109249,1,стабильный,373.1,1,1
1133,Юрьевецкий муниципальный район,Юрьевецкий,Ивановская область,муниципальный район,57.30654364999999,43.10327169573893,0,колебания,351.4,1,0
1134,городской округ город Иркутск,Иркутск,Иркутская область,городской округ,52.2891225,104.279829,2,стабильный,232.6,2,2
1135,городской округ Ангарский,Ангарский,Иркутская область,городской округ,52.5443167,103.8882138,2,стабильный,186.3,2,2
1136,городской округ город Братск,Братск,Иркутская область,городской округ,56.1517085,101.6334907,2,колебания,201.9,5,2
1137,городской округ Зима,Зима,Иркутская область,городской округ,53.9211241,102.0491543,3,стабильный,191.0,3,3
1138,городской округ город Саянск,Саянск,Иркутская область,городской округ,54.1123301,102.1785158,3,колебания,185.8,2,3
1139,городской округ город Тулун,Тулун,Иркутская область,городской округ,54.562096,100.579216,3,стабильный,194.3,3,3
1140,городской округ город Усолье-Сибирское,Усолье-Сибирское,Иркутская область,городской округ,52.7512013,103.6621625,2,стабильный,187.5,2,2
1141,городской округ город Усть-Илимск,Усть-Илимск,Иркутская область,городской округ,57.959473,102.734192,5,стабильный,180.4,5,5
1142,городской округ город Черемхово,Черемхово,Иркутская область,городской округ,53.148434,103.070145,3,стабильный,192.7,3,3
1143,городской округ город Свирск,Свирск,Иркутская область,городской округ,53.066269,103.342331,3,колебания,185.8,1,1
1144,Балаганский муниципальный район,Балаганский,Иркутская область,муниципальный район,54.006798,103.054024,3,колебания,183.2,3,0
1146,Братский муниципальный район,Братский,Иркутская область,муниципальный район,56.1517085,101.6334907,1,устойчивый сдвиг,264.0,1,1
1147,Жигаловский муниципальный район,Жигаловский,Иркутская область,муниципальный район,54.812668,105.15229,3,устойчивый сдвиг,169.1,3,2
1148,Заларинский муниципальный район,Заларинский,Иркутская область,муниципальный район,53.566238,102.515991,3,стабильный,185.6,3,3
1149,Зиминский муниципальный район,Зиминский,Иркутская область,муниципальный район,53.9211241,102.0491543,3,стабильный,198.8,3,3
1150,Иркутский муниципальный район,Иркутский,Иркутская область,муниципальный район,52.2891225,104.279829,2,стабильный,372.4,2,2
1151,Казачинско-Ленский муниципальный район,Казачинско-Ленский,Иркутская область,муниципальный район,56.271587,107.567009,3,устойчивый сдвиг,172.1,5,5
1152,Катангский муниципальный район,Катангский,Иркутская область,муниципальный район,61.275021,108.009712,7,стабильный,158.7,7,7
1153,Качугский муниципальный район,Качугский,Иркутская область,муниципальный район,53.960819,105.885147,3,стабильный,172.8,3,3
1154,Киренский муниципальный район,Киренский,Иркутская область,муниципальный район,57.776356,108.116295,3,колебания,169.3,2,5
1155,Куйтунский муниципальный район,Куйтунский,Иркутская область,муниципальный район,54.344154,101.506195,3,стабильный,186.8,3,3
1157,Нижнеилимский муниципальный район,Нижнеилимский,Иркутская область,муниципальный район,56.577915,104.12294,5,колебания,178.5,5,5
1158,Нижнеудинский муниципальный район,Нижнеудинский,Иркутская область,муниципальный район,54.9084881,99.0302862,3,стабильный,190.1,3,3
1159,Ольхонский муниципальный район,Ольхонский,Иркутская область,муниципальный район,52.799557,106.404564,3,стабильный,174.5,3,3
1160,Слюдянский муниципальный район,Слюдянский,Иркутская область,муниципальный район,51.656769,103.719292,3,стабильный,180.9,3,3
1161,Тайшетский муниципальный район,Тайшетский,Иркутская область,муниципальный район,55.9385304,98.0196711,3,стабильный,194.6,3,3
1163,Усольский муниципальный район,Усольский,Иркутская область,муниципальный район,52.8142174,103.52552,3,колебания,187.0,1,3
1164,Усть-Илимский муниципальный район,Усть-Илимский,Иркутская область,муниципальный район,57.959473,102.734192,3,колебания,200.0,3,3
1165,Усть-Кутский муниципальный район,Усть-Кутский,Иркутская область,муниципальный район,56.7810026,105.7460255,5,стабильный,175.7,5,5
1166,Усть-Удинский муниципальный район,Усть-Удинский,Иркутская область,муниципальный район,54.1691395,103.0319541036817,3,стабильный,171.0,3,3
1167,Черемховский муниципальный район,Черемховский,Иркутская область,муниципальный район,53.148434,103.070145,3,колебания,199.3,3,3
1168,Чунский муниципальный район,Чунский,Иркутская область,муниципальный район,56.091248,99.633705,3,устойчивый сдвиг,190.6,3,3
1169,Шелеховский муниципальный район,Шелеховский,Иркутская область,муниципальный район,52.2097478,104.097683,2,стабильный,191.3,2,2
1170,Аларский муниципальный район,Аларский,Иркутская область,муниципальный район,53.3494147,102.7949052,3,стабильный,186.1,3,3
1171,Баяндаевский муниципальный район,Баяндаевский,Иркутская область,муниципальный район,53.067226,105.517876,3,стабильный,178.0,3,3
1172,Боханский муниципальный район,Боханский,Иркутская область,муниципальный район,53.153561,103.766212,3,стабильный,178.7,3,3
1173,Нукутский муниципальный район,Нукутский,Иркутская область,муниципальный район,53.700245,102.711548,3,устойчивый сдвиг,185.1,3,3
1174,Осинский муниципальный район,Осинский,Иркутская область,муниципальный район,53.388348,103.877457,3,стабильный,177.3,3,3
1175,Эхирит-Булагатский муниципальный район,Эхирит-Булагатский,Иркутская область,муниципальный район,52.8052218,104.7534712,3,стабильный,182.1,3,3
1176,городской округ город Калининград,Калининград,Калининградская область,городской округ,54.710128,20.5105838,2,стабильный,327.3,2,2
1178,городской округ Мамоновский,Мамоновский,Калининградская область,городской округ,54.4636264,19.9414303,0,колебания,312.2,3,1
1179,городской округ Пионерский,Пионерский,Калининградская область,городской округ,54.948227,20.22591,1,колебания,332.0,2,2
1180,городской округ Светловский,Светловский,Калининградская область,городской округ,54.673355,20.131153,1,стабильный,341.9,1,1
1181,городской округ Советский,Советский,Калининградская область,городской округ,55.0809688,21.8882673,1,колебания,293.7,3,3
1184,городской округ Балтийский,Балтийский,Калининградская область,городской округ,54.6437214,19.8941584,2,колебания,391.0,2,2
1185,муниципальный округ Гвардейский,Гвардейский,Калининградская область,муниципальный округ,54.6478265,21.0719431,1,устойчивый сдвиг,315.0,1,1
1186,муниципальный округ Гурьевский,Гурьевский,Калининградская область,муниципальный округ,54.7745571,20.6037041,2,стабильный,331.3,2,2
1187,городской округ Гусевский,Гусевский,Калининградская область,городской округ,54.5921685,22.2014752,3,колебания,292.6,3,3
1188,муниципальный округ Зеленоградский,Зеленоградский,Калининградская область,муниципальный округ,54.9600365,20.4750188,2,стабильный,325.1,2,2
1189,муниципальный округ Краснознаменский,Краснознаменский,Калининградская область,муниципальный округ,54.9415225,22.4912976,3,стабильный,286.7,3,3
1190,городской округ Светлогорский,Светлогорский,Калининградская область,городской округ,54.9417552,20.1550863,2,стабильный,332.7,2,2
1191,муниципальный округ Неманский,Неманский,Калининградская область,муниципальный округ,55.0359656,22.0293578,3,стабильный,292.6,3,3
1192,муниципальный округ Нестеровский,Нестеровский,Калининградская область,муниципальный округ,54.6325455,22.5710998,3,стабильный,287.6,3,3
1193,муниципальный округ Озерский,Озерский,Калининградская область,муниципальный округ,54.408741,22.014359,3,колебания,291.6,3,3
1194,муниципальный округ Полесский,Полесский,Калининградская область,муниципальный округ,54.8627556,21.1098591,0,колебания,312.9,0,1
1195,муниципальный округ Правдинский,Правдинский,Калининградская область,муниципальный округ,54.447144,21.01399,0,колебания,309.3,0,0
1196,муниципальный округ Славский,Славский,Калининградская область,муниципальный округ,55.04549,21.679073,3,колебания,294.7,3,3
1197,муниципальный округ Черняховский,Черняховский,Калининградская область,муниципальный округ,54.635533,21.8099822,3,колебания,299.2,3,3
1198,городской округ город Калуга,Калуга,Калужская область,городской округ,54.5101087,36.2598115,2,стабильный,399.5,2,2
1200,Бабынинский муниципальный район,Бабынинский,Калужская область,муниципальный район,54.3910744,35.7400192,1,стабильный,389.8,1,1
1201,Барятинский муниципальный район,Барятинский,Калужская область,муниципальный район,54.3102823,34.5190756,0,колебания,360.3,0,0
1203,Дзержинский муниципальный район,Дзержинский,Калужская область,муниципальный район,54.8069199,35.9301213,1,стабильный,399.3,1,1
1204,Думиничский муниципальный район,Думиничский,Калужская область,муниципальный район,53.933388,35.105518000000004,1,колебания,366.0,1,0
1205,Жиздринский муниципальный район,Жиздринский,Калужская область,муниципальный район,53.7485337,34.7353545,1,колебания,360.6,0,1
1206,Жуковский муниципальный район,Жуковский,Калужская область,муниципальный район,55.0338,36.7489,1,стабильный,435.2,1,1
1207,Кировский муниципальный район,Кировский,Калужская область,муниципальный район,54.0742905,34.3025979,1,стабильный,351.8,1,1
1208,Износковский муниципальный район,Износковский,Калужская область,муниципальный район,54.9911,35.3064,0,стабильный,382.8,0,0
1209,Козельский муниципальный район,Козельский,Калужская область,муниципальный район,54.03832175,35.78290647818667,1,стабильный,377.6,1,1
1210,Куйбышевский муниципальный район,Куйбышевский,Калужская область,муниципальный район,54.0140623,33.9446908,0,устойчивый сдвиг,345.0,0,0
1211,Людиновский муниципальный район,Людиновский,Калужская область,муниципальный район,53.8454692,34.43152145267353,1,стабильный,354.9,1,1
1212,Малоярославецкий муниципальный район,Малоярославецкий,Калужская область,муниципальный район,55.012181,36.4590246,2,стабильный,430.5,2,2
1213,Медынский муниципальный район,Медынский,Калужская область,муниципальный район,54.969,35.857,1,стабильный,407.3,1,1
1214,Мещовский муниципальный район,Мещовский,Калужская область,муниципальный район,54.3207145,35.2796334,1,колебания,376.4,1,1
1215,Мосальский муниципальный район,Мосальский,Калужская область,муниципальный район,54.4872876,34.9789866,1,колебания,371.4,1,1
1217,Спас-Деменский муниципальный район,Спас-Деменский,Калужская область,муниципальный район,54.412586,34.0309659,0,колебания,349.0,0,1
1218,Сухиничский муниципальный район,Сухиничский,Калужская область,муниципальный район,54.096976,35.35334952467876,1,стабильный,374.0,1,1
1219,Тарусский муниципальный район,Тарусский,Калужская область,муниципальный район,54.7293536,37.1815538,1,стабильный,425.3,1,1
1220,Ульяновский муниципальный район,Ульяновский,Калужская область,муниципальный район,53.723654,35.5298461,0,колебания,361.5,0,1
1221,Ферзиковский муниципальный район,Ферзиковский,Калужская область,муниципальный район,54.51565365,36.76025305349451,2,устойчивый сдвиг,403.5,1,2
1222,Хвастовичский муниципальный район,Хвастовичский,Калужская область,муниципальный район,53.465855,35.089252,0,стабильный,355.4,0,0
1223,Юхновский муниципальный район,Юхновский,Калужская область,муниципальный район,54.7415766,35.2264393,1,колебания,373.6,1,0
1224,городской округ Кемеровский,Кемеровский,Кемеровская область,городской округ,55.3550907,86.0871213,2,стабильный,246.0,2,2
1225,городской округ Анжеро-Судженский,Анжеро-Судженский,Кемеровская область,городской округ,56.077808,86.019356,2,устойчивый сдвиг,227.6,2,2
1226,городской округ Беловский,Беловский,Кемеровская область,городской округ,54.419323,86.303429,2,стабильный,231.9,2,2
1227,городской округ Березовский,Березовский,Кемеровская область,городской округ,55.6696946,86.275154,2,колебания,231.2,2,2
1228,городской округ Калтанский,Калтанский,Кемеровская область,городской округ,53.519459,87.286179,2,колебания,224.3,3,3
1229,городской округ Киселевский,Киселевский,Кемеровская область,городской округ,54.0049872,86.6354771,2,стабильный,229.8,2,2
1230,городской округ Ленинск-Кузнецкий,Ленинск-Кузнецкий,Кемеровская область,городской округ,54.665443,86.166115,2,стабильный,243.2,2,2
1231,городской округ Междуреченский,Междуреченский,Кемеровская область,городской округ,53.6863763,88.0703443,2,колебания,217.7,5,2
1232,городской округ Мысковский,Мысковский,Кемеровская область,городской округ,53.71386,87.800316,2,устойчивый сдвиг,221.7,2,2
1233,городской округ Новокузнецкий,Новокузнецкий,Кемеровская область,городской округ,53.7575903,87.1358494,2,стабильный,246.0,2,2
1234,городской округ Осинниковский,Осинниковский,Кемеровская область,городской округ,53.606995,87.332893,2,стабильный,225.3,2,2
1235,городской округ Полысаевский,Полысаевский,Кемеровская область,городской округ,54.603142,86.276024,2,колебания,235.4,3,2
1236,городской округ Прокопьевский,Прокопьевский,Кемеровская область,городской округ,53.8879117,86.7492072,2,стабильный,251.2,2,2
1237,городской округ Тайгинский,Тайгинский,Кемеровская область,городской округ,56.065071,85.631325,2,колебания,229.8,3,1
1238,городской округ Юргинский,Юргинский,Кемеровская область,городской округ,55.7136,84.934799,2,стабильный,248.2,2,2
1240,Беловский муниципальный округ,Беловский,Кемеровская область,муниципальный округ,54.412445,86.399742,3,стабильный,234.5,3,3
1241,Гурьевский муниципальный округ,Гурьевский,Кемеровская область,муниципальный округ,54.284954,85.931091,3,колебания,230.9,3,3
1242,Ижморский муниципальный округ,Ижморский,Кемеровская область,муниципальный округ,56.192169,86.637169,0,стабильный,225.5,0,0
1243,Кемеровский муниципальный округ,Кемеровский,Кемеровская область,муниципальный округ,55.3550907,86.0871213,2,стабильный,448.4,2,2
1244,Крапивинский муниципальный округ,Крапивинский,Кемеровская область,муниципальный округ,55.003925,86.805855,3,колебания,228.6,3,1
1246,Мариинский муниципальный округ,Мариинский,Кемеровская область,муниципальный округ,56.206299,87.751259,3,стабильный,221.7,3,3
1249,Промышленновский муниципальный округ,Промышленновский,Кемеровская область,муниципальный округ,54.918655,85.6380293,3,стабильный,234.9,3,3
1250,Таштагольский муниципальный район,Таштагольский,Кемеровская область,муниципальный район,52.7594694,87.8484499,2,стабильный,211.8,2,2
1251,Тисульский муниципальный округ,Тисульский,Кемеровская область,муниципальный округ,55.763851,88.3130216,3,колебания,218.7,3,3
1252,Топкинский муниципальный округ,Топкинский,Кемеровская область,муниципальный округ,55.2751962,85.6228741,2,устойчивый сдвиг,234.7,3,2
1253,Тяжинский муниципальный округ,Тяжинский,Кемеровская область,муниципальный округ,56.1139351,88.5171814,0,стабильный,219.4,0,0
1254,Чебулинский муниципальный округ,Чебулинский,Кемеровская область,муниципальный округ,56.0330343,87.6220223,3,стабильный,223.4,3,3
1256,Яйский муниципальный округ,Яйский,Кемеровская область,муниципальный округ,56.2020084,86.4485361,3,стабильный,226.4,3,3
1257,Яшкинский муниципальный округ,Яшкинский,Кемеровская область,муниципальный округ,55.8717888,85.4380316,3,стабильный,232.3,3,3
1258,городской округ город Киров,Киров,Кировская область,городской округ,58.6035661,49.6666241,2,стабильный,315.7,2,2
1259,городской округ город Вятские Поляны,Вятские Поляны,Кировская область,городской округ,56.2229946,51.0749038,1,стабильный,355.1,1,1
1260,городской округ город Кирово-Чепецк,Кирово-Чепецк,Кировская область,городской округ,58.555069,50.0313048,2,стабильный,328.0,2,2
1261,городской округ город Котельнич,Котельнич,Кировская область,городской округ,58.3057312,48.32643959050836,1,стабильный,333.4,1,1
1262,городской округ город Слободской,Слободской,Кировская область,городской округ,58.7277816,50.1771234,1,стабильный,341.0,1,1
1264,муниципальный округ Арбажский,Арбажский,Кировская область,муниципальный округ,57.6793484,48.3035946,0,стабильный,325.6,0,0
1265,муниципальный округ Афанасьевский,Афанасьевский,Кировская область,муниципальный округ,58.865421,53.26273,1,стабильный,306.0,1,1
1266,Белохолуницкий муниципальный район,Белохолуницкий,Кировская область,муниципальный район,58.8432546,50.8528865,1,устойчивый сдвиг,311.7,0,0
1267,муниципальный округ Богородский,Богородский,Кировская область,муниципальный округ,57.8316459,50.7512195,0,стабильный,314.8,0,0
1268,муниципальный округ Верхнекамский,Верхнекамский,Кировская область,муниципальный округ,59.3398971,52.2418232,1,колебания,300.8,0,1
1269,Верхошижемский муниципальный район,Верхошижемский,Кировская область,муниципальный район,58.0140582,49.1040391,0,стабильный,322.6,0,0
1270,Вятскополянский муниципальный район,Вятскополянский,Кировская область,муниципальный район,56.2229946,51.0749038,1,стабильный,360.1,1,1
1271,Даровской муниципальный район,Даровской,Кировская область,муниципальный район,58.7705606,47.9584366,0,стабильный,314.5,0,0
1272,Зуевский муниципальный район,Зуевский,Кировская область,муниципальный район,58.4060241,51.1388605,1,колебания,312.4,1,1
1273,муниципальный округ Кикнурский,Кикнурский,Кировская область,муниципальный округ,57.3049331,47.2089404,0,стабильный,336.0,0,0
1274,Кильмезский муниципальный район,Кильмезский,Кировская область,муниципальный район,56.9449015,51.0613993,0,стабильный,330.8,0,0
1275,Кирово-Чепецкий муниципальный район,Кирово-Чепецкий,Кировская область,муниципальный район,58.555069,50.0313048,1,стабильный,352.3,3,3
1276,Котельничский муниципальный район,Котельничский,Кировская область,муниципальный район,58.3057312,48.32643959050836,1,колебания,341.0,0,1
1277,Куменский муниципальный район,Куменский,Кировская область,муниципальный район,58.1100761,49.9173135,1,стабильный,318.3,1,1
1278,муниципальный округ Лебяжский,Лебяжский,Кировская область,муниципальный округ,57.4095434,49.5276891,0,стабильный,326.6,0,0
1279,муниципальный округ Лузский,Лузский,Кировская область,муниципальный округ,60.6306233,47.2549261,1,колебания,294.2,1,1
1280,Малмыжский муниципальный район,Малмыжский,Кировская область,муниципальный район,56.5206314,50.6775905,1,колебания,338.8,0,0
1281,муниципальный округ Мурашинский,Мурашинский,Кировская область,муниципальный округ,59.3951018,48.9644445,1,стабильный,305.8,1,1
1282,Нагорский муниципальный район,Нагорский,Кировская область,муниципальный район,59.3159141,50.8017309,0,колебания,301.8,0,0
1284,Нолинский муниципальный район,Нолинский,Кировская область,муниципальный район,57.5599476,49.93850528482464,1,стабильный,321.8,1,1
1285,Омутнинский муниципальный район,Омутнинский,Кировская область,муниципальный район,58.668304,52.17625,1,стабильный,305.3,1,1
1286,муниципальный округ Опаринский,Опаринский,Кировская область,муниципальный округ,59.8516589,48.2777768,1,устойчивый сдвиг,298.9,1,0
1287,Оричевский муниципальный район,Оричевский,Кировская область,муниципальный район,58.4013081,49.0564965,1,стабильный,318.1,1,1
1288,Орловский муниципальный район,Орловский,Кировская область,муниципальный район,58.5363174,48.8850765,0,колебания,321.6,0,0
1289,муниципальный округ Пижанский,Пижанский,Кировская область,муниципальный округ,57.460224,48.533832,0,колебания,331.8,0,0
1290,Подосиновский муниципальный район,Подосиновский,Кировская область,муниципальный район,60.279064,47.06477,1,колебания,300.4,1,1
1291,муниципальный округ Санчурский,Санчурский,Кировская область,муниципальный округ,56.9404036,47.2526947,0,стабильный,338.4,0,0
1292,муниципальный округ Свечинский,Свечинский,Кировская область,муниципальный округ,58.277,47.512543,0,колебания,324.4,0,1
1293,Слободской муниципальный район,Слободской,Кировская область,муниципальный район,58.7277816,50.1771234,1,стабильный,338.4,1,1
1294,Советский муниципальный район,Советский,Кировская область,муниципальный район,57.5914193,48.95836130705428,1,стабильный,328.7,1,1
1295,Сунский муниципальный район,Сунский,Кировская область,муниципальный район,57.8335115,50.0589449,1,колебания,318.8,1,1
1296,Тужинский муниципальный район,Тужинский,Кировская область,муниципальный район,57.6053835,47.9373723,0,стабильный,330.8,0,0
1297,муниципальный округ Унинский,Унинский,Кировская область,муниципальный округ,57.7543697,51.4895258,0,колебания,311.9,0,0
1298,Уржумский муниципальный район,Уржумский,Кировская область,муниципальный район,57.1101118,50.0003067,0,стабильный,330.8,0,0
1299,муниципальный округ Фаленский,Фаленский,Кировская область,муниципальный округ,58.3553667,51.5965834,0,стабильный,311.2,0,0
1300,Шабалинский муниципальный район,Шабалинский,Кировская область,муниципальный район,58.3163535,47.0858159,0,стабильный,324.7,0,0
1301,Юрьянский муниципальный район,Юрьянский,Кировская область,муниципальный район,59.0422736,49.2802038,1,стабильный,313.3,1,1
1302,Яранский муниципальный район,Яранский,Кировская область,муниципальный район,57.3042882,47.8855774,1,колебания,337.7,1,1
1303,городской округ город Кострома,Кострома,Костромская область,городской округ,57.7679158,40.9269141,2,стабильный,383.2,2,2
1304,городской округ город Буй,Буй,Костромская область,городской округ,58.4816821,41.532956,1,стабильный,351.1,1,1
1305,городской округ город Волгореченск,Волгореченск,Костромская область,городской округ,57.44224775,41.15947358625323,1,стабильный,367.9,1,1
1306,городской округ город Галич,Галич,Костромская область,городской округ,58.381382,42.347916,1,стабильный,347.6,1,1
1308,городской округ город Шарья,Шарья,Костромская область,городской округ,58.36974795,45.51729631871895,1,устойчивый сдвиг,337.0,1,1
1309,Антроповский муниципальный район,Антроповский,Костромская область,муниципальный район,58.3976,43.005,0,стабильный,341.2,0,0
1310,Буйский муниципальный район,Буйский,Костромская область,муниципальный район,58.4816821,41.532956,1,колебания,358.2,1,1
1311,Вохомский муниципальный район,Вохомский,Костромская область,муниципальный район,58.9306116,46.7588656,0,стабильный,313.1,0,0
1312,Галичский муниципальный район,Галичский,Костромская область,муниципальный район,58.381382,42.347916,1,стабильный,351.8,1,1
1313,Кадыйский муниципальный район,Кадыйский,Костромская область,муниципальный район,57.784485,43.189411,0,стабильный,345.9,0,0
1314,Кологривский муниципальный округ,Кологривский,Костромская область,муниципальный округ,58.825497,44.311275,0,стабильный,320.7,0,0
1315,Костромской муниципальный район,Костромской,Костромская область,муниципальный район,57.7679158,40.9269141,2,стабильный,491.9,2,2
1316,Красносельский муниципальный район,Красносельский,Костромская область,муниципальный район,57.509319,41.237621,1,стабильный,358.7,1,1
1317,Макарьевский муниципальный район,Макарьевский,Костромская область,муниципальный район,57.880402,43.80724,0,стабильный,343.1,0,0
1319,Межевской муниципальный округ,Межевской,Костромская область,муниципальный округ,58.7303454,45.0299127,0,стабильный,326.6,0,0
1320,Нейский муниципальный округ,Нейский,Костромская область,муниципальный округ,58.2940908,43.8609201,0,стабильный,337.9,0,0
1321,муниципальный район город Нерехта и Нерехтский район,Нерехта и Нерехтский,Костромская область,муниципальный район,57.460655,40.573799,1,стабильный,371.4,1,1
1322,Октябрьский муниципальный район,Октябрьский,Костромская область,муниципальный район,58.9755482,47.0195907,0,стабильный,311.0,0,0
1323,Островский муниципальный округ,Островский,Костромская область,муниципальный округ,57.80144,42.19736,0,стабильный,353.7,0,0
1324,Павинский муниципальный округ,Павинский,Костромская область,муниципальный округ,59.1213617,46.1917504,0,стабильный,315.9,0,0
1325,Парфеньевский муниципальный округ,Парфеньевский,Костромская область,муниципальный округ,58.4799889,43.4086182,0,стабильный,336.2,0,0
1326,Поназыревский муниципальный округ,Поназыревский,Костромская область,муниципальный округ,58.358154,46.317429,3,колебания,326.6,3,1
1327,Пыщугский муниципальный округ,Пыщугский,Костромская область,муниципальный округ,59.0104505,45.6111145,0,стабильный,321.8,0,0
1328,Солигаличский муниципальный округ,Солигаличский,Костромская область,муниципальный округ,59.0777693,42.2861828,0,стабильный,324.7,0,0
1329,Судиславский муниципальный район,Судиславский,Костромская область,муниципальный район,57.881283,41.712421,1,устойчивый сдвиг,356.1,1,1
1330,Сусанинский муниципальный район,Сусанинский,Костромская область,муниципальный район,58.147578,41.5851443,0,стабильный,352.1,0,0
1331,Чухломский муниципальный район,Чухломский,Костромская область,муниципальный район,58.7560222,42.68065,0,стабильный,334.1,0,0
1333,городской округ город Курган,Курган,Курганская область,городской округ,55.4409357,65.3421169,2,стабильный,278.2,2,2
1334,городской округ город Шадринск,Шадринск,Курганская область,городской округ,56.087364,63.629482,2,стабильный,300.4,1,1
1335,Альменевский муниципальный округ,Альменевский,Курганская область,муниципальный округ,54.942505,63.578785,0,стабильный,282.9,0,0
1336,Белозерский муниципальный округ,Белозерский,Курганская область,муниципальный округ,55.823845,65.588783,0,стабильный,277.7,0,0
1337,Варгашинский муниципальный округ,Варгашинский,Курганская область,муниципальный округ,55.37204,65.8081,0,стабильный,277.4,0,0
1338,Далматовский муниципальный округ,Далматовский,Курганская область,муниципальный округ,56.258656,62.939163,1,колебания,292.3,1,1
1339,Звериноголовский муниципальный округ,Звериноголовский,Курганская область,муниципальный округ,54.459023,64.856514,0,стабильный,270.8,0,0
1340,Каргапольский муниципальный округ,Каргапольский,Курганская область,муниципальный округ,55.952408,64.434021,0,стабильный,282.9,0,0
1341,Катайский муниципальный округ,Катайский,Курганская область,муниципальный округ,56.2834992,62.5836525,1,колебания,295.9,1,1
1343,Куртамышский муниципальный округ,Куртамышский,Курганская область,муниципальный округ,54.9095859,64.4283925,0,стабильный,277.4,0,0
1344,Лебяжьевский муниципальный округ,Лебяжьевский,Курганская область,муниципальный округ,55.273006,66.502243,0,стабильный,271.3,0,0
1345,муниципальный округ Макушинский,Макушинский,Курганская область,муниципальный округ,55.208321,67.252739,0,стабильный,267.8,0,0
1346,Мишкинский муниципальный округ,Мишкинский,Курганская область,муниципальный округ,55.3373017,63.9143594,0,стабильный,286.2,0,0
1347,Мокроусовский муниципальный округ,Мокроусовский,Курганская область,муниципальный округ,55.808598,66.770607,0,стабильный,269.7,0,0
1348,Петуховский муниципальный округ,Петуховский,Курганская область,муниципальный округ,55.065,67.88736,0,стабильный,263.5,0,0
1349,Половинский муниципальный округ,Половинский,Курганская область,муниципальный округ,54.789661,65.987595,0,стабильный,268.5,0,0
1350,Притобольный муниципальный округ,Притобольный,Курганская область,муниципальный округ,54.907539,65.088203,0,стабильный,272.5,0,0
1351,Сафакулевский муниципальный округ,Сафакулевский,Курганская область,муниципальный округ,54.988411,62.54039,0,стабильный,291.4,0,0
1352,Целинный муниципальный округ,Целинный,Курганская область,муниципальный округ,54.50412,63.664242,0,стабильный,279.8,0,0
1353,Частоозерский муниципальный округ,Частоозерский,Курганская область,муниципальный округ,55.568256,67.909462,0,стабильный,264.2,0,0
1355,Шатровский муниципальный округ,Шатровский,Курганская область,муниципальный округ,56.519569,64.634209,0,стабильный,279.3,0,0
1356,муниципальный округ Шумихинский,Шумихинский,Курганская область,муниципальный округ,55.228207,63.282501,1,колебания,289.5,1,0
1357,Щучанский муниципальный округ,Щучанский,Курганская область,муниципальный округ,55.208908,62.747772,3,колебания,294.0,0,1
1358,Юргамышский муниципальный округ,Юргамышский,Курганская область,муниципальный округ,55.374958,64.455788,0,стабильный,283.1,0,0
1392,Бокситогорский муниципальный район,Бокситогорский,Ленинградская область,муниципальный район,59.4729021,33.8489952,2,колебания,318.3,2,2
1393,Волосовский муниципальный район,Волосовский,Ленинградская область,муниципальный район,59.44439375,29.49251575862619,2,стабильный,327.0,2,2
1394,Волховский муниципальный район,Волховский,Ленинградская область,муниципальный район,59.9275868,32.3276803,2,стабильный,319.5,2,2
1395,Всеволожский муниципальный район,Всеволожский,Ленинградская область,муниципальный район,60.0425967,30.58180461128939,6,стабильный,360.1,6,6
1396,Выборгский муниципальный район,Выборгский,Ленинградская область,муниципальный район,60.7326723,28.74469092882248,2,стабильный,297.8,2,2
1397,Гатчинский муниципальный район,Гатчинский,Ленинградская область,муниципальный район,59.5706273,30.1305083,2,колебания,346.2,6,6
1398,Кингисеппский муниципальный район,Кингисеппский,Ленинградская область,муниципальный район,59.3743982,28.5981591,2,стабильный,323.7,5,5
1399,Киришский муниципальный район,Киришский,Ленинградская область,муниципальный район,59.450325,32.010578,2,колебания,319.7,2,2
1400,Кировский муниципальный район,Кировский,Ленинградская область,муниципальный район,59.8813954,30.9855331,2,стабильный,347.8,2,2
1401,Лодейнопольский муниципальный район,Лодейнопольский,Ленинградская область,муниципальный район,60.7339323,33.5457731,2,стабильный,300.6,2,2
1402,Ломоносовский муниципальный район,Ломоносовский,Ленинградская область,муниципальный район,59.91032,29.776194,6,устойчивый сдвиг,349.0,6,6
1403,Лужский муниципальный район,Лужский,Ленинградская область,муниципальный район,58.735699,29.8475013,2,стабильный,321.6,2,2
1404,Подпорожский муниципальный район,Подпорожский,Ленинградская область,муниципальный район,60.914291,34.162354,2,колебания,295.9,2,2
1405,Приозерский муниципальный район,Приозерский,Ленинградская область,муниципальный район,61.0385285,30.1248482,2,стабильный,297.5,2,2
1406,Сланцевский муниципальный район,Сланцевский,Ленинградская область,муниципальный район,59.11726,28.086979,2,устойчивый сдвиг,308.4,5,5
1407,Тихвинский муниципальный район,Тихвинский,Ленинградская область,муниципальный район,59.644323,33.5418624,2,стабильный,318.3,2,2
1408,Тосненский муниципальный район,Тосненский,Ленинградская область,муниципальный район,59.5412777,30.8773645,2,стабильный,343.6,2,2
1409,городской округ Сосновоборский,Сосновоборский,Ленинградская область,городской округ,59.8968655,29.0765628,6,колебания,320.4,5,6
1410,городской округ город Липецк,Липецк,Липецкая область,городской округ,52.6041877,39.5936899,2,стабильный,399.3,2,2
1411,городской округ город Елец,Елец,Липецкая область,городской округ,52.6219865,38.5003298,2,стабильный,392.0,2,2
1412,Воловский муниципальный район,Воловский,Липецкая область,муниципальный район,52.0283838,37.8790391,0,стабильный,355.6,0,0
1413,Грязинский муниципальный район,Грязинский,Липецкая область,муниципальный район,52.48744725,39.93593469574095,1,стабильный,372.6,1,1
1414,Данковский муниципальный район,Данковский,Липецкая область,муниципальный район,53.2533095,39.1591798,1,стабильный,378.7,1,1
1415,Добринский муниципальный район,Добринский,Липецкая область,муниципальный район,52.1658357,40.4772102,0,стабильный,362.7,0,0
1416,Добровский муниципальный район,Добровский,Липецкая область,муниципальный район,52.8613369,39.8102066,0,стабильный,375.7,0,0
1417,Долгоруковский муниципальный район,Долгоруковский,Липецкая область,муниципальный район,52.3243879,38.3495961,0,стабильный,365.5,0,0
1419,Задонский муниципальный район,Задонский,Липецкая область,муниципальный район,52.387798,38.92672,0,стабильный,373.6,0,0
1420,Измалковский муниципальный район,Измалковский,Липецкая область,муниципальный район,52.6931659,37.9693559,0,стабильный,367.9,0,0
1421,Краснинский муниципальный район,Краснинский,Липецкая область,муниципальный район,52.863953,38.783821,0,колебания,371.9,0,0
1422,Лебедянский муниципальный район,Лебедянский,Липецкая область,муниципальный район,53.0126146,39.127593,1,стабильный,375.4,1,1
1423,Лев-Толстовский муниципальный район,Лев-Толстовский,Липецкая область,муниципальный район,53.212541,39.4477568,1,стабильный,375.0,1,1
1425,Становлянский муниципальный район,Становлянский,Липецкая область,муниципальный район,52.7632714,38.3639594,1,колебания,374.5,1,1
1426,Тербунский муниципальный район,Тербунский,Липецкая область,муниципальный район,52.146828,38.278389,0,стабильный,363.9,0,0
1427,Усманский муниципальный район,Усманский,Липецкая область,муниципальный район,52.0506929,39.7399996,1,стабильный,367.2,1,1
1428,Хлевенский муниципальный район,Хлевенский,Липецкая область,муниципальный район,52.197231,39.086029,0,стабильный,372.4,0,0
1429,Чаплыгинский муниципальный район,Чаплыгинский,Липецкая область,муниципальный район,53.243015,39.966801,1,стабильный,378.5,1,1
1430,городской округ город Магадан,Магадан,Магаданская область,городской округ,59.5604768,150.7988617,5,колебания,119.2,5,5
1431,муниципальный округ Ольский,Ольский,Магаданская область,муниципальный округ,59.5780981,151.2990699,5,стабильный,120.2,5,5
1438,муниципальный округ Ягоднинский,Ягоднинский,Магаданская область,муниципальный округ,62.5216788,149.6253322,5,стабильный,122.8,5,5
1439,городской округ Балашиха,Балашиха,Московская область,городской округ,55.7997662,37.9373707,4,стабильный,565.5,4,4
1440,городской округ Бронницы,Бронницы,Московская область,городской округ,55.42009275,38.27196953296119,2,стабильный,489.7,2,2
1443,городской округ Дзержинский,Дзержинский,Московская область,городской округ,55.6309186,37.8496653,4,стабильный,586.8,4,4
1444,городской округ Долгопрудный,Долгопрудный,Московская область,городской округ,55.9341491,37.5142417,4,стабильный,569.8,4,4
1445,городской округ Домодедово,Домодедово,Московская область,городской округ,55.4368213,37.7680693,4,стабильный,524.2,4,4
1446,городской округ Дубна,Дубна,Московская область,городской округ,56.7362705,37.1623696,4,устойчивый сдвиг,413.2,4,4
1447,городской округ Егорьевск,Егорьевск,Московская область,городской округ,55.3829765,39.0356223,2,стабильный,440.1,2,2
1448,городской округ Жуковский,Жуковский,Московская область,городской округ,55.5972801,38.1199863,4,стабильный,523.0,4,4
1449,городской округ Зарайск,Зарайск,Московская область,городской округ,54.7585694,38.8818137,2,устойчивый сдвиг,417.5,2,2
1453,городской округ Истра,Истра,Московская область,городской округ,55.9145993,36.8595482,4,устойчивый сдвиг,477.7,4,4
1454,городской округ Кашира,Кашира,Московская область,городской округ,54.837449,38.1505119,2,стабильный,436.1,2,2
1456,городской округ Королёв,Королёв,Московская область,городской округ,55.9190049,37.8150443,4,стабильный,561.7,4,4
1457,городской округ Котельники,Котельники,Московская область,городской округ,55.661668,37.8673073,4,стабильный,601.4,4,4
1459,городской округ Красногорск,Красногорск,Московская область,городской округ,55.8217545,37.3400897,4,стабильный,568.1,4,4
1461,городской округ Лобня,Лобня,Московская область,городской округ,56.03377690000001,37.46122371880293,4,стабильный,521.6,4,4
1463,городской округ Луховицы,Луховицы,Московская область,городской округ,54.9655573,39.0277188,2,стабильный,429.3,2,2
1464,городской округ Лыткарино,Лыткарино,Московская область,городской округ,55.5822477,37.9080217,4,устойчивый сдвиг,538.1,4,4
1465,городской округ Люберцы,Люберцы,Московская область,городской округ,55.6783142,37.89377,4,стабильный,587.7,4,4
1467,городской округ Мытищи,Мытищи,Московская область,городской округ,55.9094928,37.7339358,4,стабильный,572.6,4,4
1468,городской округ Наро-Фоминский,Наро-Фоминский,Московская область,городской округ,55.3842784,36.723507,2,стабильный,462.8,2,2
1472,городской округ Подольск,Подольск,Московская область,городской округ,55.4308841,37.5453056,4,стабильный,527.3,4,4
1473,городской округ Протвино,Протвино,Московская область,городской округ,54.8707703,37.2188629,2,стабильный,436.6,2,2
1474,городской округ Пущино,Пущино,Московская область,городской округ,54.8347213,37.6139685,1,колебания,432.8,2,1
1475,городской округ Реутов,Реутов,Московская область,городской округ,55.7622453,37.856555,4,стабильный,609.0,4,4
1477,городской округ Рузский,Рузский,Московская область,городской округ,55.6998907,36.1946992,2,стабильный,431.9,2,2
1478,городской округ Серебряные Пруды,Серебряные Пруды,Московская область,городской округ,54.4679803,38.7223679,2,стабильный,412.3,2,2
1480,городской округ Ступино,Ступино,Московская область,городской округ,54.886598,38.0772589,2,стабильный,441.1,2,2
1481,городской округ Фрязино,Фрязино,Московская область,городской округ,55.954618,38.0567691,4,устойчивый сдвиг,522.8,4,4
1483,городской округ Черноголовка,Черноголовка,Московская область,городской округ,56.0061165,38.3835224,2,стабильный,483.8,2,2
1484,городской округ Чехов,Чехов,Московская область,городской округ,55.1426603,37.4545328,2,стабильный,469.7,2,2
1486,городской округ Шаховская,Шаховская,Московская область,городской округ,56.031464,35.5102036,2,стабильный,402.6,2,2
1488,городской округ Электросталь,Электросталь,Московская область,городской округ,55.7903785,38.4405711,4,устойчивый сдвиг,492.6,4,4
1489,городской округ Волоколамский,Волоколамский,Московская область,городской округ,56.0360129,35.9583358,2,стабильный,417.7,2,2
1490,городской округ Воскресенск,Воскресенск,Московская область,городской округ,55.322518,38.6816824,2,стабильный,451.2,2,2
1491,городской округ Дмитровский,Дмитровский,Московская область,городской округ,56.3450695,37.5200723,2,стабильный,458.3,2,2
1492,городской округ Клин,Клин,Московская область,городской округ,56.3355601,36.7351318,2,стабильный,440.6,2,2
1493,городской округ Ленинский,Ленинский,Московская область,городской округ,55.5571496,37.7087142,4,стабильный,565.5,4,4
1494,городской округ Лотошино,Лотошино,Московская область,городской округ,56.228891,35.6399029,1,стабильный,399.8,1,1
1495,городской округ Можайский,Можайский,Московская область,городской округ,55.5095679,35.986899,2,стабильный,425.5,2,2
1496,городской округ Богородский,Богородский,Московская область,городской округ,55.8553511,38.4411898,2,стабильный,494.0,2,2
1500,городской округ Раменский,Раменский,Московская область,городской округ,55.5709361,38.2282099,4,устойчивый сдвиг,498.5,4,4
1501,городской округ Сергиево-Посадский,Сергиево-Посадский,Московская область,городской округ,56.3153284,38.1359898,2,колебания,460.2,2,2
1504,городской округ Талдомский,Талдомский,Московская область,городской округ,56.730941,37.528016,2,стабильный,418.2,2,2
1506,городской округ город Мурманск,Мурманск,Мурманская область,городской округ,68.970665,33.07497,5,стабильный,214.9,5,5
1507,муниципальный округ город Апатиты,Апатиты,Мурманская область,муниципальный округ,67.568626,33.404392,5,стабильный,221.7,5,5
1508,муниципальный округ город Кировск,Кировск,Мурманская область,муниципальный округ,67.6151331,33.6637527,5,стабильный,221.3,5,5
1509,муниципальный округ город Мончегорск,Мончегорск,Мурманская область,муниципальный округ,67.939903,32.931679,5,стабильный,222.0,5,5
1510,муниципальный округ город Оленегорск,Оленегорск,Мурманская область,муниципальный округ,68.140732,33.282597,5,стабильный,220.8,5,5
1511,муниципальный округ город Полярные Зори,Полярные Зори,Мурманская область,муниципальный округ,67.3659225,32.5010277,5,стабильный,226.0,5,5
1512,Ковдорский муниципальный округ,Ковдорский,Мурманская область,муниципальный округ,67.563049,30.474108,5,стабильный,218.9,5,5
1518,Кандалакшский муниципальный район,Кандалакшский,Мурманская область,муниципальный район,67.1507901,32.4082716,5,стабильный,226.7,5,5
1519,Кольский муниципальный район,Кольский,Мурманская область,муниципальный район,68.880638,33.019726,5,стабильный,220.1,5,5
1520,Ловозерский муниципальный район,Ловозерский,Мурманская область,муниципальный район,68.0058828,35.0172148,5,стабильный,216.5,5,5
1521,Печенгский муниципальный округ,Печенгский,Мурманская область,муниципальный округ,69.4062217,30.2114216,5,стабильный,207.1,5,5
1522,Терский муниципальный район,Терский,Мурманская область,муниципальный район,66.6780339,34.3376019,5,стабильный,220.3,5,5
1523,городской округ город Нижний Новгород,Нижний Новгород,Нижегородская область,городской округ,56.3264816,44.0051395,2,стабильный,367.7,2,2
1525,городской округ город Бор,Бор,Нижегородская область,городской округ,56.3598289,44.0542641,2,стабильный,381.3,2,2
1526,городской округ город Выкса,Выкса,Нижегородская область,городской округ,55.318774,42.1800408,2,стабильный,374.7,2,2
1527,городской округ город Дзержинск,Дзержинск,Нижегородская область,городской округ,56.2382157,43.4617405,2,стабильный,380.2,2,2
1528,городской округ город Кулебаки,Кулебаки,Нижегородская область,городской округ,55.429287,42.511879,1,стабильный,375.0,1,1
1529,городской округ Навашинский,Навашинский,Нижегородская область,городской округ,55.544071,42.188671,1,стабильный,383.2,1,1
1530,городской округ Перевозский,Перевозский,Нижегородская область,городской округ,55.596546,44.544846,1,стабильный,369.5,1,1
1532,городской округ Семеновский,Семеновский,Нижегородская область,городской округ,56.788342,44.49155,1,колебания,361.5,3,3
1533,городской округ город Шахунья,Шахунья,Нижегородская область,городской округ,57.6730182,46.6152378,1,стабильный,337.0,1,1
1534,городской округ город Первомайск,Первомайск,Нижегородская область,городской округ,54.8666491,43.8054106,1,стабильный,364.6,1,1
1535,городской округ Сокольский,Сокольский,Нижегородская область,городской округ,57.143093,43.16357,1,стабильный,345.2,1,1
1536,городской округ город Чкаловск,Чкаловск,Нижегородская область,городской округ,56.764915,43.243324,1,стабильный,364.3,1,1
1537,Ардатовский муниципальный округ,Ардатовский,Нижегородская область,муниципальный округ,55.2410408,43.0968037,0,стабильный,373.3,0,0
1539,Балахнинский муниципальный округ,Балахнинский,Нижегородская область,муниципальный округ,56.4870505,43.6039553,2,стабильный,378.5,2,2
1540,Богородский муниципальный округ,Богородский,Нижегородская область,муниципальный округ,56.103416,43.516819,2,стабильный,379.5,2,2
1541,Большеболдинский муниципальный округ,Большеболдинский,Нижегородская область,муниципальный округ,55.000713,45.310505,0,стабильный,361.0,0,0
1542,Большемурашкинский муниципальный округ,Большемурашкинский,Нижегородская область,муниципальный округ,55.7837504,44.7763185,1,устойчивый сдвиг,369.3,1,0
1543,Бутурлинский муниципальный округ,Бутурлинский,Нижегородская область,муниципальный округ,55.568863,44.891453,0,колебания,367.2,0,0
1544,Вадский муниципальный округ,Вадский,Нижегородская область,муниципальный округ,55.5313789,44.2092517,1,колебания,371.7,3,0
1545,Варнавинский муниципальный округ,Варнавинский,Нижегородская область,муниципальный округ,57.396695,45.0849216,0,стабильный,340.0,0,0
1546,Вачский муниципальный округ,Вачский,Нижегородская область,муниципальный округ,55.801029,42.772099,0,колебания,376.4,0,0
1547,Ветлужский муниципальный округ,Ветлужский,Нижегородская область,муниципальный округ,57.85287,45.7757157,0,стабильный,335.3,0,0
1548,Вознесенский муниципальный округ,Вознесенский,Нижегородская область,муниципальный округ,54.8906328,42.7598373,0,стабильный,370.2,0,0
1549,Володарский муниципальный округ,Володарский,Нижегородская область,муниципальный округ,56.224304,43.182655,1,стабильный,381.6,1,1
1550,городской округ Воротынский,Воротынский,Нижегородская область,городской округ,56.0604696,45.862528,1,колебания,363.4,1,1
1551,Воскресенский муниципальный округ,Воскресенский,Нижегородская область,муниципальный округ,56.8383333,45.4330556,0,стабильный,349.7,0,0
1552,Гагинский муниципальный округ,Гагинский,Нижегородская область,муниципальный округ,55.2314867,45.0280811,0,стабильный,363.6,0,0
1553,Городецкий муниципальный округ,Городецкий,Нижегородская область,муниципальный округ,56.647141,43.476002,2,стабильный,366.9,2,2
1554,Дальнеконстантиновский муниципальный округ,Дальнеконстантиновский,Нижегородская область,муниципальный округ,55.80777,44.094025,1,стабильный,371.9,1,1
1555,Дивеевский муниципальный округ,Дивеевский,Нижегородская область,муниципальный округ,55.041687,43.245518,1,колебания,371.0,1,1
1556,Княгининский муниципальный округ,Княгининский,Нижегородская область,муниципальный округ,55.821281,45.031601,1,стабильный,366.7,1,1
1557,Ковернинский муниципальный округ,Ковернинский,Нижегородская область,муниципальный округ,57.12611,43.816387,1,стабильный,350.9,1,1
1558,Краснобаковский муниципальный округ,Краснобаковский,Нижегородская область,муниципальный округ,57.1268348,45.1664096,3,устойчивый сдвиг,347.8,3,1
1559,Краснооктябрьский муниципальный округ,Краснооктябрьский,Нижегородская область,муниципальный округ,55.399989,45.6168658,0,стабильный,364.1,0,0
1560,Кстовский муниципальный округ,Кстовский,Нижегородская область,муниципальный округ,56.149551,44.198032,2,стабильный,381.1,2,2
1561,Лукояновский муниципальный округ,Лукояновский,Нижегородская область,муниципальный округ,55.034821,44.492725,0,стабильный,366.9,0,0
1562,Лысковский муниципальный округ,Лысковский,Нижегородская область,муниципальный округ,56.027885,45.038315,1,стабильный,367.7,1,1
1563,Павловский муниципальный округ,Павловский,Нижегородская область,муниципальный округ,55.965137,43.071114,2,стабильный,378.5,2,2
1564,Пильнинский муниципальный округ,Пильнинский,Нижегородская область,муниципальный округ,55.5522547,45.9207853,0,стабильный,361.3,0,0
1565,Починковский муниципальный округ,Починковский,Нижегородская область,муниципальный округ,54.6974517,44.8612893,3,колебания,362.2,1,1
1566,Сергачский муниципальный округ,Сергачский,Нижегородская область,муниципальный округ,55.532822,45.4616976,1,колебания,364.1,1,0
1567,Сеченовский муниципальный округ,Сеченовский,Нижегородская область,муниципальный округ,55.2257213,45.8937291,0,стабильный,362.5,0,0
1568,Сосновский муниципальный округ,Сосновский,Нижегородская область,муниципальный округ,55.8050772,43.1669499,1,колебания,375.7,1,1
1569,Спасский муниципальный округ,Спасский,Нижегородская область,муниципальный округ,55.8579699,45.6954529,0,стабильный,362.2,0,0
1570,Тонкинский муниципальный округ,Тонкинский,Нижегородская область,муниципальный округ,57.372272,46.458287,3,колебания,338.4,3,0
1571,Тоншаевский муниципальный округ,Тоншаевский,Нижегородская область,муниципальный округ,57.732841,47.011944,3,колебания,330.8,0,3
1572,Уренский муниципальный округ,Уренский,Нижегородская область,муниципальный округ,57.4614974,45.7878911,3,стабильный,341.7,3,3
1573,Шарангский муниципальный округ,Шарангский,Нижегородская область,муниципальный округ,57.1773441,46.5445937,3,колебания,337.0,0,0
1574,Шатковский муниципальный округ,Шатковский,Нижегородская область,муниципальный округ,55.188023,44.127811,1,колебания,369.3,1,1
1575,городской округ Великий Новгород,Великий Новгород,Новгородская область,городской округ,58.5609587,31.2809005856491,2,стабильный,358.7,2,2
1577,Боровичский муниципальный район,Боровичский,Новгородская область,муниципальный район,58.389009,33.9068275,2,стабильный,333.2,2,2
1578,Валдайский муниципальный район,Валдайский,Новгородская область,муниципальный район,57.9791414,33.2537994,1,колебания,339.1,1,1
1579,муниципальный округ Волотовский,Волотовский,Новгородская область,муниципальный округ,57.9301007,30.7090808,1,колебания,312.2,1,1
1580,муниципальный округ Демянский,Демянский,Новгородская область,муниципальный округ,57.6423554,32.4646788,0,стабильный,324.7,0,0
1581,муниципальный округ Крестецкий,Крестецкий,Новгородская область,муниципальный округ,58.247665,32.522858,1,стабильный,333.4,1,1
1582,Любытинский муниципальный район,Любытинский,Новгородская область,муниципальный район,58.8142322,33.3976972,1,колебания,326.1,1,1
1583,Маловишерский муниципальный район,Маловишерский,Новгородская область,муниципальный район,58.844215,32.218636,1,стабильный,322.8,1,1
1584,муниципальный округ Марёвский,Марёвский,Новгородская область,муниципальный округ,57.315285,32.082283,0,колебания,322.3,0,0
1585,муниципальный округ Мошенской,Мошенской,Новгородская область,муниципальный округ,58.512428,34.5849085,0,колебания,327.7,0,1
1586,Новгородский муниципальный район,Новгородский,Новгородская область,муниципальный район,58.5609587,31.2809005856491,2,стабильный,442.3,2,2
1587,Окуловский муниципальный район,Окуловский,Новгородская область,муниципальный район,58.3740782,33.3009383,1,стабильный,335.3,1,1
1588,Парфинский муниципальный район,Парфинский,Новгородская область,муниципальный район,57.9713226,31.649848,1,стабильный,318.5,1,1
1589,муниципальный округ Пестовский,Пестовский,Новгородская область,муниципальный округ,58.5981825,35.81432054429986,1,стабильный,336.5,1,1
1590,Поддорский муниципальный район,Поддорский,Новгородская область,муниципальный район,57.470387,31.111748,0,колебания,313.6,0,0
1591,муниципальный округ Солецкий,Солецкий,Новгородская область,муниципальный округ,58.119003,30.309679,1,колебания,313.8,0,1
1592,Старорусский муниципальный район,Старорусский,Новгородская область,муниципальный район,57.9898923,31.3634905,1,стабильный,316.6,1,1
1593,муниципальный округ Хвойнинский,Хвойнинский,Новгородская область,муниципальный округ,58.8960621,34.5121844,1,стабильный,322.1,1,1
1594,Холмский муниципальный район,Холмский,Новгородская область,муниципальный район,57.15407424999999,31.17085196949452,1,колебания,316.9,1,0
1595,Чудовский муниципальный район,Чудовский,Новгородская область,муниципальный район,59.1240916,31.68621497690631,1,стабильный,330.1,1,1
1596,Шимский муниципальный район,Шимский,Новгородская область,муниципальный район,58.2117,30.724808,1,устойчивый сдвиг,318.8,1,1
1597,городской округ город Новосибирск,Новосибирск,Новосибирская область,городской округ,54.96781445,82.95159894278376,2,стабильный,308.6,2,2
1598,городской округ город Бердск,Бердск,Новосибирская область,городской округ,54.7437662,83.06268907860164,2,стабильный,248.2,2,2
1599,городской округ город Искитим,Искитим,Новосибирская область,городской округ,54.61506035,83.29727586648599,2,стабильный,268.9,2,2
1600,городской округ город Обь,Обь,Новосибирская область,городской округ,54.9951335,82.6933946,2,стабильный,256.9,2,2
1601,городской округ рабочий поселок Кольцово,Кольцово,Новосибирская область,городской округ,54.9367736,83.187139,2,стабильный,255.0,2,2
1602,Баганский муниципальный район,Баганский,Новосибирская область,муниципальный район,54.0968728,77.6718776,3,колебания,233.1,3,3
1603,Барабинский муниципальный район,Барабинский,Новосибирская область,муниципальный район,55.3567611,78.350348,3,стабильный,237.5,3,3
1604,Болотнинский муниципальный район,Болотнинский,Новосибирская область,муниципальный район,55.6715707,84.388557,3,стабильный,236.6,3,3
1605,Венгеровский муниципальный район,Венгеровский,Новосибирская область,муниципальный район,55.681034,76.739029,0,стабильный,238.0,0,0
1606,Доволенский муниципальный район,Доволенский,Новосибирская область,муниципальный район,54.495785,79.667091,0,стабильный,232.3,0,0
1607,Здвинский муниципальный район,Здвинский,Новосибирская область,муниципальный район,54.703968,78.667595,0,стабильный,233.1,0,0
1608,Искитимский муниципальный район,Искитимский,Новосибирская область,муниципальный район,54.61506035,83.29727586648599,1,стабильный,268.2,1,1
1609,Карасукский муниципальный район,Карасукский,Новосибирская область,муниципальный район,53.73447,78.032372,3,стабильный,231.9,3,3
1610,Каргатский муниципальный район,Каргатский,Новосибирская область,муниципальный район,55.1929899,80.2828252,1,стабильный,236.8,1,1
1611,Колыванский муниципальный район,Колыванский,Новосибирская область,муниципальный район,55.3068791,82.7433464,3,колебания,244.2,1,1
1612,Коченевский муниципальный район,Коченевский,Новосибирская область,муниципальный район,55.021442,82.207718,1,колебания,237.5,1,1
1613,Кочковский муниципальный район,Кочковский,Новосибирская область,муниципальный район,54.334766,80.487846,0,стабильный,232.6,0,0
1614,Краснозерский муниципальный район,Краснозерский,Новосибирская область,муниципальный район,53.984768,79.228577,0,стабильный,231.4,0,0
1615,Куйбышевский муниципальный район,Куйбышевский,Новосибирская область,муниципальный район,55.4454258,78.3222294,2,устойчивый сдвиг,236.4,3,2
1616,Купинский муниципальный район,Купинский,Новосибирская область,муниципальный район,54.364929,77.30854,3,колебания,234.0,3,3
1617,Кыштовский муниципальный район,Кыштовский,Новосибирская область,муниципальный район,56.55957,76.624588,0,стабильный,231.4,0,0
1618,Маслянинский муниципальный район,Маслянинский,Новосибирская область,муниципальный район,54.345501,84.21067,1,колебания,233.3,1,1
1619,Мошковский муниципальный район,Мошковский,Новосибирская область,муниципальный район,55.304806,83.611855,1,колебания,241.8,3,3
1620,Новосибирский муниципальный район,Новосибирский,Новосибирская область,муниципальный район,54.96781445,82.95159894278376,2,стабильный,1000.0,2,2
1621,Ордынский муниципальный район,Ордынский,Новосибирская область,муниципальный район,54.366676,81.904022,3,стабильный,237.1,3,3
1622,Северный муниципальный район,Северный,Новосибирская область,муниципальный район,56.3500996,78.3649455,0,колебания,230.5,1,0
1623,Сузунский муниципальный район,Сузунский,Новосибирская область,муниципальный район,53.783924,82.316231,3,стабильный,226.2,3,3
1624,Татарский муниципальный район,Татарский,Новосибирская область,муниципальный район,55.216961,75.962196,3,устойчивый сдвиг,241.1,1,3
1625,Тогучинский муниципальный район,Тогучинский,Новосибирская область,муниципальный район,55.23769,84.402458,3,стабильный,237.3,3,3
1626,Убинский муниципальный район,Убинский,Новосибирская область,муниципальный район,55.306721,79.679375,0,стабильный,236.6,0,0
1627,Усть-Таркский муниципальный район,Усть-Таркский,Новосибирская область,муниципальный район,55.563934,75.706017,1,устойчивый сдвиг,240.4,1,1
1628,Чановский муниципальный район,Чановский,Новосибирская область,муниципальный район,55.308064,76.759605,3,устойчивый сдвиг,239.7,3,3
1629,Черепановский муниципальный район,Черепановский,Новосибирская область,муниципальный район,54.226101,83.370468,1,колебания,237.3,1,1
1630,Чистоозерный муниципальный район,Чистоозерный,Новосибирская область,муниципальный район,54.712204,76.582344,3,колебания,236.8,3,3
1631,Чулымский муниципальный район,Чулымский,Новосибирская область,муниципальный район,55.09,80.970459,1,колебания,237.5,1,1
1632,городской округ город Омск,Омск,Омская область,городской округ,54.991375,73.371529,2,стабильный,242.0,2,2
1633,Азовский немецкий национальный муниципальный район,Азовский немецкий,Омская область,муниципальный район,54.70385,73.026871,1,устойчивый сдвиг,250.8,1,1
1634,Большереченский муниципальный район,Большереченский,Омская область,муниципальный район,56.094585,74.639519,1,колебания,238.5,1,1
1635,Большеуковский муниципальный район,Большеуковский,Омская область,муниципальный район,56.949043,72.625717,0,стабильный,240.1,0,0
1636,Горьковский муниципальный район,Горьковский,Омская область,муниципальный район,55.371033,74.362556,0,колебания,244.6,0,0
1637,Знаменский муниципальный район,Знаменский,Омская область,муниципальный район,57.127403,73.821983,0,стабильный,237.1,0,0
1638,Исилькульский муниципальный район,Исилькульский,Омская область,муниципальный район,54.904892,71.259987,1,колебания,249.1,3,1
1639,Калачинский муниципальный район,Калачинский,Омская область,муниципальный район,55.049091,74.582428,1,стабильный,246.8,1,1
1640,Колосовский муниципальный район,Колосовский,Омская область,муниципальный район,56.467625,73.606575,0,стабильный,242.0,0,0
1641,Кормиловский муниципальный район,Кормиловский,Омская область,муниципальный район,55.002613,74.092224,1,колебания,251.5,1,1
1642,Крутинский муниципальный район,Крутинский,Омская область,муниципальный район,56.006351,71.511307,0,стабильный,253.1,0,0
1643,Любинский муниципальный район,Любинский,Омская область,муниципальный район,55.156715,72.699005,1,стабильный,251.5,1,1
1644,Марьяновский муниципальный район,Марьяновский,Омская область,муниципальный район,54.960659,72.637947,1,стабильный,251.7,1,1
1645,Москаленский муниципальный район,Москаленский,Омская область,муниципальный район,54.939468,71.92588,0,колебания,249.1,1,0
1646,Муромцевский муниципальный район,Муромцевский,Омская область,муниципальный район,56.369392,75.237198,0,колебания,234.2,0,0
1647,Называевский муниципальный район,Называевский,Омская область,муниципальный район,55.564896,71.349365,0,стабильный,251.9,0,0
1648,Нижнеомский муниципальный район,Нижнеомский,Омская область,муниципальный район,55.43359,74.938004,0,стабильный,243.4,0,0
1649,Нововаршавский муниципальный район,Нововаршавский,Омская область,муниципальный район,54.170616,74.696037,0,устойчивый сдвиг,236.4,0,1
1650,Одесский муниципальный район,Одесский,Омская область,муниципальный район,54.20969,72.965538,0,колебания,242.7,1,0
1651,Оконешниковский муниципальный район,Оконешниковский,Омская область,муниципальный район,54.8373364,75.0727251,0,колебания,242.7,0,0
1652,Омский муниципальный район,Омский,Омская область,муниципальный район,55.019558,73.580765,2,колебания,260.0,2,3
1653,Павлоградский муниципальный район,Павлоградский,Омская область,муниципальный район,54.205006,73.556488,1,устойчивый сдвиг,242.5,1,0
1654,Полтавский муниципальный район,Полтавский,Омская область,муниципальный район,54.3642388,71.7609168,0,колебания,245.8,3,0
1655,Русско-Полянский муниципальный район,Русско-Полянский,Омская область,муниципальный район,53.780357,73.882103,0,колебания,236.1,1,0
1656,Саргатский муниципальный район,Саргатский,Омская область,муниципальный район,55.603386,73.490257,0,колебания,247.5,1,0
1657,Седельниковский муниципальный район,Седельниковский,Омская область,муниципальный район,56.945618,75.306061,0,стабильный,235.7,0,0
1658,Таврический муниципальный район,Таврический,Омская область,муниципальный район,54.586674,73.637436,1,стабильный,247.9,1,1
1659,Тарский муниципальный район,Тарский,Омская область,муниципальный район,56.8757689,74.4196755,3,стабильный,237.3,3,3
1660,Тевризский муниципальный район,Тевризский,Омская область,муниципальный район,57.513668,72.398911,0,стабильный,240.9,0,0
1661,Тюкалинский муниципальный район,Тюкалинский,Омская область,муниципальный район,55.870556,72.196617,0,стабильный,252.2,0,0
1662,Усть-Ишимский муниципальный район,Усть-Ишимский,Омская область,муниципальный район,57.693462,71.169968,3,устойчивый сдвиг,244.2,3,0
1663,Черлакский муниципальный район,Черлакский,Омская область,муниципальный район,54.154067,74.7974987,1,колебания,238.5,0,0
1664,Шербакульский муниципальный район,Шербакульский,Омская область,муниципальный район,54.631046,72.392822,0,колебания,246.0,0,0
1665,городской округ город Оренбург,Оренбург,Оренбургская область,городской округ,51.7671248,55.0978517,2,стабильный,345.2,2,2
1666,городской округ Абдулинский,Абдулинский,Оренбургская область,городской округ,53.6828,53.655701,0,стабильный,326.1,0,0
1667,городской округ город Бугуруслан,Бугуруслан,Оренбургская область,городской округ,53.6527806,52.4340458,2,устойчивый сдвиг,342.9,2,2
1668,городской округ город Бузулук,Бузулук,Оренбургская область,городской округ,52.7586837,52.28831670221607,2,стабильный,341.7,2,2
1669,городской округ Гайский,Гайский,Оренбургская область,городской округ,51.471443,58.440517,1,стабильный,280.8,1,1
1670,городской округ Кувандыкский,Кувандыкский,Оренбургская область,городской округ,51.478756,57.350796,1,стабильный,286.4,1,1
1671,городской округ город Медногорск,Медногорск,Оренбургская область,городской округ,51.4049435,57.5803138,1,стабильный,285.7,1,1
1672,городской округ город Новотроицк,Новотроицк,Оренбургская область,городской округ,51.196369,58.298527,2,устойчивый сдвиг,280.8,2,2
1673,городской округ город Орск,Орск,Оренбургская область,городской округ,51.2305015,58.4738015,2,устойчивый сдвиг,278.6,2,2
1674,городской округ Соль-Илецкий,Соль-Илецкий,Оренбургская область,городской округ,51.161289,54.996372,1,колебания,291.6,1,1
1675,городской округ Сорочинский,Сорочинский,Оренбургская область,городской округ,52.426971,53.154175,3,стабильный,313.8,3,3
1676,городской округ Ясненский,Ясненский,Оренбургская область,городской округ,51.036957,59.873268,1,стабильный,268.7,1,1
1678,Адамовский муниципальный район,Адамовский,Оренбургская область,муниципальный район,51.520966,59.940235,0,стабильный,270.6,0,0
1679,Акбулакский муниципальный район,Акбулакский,Оренбургская область,муниципальный район,51.006439,55.62648,1,колебания,285.5,1,1
1680,Александровский муниципальный район,Александровский,Оренбургская область,муниципальный район,52.680561,54.413418,0,стабильный,310.5,0,0
1681,Асекеевский муниципальный район,Асекеевский,Оренбургская область,муниципальный район,53.580097,52.82431,0,стабильный,327.3,0,0
1682,Беляевский муниципальный район,Беляевский,Оренбургская область,муниципальный район,51.398891,56.409542,1,стабильный,290.4,1,1
1683,Бугурусланский муниципальный район,Бугурусланский,Оренбургская область,муниципальный район,53.6527806,52.4340458,1,колебания,358.9,1,3
1685,Грачёвский муниципальный район,Грачёвский,Оренбургская область,муниципальный район,52.919601,52.879501,0,колебания,318.8,0,0
1686,Домбаровский муниципальный район,Домбаровский,Оренбургская область,муниципальный район,50.760067,59.536777,1,стабильный,267.5,1,1
1687,Илекский муниципальный район,Илекский,Оренбургская область,муниципальный район,51.527264,53.383327,0,стабильный,299.6,0,0
1688,Кваркенский муниципальный район,Кваркенский,Оренбургская область,муниципальный район,52.084141,59.722305,0,колебания,270.6,0,0
1689,Красногвардейский муниципальный район,Красногвардейский,Оренбургская область,муниципальный район,52.8480171,53.4871553,0,стабильный,313.8,0,0
1690,Курманаевский муниципальный район,Курманаевский,Оренбургская область,муниципальный район,52.506886,52.067692,0,стабильный,317.4,0,0
1691,Матвеевский муниципальный район,Матвеевский,Оренбургская область,муниципальный район,53.511856,53.482029,0,стабильный,323.5,0,0
1692,Новоорский муниципальный район,Новоорский,Оренбургская область,муниципальный район,51.3812897,58.9857207,1,стабильный,276.3,1,1
1693,Новосергиевский муниципальный район,Новосергиевский,Оренбургская область,муниципальный район,52.081001,53.653702,1,устойчивый сдвиг,309.3,0,0
1694,Октябрьский муниципальный район,Октябрьский,Оренбургская область,муниципальный район,52.345226,55.507576,1,стабильный,305.5,1,1
1696,Первомайский муниципальный район,Первомайский,Оренбургская область,муниципальный район,51.902344,51.639091,1,колебания,308.4,0,0
1697,Переволоцкий муниципальный район,Переволоцкий,Оренбургская область,муниципальный район,51.8749502,54.2080495,0,колебания,305.3,0,0
1698,Пономарёвский муниципальный район,Пономарёвский,Оренбургская область,муниципальный район,53.314846,54.121265,0,стабильный,320.9,0,0
1699,Сакмарский муниципальный район,Сакмарский,Оренбургская область,муниципальный район,51.9846,55.333401,1,колебания,304.6,1,1
1700,Саракташский муниципальный район,Саракташский,Оренбургская область,муниципальный район,51.7833,56.3591,1,стабильный,295.2,1,1
1701,Светлинский муниципальный район,Светлинский,Оренбургская область,муниципальный район,50.820313,60.850288,1,стабильный,260.2,1,1
1702,Северный муниципальный район,Северный,Оренбургская область,муниципальный район,54.091789,52.541626,0,стабильный,337.2,0,0
1703,Ташлинский муниципальный район,Ташлинский,Оренбургская область,муниципальный район,51.7696795,52.7403401,0,стабильный,304.1,0,0
1704,Тоцкий муниципальный район,Тоцкий,Оренбургская область,муниципальный район,52.530071,52.748413,2,устойчивый сдвиг,316.2,2,2
1705,Тюльганский муниципальный район,Тюльганский,Оренбургская область,муниципальный район,52.342068,56.161255,1,устойчивый сдвиг,300.8,1,0
1706,Шарлыкский муниципальный район,Шарлыкский,Оренбургская область,муниципальный район,52.9276338,54.7455627,0,стабильный,314.5,0,0
1707,городской округ город Орёл,Орёл,Орловская область,городской округ,52.96801714999999,36.09949941816104,2,стабильный,408.0,2,2
1708,городской округ город Ливны,Ливны,Орловская область,городской округ,52.42861105,37.60360592292363,1,стабильный,379.0,1,1
1709,городской округ город Мценск,Мценск,Орловская область,городской округ,53.28197315,36.56915665105407,1,стабильный,381.1,1,1
1710,Болховский муниципальный район,Болховский,Орловская область,муниципальный район,53.448994,36.002232,1,колебания,364.3,1,1
1711,Верховский муниципальный район,Верховский,Орловская область,муниципальный район,52.810467,37.239925,1,устойчивый сдвиг,361.7,1,1
1712,Глазуновский муниципальный район,Глазуновский,Орловская область,муниципальный район,52.499466,36.322838,1,колебания,354.0,0,0
1714,Должанский муниципальный район,Должанский,Орловская область,муниципальный район,52.0552637,37.5295749,0,стабильный,348.5,0,0
1715,Залегощенский муниципальный район,Залегощенский,Орловская область,муниципальный район,52.90242,36.893154,0,колебания,361.0,1,0
1717,Колпнянский муниципальный район,Колпнянский,Орловская область,муниципальный район,52.222736,37.028606,0,колебания,350.9,0,0
1718,Краснозоренский муниципальный район,Краснозоренский,Орловская область,муниципальный район,52.780712,37.690243,0,стабильный,362.0,0,0
1719,Кромской муниципальный район,Кромской,Орловская область,муниципальный район,52.688126,35.768337,1,колебания,354.9,1,1
1722,Малоархангельский муниципальный район,Малоархангельский,Орловская область,муниципальный район,52.399578,36.504021,0,стабильный,352.5,0,0
1724,Новодеревеньковский муниципальный район,Новодеревеньковский,Орловская область,муниципальный район,52.854115,37.446629,0,стабильный,361.7,0,0
1725,Новосильский муниципальный район,Новосильский,Орловская область,муниципальный район,52.972939,37.041908,0,стабильный,362.7,0,0
1726,муниципальный округ Орловский,Орловский,Орловская область,муниципальный округ,52.96801714999999,36.09949941816104,2,стабильный,566.7,2,2
1727,Покровский муниципальный район,Покровский,Орловская область,муниципальный район,52.607849,36.866261,0,стабильный,356.6,0,0
1728,Свердловский муниципальный район,Свердловский,Орловская область,муниципальный район,52.672192,36.380112,1,колебания,357.7,1,1
1730,Троснянский муниципальный район,Троснянский,Орловская область,муниципальный район,52.448105,35.780979,0,колебания,351.6,0,0
1731,Урицкий муниципальный район,Урицкий,Орловская область,муниципальный район,52.97002115,35.71989336815815,1,стабильный,356.3,1,1
1732,Хотынецкий муниципальный район,Хотынецкий,Орловская область,муниципальный район,53.12459645,35.40448606686389,0,стабильный,351.8,0,0
1733,Шаблыкинский муниципальный район,Шаблыкинский,Орловская область,муниципальный район,52.853958,35.195244,0,колебания,345.5,0,0
1737,Башмаковский муниципальный район,Башмаковский,Пензенская область,муниципальный район,53.2122204,43.0360244,0,стабильный,358.0,0,0
1738,Бековский муниципальный район,Бековский,Пензенская область,муниципальный район,52.4581207,43.7039446,0,колебания,354.0,0,0
1739,Белинский муниципальный район,Белинский,Пензенская область,муниципальный район,52.9669338,43.4130625,0,стабильный,359.4,0,0
1740,Бессоновский муниципальный район,Бессоновский,Пензенская область,муниципальный район,53.309643,45.041382,2,колебания,365.5,3,3
1741,Вадинский муниципальный район,Вадинский,Пензенская область,муниципальный район,53.689247,43.044308,0,стабильный,362.7,0,0
1742,Городищенский муниципальный район,Городищенский,Пензенская область,муниципальный район,53.273724,45.702282,1,колебания,358.0,1,0
1743,Земетчинский муниципальный район,Земетчинский,Пензенская область,муниципальный район,53.4947753,42.618641,0,стабильный,358.9,0,0
1744,Иссинский муниципальный район,Иссинский,Пензенская область,муниципальный район,53.865589,44.839645,0,стабильный,362.2,0,0
1745,Каменский муниципальный район,Каменский,Пензенская область,муниципальный район,53.1850012,44.0529066,1,колебания,361.0,0,0
1746,Камешкирский муниципальный район,Камешкирский,Пензенская область,муниципальный район,52.862823,46.091095,0,стабильный,351.6,0,0
1747,Колышлейский муниципальный район,Колышлейский,Пензенская область,муниципальный район,52.702633,44.535477,0,стабильный,356.6,0,0
1749,Лопатинский муниципальный район,Лопатинский,Пензенская область,муниципальный район,52.614059,45.810112,0,стабильный,350.4,0,0
1750,Лунинский муниципальный район,Лунинский,Пензенская область,муниципальный район,53.588295,45.222881,0,стабильный,358.2,0,0
1751,Малосердобинский муниципальный район,Малосердобинский,Пензенская область,муниципальный район,52.46751,44.957035,0,стабильный,352.1,0,0
1752,Мокшанский муниципальный район,Мокшанский,Пензенская область,муниципальный район,53.439527,44.6059867,1,колебания,365.1,0,1
1753,Наровчатский муниципальный район,Наровчатский,Пензенская область,муниципальный район,53.879417,43.699471,0,стабильный,364.3,0,0
1754,Неверкинский муниципальный район,Неверкинский,Пензенская область,муниципальный район,52.79063,46.738441,0,стабильный,347.6,0,0
1755,Нижнеломовский муниципальный район,Нижнеломовский,Пензенская область,муниципальный район,53.529991,43.673626,0,стабильный,363.9,0,0
1756,Никольский муниципальный район,Никольский,Пензенская область,муниципальный район,53.714596,46.085175,0,стабильный,352.1,0,0
1757,Пачелмский муниципальный район,Пачелмский,Пензенская область,муниципальный район,53.3320723,43.3199188,0,стабильный,359.6,0,0
1758,Пензенский муниципальный район,Пензенский,Пензенская область,муниципальный район,52.824474,45.049759,2,стабильный,356.8,2,2
1759,Сердобский муниципальный район,Сердобский,Пензенская область,муниципальный район,52.4559067,44.2029162,1,колебания,352.8,0,1
1760,Сосновоборский муниципальный район,Сосновоборский,Пензенская область,муниципальный район,53.294201,46.245583,0,стабильный,350.4,0,0
1761,Спасский муниципальный район,Спасский,Пензенская область,муниципальный район,53.92689525,43.19261628955434,0,стабильный,365.8,0,0
1762,Тамалинский муниципальный район,Тамалинский,Пензенская область,муниципальный район,52.539822,43.255024,0,стабильный,356.6,0,0
1764,городской округ город Псков,Псков,Псковская область,городской округ,57.8173923,28.3343465,2,стабильный,324.2,2,2
1765,городской округ город Великие Луки,Великие Луки,Псковская область,городской округ,56.342361,30.527922,2,стабильный,328.2,2,2
1766,Бежаницкий муниципальный район,Бежаницкий,Псковская область,муниципальный район,56.9738846,29.8845309,1,стабильный,309.1,1,1
1768,Гдовский муниципальный район,Гдовский,Псковская область,муниципальный район,58.743066,27.8156854,1,стабильный,299.6,1,1
1769,Дедовичский муниципальный район,Дедовичский,Псковская область,муниципальный район,57.551205,29.945297,1,стабильный,303.9,1,1
1770,Дновский муниципальный район,Дновский,Псковская область,муниципальный район,57.8288277,29.9611357,1,стабильный,305.8,1,1
1771,муниципальный округ Красногородский,Красногородский,Псковская область,муниципальный округ,56.830654,28.284595,0,стабильный,299.4,0,0
1773,муниципальный округ Локнянский,Локнянский,Псковская область,муниципальный округ,56.824783,30.144482,0,стабильный,311.7,0,0
1774,муниципальный округ Невельский,Невельский,Псковская область,муниципальный округ,56.017616,29.917128,0,колебания,311.5,1,1
1775,муниципальный округ Новоржевский,Новоржевский,Псковская область,муниципальный округ,57.031181,29.332918,0,колебания,303.4,1,0
1776,Новосокольнический муниципальный район,Новосокольнический,Псковская область,муниципальный район,56.34245945,30.15707084017992,1,стабильный,316.2,1,1
1777,муниципальный округ Опочецкий,Опочецкий,Псковская область,муниципальный округ,56.71167,28.656818,1,колебания,303.2,1,0
1778,Островский муниципальный район,Островский,Псковская область,муниципальный район,57.3414472,28.33858206894103,1,стабильный,299.4,1,1
1780,муниципальный округ Печорский,Печорский,Псковская область,муниципальный округ,57.813305,27.608185,1,стабильный,291.9,1,1
1781,Плюсский муниципальный район,Плюсский,Псковская область,муниципальный район,58.420612,29.3706,1,колебания,307.4,1,0
1782,Порховский муниципальный район,Порховский,Псковская область,муниципальный район,57.7680489,29.55114188079801,1,стабильный,305.1,1,1
1783,Псковский муниципальный район,Псковский,Псковская область,муниципальный район,57.8173923,28.3343465,2,стабильный,414.2,2,2
1784,Пустошкинский муниципальный район,Пустошкинский,Псковская область,муниципальный район,56.33481725,29.37414069021668,0,стабильный,309.3,0,0
1785,Пушкиногорский муниципальный район,Пушкиногорский,Псковская область,муниципальный район,57.018421,28.917532,1,стабильный,300.6,1,1
1786,муниципальный округ Пыталовский,Пыталовский,Псковская область,муниципальный округ,57.062908,27.921061,1,стабильный,296.1,1,1
1787,Себежский муниципальный район,Себежский,Псковская область,муниципальный район,56.2774187,28.4848862,3,стабильный,301.3,3,3
1788,муниципальный округ Струго-Красненский,Струго-Красненский,Псковская область,муниципальный округ,58.2693219,29.1115963,1,стабильный,306.3,1,1
1845,городской округ город Рязань,Рязань,Рязанская область,городской округ,54.6275359,39.7401716,2,стабильный,432.8,2,2
1846,городской округ город Касимов,Касимов,Рязанская область,городской округ,54.939178,41.4065368680201,2,стабильный,403.5,1,1
1848,городской округ город Скопин,Скопин,Рязанская область,городской округ,53.823524,39.549274,1,стабильный,407.3,0,0
1849,Ермишинский муниципальный район,Ермишинский,Рязанская область,муниципальный район,54.7677911,42.2760267,0,стабильный,370.0,0,0
1850,Захаровский муниципальный район,Захаровский,Рязанская область,муниципальный район,54.370804,39.281532,0,колебания,400.5,0,0
1851,Кадомский муниципальный район,Кадомский,Рязанская область,муниципальный район,54.5591315,42.4683026,0,стабильный,366.2,0,0
1852,Касимовский муниципальный район,Касимовский,Рязанская область,муниципальный район,54.939178,41.4065368680201,1,колебания,404.0,0,1
1853,Клепиковский муниципальный район,Клепиковский,Рязанская область,муниципальный район,55.130867,40.176037,1,колебания,404.3,1,0
1854,Кораблинский муниципальный район,Кораблинский,Рязанская область,муниципальный район,53.9268971,40.034462,0,стабильный,387.0,0,0
1855,Милославский муниципальный район,Милославский,Рязанская область,муниципальный район,53.579839,39.445062,0,стабильный,383.2,0,0
1856,Михайловский муниципальный район,Михайловский,Рязанская область,муниципальный район,54.2443989,39.0473579,0,стабильный,403.3,0,0
1857,Александро-Невский муниципальный район,Александро-Невский,Рязанская область,муниципальный район,53.47530065,40.20570951195819,0,устойчивый сдвиг,382.5,0,0
1858,Пителинский муниципальный район,Пителинский,Рязанская область,муниципальный район,54.575684,41.814919,0,стабильный,376.6,0,0
1859,Пронский муниципальный район,Пронский,Рязанская область,муниципальный район,54.121353,39.605293,1,стабильный,392.2,1,1
1860,Путятинский муниципальный округ,Путятинский,Рязанская область,муниципальный округ,54.160557,41.121109,0,стабильный,383.5,0,0
1861,Рыбновский муниципальный район,Рыбновский,Рязанская область,муниципальный район,54.7268415,39.5088612,1,стабильный,416.1,1,1
1862,Ряжский муниципальный округ,Ряжский,Рязанская область,муниципальный округ,53.708878,40.062984,1,стабильный,386.8,1,1
1863,Рязанский муниципальный район,Рязанский,Рязанская область,муниципальный район,54.6275359,39.7401716,2,стабильный,648.6,2,2
1864,Сапожковский муниципальный район,Сапожковский,Рязанская область,муниципальный район,53.943381,40.6826073,0,стабильный,379.2,0,0
1865,Сараевский муниципальный район,Сараевский,Рязанская область,муниципальный район,53.7212373,40.9967135,0,стабильный,373.3,0,0
1868,Спасский муниципальный район,Спасский,Рязанская область,муниципальный район,54.4078801,40.380539,1,колебания,389.1,1,0
1869,Старожиловский муниципальный район,Старожиловский,Рязанская область,муниципальный район,54.228333,39.911388,1,устойчивый сдвиг,394.6,0,1
1870,Ухоловский муниципальный район,Ухоловский,Рязанская область,муниципальный район,53.791138,40.488274,0,стабильный,382.5,0,0
1871,Чучковский муниципальный район,Чучковский,Рязанская область,муниципальный район,54.2685218,41.4479928,0,колебания,371.2,0,0
1872,Шацкий муниципальный район,Шацкий,Рязанская область,муниципальный район,54.028687,41.712601,0,стабильный,379.7,0,0
1873,Шиловский муниципальный район,Шиловский,Рязанская область,муниципальный район,54.3226555,40.8874676,1,стабильный,385.4,1,1
1874,городской округ Самара,Самара,Самарская область,городской округ,53.2194648,50.2039316,2,стабильный,384.7,2,2
1875,городской округ Жигулевск,Жигулевск,Самарская область,городской округ,53.4005122,49.4955657,2,стабильный,351.4,2,2
1876,городской округ Кинель,Кинель,Самарская область,городской округ,53.219738,50.633228,2,стабильный,362.7,2,2
1877,городской округ Новокуйбышевск,Новокуйбышевск,Самарская область,городской округ,53.099243,49.948364,2,стабильный,348.1,2,2
1878,городской округ Октябрьск,Октябрьск,Самарская область,городской округ,53.18055005,48.74651999302929,1,стабильный,350.6,1,1
1879,городской округ Отрадный,Отрадный,Самарская область,городской округ,53.376175,51.348053,2,устойчивый сдвиг,338.8,2,2
1880,городской округ Похвистнево,Похвистнево,Самарская область,городской округ,53.646797,52.123344,1,стабильный,345.0,1,1
1881,городской округ Сызрань,Сызрань,Самарская область,городской округ,53.15538,48.474121,2,стабильный,362.7,2,2
1883,городской округ Чапаевск,Чапаевск,Самарская область,городской округ,52.981285,49.711193,2,стабильный,340.5,2,2
1884,Алексеевский муниципальный район,Алексеевский,Самарская область,муниципальный район,52.58308,51.273315,0,стабильный,323.7,0,0
1885,Безенчукский муниципальный район,Безенчукский,Самарская область,муниципальный район,52.985322,49.4322968,1,стабильный,330.1,1,1
1886,Богатовский муниципальный район,Богатовский,Самарская область,муниципальный район,53.057625,51.333107,1,стабильный,332.7,1,1
1887,Большеглушицкий муниципальный район,Большеглушицкий,Самарская область,муниципальный район,52.3921744,50.4723158,0,стабильный,325.9,0,0
1888,Большечерниговский муниципальный район,Большечерниговский,Самарская область,муниципальный район,52.0951085,50.867893,1,колебания,318.8,0,1
1889,Борский муниципальный район,Борский,Самарская область,муниципальный район,53.025925,51.698658,0,устойчивый сдвиг,328.9,1,1
1890,Волжский муниципальный район,Волжский,Самарская область,муниципальный район,53.2194648,50.2039316,2,стабильный,773.6,2,2
1891,Елховский муниципальный район,Елховский,Самарская область,муниципальный район,53.8669944,50.2889016,0,стабильный,349.5,0,0
1892,Исаклинский муниципальный район,Исаклинский,Самарская область,муниципальный район,54.1327138,51.5340222,0,стабильный,340.5,0,0
1893,Камышлинский муниципальный район,Камышлинский,Самарская область,муниципальный район,54.112331,52.144077,0,колебания,337.9,0,0
1894,Кинельский муниципальный район,Кинельский,Самарская область,муниципальный район,53.219738,50.633228,1,стабильный,377.8,1,1
1895,Кинель-Черкасский муниципальный район,Кинель-Черкасский,Самарская область,муниципальный район,53.4644344,51.4755083,1,стабильный,336.7,1,1
1896,Клявлинский муниципальный район,Клявлинский,Самарская область,муниципальный район,54.2648503,52.0262235,0,стабильный,336.7,0,0
1897,Кошкинский муниципальный район,Кошкинский,Самарская область,муниципальный район,54.2043367,50.4704827,0,стабильный,345.2,0,0
1898,Красноармейский муниципальный район,Красноармейский,Самарская область,муниципальный район,52.711071,50.033352,1,колебания,334.8,1,0
1899,Красноярский муниципальный район,Красноярский,Самарская область,муниципальный район,53.4935913,50.393488,1,стабильный,354.0,1,1
1900,Нефтегорский муниципальный район,Нефтегорский,Самарская область,муниципальный район,52.80381,51.163864,1,стабильный,330.1,1,1
1901,Пестравский муниципальный район,Пестравский,Самарская область,муниципальный район,52.4105973,49.9491334,1,колебания,328.5,1,1
1902,Похвистневский муниципальный район,Похвистневский,Самарская область,муниципальный район,53.646797,52.123344,0,устойчивый сдвиг,345.9,0,1
1903,Приволжский муниципальный район,Приволжский,Самарская область,муниципальный район,52.859441,48.6015765,1,колебания,319.0,1,1
1904,Сергиевский муниципальный район,Сергиевский,Самарская область,муниципальный район,53.94128,51.165012,1,стабильный,343.1,1,1
1905,Ставропольский муниципальный район,Ставропольский,Самарская область,муниципальный район,53.5149884,49.4073316,2,стабильный,639.7,2,2
1906,Сызранский муниципальный район,Сызранский,Самарская область,муниципальный район,53.15538,48.474121,2,устойчивый сдвиг,444.9,2,2
1907,Хворостянский муниципальный район,Хворостянский,Самарская область,муниципальный район,52.617241,48.953163,0,стабильный,324.2,0,0
1908,Челно-Вершинский муниципальный район,Челно-Вершинский,Самарская область,муниципальный район,54.4197817,51.0817001,0,стабильный,340.5,0,0
1909,Шенталинский муниципальный район,Шенталинский,Самарская область,муниципальный район,54.4374232,51.4637213,0,стабильный,340.7,0,0
1910,Шигонский муниципальный район,Шигонский,Самарская область,муниципальный район,53.387,48.6782,0,устойчивый сдвиг,349.0,0,1
1912,городской округ город Шиханы,Шиханы,Саратовская область,городской округ,52.114838,47.198475,3,стабильный,341.4,1,1
1915,Александрово-Гайский муниципальный район,Александрово-Гайский,Саратовская область,муниципальный район,50.14246,48.568436,0,стабильный,300.4,0,0
1916,Аркадакский муниципальный район,Аркадакский,Саратовская область,муниципальный район,51.942913,43.489098,0,стабильный,347.3,0,0
1917,Аткарский муниципальный район,Аткарский,Саратовская область,муниципальный район,51.8750207,44.997499,1,устойчивый сдвиг,345.0,0,0
1918,Базарно-Карабулакский муниципальный район,Базарно-Карабулакский,Саратовская область,муниципальный район,52.277653,46.410679,0,стабильный,344.7,0,0
1919,Балаковский муниципальный район,Балаковский,Саратовская область,муниципальный район,52.01812,47.819141,2,стабильный,337.2,2,2
1920,Балашовский муниципальный район,Балашовский,Саратовская область,муниципальный район,51.5546717,43.1430732,2,колебания,347.8,1,2
1921,Балтайский муниципальный район,Балтайский,Саратовская область,муниципальный район,52.468105,46.628967,0,стабильный,343.6,0,0
1922,Вольский муниципальный район,Вольский,Саратовская область,муниципальный район,52.042755,47.386032,3,устойчивый сдвиг,340.0,1,3
1923,Воскресенский муниципальный район,Воскресенский,Саратовская область,муниципальный район,51.823921,46.931858,0,устойчивый сдвиг,336.5,1,0
1924,Дергачевский муниципальный район,Дергачевский,Саратовская область,муниципальный район,51.235374,48.768578,0,стабильный,318.1,0,0
1925,Духовницкий муниципальный район,Духовницкий,Саратовская область,муниципальный район,52.4793156,48.2021353,0,стабильный,324.4,0,0
1926,Екатериновский муниципальный район,Екатериновский,Саратовская область,муниципальный район,52.0536048,44.3498585,0,стабильный,346.2,0,0
1927,Ершовский муниципальный район,Ершовский,Саратовская область,муниципальный район,51.349793,48.2657332,0,стабильный,325.9,0,0
1928,Ивантеевский муниципальный район,Ивантеевский,Саратовская область,муниципальный район,52.269524,49.107063,0,стабильный,331.1,0,0
1929,Калининский муниципальный район,Калининский,Саратовская область,муниципальный район,51.499947,44.484581,0,стабильный,342.6,0,0
1930,Красноармейский муниципальный район,Красноармейский,Саратовская область,муниципальный район,51.025776,45.69252,1,колебания,338.8,1,1
1931,Краснокутский муниципальный район,Краснокутский,Саратовская область,муниципальный район,50.9459056,46.972462,1,колебания,325.4,0,1
1932,Краснопартизанский муниципальный район,Краснопартизанский,Саратовская область,муниципальный район,51.756121,48.5385335,0,стабильный,328.2,0,0
1933,Лысогорский муниципальный район,Лысогорский,Саратовская область,муниципальный район,51.544968,44.836826,0,стабильный,342.6,0,0
1934,Марксовский муниципальный район,Марксовский,Саратовская область,муниципальный район,51.7069911,46.7483653,1,стабильный,342.9,1,1
1935,Новобурасский муниципальный район,Новобурасский,Саратовская область,муниципальный район,52.129726,46.076084,0,стабильный,346.9,0,0
1936,Новоузенский муниципальный район,Новоузенский,Саратовская область,муниципальный район,50.462326,48.135532,1,устойчивый сдвиг,308.1,1,1
1937,Озинский муниципальный район,Озинский,Саратовская область,муниципальный район,51.198559,49.72654,1,колебания,313.3,1,0
1938,Перелюбский муниципальный район,Перелюбский,Саратовская область,муниципальный район,51.85857,50.344826,0,стабильный,320.0,0,0
1939,Петровский муниципальный район,Петровский,Саратовская область,муниципальный район,52.3094494,45.3889831,1,колебания,349.2,1,1
1940,Питерский муниципальный район,Питерский,Саратовская область,муниципальный район,50.678619,47.443729,0,стабильный,315.9,0,0
1941,Пугачевский муниципальный район,Пугачевский,Саратовская область,муниципальный район,52.0121253,48.8109795,0,стабильный,331.5,0,0
1942,Ровенский муниципальный район,Ровенский,Саратовская область,муниципальный район,50.775948,46.057549,0,стабильный,328.2,0,0
1943,Романовский муниципальный район,Романовский,Саратовская область,муниципальный район,51.7410278,42.7557244,0,стабильный,348.1,0,0
1944,Ртищевский муниципальный район,Ртищевский,Саратовская область,муниципальный район,52.2599057,43.7877429,1,стабильный,352.5,0,0
1945,Самойловский муниципальный район,Самойловский,Саратовская область,муниципальный район,51.1860003,43.7067631,0,стабильный,340.5,0,0
1947,Советский муниципальный район,Советский,Саратовская область,муниципальный район,51.378075,46.844463,1,стабильный,334.1,1,1
1948,Татищевский муниципальный район,Татищевский,Саратовская область,муниципальный район,51.672623,45.5947,0,колебания,350.6,1,1
1949,Турковский муниципальный район,Турковский,Саратовская область,муниципальный район,51.9927589,43.2745396,0,стабильный,345.5,0,0
1950,Федоровский муниципальный район,Федоровский,Саратовская область,муниципальный район,51.237442,47.51474,1,устойчивый сдвиг,329.4,1,1
1951,Хвалынский муниципальный район,Хвалынский,Саратовская область,муниципальный район,52.495499,48.105888,1,колебания,341.0,1,1
1952,Энгельсский муниципальный район,Энгельсский,Саратовская область,муниципальный район,51.5013775,46.1233093,2,стабильный,358.0,2,2
1954,городской округ Александровск-Сахалинский район,Александровск-Сахалинский,Сахалинская область,городской округ,50.8974983,142.1591667,5,колебания,126.3,5,5
1955,городской округ Анивский,Анивский,Сахалинская область,городской округ,46.7147768,142.527515,5,колебания,134.6,7,5
1956,городской округ Долинский,Долинский,Сахалинская область,городской округ,47.3241456,142.7979361,5,стабильный,133.4,5,5
1957,городской округ Корсаковский,Корсаковский,Сахалинская область,городской округ,46.632815,142.7810147,5,стабильный,133.9,5,5
1958,городской округ Курильский,Курильский,Сахалинская область,городской округ,45.2290413,147.8751845,5,стабильный,134.4,7,7
1959,городской округ Макаровский,Макаровский,Сахалинская область,городской округ,48.6242527,142.7814002,5,устойчивый сдвиг,130.6,7,3
1960,городской округ Невельский,Невельский,Сахалинская область,городской округ,46.6877802,141.8601144,5,стабильный,134.1,5,5
1961,городской округ Ногликский,Ногликский,Сахалинская область,городской округ,51.7953617,143.1365077,5,стабильный,125.4,5,5
1962,городской округ Охинский,Охинский,Сахалинская область,городской округ,53.5891992,142.9496845,5,стабильный,122.8,5,5
1963,городской округ Поронайский,Поронайский,Сахалинская область,городской округ,49.2216366,143.1015759,5,стабильный,129.4,5,5
1965,городской округ Смирныховский,Смирныховский,Сахалинская область,городской округ,49.7423531,142.8320066,3,устойчивый сдвиг,128.5,3,3
1966,городской округ Томаринский,Томаринский,Сахалинская область,городской округ,47.7612087,142.063478,3,устойчивый сдвиг,132.7,7,3
1967,городской округ Тымовский,Тымовский,Сахалинская область,городской округ,50.845556,142.655,5,устойчивый сдвиг,126.8,5,5
1968,городской округ Углегорский,Углегорский,Сахалинская область,городской округ,49.079296,142.0633622,5,стабильный,129.9,5,5
1969,городской округ Холмский,Холмский,Сахалинская область,городской округ,47.0545875,142.0487125,5,стабильный,135.5,5,5
1970,городской округ Южно-Курильский,Южно-Курильский,Сахалинская область,городской округ,44.0270756,145.8613722,7,стабильный,134.6,7,7
1971,городской округ город Екатеринбург,Екатеринбург,Свердловская область,городской округ,56.839104,60.60825,2,стабильный,298.5,2,2
1972,городской округ город Алапаевск,Алапаевск,Свердловская область,городской округ,57.850811,61.695,2,устойчивый сдвиг,295.2,2,2
1973,городской округ Артемовский,Артемовский,Свердловская область,городской округ,57.3431854,61.8775035,1,стабильный,293.3,1,1
1974,городской округ Асбестовский,Асбестовский,Свердловская область,городской округ,57.0052746,61.4580765,2,стабильный,299.6,2,2
1975,городской округ Малышевский,Малышевский,Свердловская область,городской округ,57.116123,61.397663,1,стабильный,297.0,1,1
1976,городской округ Рефтинский,Рефтинский,Свердловская область,городской округ,57.09153,61.678349,1,стабильный,296.6,1,1
1977,городской округ Березовский,Березовский,Свердловская область,городской округ,56.9097871,60.8120254,2,стабильный,324.0,2,2
1978,городской округ Богданович,Богданович,Свердловская область,городской округ,56.7683407,62.0520774,2,стабильный,299.6,2,2
1979,городской округ Верхняя Пышма,Верхняя Пышма,Свердловская область,городской округ,56.9724682,60.5738926,2,стабильный,324.2,2,2
1980,городской округ Среднеуральск,Среднеуральск,Свердловская область,городской округ,56.991631,60.46888,1,стабильный,321.1,2,2
1981,городской округ Верхнесалдинский,Верхнесалдинский,Свердловская область,городской округ,58.043598,60.554832,2,колебания,292.6,2,2
1982,городской округ Заречный,Заречный,Свердловская область,городской округ,56.8149706,61.3205936,2,стабильный,307.4,2,2
1983,городской округ Ивдельский,Ивдельский,Свердловская область,городской округ,60.6973287,60.4172583,2,стабильный,257.4,2,2
1984,городской округ Пелым,Пелым,Свердловская область,городской округ,61.017914,61.990154,1,стабильный,249.6,1,1
1985,городской округ город Ирбит,Ирбит,Свердловская область,городской округ,57.674042,63.063778,2,стабильный,297.8,2,2
1986,городской округ город Каменск-Уральский,Каменск-Уральский,Свердловская область,городской округ,56.415451,61.917797,2,стабильный,316.2,2,2
1987,городской округ Камышловский,Камышловский,Свердловская область,городской округ,56.8484356,62.71879520931047,3,стабильный,306.3,3,3
1988,городской округ Карпинск,Карпинск,Свердловская область,городской округ,59.7667893,60.0009267,1,стабильный,270.6,1,1
1989,городской округ Волчанский,Волчанский,Свердловская область,городской округ,59.9347177,60.0779677,1,стабильный,268.5,1,1
1990,городской округ Качканарский,Качканарский,Свердловская область,городской округ,58.6981697,59.4810114,2,колебания,292.1,2,2
1991,городской округ Кировградский,Кировградский,Свердловская область,городской округ,57.4264892,60.0664537,1,устойчивый сдвиг,303.0,1,1
1992,городской округ Верхний Тагил,Верхний Тагил,Свердловская область,городской округ,57.3745174,59.9320798,1,стабильный,302.7,1,1
1993,городской округ Краснотурьинск,Краснотурьинск,Свердловская область,городской округ,59.764631,60.1936117,2,колебания,271.1,5,2
1994,городской округ Красноуральск,Красноуральск,Свердловская область,городской округ,58.357063,60.037445,1,стабильный,293.3,1,1
1995,городской округ Красноуфимск,Красноуфимск,Свердловская область,городской округ,56.6180735,57.7713452,2,устойчивый сдвиг,323.0,2,2
1996,городской округ Кушвинский,Кушвинский,Свердловская область,городской округ,58.2816811,59.7625022,1,стабильный,294.9,1,1
1997,городской округ Верхняя Тура,Верхняя Тура,Свердловская область,городской округ,58.3605,59.81823,1,стабильный,295.6,1,1
1999,городской округ Невьянский,Невьянский,Свердловская область,городской округ,57.4924036,60.2105408,2,стабильный,303.0,2,2
2000,городской округ город Нижний Тагил,Нижний Тагил,Свердловская область,городской округ,57.905149,59.9508466,2,стабильный,303.0,2,2
2001,городской округ Нижняя Салда,Нижняя Салда,Свердловская область,городской округ,58.071352,60.7146772,1,устойчивый сдвиг,291.1,1,1
2002,городской округ Нижнетуринский,Нижнетуринский,Свердловская область,городской округ,58.6207762,59.8473233,1,колебания,291.9,2,1
2004,городской округ Первоуральск,Первоуральск,Свердловская область,городской округ,56.90839575,59.94301101449327,2,стабильный,313.1,2,2
2005,городской округ Полевской,Полевской,Свердловская область,городской округ,56.442108,60.165859,2,стабильный,308.6,2,2
2006,городской округ Ревда,Ревда,Свердловская область,городской округ,56.8000651,59.9086688,2,стабильный,313.1,2,2
2007,городской округ Дегтярск,Дегтярск,Свердловская область,городской округ,56.698341,60.086807,1,стабильный,312.2,1,1
2008,городской округ Режевской,Режевской,Свердловская область,городской округ,57.370647,61.4042865,2,стабильный,298.5,2,2
2009,городской округ Североуральский,Североуральский,Свердловская область,городской округ,60.15016,59.960517,1,колебания,264.9,1,1
2010,городской округ Серовский,Серовский,Свердловская область,городской округ,59.6051267,60.5733483,2,стабильный,273.7,2,2
2011,городской округ Сухой Лог,Сухой Лог,Свердловская область,городской округ,56.9047389,62.0350233,2,стабильный,296.8,2,2
2012,городской округ Тавдинский,Тавдинский,Свердловская область,городской округ,58.0413743,65.2719986,1,устойчивый сдвиг,269.4,1,1
2015,городской округ Алапаевское,Алапаевское,Свердловская область,городской округ,57.850811,61.695,1,стабильный,300.8,1,1
2017,городской округ Артинский,Артинский,Свердловская область,городской округ,56.4255703,58.5326906,3,колебания,308.1,3,3
2018,городской округ Ачитский,Ачитский,Свердловская область,городской округ,56.801308,57.898392,1,устойчивый сдвиг,311.2,1,1
2019,городской округ Белоярский,Белоярский,Свердловская область,городской округ,56.761642,61.414257,1,колебания,308.1,3,2
2021,городской округ Верхотурский,Верхотурский,Свердловская область,городской округ,58.861702,60.809338,3,колебания,280.0,3,3
2022,городской округ Гаринский,Гаринский,Свердловская область,городской округ,59.427441,62.35247,0,колебания,259.7,0,0
2023,городской округ Ирбитское,Ирбитское,Свердловская область,городской округ,57.674042,63.063778,1,колебания,303.4,1,1
2024,городской округ Каменский,Каменский,Свердловская область,городской округ,56.415451,61.917797,2,устойчивый сдвиг,399.8,2,2
2025,городской округ Красноуфимский округ,Красноуфимский,Свердловская область,городской округ,56.6180735,57.7713452,3,стабильный,331.1,3,3
2027,городской округ Бисертский,Бисертский,Свердловская область,городской округ,56.8518027,59.0530375,1,колебания,308.9,1,1
2028,городской округ Новолялинский,Новолялинский,Свердловская область,городской округ,59.052734,60.595974,1,стабильный,281.7,1,1
2030,городской округ Пышминский,Пышминский,Свердловская область,городской округ,56.950695,63.246532,3,стабильный,289.0,3,3
2031,городской округ Сосьвинский,Сосьвинский,Свердловская область,городской округ,59.173889,61.861935,1,стабильный,264.7,1,1
2032,городской округ Сысертский,Сысертский,Свердловская область,городской округ,56.5030175,60.8093215,2,стабильный,311.2,2,2
2033,городской округ Арамильский,Арамильский,Свердловская область,городской округ,56.6962917,60.8330976,2,стабильный,319.5,2,2
2034,городской округ Талицкий,Талицкий,Свердловская область,городской округ,57.014816,63.730244,1,стабильный,284.8,3,3
2035,городской округ Тугулымский,Тугулымский,Свердловская область,городской округ,57.059,64.6406,1,стабильный,283.4,1,1
2036,городской округ Туринский,Туринский,Свердловская область,городской округ,58.0525487,63.6908787,1,устойчивый сдвиг,277.0,1,1
2037,городской округ Шалинский,Шалинский,Свердловская область,городской округ,57.2461908,58.7292306,0,колебания,300.8,0,1
2039,Байкаловский муниципальный район,Байкаловский,Свердловская область,муниципальный район,57.393711,63.764805,1,стабильный,281.9,1,1
2040,Камышловский муниципальный район,Камышловский,Свердловская область,муниципальный район,56.8484356,62.71879520931047,3,стабильный,310.0,2,2
2041,Слободо-Туринский муниципальный район,Слободо-Туринский,Свердловская область,муниципальный район,57.61797,64.384918,1,устойчивый сдвиг,277.7,1,1
2042,Нижнесергинский муниципальный район,Нижнесергинский,Свердловская область,муниципальный район,56.6619,59.30003,1,стабильный,307.9,1,1
2043,Таборинский муниципальный район,Таборинский,Свердловская область,муниципальный район,58.5196678,64.5566111,0,устойчивый сдвиг,259.5,0,1
2044,городской округ город Смоленск,Смоленск,Смоленская область,городской округ,54.7814057,32.0461261,2,стабильный,371.0,2,2
2045,городской округ город Десногорск,Десногорск,Смоленская область,городской округ,54.1516661,33.2881028,2,колебания,337.4,2,2
2046,Велижский муниципальный район,Велижский,Смоленская область,муниципальный район,55.6045223,31.1949976,1,колебания,319.2,1,1
2047,Вяземский муниципальный район,Вяземский,Смоленская область,муниципальный район,55.1835215,34.33816673607038,2,стабильный,370.0,2,2
2048,Гагаринский муниципальный район,Гагаринский,Смоленская область,муниципальный район,55.55338655,34.99051315482606,2,стабильный,387.0,2,2
2049,Глинковский муниципальный район,Глинковский,Смоленская область,муниципальный район,54.6425664,32.8729273,0,стабильный,336.7,0,0
2050,Демидовский муниципальный район,Демидовский,Смоленская область,муниципальный район,55.2643778,31.5178326,0,стабильный,326.8,0,0
2051,Дорогобужский муниципальный район,Дорогобужский,Смоленская область,муниципальный район,54.9148236,33.2989051,1,стабильный,345.7,1,1
2052,Духовщинский муниципальный район,Духовщинский,Смоленская область,муниципальный район,55.1907803,32.4060434,1,колебания,340.0,1,0
2053,Ельнинский муниципальный район,Ельнинский,Смоленская область,муниципальный район,54.5764954,33.1891698,0,колебания,340.0,0,1
2054,Ершичский муниципальный район,Ершичский,Смоленская область,муниципальный район,53.673527,32.748249,0,стабильный,327.7,0,0
2055,Кардымовский муниципальный район,Кардымовский,Смоленская область,муниципальный район,54.8900665,32.43418980060523,1,стабильный,339.1,1,1
2056,Краснинский муниципальный район,Краснинский,Смоленская область,муниципальный район,54.569439,31.439449,0,стабильный,324.4,0,0
2057,Монастырщинский муниципальный район,Монастырщинский,Смоленская область,муниципальный район,54.3515818,31.8364896,0,стабильный,325.9,0,0
2058,Новодугинский муниципальный район,Новодугинский,Смоленская область,муниципальный район,55.630033,34.3010323,0,колебания,366.0,0,0
2059,Починковский муниципальный район,Починковский,Смоленская область,муниципальный район,54.40639235,32.4440643251997,1,стабильный,332.5,1,1
2060,Рославльский муниципальный район,Рославльский,Смоленская область,муниципальный район,53.9448028,32.84788573198853,1,колебания,335.3,3,3
2061,Руднянский муниципальный район,Руднянский,Смоленская область,муниципальный район,54.945702,31.0742556121863,0,стабильный,322.6,0,0
2062,Сафоновский муниципальный район,Сафоновский,Смоленская область,муниципальный район,55.1084278,33.2376513,1,стабильный,350.9,1,1
2063,Смоленский муниципальный район,Смоленский,Смоленская область,муниципальный район,54.7814057,32.0461261,2,стабильный,534.1,2,2
2064,Сычевский муниципальный район,Сычевский,Смоленская область,муниципальный район,55.8269908,34.2770455,1,стабильный,362.2,1,1
2065,Темкинский муниципальный район,Темкинский,Смоленская область,муниципальный район,55.08142515,35.0033334683642,0,колебания,367.7,0,1
2066,Угранский муниципальный район,Угранский,Смоленская область,муниципальный район,54.7813043,34.3185555,1,колебания,358.2,0,3
2067,Хиславичский муниципальный район,Хиславичский,Смоленская область,муниципальный район,54.18577,32.1578503,0,стабильный,326.1,0,0
2068,Холм-Жирковский муниципальный район,Холм-Жирковский,Смоленская область,муниципальный район,55.51387,33.488632,0,стабильный,351.1,0,0
2069,Шумячский муниципальный район,Шумячский,Смоленская область,муниципальный район,53.8555499,32.4259307,1,колебания,328.2,1,0
2070,Ярцевский муниципальный район,Ярцевский,Смоленская область,муниципальный район,55.0662279,32.6883609,2,стабильный,344.0,1,1
2072,городской округ город Кирсанов,Кирсанов,Тамбовская область,городской округ,52.6509234,42.73015344421673,0,стабильный,371.0,0,0
2073,городской округ город Котовск,Котовск,Тамбовская область,городской округ,52.59332675,41.51307094486083,1,стабильный,371.0,1,1
2074,городской округ город Мичуринск,Мичуринск,Тамбовская область,городской округ,52.89899355,40.48326577268173,2,устойчивый сдвиг,391.3,2,2
2075,городской округ город Моршанск,Моршанск,Тамбовская область,городской округ,53.4428,41.813,1,стабильный,388.4,0,0
2076,городской округ город Рассказово,Рассказово,Тамбовская область,городской округ,52.6657884,41.89469890606984,1,колебания,385.1,0,0
2077,городской округ город Уварово,Уварово,Тамбовская область,городской округ,51.9807749,42.26542253442362,1,стабильный,362.2,0,0
2078,Бондарский муниципальный округ,Бондарский,Тамбовская область,муниципальный округ,52.9502841,42.0663629,0,стабильный,366.0,0,0
2079,Гавриловский муниципальный округ,Гавриловский,Тамбовская область,муниципальный округ,52.876944,42.770992,0,стабильный,363.4,0,0
2080,Жердевский муниципальный округ,Жердевский,Тамбовская область,муниципальный округ,51.843933,41.470367,0,стабильный,357.3,0,0
2081,Знаменский муниципальный округ,Знаменский,Тамбовская область,муниципальный округ,52.4111427,41.4432947,0,колебания,367.4,0,0
2082,Инжавинский муниципальный округ,Инжавинский,Тамбовская область,муниципальный округ,52.3183696,42.4953939,0,стабильный,358.4,0,0
2085,Мордовский муниципальный округ,Мордовский,Тамбовская область,муниципальный округ,52.089058,40.762287,0,стабильный,362.2,0,0
2087,Мучкапский муниципальный округ,Мучкапский,Тамбовская область,муниципальный округ,51.8473199,42.4699106,0,стабильный,353.5,0,0
2088,Никифоровский муниципальный округ,Никифоровский,Тамбовская область,муниципальный округ,52.8785209,40.7928771,0,стабильный,373.6,0,0
2089,Первомайский муниципальный округ,Первомайский,Тамбовская область,муниципальный округ,53.244999,40.285099,0,стабильный,377.3,0,0
2090,Петровский муниципальный округ,Петровский,Тамбовская область,муниципальный округ,52.633202,40.2603,0,стабильный,371.2,0,0
2091,Пичаевский муниципальный округ,Пичаевский,Тамбовская область,муниципальный округ,53.2342209,42.2036841,0,стабильный,366.0,0,0
2093,Ржаксинский муниципальный округ,Ржаксинский,Тамбовская область,муниципальный округ,52.2204809,42.1090698,0,стабильный,359.4,0,0
2094,Сампурский муниципальный округ,Сампурский,Тамбовская область,муниципальный округ,52.377113,41.673679,0,стабильный,365.1,0,0
2095,Сосновский муниципальный округ,Сосновский,Тамбовская область,муниципальный округ,53.232201,41.369202,0,стабильный,367.4,0,0
2096,Староюрьевский муниципальный округ,Староюрьевский,Тамбовская область,муниципальный округ,53.3227111,40.6992188,0,стабильный,371.0,0,0
2098,Токарёвский муниципальный округ,Токарёвский,Тамбовская область,муниципальный округ,51.9939,41.1618,0,стабильный,360.3,0,0
2100,Умётский муниципальный округ,Умётский,Тамбовская область,муниципальный округ,52.560272,42.968578,0,колебания,359.1,0,0
2101,городской округ город Тверь,Тверь,Тверская область,городской округ,56.858675,35.9208284,2,стабильный,414.9,2,2
2105,городской округ Осташковский,Осташковский,Тверская область,городской округ,57.1557583,33.1013213,1,стабильный,337.9,1,1
2108,городской округ город Торжок,Торжок,Тверская область,городской округ,57.0501176,34.95641719793115,2,стабильный,378.3,2,2
2109,городской округ Удомельский,Удомельский,Тверская область,городской округ,57.877998,35.0042,2,колебания,342.9,2,2
2110,муниципальный округ Андреапольский,Андреапольский,Тверская область,муниципальный округ,56.646801,32.26532,3,стабильный,330.1,1,1
2111,муниципальный округ Бежецкий,Бежецкий,Тверская область,муниципальный округ,57.781357,36.692535,1,стабильный,359.6,1,1
2112,муниципальный округ Бельский,Бельский,Тверская область,муниципальный округ,55.833073,32.939487,0,колебания,336.0,1,1
2113,муниципальный округ Бологовский,Бологовский,Тверская область,муниципальный округ,57.885204,34.049603,1,стабильный,344.5,1,1
2114,муниципальный округ Весьегонский,Весьегонский,Тверская область,муниципальный округ,58.6637264,37.2626496,1,стабильный,336.0,1,1
2116,муниципальный округ Жарковский,Жарковский,Тверская область,муниципальный округ,55.8479449,32.2626969,0,стабильный,327.7,0,0
2117,муниципальный округ Западнодвинский,Западнодвинский,Тверская область,муниципальный округ,56.2588287,32.0707122,3,колебания,333.9,0,3
2118,муниципальный округ Зубцовский,Зубцовский,Тверская область,муниципальный округ,56.170071,34.585182,1,стабильный,375.2,1,1
2119,муниципальный округ Калининский,Калининский,Тверская область,муниципальный округ,56.858675,35.9208284,2,стабильный,572.6,2,2
2120,муниципальный округ Калязинский,Калязинский,Тверская область,муниципальный округ,57.2400206,37.8404883,1,стабильный,389.1,1,1
2121,городской округ Кашинский,Кашинский,Тверская область,городской округ,57.361755,37.611454,1,стабильный,379.2,1,1
2122,муниципальный округ Кесовогорский,Кесовогорский,Тверская область,муниципальный округ,57.579342,37.295616,1,стабильный,367.9,1,1
2124,муниципальный округ Конаковский,Конаковский,Тверская область,муниципальный округ,56.7131572,36.7775654,2,стабильный,400.9,2,2
2125,муниципальный округ Краснохолмский,Краснохолмский,Тверская область,муниципальный округ,58.056507,37.114731,0,стабильный,351.6,0,0
2126,муниципальный округ Кувшиновский,Кувшиновский,Тверская область,муниципальный округ,57.0314657,34.1796637,1,стабильный,354.2,1,1
2127,муниципальный округ Лесной,Лесной,Тверская область,муниципальный округ,58.2846441,35.5248456,0,стабильный,341.9,0,0
2128,муниципальный округ Лихославльский,Лихославльский,Тверская область,муниципальный округ,57.1244437,35.4665276,1,стабильный,372.8,1,1
2129,муниципальный округ Максатихинский,Максатихинский,Тверская область,муниципальный округ,57.797325,35.87904,0,колебания,358.0,0,1
2130,муниципальный округ Молоковский,Молоковский,Тверская область,муниципальный округ,58.1630255,36.7661137,3,колебания,348.3,0,3
2131,городской округ Нелидовский,Нелидовский,Тверская область,городской округ,56.226097,32.771111,1,стабильный,342.6,1,1
2132,муниципальный округ Оленинский,Оленинский,Тверская область,муниципальный округ,56.208992,33.480034,3,колебания,351.8,0,3
2133,муниципальный округ Пеновский,Пеновский,Тверская область,муниципальный округ,56.92379,32.744606,0,колебания,330.6,0,1
2134,муниципальный округ Рамешковский,Рамешковский,Тверская область,муниципальный округ,57.3453001,36.0453999,1,стабильный,372.6,1,1
2136,муниципальный округ Сандовский,Сандовский,Тверская область,муниципальный округ,58.461376,36.411373,3,устойчивый сдвиг,340.3,3,3
2137,муниципальный округ Селижаровский,Селижаровский,Тверская область,муниципальный округ,56.855633,33.452286,1,колебания,343.8,1,1
2138,муниципальный округ Сонковский,Сонковский,Тверская область,муниципальный округ,57.7809325,37.1653992,0,колебания,354.9,0,0
2139,муниципальный округ Спировский,Спировский,Тверская область,муниципальный округ,57.4215311,34.9932788,0,колебания,356.8,1,0
2140,муниципальный округ Старицкий,Старицкий,Тверская область,муниципальный округ,56.5081105,34.9314738,0,колебания,374.5,0,1
2142,муниципальный округ Торопецкий,Торопецкий,Тверская область,муниципальный округ,56.496479,31.641077,3,устойчивый сдвиг,327.7,0,3
2143,муниципальный округ Фировский,Фировский,Тверская область,муниципальный округ,57.481045,33.698059,0,колебания,339.6,0,0
2144,городской округ город Томск,Томск,Томская область,городской округ,56.4887526,84.9523434,2,стабильный,260.4,2,2
2145,городской округ город Кедровый,Кедровый,Томская область,городской округ,57.56192,79.570801,1,стабильный,197.6,1,1
2146,городской округ город Стрежевой,Стрежевой,Томская область,городской округ,60.732758,77.600807,5,стабильный,218.7,5,5
2148,Александровский муниципальный район,Александровский,Томская область,муниципальный район,60.431446,77.865845,3,колебания,216.1,5,1
2149,Асиновский муниципальный район,Асиновский,Томская область,муниципальный район,56.999187,86.14167,1,устойчивый сдвиг,221.0,3,1
2150,Бакчарский муниципальный район,Бакчарский,Томская область,муниципальный район,57.020538,82.066872,0,колебания,203.1,0,1
2151,Верхнекетский муниципальный район,Верхнекетский,Томская область,муниципальный район,58.4475598,85.0389307,3,колебания,206.4,3,3
2152,Зырянский муниципальный район,Зырянский,Томская область,муниципальный район,56.834206,86.621178,0,стабильный,219.8,0,0
2153,Каргасокский муниципальный район,Каргасокский,Томская область,муниципальный район,59.0598053,80.8708719,1,стабильный,201.4,1,1
2154,Кожевниковский муниципальный район,Кожевниковский,Томская область,муниципальный район,56.2600069,83.9750781,1,колебания,229.0,1,1
2155,Колпашевский муниципальный район,Колпашевский,Томская область,муниципальный район,58.313667,82.903557,3,колебания,199.1,1,3
2156,Кривошеинский муниципальный район,Кривошеинский,Томская область,муниципальный район,57.343742,83.930153,0,стабильный,219.1,0,0
2157,Молчановский муниципальный район,Молчановский,Томская область,муниципальный район,57.581014,83.7605886,3,колебания,216.8,1,1
2158,Парабельский муниципальный район,Парабельский,Томская область,муниципальный район,58.5997257,80.9445602,1,стабильный,204.3,1,1
2159,Первомайский муниципальный район,Первомайский,Томская область,муниципальный район,57.070614,86.226082,0,стабильный,220.3,0,0
2160,Тегульдетский муниципальный район,Тегульдетский,Томская область,муниципальный район,57.306404,88.167168,0,колебания,209.9,0,0
2161,Томский муниципальный район,Томский,Томская область,муниципальный район,56.4887526,84.9523434,2,стабильный,453.4,2,2
2162,Чаинский муниципальный район,Чаинский,Томская область,муниципальный район,57.7915323,82.6441106,0,колебания,210.6,1,0
2163,Шегарский муниципальный район,Шегарский,Томская область,муниципальный район,56.554417,84.090408,1,стабильный,229.0,1,1
2164,городской округ город Тула,Тула,Тульская область,городской округ,54.1930321,37.61754,2,стабильный,404.0,2,2
2165,городской округ город Алексин,Алексин,Тульская область,городской округ,54.5028103,37.0667213,2,устойчивый сдвиг,409.4,2,2
2167,городской округ город Донской,Донской,Тульская область,городской округ,53.9729348,38.32639150177284,2,устойчивый сдвиг,401.2,2,2
2168,городской округ город Ефремов,Ефремов,Тульская область,городской округ,53.141834,38.116188,2,устойчивый сдвиг,379.0,2,2
2169,городской округ город Новомосковск,Новомосковск,Тульская область,городской округ,54.011013,38.290943,2,стабильный,401.2,2,2
2171,Арсеньевский муниципальный район,Арсеньевский,Тульская область,муниципальный район,53.7357884,36.6620997,1,стабильный,376.2,1,1
2172,Белевский муниципальный район,Белевский,Тульская область,муниципальный район,53.811798,36.137001,1,стабильный,373.1,1,1
2173,Богородицкий муниципальный район,Богородицкий,Тульская область,муниципальный район,53.773571,38.126965,2,устойчивый сдвиг,394.8,1,2
2174,Веневский муниципальный район,Веневский,Тульская область,муниципальный район,54.3504,38.2656,1,стабильный,414.2,1,1
2175,Воловский муниципальный район,Воловский,Тульская область,муниципальный район,53.5548,38.006,1,стабильный,384.2,1,1
2176,Дубенский муниципальный район,Дубенский,Тульская область,муниципальный район,54.1524925,36.9591856,1,стабильный,395.5,1,1
2177,Заокский муниципальный район,Заокский,Тульская область,муниципальный район,54.7331733,37.3989781,2,стабильный,430.7,2,2
2178,Каменский муниципальный район,Каменский,Тульская область,муниципальный район,53.2586327,37.6959452,1,колебания,372.8,0,1
2179,Кимовский муниципальный район,Кимовский,Тульская область,муниципальный район,53.9699,38.5327,1,стабильный,399.1,1,1
2180,Киреевский муниципальный район,Киреевский,Тульская область,муниципальный район,53.926712,37.929916,1,стабильный,398.8,1,1
2181,Куркинский муниципальный район,Куркинский,Тульская область,муниципальный район,53.4247526,38.6571206,0,устойчивый сдвиг,378.7,0,0
2182,Одоевский муниципальный район,Одоевский,Тульская область,муниципальный район,53.936798,36.687901,1,стабильный,383.9,1,1
2183,Плавский муниципальный район,Плавский,Тульская область,муниципальный район,53.7068732,37.2920333,1,стабильный,388.9,1,1
2184,Суворовский муниципальный район,Суворовский,Тульская область,муниципальный район,54.12236,36.500027,1,стабильный,384.9,1,1
2185,Тепло-Огаревский муниципальный район,Тепло-Огаревский,Тульская область,муниципальный район,53.6233396,37.5905627,0,колебания,387.7,0,0
2186,Узловский муниципальный район,Узловский,Тульская область,муниципальный район,53.978512,38.160255,2,стабильный,402.4,2,2
2187,Чернский муниципальный район,Чернский,Тульская область,муниципальный район,53.450928,36.910103,3,стабильный,379.0,3,3
2188,Щекинский муниципальный район,Щекинский,Тульская область,муниципальный район,54.004465,37.5179079,2,стабильный,402.6,2,2
2189,Ясногорский муниципальный район,Ясногорский,Тульская область,муниципальный район,54.4792708,37.693329,1,стабильный,413.7,1,1
2190,городской округ город Тюмень,Тюмень,Тюменская область,городской округ,57.153534,65.542274,2,стабильный,337.9,2,2
2191,городской округ Заводоуковский,Заводоуковский,Тюменская область,городской округ,56.509293,66.539261,3,стабильный,273.2,3,3
2192,городской округ город Ишим,Ишим,Тюменская область,городской округ,56.09537715,69.46592795241014,2,стабильный,272.3,2,2
2193,городской округ город Тобольск,Тобольск,Тюменская область,городской округ,58.1998048,68.2512924,2,стабильный,264.7,2,2
2194,городской округ город Ялуторовск,Ялуторовск,Тюменская область,городской округ,56.64897495,66.2968841383236,3,стабильный,283.8,3,3
2195,Абатский муниципальный район,Абатский,Тюменская область,муниципальный район,56.289024,70.453026,3,стабильный,256.4,3,3
2196,Армизонский муниципальный район,Армизонский,Тюменская область,муниципальный район,55.945129,67.685402,0,колебания,261.9,3,0
2197,Аромашевский муниципальный район,Аромашевский,Тюменская область,муниципальный район,56.865017,68.6473468,0,стабильный,258.6,0,0
2198,Бердюжский муниципальный район,Бердюжский,Тюменская область,муниципальный район,55.805538,68.308907,0,колебания,262.8,0,0
2199,Вагайский муниципальный район,Вагайский,Тюменская область,муниципальный район,57.9352224,69.0125864,1,колебания,253.6,3,3
2200,Викуловский муниципальный район,Викуловский,Тюменская область,муниципальный район,56.815155,70.605362,3,колебания,250.8,3,3
2201,городской округ Голышмановский,Голышмановский,Тюменская область,городской округ,56.3955,68.375,3,стабильный,262.6,3,3
2202,Исетский муниципальный район,Исетский,Тюменская область,муниципальный район,56.475377,65.3286838,3,стабильный,280.0,3,3
2203,Ишимский муниципальный район,Ишимский,Тюменская область,муниципальный район,56.09537715,69.46592795241014,3,стабильный,294.7,3,3
2204,Казанский муниципальный район,Казанский,Тюменская область,муниципальный район,55.6434378,69.2419265,3,стабильный,258.1,3,3
2205,Нижнетавдинский муниципальный район,Нижнетавдинский,Тюменская область,муниципальный район,57.665195,66.172325,1,колебания,268.5,3,1
2206,Омутинский муниципальный район,Омутинский,Тюменская область,муниципальный район,56.476646,67.66394,3,стабильный,266.4,3,3
2207,Сладковский муниципальный район,Сладковский,Тюменская область,муниципальный район,55.528728,70.347,0,стабильный,254.5,0,0
2208,Сорокинский муниципальный район,Сорокинский,Тюменская область,муниципальный район,56.6295759,69.8076705,3,стабильный,254.5,3,3
2210,Тюменский муниципальный район,Тюменский,Тюменская область,муниципальный район,57.153534,65.542274,2,стабильный,676.7,2,2
2211,Уватский муниципальный район,Уватский,Тюменская область,муниципальный район,59.1428822,68.8961724,1,колебания,245.3,2,1
2212,Упоровский муниципальный район,Упоровский,Тюменская область,муниципальный район,56.312378,66.267189,1,стабильный,271.3,3,3
2213,Юргинский муниципальный район,Юргинский,Тюменская область,муниципальный район,56.818596,67.392548,0,колебания,264.9,3,0
2215,Ярковский муниципальный район,Ярковский,Тюменская область,муниципальный район,57.405594,67.07177,3,стабильный,266.8,3,3
2216,городской округ город Ханты-Мансийск,Ханты-Мансийск,Ханты-Мансийский автономный округ — Югра,городской округ,61.0034448,69.0190006,5,стабильный,238.7,5,5
2217,городской округ город Когалым,Когалым,Ханты-Мансийский автономный округ — Югра,городской округ,62.26798,74.4889068,5,стабильный,218.9,5,5
2218,городской округ город Лангепас,Лангепас,Ханты-Мансийский автономный округ — Югра,городской округ,61.25166204999999,75.17881042039596,5,стабильный,224.1,5,5
2219,городской округ город Мегион,Мегион,Ханты-Мансийский автономный округ — Югра,городской округ,61.035404,76.108215,5,стабильный,223.4,5,5
2220,городской округ город Нефтеюганск,Нефтеюганск,Ханты-Мансийский автономный округ — Югра,городской округ,61.0962043,72.6111908351568,5,стабильный,241.3,5,5
2221,городской округ город Нижневартовск,Нижневартовск,Ханты-Мансийский автономный округ — Югра,городской округ,60.9391866,76.55117870683605,5,стабильный,225.3,5,5
2222,городской округ город Нягань,Нягань,Ханты-Мансийский автономный округ — Югра,городской округ,62.1650621,65.45441966394608,5,стабильный,236.1,5,5
2223,городской округ город Покачи,Покачи,Ханты-Мансийский автономный округ — Югра,городской округ,61.73768990000001,75.60509414915978,5,стабильный,220.3,5,5
2224,городской округ город Пыть-Ях,Пыть-Ях,Ханты-Мансийский автономный округ — Югра,городской округ,60.7097399,72.85847962489736,5,стабильный,230.9,5,5
2225,городской округ город Радужный,Радужный,Ханты-Мансийский автономный округ — Югра,городской округ,62.135315,77.462616,5,стабильный,212.3,5,5
2226,городской округ город Сургут,Сургут,Ханты-Мансийский автономный округ — Югра,городской округ,61.2922349,73.41583674801504,5,стабильный,277.9,5,5
2227,городской округ город Урай,Урай,Ханты-Мансийский автономный округ — Югра,городской округ,60.1192579,64.7599996856959,5,стабильный,234.5,5,5
2228,городской округ город Югорск,Югорск,Ханты-Мансийский автономный округ — Югра,городской округ,61.3159174,63.3344785884512,5,стабильный,245.1,5,5
2229,Белоярский муниципальный район,Белоярский,Ханты-Мансийский автономный округ — Югра,муниципальный район,63.68158065,66.75617738996769,5,стабильный,223.4,5,5
2230,Березовский муниципальный район,Березовский,Ханты-Мансийский автономный округ — Югра,муниципальный район,63.935246,65.053566,5,стабильный,222.4,5,5
2231,Кондинский муниципальный район,Кондинский,Ханты-Мансийский автономный округ — Югра,муниципальный район,59.5924863,65.90851,3,колебания,230.9,5,2
2232,Нефтеюганский муниципальный район,Нефтеюганский,Ханты-Мансийский автономный округ — Югра,муниципальный район,61.0962043,72.6111908351568,5,стабильный,260.2,5,5
2233,Нижневартовский муниципальный район,Нижневартовский,Ханты-Мансийский автономный округ — Югра,муниципальный район,60.9391866,76.55117870683605,5,стабильный,268.0,5,5
2234,Октябрьский муниципальный район,Октябрьский,Ханты-Мансийский автономный округ — Югра,муниципальный район,62.459541,66.045067,5,стабильный,231.4,5,5
2235,Советский муниципальный район,Советский,Ханты-Мансийский автономный округ — Югра,муниципальный район,61.35802885,63.56218800350869,5,стабильный,244.4,5,5
2236,Сургутский муниципальный район,Сургутский,Ханты-Мансийский автономный округ — Югра,муниципальный район,61.2922349,73.41583674801504,5,стабильный,397.2,5,5
2237,Ханты-Мансийский муниципальный район,Ханты-Мансийский,Ханты-Мансийский автономный округ — Югра,муниципальный район,61.0034448,69.0190006,2,стабильный,274.6,2,2
2238,городской округ город Салехард,Салехард,Ямало-Ненецкий автономный округ,городской округ,66.34953595,66.63347415344438,5,стабильный,205.0,5,5
2241,городской округ город Муравленко,Муравленко,Ямало-Ненецкий автономный округ,городской округ,63.7947977,74.4969322,5,стабильный,210.4,5,5
2242,городской округ город Новый Уренгой,Новый Уренгой,Ямало-Ненецкий автономный округ,городской округ,66.02896595,78.08097865620685,5,стабильный,200.7,5,5
2243,городской округ город Ноябрьск,Ноябрьск,Ямало-Ненецкий автономный округ,городской округ,63.1191178,75.34670351236167,5,стабильный,211.8,5,5
2244,муниципальный округ Красноселькупский район,Красноселькупский,Ямало-Ненецкий автономный округ,муниципальный округ,65.704239,82.458855,7,стабильный,191.7,7,7
2245,муниципальный округ Надымский район,Надымский,Ямало-Ненецкий автономный округ,муниципальный округ,65.532,72.52,5,стабильный,205.7,5,5
2248,муниципальный округ Тазовский район,Тазовский,Ямало-Ненецкий автономный округ,муниципальный округ,67.4735321,78.7149206,7,стабильный,191.5,5,5
2249,муниципальный округ Шурышкарский район,Шурышкарский,Ямало-Ненецкий автономный округ,муниципальный округ,65.400004,64.7018584,7,колебания,212.8,5,5
2250,муниципальный округ Ямальский район,Ямальский,Ямало-Ненецкий автономный округ,муниципальный округ,66.865563,70.83653,7,стабильный,197.2,7,7
2251,городской округ город Ульяновск,Ульяновск,Ульяновская область,городской округ,54.3150278,48.403373,2,стабильный,349.5,2,2
2252,городской округ город Димитровград,Димитровград,Ульяновская область,городской округ,54.2188995,49.6038982,2,стабильный,365.3,2,2
2253,городской округ город Новоульяновск,Новоульяновск,Ульяновская область,городской округ,54.1502073,48.3856508,1,стабильный,354.0,1,1
2254,Базарносызганский муниципальный район,Базарносызганский,Ульяновская область,муниципальный район,53.7482676,46.7584818,0,стабильный,349.7,0,0
2255,Барышский муниципальный район,Барышский,Ульяновская область,муниципальный район,53.6540758,47.1013737,0,стабильный,349.2,0,0
2256,Вешкаймский муниципальный район,Вешкаймский,Ульяновская область,муниципальный район,54.0487859,47.1238442,0,стабильный,351.1,0,0
2257,Инзенский муниципальный район,Инзенский,Ульяновская область,муниципальный район,53.8579402,46.3573236,0,стабильный,353.2,0,0
2258,Карсунский муниципальный район,Карсунский,Ульяновская область,муниципальный район,54.1970553,46.9793449,0,стабильный,354.4,0,0
2259,Кузоватовский муниципальный район,Кузоватовский,Ульяновская область,муниципальный район,53.5408,47.685,0,стабильный,347.8,0,0
2260,Майнский муниципальный район,Майнский,Ульяновская область,муниципальный район,54.1140512,47.6264897,0,стабильный,350.9,0,0
2262,Николаевский муниципальный район,Николаевский,Ульяновская область,муниципальный район,53.1311155,47.2003659,0,стабильный,351.4,0,0
2264,Новоспасский муниципальный район,Новоспасский,Ульяновская область,муниципальный район,53.1492062,47.7526084,1,устойчивый сдвиг,349.9,1,0
2265,Павловский муниципальный район,Павловский,Ульяновская область,муниципальный район,52.6894894,47.1398473,0,стабильный,345.5,0,0
2266,Радищевский муниципальный район,Радищевский,Ульяновская область,муниципальный район,52.8520485,47.8706585,0,стабильный,344.0,0,0
2267,Сенгилеевский муниципальный район,Сенгилеевский,Ульяновская область,муниципальный район,53.9588733,48.7872182,0,стабильный,342.6,0,0
2268,Старокулаткинский муниципальный район,Старокулаткинский,Ульяновская область,муниципальный район,52.7313796,47.6207042,0,стабильный,343.3,0,0
2269,Старомайнский муниципальный район,Старомайнский,Ульяновская область,муниципальный район,54.6070643,48.9258988,0,стабильный,347.3,0,0
2270,Сурский муниципальный район,Сурский,Ульяновская область,муниципальный район,54.4800412,46.7234429,0,стабильный,355.6,0,0
2271,Тереньгульский муниципальный район,Тереньгульский,Ульяновская область,муниципальный район,53.7161121,48.367123,0,стабильный,348.8,0,0
2272,Ульяновский муниципальный район,Ульяновский,Ульяновская область,муниципальный район,54.4269176,48.2749899,1,стабильный,358.7,1,1
2274,Чердаклинский муниципальный район,Чердаклинский,Ульяновская область,муниципальный район,54.3600605,48.8489979,0,колебания,354.4,0,0
2275,городской округ Челябинский,Челябинский,Челябинская область,городской округ,55.1598408,61.4025547,2,стабильный,297.8,2,2
2276,городской округ Верхнеуфалейский,Верхнеуфалейский,Челябинская область,городской округ,56.052029,60.226448,1,стабильный,308.4,1,1
2278,городской округ Карабашский,Карабашский,Челябинская область,городской округ,55.4885688,60.2028784,1,стабильный,307.2,1,1
2279,городской округ Копейский,Копейский,Челябинская область,городской округ,55.1131951,61.6216332,2,стабильный,314.0,2,2
2280,городской округ Кыштымский,Кыштымский,Челябинская область,городской округ,55.7099215,60.5511275,2,стабильный,308.9,2,2
2281,городской округ Магнитогорский,Магнитогорский,Челябинская область,городской округ,53.4242184,58.983136,2,стабильный,292.1,2,2
2282,городской округ Миасский,Миасский,Челябинская область,городской округ,55.0505685,60.1087125,2,стабильный,308.1,2,2
2286,городской округ Троицкий,Троицкий,Челябинская область,городской округ,54.0847722,61.5514047,2,устойчивый сдвиг,304.8,2,2
2287,городской округ Усть-Катавский,Усть-Катавский,Челябинская область,городской округ,54.9308,58.17484,1,стабильный,312.4,1,1
2288,городской округ Чебаркульский,Чебаркульский,Челябинская область,городской округ,54.977795,60.37009,2,стабильный,322.8,2,2
2289,городской округ Южноуральский,Южноуральский,Челябинская область,городской округ,54.4425364,61.2682731,2,стабильный,297.8,2,2
2292,Аргаяшский муниципальный район,Аргаяшский,Челябинская область,муниципальный район,55.4908093,60.8776278,1,колебания,307.9,1,1
2293,Ашинский муниципальный район,Ашинский,Челябинская область,муниципальный район,54.9908896,57.2780531,1,стабильный,315.2,1,1
2294,Брединский муниципальный район,Брединский,Челябинская область,муниципальный район,52.4223974,60.3372556,0,колебания,276.0,0,0
2295,Варненский муниципальный район,Варненский,Челябинская область,муниципальный район,53.3778252,60.9783588,3,колебания,279.8,3,3
2296,Верхнеуральский муниципальный район,Верхнеуральский,Челябинская область,муниципальный район,53.8753392,59.2197592,1,стабильный,295.9,1,1
2297,Еманжелинский муниципальный район,Еманжелинский,Челябинская область,муниципальный район,54.759121,61.313198,1,стабильный,303.4,1,1
2298,Еткульский муниципальный район,Еткульский,Челябинская область,муниципальный район,54.828304,61.592037,1,стабильный,305.1,1,1
2299,Карталинский муниципальный район,Карталинский,Челябинская область,муниципальный район,53.053261,60.639172,1,стабильный,280.3,1,1
2300,Каслинский муниципальный район,Каслинский,Челябинская область,муниципальный район,55.8904193,60.7538518,1,стабильный,307.7,1,1
2301,Катав-Ивановский муниципальный район,Катав-Ивановский,Челябинская область,муниципальный район,54.753479,58.205784,1,стабильный,310.0,1,1
2302,Кизильский муниципальный район,Кизильский,Челябинская область,муниципальный район,52.72554,58.893696,0,колебания,288.8,1,1
2303,Коркинский муниципальный округ,Коркинский,Челябинская область,муниципальный округ,54.889923,61.407963,2,колебания,306.7,1,1
2304,Красноармейский муниципальный район,Красноармейский,Челябинская область,муниципальный район,55.283096,61.893074,1,стабильный,306.5,1,1
2305,Кунашакский муниципальный район,Кунашакский,Челябинская область,муниципальный район,55.698971,61.550903,0,стабильный,302.2,0,0
2307,Нагайбакский муниципальный район,Нагайбакский,Челябинская область,муниципальный район,53.5214103,59.8112001,0,колебания,291.6,0,0
2308,Нязепетровский муниципальный район,Нязепетровский,Челябинская область,муниципальный район,56.055508,59.598629,0,стабильный,307.7,0,0
2309,Октябрьский муниципальный район,Октябрьский,Челябинская область,муниципальный район,54.410706,62.728809,0,колебания,285.7,0,0
2310,Пластовский муниципальный район,Пластовский,Челябинская область,муниципальный район,54.369812,60.807091,1,стабильный,297.5,1,1
2311,Саткинский муниципальный район,Саткинский,Челябинская область,муниципальный район,55.040287,59.028034,2,устойчивый сдвиг,309.1,2,2
2312,Сосновский муниципальный район,Сосновский,Челябинская область,муниципальный район,55.3462664,61.341587,2,стабильный,313.1,2,2
2314,Увельский муниципальный район,Увельский,Челябинская область,муниципальный район,54.441994,61.354397,1,стабильный,297.0,1,1
2315,Уйский муниципальный район,Уйский,Челябинская область,муниципальный район,54.373421,60.005447,0,колебания,297.0,0,0
2316,Чебаркульский муниципальный район,Чебаркульский,Челябинская область,муниципальный район,54.977795,60.37009,1,стабильный,330.8,1,1
2317,Чесменский муниципальный район,Чесменский,Челябинская область,муниципальный район,53.8131555,60.6532186,0,колебания,287.6,0,0
2318,городской округ город Ярославль,Ярославль,Ярославская область,городской округ,57.6263877,39.8933705,2,стабильный,417.9,2,2
2320,городской округ город Рыбинск,Рыбинск,Ярославская область,городской округ,58.050373,38.834637,2,стабильный,375.0,2,2
2321,Большесельский муниципальный район,Большесельский,Ярославская область,муниципальный район,57.7184728,38.9355599,1,колебания,371.2,1,1
2322,Борисоглебский муниципальный район,Борисоглебский,Ярославская область,муниципальный район,57.259,39.15,1,стабильный,387.0,1,1
2323,Брейтовский муниципальный район,Брейтовский,Ярославская область,муниципальный район,58.3033237,37.8594763,0,стабильный,345.2,0,0
2324,Гаврилов-Ямский муниципальный район,Гаврилов-Ямский,Ярославская область,муниципальный район,57.3032827,39.8537697,1,стабильный,384.4,1,1
2325,Даниловский муниципальный район,Даниловский,Ярославская область,муниципальный район,58.188808,40.175114,1,стабильный,361.5,1,1
2326,Любимский муниципальный район,Любимский,Ярославская область,муниципальный район,58.3595618,40.6866038,1,стабильный,352.8,1,1
2327,Мышкинский муниципальный район,Мышкинский,Ярославская область,муниципальный район,57.784725,38.451595,1,стабильный,365.5,1,1
2328,Некоузский муниципальный район,Некоузский,Ярославская область,муниципальный район,57.90218,38.0624475,1,стабильный,359.9,1,1
2329,Некрасовский муниципальный район,Некрасовский,Ярославская область,муниципальный район,57.674248,40.372654,1,стабильный,373.3,1,1
2330,Первомайский муниципальный район,Первомайский,Ярославская область,муниципальный район,58.4251138,40.3228779,1,стабильный,355.4,1,1
2332,Пошехонский муниципальный район,Пошехонский,Ярославская область,муниципальный район,58.503201,39.119701,1,колебания,348.8,0,1
2333,Ростовский муниципальный район,Ростовский,Ярославская область,муниципальный район,57.2012699,39.42218126099566,2,устойчивый сдвиг,393.2,2,2
2334,Рыбинский муниципальный район,Рыбинский,Ярославская область,муниципальный район,58.050373,38.834637,2,колебания,456.0,1,1
2335,Тутаевский муниципальный район,Тутаевский,Ярославская область,муниципальный район,57.875385,39.527214,2,устойчивый сдвиг,370.2,2,2
2336,Угличский муниципальный район,Угличский,Ярославская область,муниципальный район,57.52483355,38.30708473150594,2,устойчивый сдвиг,378.0,2,2
2337,Ярославский муниципальный район,Ярославский,Ярославская область,муниципальный район,57.6263877,39.8933705,2,стабильный,719.7,2,2
2338,городской округ город Биробиджан,Биробиджан,Еврейская автономная область,городской округ,48.7881668,132.9282082,2,стабильный,147.1,5,5
2339,Биробиджанский муниципальный район,Биробиджанский,Еврейская автономная область,муниципальный район,48.7881668,132.9282082,3,колебания,173.3,3,3
2340,Ленинский муниципальный район,Ленинский,Еврейская автономная область,муниципальный район,47.9344425,132.6223808,3,устойчивый сдвиг,140.0,2,2
2341,Облученский муниципальный район,Облученский,Еврейская автономная область,муниципальный район,49.0145149,131.0538038,5,стабильный,143.3,5,5
2342,Октябрьский муниципальный район,Октябрьский,Еврейская автономная область,муниципальный район,47.6946588,131.0896669,3,стабильный,138.1,3,3
2343,Смидовичский муниципальный район,Смидовичский,Еврейская автономная область,муниципальный район,48.5956701,133.8138369,3,устойчивый сдвиг,143.8,3,2
2344,городской округ Анадырь,Анадырь,Чукотский автономный округ,городской округ,64.7316875,177.5060925,7,колебания,,7,7
2345,городской округ Эгвекинот,Эгвекинот,Чукотский автономный округ,городской округ,66.3227382,-179.120131,7,стабильный,,7,7
2348,Анадырский муниципальный район,Анадырский,Чукотский автономный округ,муниципальный район,64.7316875,177.5060925,7,стабильный,,7,7
2349,Билибинский муниципальный район,Билибинский,Чукотский автономный округ,муниципальный район,68.0550305,166.4448515,7,стабильный,112.4,7,7
2351,внутригородская территория города федерального значения муниципальный округ Коломна,Коломна,Санкт-Петербург,внутригородская территория города федерального значения,59.92236632203329,30.282035440991763,6,стабильный,411.8,6,6
2352,внутригородская территория города федерального значения муниципальный округ Сенной округ,Сенной,Санкт-Петербург,внутригородская территория города федерального значения,59.92519335798236,30.31364598447383,6,стабильный,418.7,6,6
2353,внутригородская территория города федерального значения муниципальный округ Адмиралтейский округ,Адмиралтейский,Санкт-Петербург,внутригородская территория города федерального значения,59.9312401227715,30.300161403763962,6,стабильный,414.6,6,6
2354,внутригородская территория города федерального значения муниципальный округ Семеновский,Семеновский,Санкт-Петербург,внутригородская территория города федерального значения,59.917695713140645,30.32787922188073,6,стабильный,417.0,6,6
2355,внутригородская территория города федерального значения муниципальный округ Измайловское,Измайловское,Санкт-Петербург,внутригородская территория города федерального значения,59.9074317774478,30.307669007929864,6,стабильный,414.9,6,6
2356,внутригородская территория города федерального значения муниципальный округ Екатерингофский,Екатерингофский,Санкт-Петербург,внутригородская территория города федерального значения,59.90878674397815,30.276372907860065,6,стабильный,410.6,6,6
2357,внутригородская территория города федерального значения муниципальный округ № 7,№ 7,Санкт-Петербург,внутригородская территория города федерального значения,59.934815690760466,30.277279863968996,6,стабильный,407.6,6,6
2358,внутригородская территория города федерального значения муниципальный округ Васильевский,Васильевский,Санкт-Петербург,внутригородская территория города федерального значения,59.94439865325265,30.262741183094292,6,стабильный,408.0,6,6
2359,внутригородская территория города федерального значения муниципальный округ Гавань,Гавань,Санкт-Петербург,внутригородская территория города федерального значения,59.93316215523828,30.23102896025845,6,стабильный,390.3,6,6
2360,внутригородская территория города федерального значения муниципальный округ Морской,Морской,Санкт-Петербург,внутригородская территория города федерального значения,59.943690860269186,30.20526634035912,6,стабильный,395.7,6,6
2361,внутригородская территория города федерального значения муниципальный округ Остров Декабристов,Остров Декабристов,Санкт-Петербург,внутригородская территория города федерального значения,59.95517137611175,30.229301636757633,6,стабильный,398.1,6,6
2362,внутригородская территория города федерального значения поселок Левашово,Левашово,Санкт-Петербург,внутригородская территория города федерального значения,60.091983791094805,30.153658316770567,6,устойчивый сдвиг,367.9,6,6
2363,внутригородская территория города федерального значения поселок Парголово,Парголово,Санкт-Петербург,внутригородская территория города федерального значения,60.08367559049552,30.256716722891397,6,стабильный,378.5,6,6
2364,внутригородская территория города федерального значения муниципальный округ Сампсониевское,Сампсониевское,Санкт-Петербург,внутригородская территория города федерального значения,59.97558525515165,30.342656412136634,6,стабильный,414.9,6,6
2365,внутригородская территория города федерального значения муниципальный округ Светлановское,Светлановское,Санкт-Петербург,внутригородская территория города федерального значения,60.00889064650881,30.338911972537584,6,стабильный,410.4,6,6
2366,внутригородская территория города федерального значения муниципальный округ Сосновское,Сосновское,Санкт-Петербург,внутригородская территория города федерального значения,60.0281516857183,30.346049552256765,6,стабильный,402.6,6,6
2367,внутригородская территория города федерального значения муниципальный округ № 15,№ 15,Санкт-Петербург,внутригородская территория города федерального значения,60.053126037788765,30.368963800501405,6,стабильный,396.0,6,6
2368,внутригородская территория города федерального значения муниципальный округ Сергиевское,Сергиевское,Санкт-Петербург,внутригородская территория города федерального значения,60.063729860430094,30.354658321885495,6,стабильный,389.6,6,6
2369,внутригородская территория города федерального значения муниципальный округ Шувалово-Озерки,Шувалово-Озерки,Санкт-Петербург,внутригородская территория города федерального значения,60.051257537749954,30.311840097977136,6,стабильный,395.7,6,6
2370,внутригородская территория города федерального значения поселок Лисий Нос,Лисий Нос,Санкт-Петербург,внутригородская территория города федерального значения,60.01499053382839,30.002778820939938,6,стабильный,363.6,6,6
2371,внутригородская территория города федерального значения муниципальный округ Лахта-Ольгино,Лахта-Ольгино,Санкт-Петербург,внутригородская территория города федерального значения,60.01133778255598,30.137028879144268,6,стабильный,382.1,6,6
2372,внутригородская территория города федерального значения муниципальный округ № 65,№ 65,Санкт-Петербург,внутригородская территория города федерального значения,59.99450950185559,30.220394016329244,6,стабильный,388.7,6,6
2373,внутригородская территория города федерального значения муниципальный округ Ланское,Ланское,Санкт-Петербург,внутригородская территория города федерального значения,59.98806065347244,30.302530123095725,6,стабильный,412.5,6,6
2374,внутригородская территория города федерального значения муниципальный округ Комендантский аэродром,Комендантский аэродром,Санкт-Петербург,внутригородская территория города федерального значения,60.004290758975216,30.295457099512788,6,стабильный,410.9,6,6
2375,внутригородская территория города федерального значения муниципальный округ Озеро Долгое,Озеро Долгое,Санкт-Петербург,внутригородская территория города федерального значения,60.00479432789747,30.262804357436277,6,стабильный,405.7,6,6
2376,внутригородская территория города федерального значения муниципальный округ Юнтолово,Юнтолово,Санкт-Петербург,внутригородская территория города федерального значения,60.02426490087387,30.231267504887928,6,стабильный,394.8,6,6
2377,внутригородская территория города федерального значения муниципальный округ Коломяги,Коломяги,Санкт-Петербург,внутригородская территория города федерального значения,60.04448723503968,30.232700133412912,6,стабильный,386.8,6,6
2378,внутригородская территория города федерального значения муниципальный округ Гражданка,Гражданка,Санкт-Петербург,внутригородская территория города федерального значения,60.00627794643848,30.402514156218015,6,стабильный,407.1,6,6
2379,внутригородская территория города федерального значения муниципальный округ Академическое,Академическое,Санкт-Петербург,внутригородская территория города федерального значения,60.01693058033939,30.38566782946783,6,стабильный,405.9,6,6
2380,внутригородская территория города федерального значения муниципальный округ Финляндский округ,Финляндский,Санкт-Петербург,внутригородская территория города федерального значения,59.96852805182563,30.380211134097184,6,стабильный,409.7,6,6
2381,внутригородская территория города федерального значения муниципальный округ № 21,№ 21,Санкт-Петербург,внутригородская территория города федерального значения,60.03184665386608,30.422895212856865,6,стабильный,400.2,6,6
2382,внутригородская территория города федерального значения муниципальный округ Пискаревка,Пискаревка,Санкт-Петербург,внутригородская территория города федерального значения,59.99342046924768,30.405186767400686,6,стабильный,405.7,6,6
2383,внутригородская территория города федерального значения муниципальный округ Северный,Северный,Санкт-Петербург,внутригородская территория города федерального значения,60.043801034547016,30.380632101757342,6,стабильный,402.8,6,6
2384,внутригородская территория города федерального значения муниципальный округ Прометей,Прометей,Санкт-Петербург,внутригородская территория города федерального значения,60.04055669546746,30.39938172903467,6,стабильный,401.2,6,6
2385,внутригородская территория города федерального значения муниципальный округ Княжево,Княжево,Санкт-Петербург,внутригородская территория города федерального значения,59.85025843113273,30.271147855994723,6,стабильный,406.1,6,6
2386,внутригородская территория города федерального значения муниципальный округ Ульянка,Ульянка,Санкт-Петербург,внутригородская территория города федерального значения,59.831220968879414,30.21687653290492,6,стабильный,399.3,6,6
2387,внутригородская территория города федерального значения муниципальный округ Дачное,Дачное,Санкт-Петербург,внутригородская территория города федерального значения,59.84370440108601,30.240415765491857,6,стабильный,403.3,6,6
2388,внутригородская территория города федерального значения муниципальный округ Автово,Автово,Санкт-Петербург,внутригородская территория города федерального значения,59.874299562759816,30.23139811616023,6,стабильный,404.0,6,6
2389,внутригородская территория города федерального значения муниципальный округ Нарвский округ,Нарвский,Санкт-Петербург,внутригородская территория города федерального значения,59.89051673673662,30.26674635279992,6,стабильный,407.1,6,6
2390,внутригородская территория города федерального значения муниципальный округ Красненькая речка,Красненькая речка,Санкт-Петербург,внутригородская территория города федерального значения,59.85657999027116,30.23787363913156,6,стабильный,409.0,6,6
2391,внутригородская территория города федерального значения муниципальный округ Морские ворота,Морские ворота,Санкт-Петербург,внутригородская территория города федерального значения,59.90038428973608,30.226933416486677,6,стабильный,397.4,6,6
2392,внутригородская территория города федерального значения город Колпино,Колпино,Санкт-Петербург,внутригородская территория города федерального значения,59.75666825673215,30.61874886477394,6,стабильный,364.3,6,6
2393,внутригородская территория города федерального значения поселок Металлострой,Металлострой,Санкт-Петербург,внутригородская территория города федерального значения,59.79836675846729,30.560680676007586,2,колебания,372.6,2,2
2395,внутригородская территория города федерального значения поселок Понтонный,Понтонный,Санкт-Петербург,внутригородская территория города федерального значения,59.78145529185753,30.633459027908494,2,стабильный,372.4,2,2
2398,внутригородская территория города федерального значения муниципальный округ Полюстрово,Полюстрово,Санкт-Петербург,внутригородская территория города федерального значения,59.99874311696692,30.454302107249593,6,стабильный,396.2,6,6
2399,внутригородская территория города федерального значения муниципальный округ Большая Охта,Большая Охта,Санкт-Петербург,внутригородская территория города федерального значения,59.94868478395534,30.426400166220002,6,стабильный,409.9,6,6
2400,внутригородская территория города федерального значения муниципальный округ Малая Охта,Малая Охта,Санкт-Петербург,внутригородская территория города федерального значения,59.93022512700836,30.416951328664155,6,стабильный,412.8,6,6
2401,внутригородская территория города федерального значения муниципальный округ Пороховые,Пороховые,Санкт-Петербург,внутригородская территория города федерального значения,59.94543760924232,30.472709479125704,6,стабильный,401.9,6,6
2402,внутригородская территория города федерального значения муниципальный округ Ржевка,Ржевка,Санкт-Петербург,внутригородская территория города федерального значения,59.97307821369723,30.493384317444097,6,стабильный,396.7,6,6
2403,внутригородская территория города федерального значения город Красное Село,Красное Село,Санкт-Петербург,внутригородская территория города федерального значения,59.72442221283364,30.090474332723222,6,стабильный,365.8,6,6
2404,внутригородская территория города федерального значения муниципальный округ Юго-Запад,Юго-Запад,Санкт-Петербург,внутригородская территория города федерального значения,59.85591292919392,30.21488353375632,6,стабильный,403.1,6,6
2405,внутригородская территория города федерального значения муниципальный округ Южно-Приморский,Южно-Приморский,Санкт-Петербург,внутригородская территория города федерального значения,59.85761028158347,30.166356188688606,6,стабильный,390.1,6,6
2406,внутригородская территория города федерального значения муниципальный округ Сосновая поляна,Сосновая поляна,Санкт-Петербург,внутригородская территория города федерального значения,59.84443599807688,30.1211000780202,6,стабильный,386.5,6,6
2407,внутригородская территория города федерального значения муниципальный округ Урицк,Урицк,Санкт-Петербург,внутригородская территория города федерального значения,59.83611906616026,30.181443442833807,6,стабильный,395.7,6,6
2408,внутригородская территория города федерального значения муниципальный округ Константиновское,Константиновское,Санкт-Петербург,внутригородская территория города федерального значения,59.822447503625796,30.122762021608015,6,стабильный,387.0,6,6
2409,внутригородская территория города федерального значения муниципальный округ Горелово,Горелово,Санкт-Петербург,внутригородская территория города федерального значения,59.79097640678961,30.146233467054095,6,стабильный,377.8,6,6
2410,внутригородская территория города федерального значения город Кронштадт,Кронштадт,Санкт-Петербург,внутригородская территория города федерального значения,60.00444150432011,29.745597003971344,2,колебания,338.8,6,6
2411,внутригородская территория города федерального значения город Зеленогорск,Зеленогорск,Санкт-Петербург,внутригородская территория города федерального значения,60.211689500230584,29.712444453547622,6,устойчивый сдвиг,333.4,4,4
2412,внутригородская территория города федерального значения город Сестрорецк,Сестрорецк,Санкт-Петербург,внутригородская территория города федерального значения,60.0658219540308,30.02585661217037,4,стабильный,349.5,4,4
2416,внутригородская территория города федерального значения поселок Песочный,Песочный,Санкт-Петербург,внутригородская территория города федерального значения,60.12088829375132,30.113521906806547,6,стабильный,362.5,6,6
2422,внутригородская территория города федерального значения город Ломоносов,Ломоносов,Санкт-Петербург,внутригородская территория города федерального значения,59.904543997513755,29.747438504745812,6,устойчивый сдвиг,352.8,6,6
2423,внутригородская территория города федерального значения муниципальный округ Московская застава,Московская застава,Санкт-Петербург,внутригородская территория города федерального значения,59.88536166022849,30.32372607603411,6,стабильный,410.6,6,6
2424,внутригородская территория города федерального значения муниципальный округ Гагаринское,Гагаринское,Санкт-Петербург,внутригородская территория города федерального значения,59.84781903929878,30.355730673297796,6,стабильный,409.0,6,6
2425,внутригородская территория города федерального значения муниципальный округ Новоизмайловское,Новоизмайловское,Санкт-Петербург,внутригородская территория города федерального значения,59.85175324913392,30.301772085097642,6,стабильный,409.2,6,6
2426,внутригородская территория города федерального значения муниципальный округ Пулковский меридиан,Пулковский меридиан,Санкт-Петербург,внутригородская территория города федерального значения,59.79779784645612,30.287521705723627,6,стабильный,380.2,6,6
2427,внутригородская территория города федерального значения муниципальный округ Звездное,Звездное,Санкт-Петербург,внутригородская территория города федерального значения,59.8300216014386,30.338262795049165,6,стабильный,403.3,6,6
2428,внутригородская территория города федерального значения муниципальный округ Невская застава,Невская застава,Санкт-Петербург,внутригородская территория города федерального значения,59.902582044245406,30.404660141320488,6,стабильный,408.3,6,6
2429,внутригородская территория города федерального значения муниципальный округ Ивановский,Ивановский,Санкт-Петербург,внутригородская территория города федерального значения,59.87815991407927,30.42950297948617,6,стабильный,410.4,6,6
2430,внутригородская территория города федерального значения муниципальный округ Обуховский,Обуховский,Санкт-Петербург,внутригородская территория города федерального значения,59.86169784003993,30.457910591778983,6,стабильный,402.4,6,6
2431,внутригородская территория города федерального значения муниципальный округ Рыбацкое,Рыбацкое,Санкт-Петербург,внутригородская территория города федерального значения,59.83440082200269,30.50851288007087,6,стабильный,388.7,6,6
2432,внутригородская территория города федерального значения муниципальный округ Народный,Народный,Санкт-Петербург,внутригородская территория города федерального значения,59.87791038643439,30.482406167912636,6,стабильный,399.1,6,6
2433,внутригородская территория города федерального значения муниципальный округ № 54,№ 54,Санкт-Петербург,внутригородская территория города федерального значения,59.8988781647393,30.47564742349812,6,стабильный,403.8,6,6
2434,внутригородская территория города федерального значения муниципальный округ Невский округ,Невский,Санкт-Петербург,внутригородская территория города федерального значения,59.909324955188886,30.448525483764897,6,стабильный,406.8,6,6
2435,внутригородская территория города федерального значения муниципальный округ Оккервиль,Оккервиль,Санкт-Петербург,внутригородская территория города федерального значения,59.91694639606631,30.488913854886512,6,стабильный,402.4,6,6
2436,внутригородская территория города федерального значения муниципальный округ Правобережный,Правобережный,Санкт-Петербург,внутригородская территория города федерального значения,59.92581673352981,30.461815202660773,6,стабильный,401.9,6,6
2437,внутригородская территория города федерального значения город Павловск,Павловск,Санкт-Петербург,внутригородская территория города федерального значения,59.669329595461356,30.432295840309067,6,стабильный,365.5,6,6
2439,внутригородская территория города федерального значения муниципальный округ Введенский,Введенский,Санкт-Петербург,внутригородская территория города федерального значения,59.951268302093446,30.298895024930122,6,стабильный,415.6,6,6
2440,внутригородская территория города федерального значения муниципальный округ Кронверкское,Кронверкское,Санкт-Петербург,внутригородская территория города федерального значения,59.95426494867658,30.31370584736688,6,стабильный,416.5,6,6
2441,внутригородская территория города федерального значения муниципальный округ Посадский,Посадский,Санкт-Петербург,внутригородская территория города федерального значения,59.95786534211805,30.329509670566395,6,стабильный,416.8,6,6
2442,внутригородская территория города федерального значения муниципальный округ Аптекарский остров,Аптекарский остров,Санкт-Петербург,внутригородская территория города федерального значения,59.970904955378266,30.316048356192105,6,стабильный,414.4,6,6
2443,внутригородская территория города федерального значения муниципальный округ округ Петровский,Петровский,Санкт-Петербург,внутригородская территория города федерального значения,59.95950421753807,30.270378155144154,6,стабильный,405.2,6,6
2444,внутригородская территория города федерального значения муниципальный округ Чкаловское,Чкаловское,Санкт-Петербург,внутригородская территория города федерального значения,59.972407687250424,30.265110480063246,6,стабильный,404.3,6,6
2445,внутригородская территория города федерального значения город Петергоф,Петергоф,Санкт-Петербург,внутригородская территория города федерального значения,59.86780074694596,29.906916265435573,6,стабильный,358.7,6,6
2446,внутригородская территория города федерального значения поселок Стрельна,Стрельна,Санкт-Петербург,внутригородская территория города федерального значения,59.844583937641524,30.047598442259023,6,стабильный,370.7,6,6
2447,внутригородская территория города федерального значения город Пушкин,Пушкин,Санкт-Петербург,внутригородская территория города федерального значения,59.70186503443062,30.339646874317353,6,стабильный,370.5,6,6
2449,внутригородская территория города федерального значения поселок Шушары,Шушары,Санкт-Петербург,внутригородская территория города федерального значения,59.76247323985904,30.44329451762263,6,стабильный,390.3,6,6
2450,внутригородская территория города федерального значения муниципальный округ Волковское,Волковское,Санкт-Петербург,внутригородская территория города федерального значения,59.89212353296359,30.366320419899207,6,стабильный,408.5,6,6
2451,внутригородская территория города федерального значения муниципальный округ № 72,№ 72,Санкт-Петербург,внутригородская территория города федерального значения,59.86818089326879,30.40171231230946,6,стабильный,407.6,6,6
2452,внутригородская территория города федерального значения муниципальный округ Купчино,Купчино,Санкт-Петербург,внутригородская территория города федерального значения,59.8639117814082,30.37178335620735,6,стабильный,409.4,6,6
2453,внутригородская территория города федерального значения муниципальный округ Георгиевский,Георгиевский,Санкт-Петербург,внутригородская территория города федерального значения,59.84649809445611,30.385326189058414,6,стабильный,406.8,6,6
2454,внутригородская территория города федерального значения муниципальный округ № 75,№ 75,Санкт-Петербург,внутригородская территория города федерального значения,59.84529195498215,30.432336440549065,6,стабильный,402.8,6,6
2455,внутригородская территория города федерального значения муниципальный округ Балканский,Балканский,Санкт-Петербург,внутригородская территория города федерального значения,59.828464643789914,30.400537352132417,6,стабильный,398.6,6,6
2456,внутригородская территория города федерального значения муниципальный округ Дворцовый округ,Дворцовый,Санкт-Петербург,внутригородская территория города федерального значения,59.94103544344571,30.32777390277918,6,стабильный,419.1,6,6
2457,внутригородская территория города федерального значения муниципальный округ № 78,№ 78,Санкт-Петербург,внутригородская территория города федерального значения,59.93179471321988,30.327131893990234,6,стабильный,421.7,6,6
2458,внутригородская территория города федерального значения муниципальный округ Литейный округ,Литейный,Санкт-Петербург,внутригородская территория города федерального значения,59.94266779248079,30.349851929630947,6,стабильный,418.9,6,6
2459,внутригородская территория города федерального значения муниципальный округ Смольнинское,Смольнинское,Санкт-Петербург,внутригородская территория города федерального значения,59.94146017473228,30.381668174675386,6,стабильный,413.7,6,6
2460,внутригородская территория города федерального значения муниципальный округ Лиговка-Ямская,Лиговка-Ямская,Санкт-Петербург,внутригородская территория города федерального значения,59.92118926639006,30.372807327572247,6,стабильный,417.0,6,6
2461,внутригородская территория города федерального значения муниципальный округ Владимирский округ,Владимирский,Санкт-Петербург,внутригородская территория города федерального значения,59.92504190709768,30.346617789745217,6,стабильный,417.9,6,6
2462,внутригородская территория города федерального значения муниципальный округ Богородское,Богородское,Москва,внутригородская территория города федерального значения,55.819219828399916,37.70352538018982,4,стабильный,624.3,4,4
2463,внутригородская территория города федерального значения муниципальный округ Вешняки,Вешняки,Москва,внутригородская территория города федерального значения,55.730683306589086,37.815200277286024,4,стабильный,630.9,4,4
2464,внутригородская территория города федерального значения муниципальный округ Восточное Измайлово,Восточное Измайлово,Москва,внутригородская территория города федерального значения,55.79565408277374,37.822374904190035,4,стабильный,615.6,4,4
2465,внутригородская территория города федерального значения муниципальный округ Восточный,Восточный,Москва,внутригородская территория города федерального значения,55.8251879100033,37.86510406308016,4,устойчивый сдвиг,587.7,4,4
2466,внутригородская территория города федерального значения муниципальный округ Гольяново,Гольяново,Москва,внутригородская территория города федерального значения,55.82428675200687,37.796197262646146,4,стабильный,600.5,4,4
2467,внутригородская территория города федерального значения муниципальный округ Ивановское,Ивановское,Москва,внутригородская территория города федерального значения,55.77133540561784,37.82402865203803,4,стабильный,623.4,4,4
2468,внутригородская территория города федерального значения муниципальный округ Измайлово,Измайлово,Москва,внутригородская территория города федерального значения,55.78378533673457,37.77275030950963,4,стабильный,626.9,4,4
2469,внутригородская территория города федерального значения муниципальный округ Косино-Ухтомский,Косино-Ухтомский,Москва,внутригородская территория города федерального значения,55.71620257600508,37.88347380046494,4,стабильный,598.6,4,4
2470,внутригородская территория города федерального значения муниципальный округ Новогиреево,Новогиреево,Москва,внутригородская территория города федерального значения,55.74804761723645,37.80410882901577,4,стабильный,626.4,4,4
2471,внутригородская территория города федерального значения муниципальный округ Новокосино,Новокосино,Москва,внутригородская территория города федерального значения,55.74006968494641,37.861839547921655,4,стабильный,604.5,4,4
2472,внутригородская территория города федерального значения муниципальный округ Метрогородок,Метро,Москва,внутригородская территория города федерального значения,55.842867985787215,37.738461986319585,4,стабильный,612.5,4,4
2473,внутригородская территория города федерального значения муниципальный округ Перово,Перово,Москва,внутригородская территория города федерального значения,55.75205881825981,37.76760816742855,4,стабильный,633.8,4,4
2474,внутригородская территория города федерального значения муниципальный округ Северное Измайлово,Северное Измайлово,Москва,внутригородская территория города федерального значения,55.806850934088686,37.805388673751125,4,стабильный,615.1,4,4
2475,внутригородская территория города федерального значения муниципальный округ Соколиная гора,Соколиная гора,Москва,внутригородская территория города федерального значения,55.772791513034136,37.73064970445749,4,стабильный,637.5,4,4
2476,внутригородская территория города федерального значения муниципальный округ Сокольники,Сокольники,Москва,внутригородская территория города федерального значения,55.799875810085304,37.67757898752186,4,стабильный,636.4,4,4
2477,внутригородская территория города федерального значения муниципальный округ Преображенское,Преображенское,Москва,внутригородская территория города федерального значения,55.79731408447428,37.72240590909125,4,стабильный,633.8,4,4
2478,внутригородская территория города федерального значения муниципальный округ Внуково,Внуково,Москва,внутригородская территория города федерального значения,55.603157185607756,37.26293897332289,4,стабильный,557.3,4,4
2479,внутригородская территория города федерального значения муниципальный округ Дорогомилово,Дорогомилово,Москва,внутригородская территория города федерального значения,55.73907966336344,37.536863532703514,4,стабильный,641.1,4,4
2480,внутригородская территория города федерального значения муниципальный округ Крылатское,Крылатское,Москва,внутригородская территория города федерального значения,55.76322291861802,37.423665068899695,4,стабильный,608.7,4,4
2481,внутригородская территория города федерального значения муниципальный округ Кунцево,Кунцево,Москва,внутригородская территория города федерального значения,55.74572812659648,37.17053293577535,4,стабильный,604.7,4,4
2482,внутригородская территория города федерального значения муниципальный округ Можайский,Можайский,Москва,внутригородская территория города федерального значения,55.70801431674789,37.39559382907514,4,стабильный,613.5,4,4
2483,внутригородская территория города федерального значения муниципальный округ Ново-Переделкино,Ново-Переделкино,Москва,внутригородская территория города федерального значения,55.645905443402725,37.357420033653874,4,стабильный,578.7,4,4
2484,внутригородская территория города федерального значения муниципальный округ Очаково-Матвеевское,Очаково-Матвеевское,Москва,внутригородская территория города федерального значения,55.69288381609175,37.44677949771363,4,стабильный,611.8,4,4
2485,внутригородская территория города федерального значения муниципальный округ Проспект Вернадского,Проспект Вернадского,Москва,внутригородская территория города федерального значения,55.67635349766137,37.499057147016295,4,стабильный,633.1,4,4
2486,внутригородская территория города федерального значения муниципальный округ Раменки,Раменки,Москва,внутригородская территория города федерального значения,55.706542030689974,37.51416769798875,4,стабильный,634.7,4,4
2487,внутригородская территория города федерального значения муниципальный округ Солнцево,Солнцево,Москва,внутригородская территория города федерального значения,55.651152744470394,37.39911557203753,4,стабильный,592.2,4,4
2488,внутригородская территория города федерального значения муниципальный округ Тропарево-Никулино,Тропарево-Никулино,Москва,внутригородская территория города федерального значения,55.6603749273129,37.468421498778085,4,стабильный,617.7,4,4
2489,внутригородская территория города федерального значения муниципальный округ Филевский парк,Филевский парк,Москва,внутригородская территория города федерального значения,55.749322543103524,37.486960425972256,4,стабильный,626.4,4,4
2490,внутригородская территория города федерального значения муниципальный округ Фили-Давыдково,Фили-Давыдково,Москва,внутригородская территория города федерального значения,55.72722634909307,37.46923311853,4,стабильный,625.3,4,4
2491,внутригородская территория города федерального значения муниципальный округ Крюково,Крюково,Москва,внутригородская территория города федерального значения,55.96935311865463,37.17683267338064,4,стабильный,510.5,4,4
2492,внутригородская территория города федерального значения муниципальный округ Матушкино,Матушкино,Москва,внутригородская территория города федерального значения,56.00507515121664,37.204297773759464,4,стабильный,515.9,4,4
2493,внутригородская территория города федерального значения муниципальный округ Силино,Силино,Москва,внутригородская территория города федерального значения,56.00231474248067,37.170346194030124,4,стабильный,508.9,4,4
2494,внутригородская территория города федерального значения муниципальный округ Аэропорт,Аэропорт,Москва,внутригородская территория города федерального значения,55.802721221116336,37.540354254811234,4,стабильный,639.2,4,4
2495,внутригородская территория города федерального значения муниципальный округ Беговой,Беговой,Москва,внутригородская территория города федерального значения,55.78322642993583,37.566256274372414,4,стабильный,651.0,4,4
2496,внутригородская территория города федерального значения муниципальный округ Бескудниковский,Бескудниковский,Москва,внутригородская территория города федерального значения,55.86728588791407,37.552752364974786,4,стабильный,621.5,4,4
2497,внутригородская территория города федерального значения муниципальный округ Войковский,Войковский,Москва,внутригородская территория города федерального значения,55.82732842790935,37.49707681383809,4,стабильный,621.3,4,4
2498,внутригородская территория города федерального значения муниципальный округ Восточное Дегунино,Восточное Дегунино,Москва,внутригородская территория города федерального значения,55.87866608878247,37.56074634370343,4,стабильный,607.1,4,4
2499,внутригородская территория города федерального значения муниципальный округ Головинский,Головинский,Москва,внутригородская территория города федерального значения,55.8494943898104,37.51196799430259,4,стабильный,619.4,4,4
2500,внутригородская территория города федерального значения муниципальный округ Дмитровский,Дмитровский,Москва,внутригородская территория города федерального значения,55.89137326877955,37.528417909986224,4,стабильный,603.1,4,4
2501,внутригородская территория города федерального значения муниципальный округ Западное Дегунино,Западное Дегунино,Москва,внутригородская территория города федерального значения,55.87233213182397,37.519285456899176,4,стабильный,614.6,4,4
2502,внутригородская территория города федерального значения муниципальный округ Коптево,Коптево,Москва,внутригородская территория города федерального значения,55.83233730459085,37.5289971292291,4,стабильный,622.4,4,4
2503,внутригородская территория города федерального значения муниципальный округ Левобережный,Левобережный,Москва,внутригородская территория города федерального значения,55.86562585098495,37.46576075559182,4,стабильный,609.0,4,4
2504,внутригородская территория города федерального значения муниципальный округ Молжаниновский,Молжаниновский,Москва,внутригородская территория города федерального значения,55.93671627292943,37.376964181919476,4,стабильный,558.9,4,4
2505,внутригородская территория города федерального значения муниципальный округ Савеловский,Савеловский,Москва,внутригородская территория города федерального значения,55.799738137017755,37.57083323868165,4,стабильный,644.9,4,4
2506,внутригородская территория города федерального значения муниципальный округ Сокол,Сокол,Москва,внутригородская территория города федерального значения,55.804890411702296,37.505514124955305,4,стабильный,633.8,4,4
2507,внутригородская территория города федерального значения муниципальный округ Тимирязевский,Тимирязевский,Москва,внутригородская территория города федерального значения,55.825839834914866,37.557830481153914,4,стабильный,629.3,4,4
2508,внутригородская территория города федерального значения муниципальный округ Ховрино,Ховрино,Москва,внутригородская территория города федерального значения,55.869143132604165,37.48947825187062,4,стабильный,610.4,4,4
2509,внутригородская территория города федерального значения муниципальный округ Хорошевский,Хорошевский,Москва,внутригородская территория города федерального значения,55.7822902284687,37.527348059693566,4,стабильный,631.9,4,4
2510,внутригородская территория города федерального значения муниципальный округ Алексеевский,Алексеевский,Москва,внутригородская территория города федерального значения,55.81241083196048,37.650220242298346,4,стабильный,635.4,4,4
2511,внутригородская территория города федерального значения муниципальный округ Алтуфьевский,Алтуфьевский,Москва,внутригородская территория города федерального значения,55.879768581277816,37.583388411832445,4,стабильный,618.2,4,4
2512,внутригородская территория города федерального значения муниципальный округ Бабушкинский,Бабушкинский,Москва,внутригородская территория города федерального значения,55.86762467951109,37.665448625126366,4,стабильный,618.4,4,4
2513,внутригородская территория города федерального значения муниципальный округ Бибирево,Бибирево,Москва,внутригородская территория города федерального значения,55.89498325832447,37.60795872812262,4,стабильный,600.5,4,4
2514,внутригородская территория города федерального значения муниципальный округ Бутырский,Бутырский,Москва,внутригородская территория города федерального значения,55.81413224508887,37.5894461992918,4,стабильный,637.1,4,4
2515,внутригородская территория города федерального значения муниципальный округ Лианозово,Лианозово,Москва,внутригородская территория города федерального значения,55.90074036570787,37.56843679250271,4,стабильный,600.9,4,4
2516,внутригородская территория города федерального значения муниципальный округ Лосиноостровский,Лосиноостровский,Москва,внутригородская территория города федерального значения,55.881169159242134,37.6940372146789,4,стабильный,605.9,4,4
2517,внутригородская территория города федерального значения муниципальный округ Марфино,Марфино,Москва,внутригородская территория города федерального значения,55.83423211106167,37.58894828600612,4,стабильный,630.5,4,4
2518,внутригородская территория города федерального значения муниципальный округ Марьина роща,Марьина роща,Москва,внутригородская территория города федерального значения,55.797168109387144,37.61155627254679,4,стабильный,649.1,4,4
2519,внутригородская территория города федерального значения муниципальный округ Останкинский,Останкинский,Москва,внутригородская территория города федерального значения,55.829218875603836,37.61850743076401,4,стабильный,635.7,4,4
2520,внутригородская территория города федерального значения муниципальный округ Отрадное,Отрадное,Москва,внутригородская территория города федерального значения,55.86203432799227,37.60097187178757,4,стабильный,620.5,4,4
2521,внутригородская территория города федерального значения муниципальный округ Ростокино,Ростокино,Москва,внутригородская территория города федерального значения,55.83604654836024,37.65320862226564,4,стабильный,631.2,4,4
2522,внутригородская территория города федерального значения муниципальный округ Свиблово,Свиблово,Москва,внутригородская территория города федерального значения,55.851876668553174,37.64775936267424,4,стабильный,628.8,4,4
2523,внутригородская территория города федерального значения муниципальный округ Северное Медведково,Северное Медведково,Москва,внутригородская территория города федерального значения,55.88824525522836,37.655062612386196,4,стабильный,606.8,4,4
2524,внутригородская территория города федерального значения муниципальный округ Северный,Северный,Москва,внутригородская территория города федерального значения,55.93280195529905,37.5470977343709,4,стабильный,580.2,4,4
2525,внутригородская территория города федерального значения муниципальный округ Южное Медведково,Южное Медведково,Москва,внутригородская территория города федерального значения,55.874966042976645,37.63466152518639,4,стабильный,619.8,4,4
2526,внутригородская территория города федерального значения муниципальный округ Ярославский,Ярославский,Москва,внутригородская территория города федерального значения,55.86084822397696,37.70008829441129,4,стабильный,611.8,4,4
2527,внутригородская территория города федерального значения муниципальный округ Куркино,Куркино,Москва,внутригородская территория города федерального значения,55.891331897444864,37.38939064833919,4,стабильный,576.9,4,4
2528,внутригородская территория города федерального значения муниципальный округ Митино,Митино,Москва,внутригородская территория города федерального значения,55.84536820906303,37.365892087767975,4,стабильный,586.1,4,4
2529,внутригородская территория города федерального значения муниципальный округ Покровское-Стрешнево,Покровское-Стрешнево,Москва,внутригородская территория города федерального значения,55.82387432892495,37.44557923064189,4,стабильный,609.9,4,4
2530,внутригородская территория города федерального значения муниципальный округ Северное Тушино,Северное Тушино,Москва,внутригородская территория города федерального значения,55.86171627718676,37.42820880252041,4,стабильный,589.1,4,4
2531,внутригородская территория города федерального значения муниципальный округ Строгино,Строгино,Москва,внутригородская территория города федерального значения,55.79709152102117,37.40432531221789,4,стабильный,592.4,4,4
2532,внутригородская территория города федерального значения муниципальный округ Хорошево-Мневники,Хорошево-Мневники,Москва,внутригородская территория города федерального значения,55.772901932489226,37.46419459933347,4,стабильный,625.0,4,4
2533,внутригородская территория города федерального значения муниципальный округ Щукино,Щукино,Москва,внутригородская территория города федерального значения,55.800665552393475,37.47386605814859,4,стабильный,617.0,4,4
2534,внутригородская территория города федерального значения муниципальный округ Южное Тушино,Южное Тушино,Москва,внутригородская территория города федерального значения,55.842911212388,37.42954940244428,4,стабильный,597.9,4,4
2535,внутригородская территория города федерального значения муниципальный округ Арбат,Арбат,Москва,внутригородская территория города федерального значения,55.751155010963735,37.59001517828206,4,стабильный,657.6,4,4
2536,внутригородская территория города федерального значения муниципальный округ Басманный,Басманный,Москва,внутригородская территория города федерального значения,55.76669357404962,37.67083893380902,4,стабильный,653.1,4,4
2537,внутригородская территория города федерального значения муниципальный округ Замоскворечье,Замоскворечье,Москва,внутригородская территория города федерального значения,55.73359942939441,37.63373406634501,4,стабильный,656.4,4,4
2538,внутригородская территория города федерального значения муниципальное образование Савелки,Савелки,Москва,внутригородская территория города федерального значения,55.98770661210646,37.24063745835919,4,стабильный,519.5,4,4
2539,внутригородская территория города федерального значения муниципальный округ Красносельский,Красносельский,Москва,внутригородская территория города федерального значения,55.77793470401674,37.65456635631473,4,стабильный,656.2,4,4
2540,внутригородская территория города федерального значения муниципальный округ Мещанский,Мещанский,Москва,внутригородская территория города федерального значения,55.780011152664784,37.628777170340626,4,стабильный,657.1,4,4
2541,внутригородская территория города федерального значения муниципальный округ Пресненский,Пресненский,Москва,внутригородская территория города федерального значения,55.76082422774099,37.55942004856965,4,стабильный,645.1,4,4
2542,внутригородская территория города федерального значения муниципальный округ Таганский,Таганский,Москва,внутригородская территория города федерального значения,55.74079563376108,37.66680008906846,4,стабильный,652.9,4,4
2543,внутригородская территория города федерального значения муниципальный округ Тверской,Тверской,Москва,внутригородская территория города федерального значения,55.770217609453184,37.60670289494934,4,стабильный,656.4,4,4
2544,внутригородская территория города федерального значения муниципальный округ Хамовники,Хамовники,Москва,внутригородская территория города федерального значения,55.7291288695901,37.574947763524555,4,стабильный,645.1,4,4
2545,внутригородская территория города федерального значения муниципальный округ Якиманка,Якиманка,Москва,внутригородская территория города федерального значения,55.730669109707065,37.60745171289501,4,стабильный,660.0,4,4
2546,внутригородская территория города федерального значения муниципальный округ Выхино-Жулебино,Выхино-Жулебино,Москва,внутригородская территория города федерального значения,55.696323347344716,37.82452638819625,4,стабильный,612.0,4,4
2547,внутригородская территория города федерального значения муниципальный округ Капотня,Капотня,Москва,внутригородская территория города федерального значения,55.64478866954257,37.805605481826234,4,стабильный,600.5,4,4
2548,внутригородская территория города федерального значения муниципальный округ Кузьминки,Кузьминки,Москва,внутригородская территория города федерального значения,55.69876373568114,37.77381350347351,4,стабильный,628.8,4,4
2549,внутригородская территория города федерального значения муниципальный округ Лефортово,Лефортово,Москва,внутригородская территория города федерального значения,55.75363099028293,37.7048996345242,4,стабильный,640.9,4,4
2550,внутригородская территория города федерального значения муниципальный округ Люблино,Люблино,Москва,внутригородская территория города федерального значения,55.672041720368526,37.779084130324385,4,стабильный,615.8,4,4
2551,внутригородская территория города федерального значения муниципальный округ Марьино,Марьино,Москва,внутригородская территория города федерального значения,55.652530458179214,37.7445536048345,4,стабильный,619.6,4,4
2552,внутригородская территория города федерального значения муниципальный округ Некрасовка,Некрасовка,Москва,внутригородская территория города федерального значения,55.695969193947754,37.93969286322024,4,стабильный,580.9,4,4
2553,внутригородская территория города федерального значения муниципальный округ Нижегородский,Нижегородский,Москва,внутригородская территория города федерального значения,55.73185080213808,37.72252580407446,4,стабильный,645.1,4,4
2554,внутригородская территория города федерального значения муниципальный округ Печатники,Печатники,Москва,внутригородская территория города федерального значения,55.68466772951408,37.70529378703557,4,стабильный,634.5,4,4
2555,внутригородская территория города федерального значения муниципальный округ Рязанский,Рязанский,Москва,внутригородская территория города федерального значения,55.72053017567941,37.77026998711382,4,стабильный,635.9,4,4
2556,внутригородская территория города федерального значения муниципальный округ Текстильщики,Текстильщики,Москва,внутригородская территория города федерального значения,55.70722786547657,37.7381532135192,4,стабильный,638.3,4,4
2557,внутригородская территория города федерального значения муниципальный округ Южнопортовый,Южнопортовый,Москва,внутригородская территория города федерального значения,55.714708612100885,37.67682852061079,4,стабильный,650.8,4,4
2558,внутригородская территория города федерального значения муниципальный округ Академический,Академический,Москва,внутригородская территория города федерального значения,55.688685110525576,37.577735503267654,4,стабильный,647.9,4,4
2559,внутригородская территория города федерального значения муниципальный округ Гагаринский,Гагаринский,Москва,внутригородская территория города федерального значения,55.698366143224334,37.55864896123462,4,стабильный,649.4,4,4
2560,внутригородская территория города федерального значения муниципальный округ Зюзино,Зюзино,Москва,внутригородская территория города федерального значения,55.6541635218385,37.5898682055508,4,стабильный,633.1,4,4
2561,внутригородская территория города федерального значения муниципальный округ Коньково,Коньково,Москва,внутригородская территория города федерального значения,55.64204701222848,37.53023964920099,4,стабильный,623.4,4,4
2562,внутригородская территория города федерального значения муниципальный округ Котловка,Котловка,Москва,внутригородская территория города федерального значения,55.67618078068806,37.59725023377914,4,стабильный,649.8,4,4
2563,внутригородская территория города федерального значения муниципальный округ Ломоносовский,Ломоносовский,Москва,внутригородская территория города федерального значения,55.678776244005796,37.533279432994995,4,стабильный,640.9,4,4
2564,внутригородская территория города федерального значения муниципальный округ Обручевский,Обручевский,Москва,внутригородская территория города федерального значения,55.65908509069719,37.518788829033184,4,стабильный,633.3,4,4
2565,внутригородская территория города федерального значения муниципальный округ Северное Бутово,Северное Бутово,Москва,внутригородская территория города федерального значения,55.56899322386407,37.57015576962914,4,стабильный,590.3,4,4
2566,внутригородская территория города федерального значения муниципальный округ Теплый Стан,Теплый Стан,Москва,внутригородская территория города федерального значения,55.63140566258597,37.48979457930472,4,стабильный,604.0,4,4
2567,внутригородская территория города федерального значения муниципальный округ Черемушки,Черемушки,Москва,внутригородская территория города федерального значения,55.66466028247747,37.561368643987755,4,стабильный,640.1,4,4
2568,внутригородская территория города федерального значения муниципальный округ Южное Бутово,Южное Бутово,Москва,внутригородская территория города федерального значения,55.53002138109734,37.5477356431566,4,стабильный,564.1,4,4
2569,внутригородская территория города федерального значения муниципальный округ Ясенево,Ясенево,Москва,внутригородская территория города федерального значения,55.61284120172662,37.54673247628405,4,стабильный,606.6,4,4
2570,внутригородская территория города федерального значения муниципальный округ Бирюлево Восточное,Бирюлево Восточное,Москва,внутригородская территория города федерального значения,55.594592496172886,37.67879694724943,4,стабильный,604.5,4,4
2571,внутригородская территория города федерального значения муниципальный округ Бирюлево Западное,Бирюлево Западное,Москва,внутригородская территория города федерального значения,55.58692506195069,37.63755572645488,4,стабильный,604.0,4,4
2572,внутригородская территория города федерального значения муниципальный округ Братеево,Братеево,Москва,внутригородская территория города федерального значения,55.633373797579544,37.7650413717822,4,стабильный,613.7,4,4
2573,внутригородская территория города федерального значения муниципальный округ Даниловский,Даниловский,Москва,внутригородская территория города федерального значения,55.70647555368242,37.64282176342071,4,стабильный,645.3,4,4
2574,внутригородская территория города федерального значения муниципальный округ Донской,Донской,Москва,внутригородская территория города федерального значения,55.703761398450595,37.60662373244773,4,стабильный,649.4,4,4
2575,внутригородская территория города федерального значения муниципальный округ Зябликово,Зябликово,Москва,внутригородская территория города федерального значения,55.620510355694655,37.74595429762682,4,стабильный,614.4,4,4
2576,внутригородская территория города федерального значения муниципальный округ Москворечье-Сабурово,Москворечье-Сабурово,Москва,внутригородская территория города федерального значения,55.64309588444172,37.6698622586957,4,стабильный,636.1,4,4
2577,внутригородская территория города федерального значения муниципальный округ Нагатино-Садовники,Нагатино-Садовники,Москва,внутригородская территория города федерального значения,55.672048081410495,37.6422029424939,4,стабильный,637.3,4,4
2578,внутригородская территория города федерального значения муниципальный округ Нагатинский затон,Нагатинский затон,Москва,внутригородская территория города федерального значения,55.679678508064605,37.6807510256941,4,стабильный,614.6,4,4
2579,внутригородская территория города федерального значения муниципальный округ Нагорный,Нагорный,Москва,внутригородская территория города федерального значения,55.664741582125544,37.61554260060262,4,стабильный,645.1,4,4
2580,внутригородская территория города федерального значения муниципальный округ Орехово-Борисово Северное,Орехово-Борисово Северное,Москва,внутригородская территория города федерального значения,55.619854309887785,37.70270175330644,4,стабильный,613.0,4,4
2581,внутригородская территория города федерального значения муниципальный округ Орехово-Борисово Южное,Орехово-Борисово Южное,Москва,внутригородская территория города федерального значения,55.604430321427536,37.73355645432135,4,стабильный,604.3,4,4
2582,внутригородская территория города федерального значения муниципальный округ Царицыно,Царицыно,Москва,внутригородская территория города федерального значения,55.627418031086954,37.6528073558559,4,стабильный,623.1,4,4
2583,внутригородская территория города федерального значения муниципальный округ Чертаново Северное,Чертаново Северное,Москва,внутригородская территория города федерального значения,55.63219219266375,37.60478923248362,4,стабильный,628.1,4,4
2584,внутригородская территория города федерального значения муниципальный округ Чертаново Центральное,Чертаново Центральное,Москва,внутригородская территория города федерального значения,55.613866951858,37.60388112721841,4,стабильный,616.5,4,4
2585,внутригородская территория города федерального значения муниципальный округ Чертаново Южное,Чертаново Южное,Москва,внутригородская территория города федерального значения,55.591718776928786,37.60030277576076,4,стабильный,603.1,4,4
2586,внутригородская территория города федерального значения муниципальный округ Старое Крюково,Старое Крюково,Москва,внутригородская территория города федерального значения,55.98089834262477,37.19911512227327,4,стабильный,515.5,4,4
2587,внутригородская территория города федерального значения городской округ Троицк,Троицк,Москва,внутригородская территория города федерального значения,55.47865123004749,37.2937257081604,4,стабильный,524.0,4,4
2588,внутригородская территория города федерального значения городской округ Щербинка,Щербинка,Москва,внутригородская территория города федерального значения,55.50391415106291,37.55150473530917,4,стабильный,560.1,4,4
2589,внутригородская территория города федерального значения поселение Внуковское,Внуковское,Москва,внутригородская территория города федерального значения,55.6327014864834,37.285773625141104,4,стабильный,562.9,4,4
2590,внутригородская территория города федерального значения поселение Воскресенское,Воскресенское,Москва,внутригородская территория города федерального значения,55.518378925930435,37.46177725758638,4,стабильный,554.9,4,4
2591,внутригородская территория города федерального значения поселение Вороновское,Вороновское,Москва,внутригородская территория города федерального значения,55.322053240533435,37.13351297482226,2,стабильный,481.7,2,2
2592,внутригородская территория города федерального значения поселение Десеновское,Десеновское,Москва,внутригородская территория города федерального значения,55.49778330254068,37.37668067548735,4,стабильный,537.4,4,4
2593,внутригородская территория города федерального значения поселение Киевский,Киевский,Москва,внутригородская территория города федерального значения,55.38779985947051,36.900557848721206,2,колебания,469.7,1,2
2595,внутригородская территория города федерального значения поселение Кокошкино,Кокошкино,Москва,внутригородская территория города федерального значения,55.60019229658817,37.167947051792645,2,стабильный,525.4,2,2
2596,внутригородская территория города федерального значения поселение Краснопахорское,Краснопахорское,Москва,внутригородская территория города федерального значения,55.42426559509898,37.26543303628242,2,стабильный,512.2,2,2
2597,внутригородская территория города федерального значения поселение Марушкинское,Марушкинское,Москва,внутригородская территория города федерального значения,55.57615229724417,37.18782716064982,2,колебания,530.1,2,2
2598,внутригородская территория города федерального значения поселение Михайлово-Ярцевское,Михайлово-Ярцевское,Москва,внутригородская территория города федерального значения,55.40067419549224,37.1416358832243,2,стабильный,493.3,2,2
2599,внутригородская территория города федерального значения поселение Московский,Московский,Москва,внутригородская территория города федерального значения,55.61383133813476,37.38091541955501,4,стабильный,582.3,4,4
2600,"внутригородская территория города федерального значения поселение Мосрентген""""",Мосрентген,Москва,внутригородская территория города федерального значения,55.61878856220718,37.46581285417804,4,стабильный,587.0,4,4
2601,внутригородская территория города федерального значения поселение Новофедоровское,Новофедоровское,Москва,внутригородская территория города федерального значения,55.44385210006913,36.94730283198716,2,стабильный,472.0,2,2
2602,внутригородская территория города федерального значения поселение Первомайское,Первомайское,Москва,внутригородская территория города федерального значения,55.50680564410965,37.207119402240146,4,стабильный,514.0,4,4
2604,внутригородская территория города федерального значения поселение Рязановское,Рязановское,Москва,внутригородская территория города федерального значения,55.4795614463259,37.50344232546399,4,стабильный,544.3,4,4
2605,внутригородская территория города федерального значения поселение Сосенское,Сосенское,Москва,внутригородская территория города федерального значения,55.5732062100696,37.462398056983204,4,стабильный,579.7,4,4
2606,внутригородская территория города федерального значения поселение Филимонковское,Филимонковское,Москва,внутригородская территория города федерального значения,55.565435800264325,37.32078758349163,4,устойчивый сдвиг,539.6,4,4
2607,внутригородская территория города федерального значения поселение Щаповское,Щаповское,Москва,внутригородская территория города федерального значения,55.38977542795742,37.38178880385823,2,стабильный,508.4,2,2
2618,Мантуровский муниципальный округ,Мантуровский,Костромская область,муниципальный округ,58.333271,44.761791,1,колебания,335.1,1,1
2619,городской округ город Переславль-Залесский,Переславль-Залесский,Ярославская область,городской округ,56.7367178,38.8462714,2,стабильный,416.3,2,2
2620,городской округ Соликамский,Соликамский,Пермский край,городской округ,59.649437,56.779594,2,стабильный,285.0,2,2
2621,городской округ город Березники,Березники,Пермский край,городской округ,59.4084171,56.8036958,2,стабильный,288.1,2,2
2644,городской округ Серпухов,Серпухов,Московская область,городской округ,54.9155247,37.4195533,2,стабильный,445.8,2,2
2646,городской округ город Обнинск,Обнинск,Калужская область,городской округ,55.0951738,36.611913,2,колебания,439.4,2,2
2647,Боровский муниципальный район,Боровский,Калужская область,муниципальный район,55.2049516,36.48485294979915,2,стабильный,438.0,2,2
2648,городской округ Лосино-Петровский,Лосино-Петровский,Московская область,городской округ,55.8705593,38.2032701,2,стабильный,511.2,2,2
2649,городской округ Щёлково,Щёлково,Московская область,городской округ,55.9206499,37.9915576,4,стабильный,534.6,4,4
2651,городской округ Одинцовский,Одинцовский,Московская область,городской округ,55.678223,37.2668096,4,стабильный,549.7,4,4
2652,городской округ Орехово-Зуевский,Орехово-Зуевский,Московская область,городской округ,55.8083278,38.9790038,2,стабильный,449.8,2,2
2710,городской округ Вышневолоцкий,Вышневолоцкий,Тверская область,городской округ,57.5883648,34.5720732,2,стабильный,354.4,2,2
2808,городской округ Коломна,Коломна,Московская область,городской округ,55.0938743,38.7670121,2,стабильный,439.2,2,2
2809,муниципальный округ Кунгурский,Кунгурский,Пермский край,муниципальный округ,57.4397771,56.9266073,2,стабильный,310.0,2,2
2813,городской округ Шатура,Шатура,Московская область,городской округ,55.578403,39.5437584,2,стабильный,420.8,2,2
2814,городской округ Пушкинский,Пушкинский,Московская область,городской округ,56.0104274,37.8461892,4,стабильный,521.8,4,4
2872,муниципальный округ Приуральский район,Приуральский,Ямало-Ненецкий автономный округ,муниципальный округ,66.5582332,67.8051987,7,стабильный,203.1,5,5
2876,городской округ город-курорт Кисловодск,Кисловодск,Ставропольский край,городской округ,43.9128743,42.7192186,2,стабильный,302.2,2,2
2879,городской округ город Губкинский,Губкинский,Ямало-Ненецкий автономный округ,городской округ,64.4337824,76.4898086,5,стабильный,205.0,5,5
2880,городской округ город Лабытнанги,Лабытнанги,Ямало-Ненецкий автономный округ,городской округ,66.6888835,66.4347161435694,5,стабильный,205.4,5,5
2881,Предгорный муниципальный округ,Предгорный,Ставропольский край,муниципальный округ,44.0216516,42.8742331,2,стабильный,310.0,2,2
2882,муниципальный округ Пуровский район,Пуровский,Ямало-Ненецкий автономный округ,муниципальный округ,64.9219991,77.779459,5,стабильный,200.9,5,5
2883,муниципальный округ Кимрский,Кимрский,Тверская область,муниципальный округ,56.8734395,37.3556968,2,стабильный,404.5,2,2
2884,муниципальный округ Ржевский,Ржевский,Тверская область,муниципальный округ,56.2565207,34.328649,2,стабильный,367.9,2,2
2885,муниципальный округ Кудымкарский,Кудымкарский,Пермский край,муниципальный округ,59.014606,54.664135,3,стабильный,297.3,3,3
2886,муниципальный округ Губахинский,Губахинский,Пермский край,муниципальный округ,58.842407,57.555058,1,стабильный,290.7,1,1
2887,городской округ город Саратов,Саратов,Саратовская область,городской округ,51.530018,46.034683,2,стабильный,343.3,2,2
3005,городской округ город Арзамас,Арзамас,Нижегородская область,городской округ,55.3987879,43.8210933,2,стабильный,372.6,2,2
3007,Прокопьевский муниципальный округ,Прокопьевский,Кемеровская область,муниципальный округ,53.8879117,86.7492072,3,стабильный,321.4,3,3
3009,городской округ город Тамбов,Тамбов,Тамбовская область,городской округ,52.73111849999999,41.4341991460869,2,стабильный,410.2,2,2
3011,городской округ Златоустовский,Златоустовский,Челябинская область,городской округ,55.1674213,59.6792625,2,стабильный,307.9,2,2
3012,Кусинский муниципальный район,Кусинский,Челябинская область,муниципальный район,55.336521,59.445938,1,колебания,307.7,1,1
3013,городской округ Солнечногорск,Солнечногорск,Московская область,городской округ,56.1853501,36.9781536,2,колебания,465.6,2,2
