oktmo,oktmo_stable,year,territory_id,способ привязки
01512000,01512000,2022,525.0,версия справочника года
01601000,01601000,2022,514.0,версия справочника года
01602000,01602000,2022,515.0,версия справочника года
01603000,01603000,2022,516.0,версия справочника года
01604000,01604000,2022,517.0,версия справочника года
01605000,01605000,2022,518.0,версия справочника года
01606000,01606000,2022,519.0,версия справочника года
01607000,01607000,2022,520.0,версия справочника года
01608000,01608000,2022,521.0,версия справочника года
01609000,01609000,2022,522.0,версия справочника года
01610000,01610000,2022,523.0,версия справочника года
01611000,01611000,2022,524.0,версия справочника года
01613000,01613000,2022,526.0,версия справочника года
01614000,01514000,2022,527.0,версия справочника года
01615000,01615000,2022,528.0,версия справочника года
01616000,01616000,2022,529.0,версия справочника года
01617000,01617000,2022,530.0,версия справочника года
01618000,01618000,2022,531.0,версия справочника года
01619000,01619000,2022,532.0,версия справочника года
01620000,01620000,2022,533.0,версия справочника года
01621000,01621000,2022,534.0,версия справочника года
01622000,01622000,2022,535.0,версия справочника года
01623000,01623000,2022,536.0,версия справочника года
01624000,01624000,2022,537.0,версия справочника года
01625000,01625000,2022,538.0,версия справочника года
01626000,01626000,2022,539.0,версия справочника года
01627000,01627000,2022,540.0,версия справочника года
01628000,01628000,2022,541.0,версия справочника года
01629000,01629000,2022,542.0,версия справочника года
01630000,01630000,2022,543.0,версия справочника года
01631000,01631000,2022,544.0,версия справочника года
01632000,01632000,2022,545.0,версия справочника года
01633000,01633000,2022,546.0,версия справочника года
01634000,01634000,2022,547.0,версия справочника года
01635000,01635000,2022,548.0,версия справочника года
01636000,01636000,2022,549.0,версия справочника года
01637000,01637000,2022,550.0,версия справочника года
01638000,01638000,2022,551.0,версия справочника года
01640000,01640000,2022,552.0,версия справочника года
01641000,01541000,2022,553.0,версия справочника года
01642000,01642000,2022,554.0,версия справочника года
01643000,01643000,2022,555.0,версия справочника года
01644000,01644000,2022,556.0,версия справочника года
01645000,01645000,2022,557.0,версия справочника года
01646000,01646000,2022,558.0,версия справочника года
01647000,01647000,2022,559.0,версия справочника года
01648000,01648000,2022,560.0,версия справочника года
01649000,01649000,2022,561.0,версия справочника года
01650000,01650000,2022,562.0,версия справочника года
01651000,01651000,2022,563.0,версия справочника года
01652000,01652000,2022,564.0,версия справочника года
01653000,01653000,2022,565.0,версия справочника года
01654000,01654000,2022,566.0,версия справочника года
01655000,01655000,2022,567.0,версия справочника года
01656000,01656000,2022,568.0,версия справочника года
01657000,01657000,2022,569.0,версия справочника года
01658000,01558000,2022,570.0,версия справочника года
01659000,01659000,2022,571.0,версия справочника года
01660000,01660000,2022,572.0,версия справочника года
01701000,01701000,2022,504.0,версия справочника года
01703000,01703000,2022,505.0,версия справочника года
01704000,01704000,2022,506.0,версия справочника года
01705000,01705000,2022,507.0,версия справочника года
01706000,01706000,2022,508.0,версия справочника года
01713000,01713000,2022,509.0,версия справочника года
01716000,01716000,2022,510.0,версия справочника года
01719000,01539000,2022,511.0,версия справочника года
01730000,01730000,2022,512.0,версия справочника года
01755000,01755000,2022,513.0,версия справочника года
03601000,03601000,2022,629.0,версия справочника года
03605000,03605000,2022,630.0,версия справочника года
03607000,03607000,2022,631.0,версия справочника года
03608000,03608000,2022,632.0,версия справочника года
03610000,03610000,2022,633.0,версия справочника года
03612000,03612000,2022,634.0,версия справочника года
03613000,03613000,2022,635.0,версия справочника года
03614000,03614000,2022,636.0,версия справочника года
03616000,03616000,2022,637.0,версия справочника года
03618000,03618000,2022,638.0,версия справочника года
03619000,03619000,2022,639.0,версия справочника года
03620000,03620000,2022,640.0,версия справочника года
03621000,03621000,2022,641.0,версия справочника года
03623000,03623000,2022,642.0,версия справочника года
03624000,03624000,2022,643.0,версия справочника года
03625000,03625000,2022,644.0,версия справочника года
03627000,03627000,2022,645.0,версия справочника года
03628000,03628000,2022,646.0,версия справочника года
03630000,03630000,2022,647.0,версия справочника года
03632000,03532000,2022,648.0,версия справочника года
03633000,03633000,2022,649.0,версия справочника года
03634000,03634000,2022,650.0,версия справочника года
03635000,03635000,2022,651.0,версия справочника года
03637000,03637000,2022,652.0,версия справочника года
03639000,03639000,2022,653.0,версия справочника года
03641000,03541000,2022,654.0,версия справочника года
03643000,03643000,2022,655.0,версия справочника года
03645000,03645000,2022,656.0,версия справочника года
03647000,03647000,2022,657.0,версия справочника года
03649000,03649000,2022,658.0,версия справочника года
03651000,03651000,2022,659.0,версия справочника года
03653000,03653000,2022,660.0,версия справочника года
03654000,03654000,2022,661.0,версия справочника года
03655000,03555000,2022,662.0,версия справочника года
03656000,03656000,2022,663.0,версия справочника года
03657000,03657000,2022,664.0,версия справочника года
03659000,03659000,2022,665.0,версия справочника года
03701000,03701000,2022,622.0,версия справочника года
03703000,03501000,2022,623.0,версия справочника года
03705000,03705000,2022,624.0,версия справочника года
03708000,03708000,2022,625.0,версия справочника года
03709000,03504000,2022,626.0,версия справочника года
03720000,03720000,2022,627.0,версия справочника года
03726000,03726000,2022,2812.0,версия справочника года
03731000,03726000,2022,2748.0,версия справочника года
04545000,04545000,2022,713.0,версия справочника года
04555000,04555000,2022,721.0,версия справочника года
04558000,04558000,2022,724.0,версия справочника года
04601000,04601000,2022,683.0,версия справочника года
04603000,04603000,2022,684.0,версия справочника года
04604000,04604000,2022,685.0,версия справочника года
04605000,04605000,2022,686.0,версия справочника года
04606000,04606000,2022,687.0,версия справочника года
04608000,04608000,2022,688.0,версия справочника года
04609000,04609000,2022,689.0,версия справочника года
04610000,04610000,2022,690.0,версия справочника года
04611000,04611000,2022,691.0,версия справочника года
04613000,04613000,2022,692.0,версия справочника года
04614000,04614000,2022,693.0,версия справочника года
04615000,04615000,2022,694.0,версия справочника года
04616000,04616000,2022,695.0,версия справочника года
04617000,04617000,2022,696.0,версия справочника года
04618000,04618000,2022,697.0,версия справочника года
04619000,04619000,2022,698.0,версия справочника года
04620000,04620000,2022,699.0,версия справочника года
04621000,04621000,2022,700.0,версия справочника года
04622000,04622000,2022,701.0,версия справочника года
04624000,04624000,2022,702.0,версия справочника года
04626000,04626000,2022,703.0,версия справочника года
04628000,04628000,2022,704.0,версия справочника года
04630000,04630000,2022,705.0,версия справочника года
04631000,04631000,2022,706.0,версия справочника года
04633000,04633000,2022,707.0,версия справочника года
04635000,04635000,2022,708.0,версия справочника года
04637000,04637000,2022,709.0,версия справочника года
04639000,04639000,2022,710.0,версия справочника года
04641000,04641000,2022,711.0,версия справочника года
04643000,04643000,2022,712.0,версия справочника года
04647000,04647000,2022,714.0,версия справочника года
04648000,04648000,2022,715.0,версия справочника года
04649000,04649000,2022,716.0,версия справочника года
04650000,04650000,2022,726.0,версия справочника года
04651000,04651000,2022,717.0,версия справочника года
04652000,04652000,2022,719.0,версия справочника года
04653000,04653000,2022,718.0,версия справочника года
04654000,04654000,2022,720.0,версия справочника года
04656000,04656000,2022,722.0,версия справочника года
04657000,04657000,2022,723.0,версия справочника года
04659000,04659000,2022,725.0,версия справочника года
04701000,04701000,2022,666.0,версия справочника года
04703000,04703000,2022,667.0,версия справочника года
04706000,04706000,2022,668.0,версия справочника года
04707000,04707000,2022,669.0,версия справочника года
04709000,04709000,2022,670.0,версия справочника года
04712000,04712000,2022,671.0,версия справочника года
04720000,04720000,2022,674.0,версия справочника года
04722000,04722000,2022,675.0,версия справочника года
04723000,04723000,2022,676.0,версия справочника года
04726000,04726000,2022,677.0,версия справочника года
04729000,04729000,2022,678.0,версия справочника года
04733000,04733000,2022,679.0,версия справочника года
04740000,04740000,2022,680.0,версия справочника года
04775000,04775000,2022,681.0,версия справочника года
05502000,05502000,2022,787.0,версия справочника года
05517000,05517000,2022,792.0,версия справочника года
05526000,05526000,2022,795.0,версия справочника года
05532000,05532000,2022,798.0,версия справочника года
05540000,05540000,2022,801.0,версия справочника года
05546000,05546000,2022,802.0,версия справочника года
05550000,05550000,2022,804.0,версия справочника года
05555000,05555000,2022,806.0,версия справочника года
05607000,05607000,2022,788.0,версия справочника года
05610000,05510000,2022,789.0,версия справочника года
05612000,05612000,2022,790.0,версия справочника года
05614000,05514000,2022,791.0,версия справочника года
05620000,05520000,2022,793.0,версия справочника года
05623000,05623000,2022,794.0,версия справочника года
05628000,05528000,2022,796.0,версия справочника года
05630000,05530000,2022,797.0,версия справочника года
05634000,05534000,2022,799.0,версия справочника года
05637000,05637000,2022,800.0,версия справочника года
05648000,05548000,2022,803.0,версия справочника года
05653000,05553000,2022,805.0,версия справочника года
05657000,05557000,2022,807.0,версия справочника года
05659000,05559000,2022,808.0,версия справочника года
05701000,05701000,2022,775.0,версия справочника года
05703000,05703000,2022,776.0,версия справочника года
05705000,05705000,2022,777.0,версия справочника года
05706000,05706000,2022,778.0,версия справочника года
05707000,05707000,2022,779.0,версия справочника года
05708000,05708000,2022,780.0,версия справочника года
05711000,05711000,2022,781.0,версия справочника года
05714000,05714000,2022,782.0,версия справочника года
05717000,05717000,2022,783.0,версия справочника года
05720000,05720000,2022,784.0,версия справочника года
05723000,05723000,2022,785.0,версия справочника года
05747000,05747000,2022,786.0,версия справочника года
07502000,07502000,2022,826.0,версия справочника года
07503000,07503000,2022,827.0,версия справочника года
07505000,07505000,2022,828.0,версия справочника года
07507000,07507000,2022,829.0,версия справочника года
07512000,07512000,2022,830.0,версия справочника года
07517000,07517000,2022,831.0,версия справочника года
07528000,07528000,2022,832.0,версия справочника года
07530000,07530000,2022,833.0,версия справочника года
07533000,07533000,2022,834.0,версия справочника года
07536000,07536000,2022,835.0,версия справочника года
07544000,07544000,2022,836.0,версия справочника года
07548000,07548000,2022,2881.0,версия справочника года
07552000,07552000,2022,838.0,версия справочника года
07554000,07554000,2022,839.0,версия справочника года
07556000,07556000,2022,840.0,версия справочника года
07558000,07558000,2022,841.0,версия справочника года
07701000,07701000,2022,809.0,версия справочника года
07705000,07510000,2022,810.0,версия справочника года
07707000,07515000,2022,811.0,версия справочника года
07710000,07710000,2022,812.0,версия справочника года
07712000,07712000,2022,813.0,версия справочника года
07713000,07520000,2022,814.0,версия справочника года
07714000,07522000,2022,815.0,версия справочника года
07715000,07715000,2022,2876.0,версия справочника года
07716000,07525000,2022,817.0,версия справочника года
07718000,07718000,2022,818.0,версия справочника года
07721000,07539000,2022,819.0,версия справочника года
07724000,07724000,2022,820.0,версия справочника года
07725000,07541000,2022,821.0,версия справочника года
07726000,07543000,2022,822.0,версия справочника года
07727000,07727000,2022,824.0,версия справочника года
07731000,07546000,2022,823.0,версия справочника года
07735000,07550000,2022,825.0,версия справочника года
08603000,08603000,2022,844.0,версия справочника года
08606000,08606000,2022,845.0,версия справочника года
08609000,08509000,2022,846.0,версия справочника года
08612000,08612000,2022,847.0,версия справочника года
08614000,08614000,2022,848.0,версия справочника года
08617000,08617000,2022,849.0,версия справочника года
08620000,08620000,2022,850.0,версия справочника года
08624000,08624000,2022,851.0,версия справочника года
08628000,08628000,2022,852.0,версия справочника года
08631000,08631000,2022,853.0,версия справочника года
08634000,08534000,2022,854.0,версия справочника года
08637000,08637000,2022,855.0,версия справочника года
08642000,08642000,2022,856.0,версия справочника года
08644000,08644000,2022,857.0,версия справочника года
08646000,08646000,2022,858.0,версия справочника года
08650000,08650000,2022,859.0,версия справочника года
08655000,08655000,2022,860.0,версия справочника года
08701000,08701000,2022,842.0,версия справочника года
08709000,08709000,2022,843.0,версия справочника года
10508000,10508000,2022,871.0,версия справочника года
10515000,10515000,2022,873.0,версия справочника года
10521000,10521000,2022,874.0,версия справочника года
10528000,10528000,2022,876.0,версия справочника года
10540000,10540000,2022,882.0,версия справочника года
10554000,10554000,2022,888.0,версия справочника года
10605000,10505000,2022,870.0,версия справочника года
10611000,10511000,2022,872.0,версия справочника года
10625000,10525000,2022,875.0,версия справочника года
10630000,10630000,2022,877.0,версия справочника года
10631000,10531000,2022,878.0,версия справочника года
10632000,10532000,2022,879.0,версия справочника года
10635000,10635000,2022,880.0,версия справочника года
10638000,10638000,2022,881.0,версия справочника года
10642000,10642000,2022,883.0,версия справочника года
10645000,10645000,2022,884.0,версия справочника года
10647000,10547000,2022,885.0,версия справочника года
10649000,10549000,2022,886.0,версия справочника года
10651000,10551000,2022,887.0,версия справочника года
10655000,10555000,2022,889.0,версия справочника года
10701000,10701000,2022,861.0,версия справочника года
10710000,10710000,2022,862.0,версия справочника года
10712000,10712000,2022,863.0,версия справочника года
10720000,10720000,2022,864.0,версия справочника года
10730000,10730000,2022,865.0,версия справочника года
10732000,10732000,2022,866.0,версия справочника года
10740000,10740000,2022,867.0,версия справочника года
10775000,10775000,2022,868.0,версия справочника года
11508000,11508000,2022,898.0,версия справочника года
11511000,11511000,2022,899.0,версия справочника года
11514000,11514000,2022,900.0,версия справочника года
11518000,11518000,2022,901.0,версия справочника года
11550000,11550000,2022,911.0,версия справочника года
11605000,11605000,2022,897.0,версия справочника года
11622000,11622000,2022,902.0,версия справочника года
11627000,11527000,2022,903.0,версия справочника года
11630000,11530000,2022,904.0,версия справочника года
11635000,11635000,2022,905.0,версия справочника года
11638000,11538000,2022,906.0,версия справочника года
11642000,11542000,2022,907.0,версия справочника года
11644000,11544000,2022,908.0,версия справочника года
11646000,11546000,2022,909.0,версия справочника года
11648000,11548000,2022,910.0,версия справочника года
11652000,11552000,2022,912.0,версия справочника года
11654000,11554000,2022,913.0,версия справочника года
11656000,11556000,2022,914.0,версия справочника года
11658000,11558000,2022,915.0,версия справочника года
11701000,11701000,2022,890.0,версия справочника года
11708000,11708000,2022,891.0,версия справочника года
11710000,11710000,2022,892.0,версия справочника года
11712000,11712000,2022,894.0,версия справочника года
11715000,11715000,2022,895.0,версия справочника года
11725000,11725000,2022,893.0,версия справочника года
11730000,11503000,2022,896.0,версия справочника года
11811000,11811000,2022,917.0,версия справочника года
11851000,11851000,2022,916.0,версия справочника года
12605000,12605000,2022,920.0,версия справочника года
12610000,12610000,2022,921.0,версия справочника года
12615000,12615000,2022,922.0,версия справочника года
12620000,12620000,2022,923.0,версия справочника года
12625000,12625000,2022,924.0,версия справочника года
12630000,12530000,2022,925.0,версия справочника года
12635000,12635000,2022,926.0,версия справочника года
12640000,12640000,2022,927.0,версия справочника года
12642000,12642000,2022,928.0,версия справочника года
12645000,12645000,2022,929.0,версия справочника года
12650000,12550000,2022,930.0,версия справочника года
12701000,12701000,2022,918.0,версия справочника года
12719000,12719000,2022,919.0,версия справочника года
14610000,14610000,2022,935.0,версия справочника года
14615000,14615000,2022,936.0,версия справочника года
14625000,14625000,2022,938.0,версия справочника года
14630000,14630000,2022,939.0,версия справочника года
14638000,14638000,2022,941.0,версия справочника года
14640000,14640000,2022,942.0,версия справочника года
14641000,14641000,2022,943.0,версия справочника года
14642000,14642000,2022,944.0,версия справочника года
14643000,14643000,2022,945.0,версия справочника года
14646000,14646000,2022,947.0,версия справочника года
14648000,14648000,2022,948.0,версия справочника года
14650000,14650000,2022,949.0,версия справочника года
14654000,14654000,2022,950.0,версия справочника года
14701000,14701000,2022,931.0,версия справочника года
14710000,14510000,2022,934.0,версия справочника года
14720000,14520000,2022,937.0,версия справочника года
14725000,14725000,2022,940.0,версия справочника года
14730000,14730000,2022,932.0,версия справочника года
14735000,14535000,2022,946.0,версия справочника года
14740000,14740000,2022,933.0,версия справочника года
14750000,14550000,2022,951.0,версия справочника года
14755000,14555000,2022,952.0,версия справочника года
15501000,15501000,2022,2714.0,версия справочника года
15502000,15502000,2022,966.0,версия справочника года
15604000,15604000,2022,959.0,версия справочника года
15608000,15608000,2022,960.0,версия справочника года
15610000,15610000,2022,961.0,версия справочника года
15611000,15611000,2022,962.0,версия справочника года
15612000,15612000,2022,963.0,версия справочника года
15616000,15616000,2022,964.0,версия справочника года
15620000,15620000,2022,965.0,версия справочника года
15623000,15623000,2022,967.0,версия справочника года
15624000,15624000,2022,968.0,версия справочника года
15626000,15626000,2022,969.0,версия справочника года
15628000,15628000,2022,970.0,версия справочника года
15630000,15630000,2022,971.0,версия справочника года
15632000,15632000,2022,972.0,версия справочника года
15634000,15634000,2022,973.0,версия справочника года
15636000,15636000,2022,974.0,версия справочника года
15638000,15638000,2022,975.0,версия справочника года
15642000,15642000,2022,977.0,версия справочника года
15644000,15644000,2022,978.0,версия справочника года
15646000,15646000,2022,979.0,версия справочника года
15648000,15648000,2022,980.0,версия справочника года
15652000,15652000,2022,982.0,версия справочника года
15654000,15654000,2022,983.0,версия справочника года
15656000,15656000,2022,984.0,версия справочника года
15658000,15658000,2022,985.0,версия справочника года
15701000,15701000,2022,953.0,версия справочника года
15710000,15710000,2022,957.0,версия справочника года
15715000,15715000,2022,954.0,версия справочника года
15720000,15720000,2022,2650.0,версия справочника года
15725000,15725000,2022,956.0,версия справочника года
17605000,17605000,2022,991.0,версия справочника года
17610000,17610000,2022,992.0,версия справочника года
17615000,17615000,2022,993.0,версия справочника года
17620000,17620000,2022,994.0,версия справочника года
17625000,17625000,2022,995.0,версия справочника года
17630000,17630000,2022,996.0,версия справочника года
17635000,17635000,2022,997.0,версия справочника года
17640000,17640000,2022,998.0,версия справочника года
17642000,17542000,2022,999.0,версия справочника года
17644000,17644000,2022,1000.0,версия справочника года
17646000,17646000,2022,1001.0,версия справочника года
17648000,17648000,2022,1002.0,версия справочника года
17650000,17550000,2022,1003.0,версия справочника года
17652000,17652000,2022,1004.0,версия справочника года
17654000,17654000,2022,1005.0,версия справочника года
17656000,17656000,2022,1006.0,версия справочника года
17701000,17701000,2022,986.0,версия справочника года
17720000,17720000,2022,987.0,версия справочника года
17725000,17725000,2022,988.0,версия справочника года
17735000,17735000,2022,989.0,версия справочника года
18602000,18602000,2022,1013.0,версия справочника года
18604000,18604000,2022,1014.0,версия справочника года
18605000,18605000,2022,1015.0,версия справочника года
18606000,18606000,2022,1016.0,версия справочника года
18608000,18608000,2022,1017.0,версия справочника года
18610000,18610000,2022,1018.0,версия справочника года
18612000,18612000,2022,1019.0,версия справочника года
18614000,18614000,2022,1020.0,версия справочника года
18616000,18616000,2022,1021.0,версия справочника года
18618000,18618000,2022,1022.0,версия справочника года
18620000,18620000,2022,1023.0,версия справочника года
18622000,18622000,2022,1024.0,версия справочника года
18624000,18624000,2022,1025.0,версия справочника года
18626000,18626000,2022,1026.0,версия справочника года
18630000,18630000,2022,1028.0,версия справочника года
18634000,18634000,2022,1029.0,версия справочника года
18636000,18636000,2022,1030.0,версия справочника года
18638000,18638000,2022,1031.0,версия справочника года
18640000,18640000,2022,1032.0,версия справочника года
18642000,18642000,2022,1033.0,версия справочника года
18643000,18643000,2022,1034.0,версия справочника года
18645000,18645000,2022,1035.0,версия справочника года
18646000,18646000,2022,1027.0,версия справочника года
18647000,18647000,2022,1036.0,версия справочника года
18649000,18649000,2022,1037.0,версия справочника года
18650000,18650000,2022,1038.0,версия справочника года
18651000,18651000,2022,1039.0,версия справочника года
18652000,18652000,2022,1040.0,версия справочника года
18653000,18653000,2022,1041.0,версия справочника года
18654000,18654000,2022,1042.0,версия справочника года
18656000,18656000,2022,1043.0,версия справочника года
18658000,18658000,2022,1044.0,версия справочника года
18701000,18701000,2022,1007.0,версия справочника года
18710000,18710000,2022,1008.0,версия справочника года
18715000,18715000,2022,1009.0,версия справочника года
18720000,18520000,2022,1010.0,версия справочника года
18725000,18725000,2022,1011.0,версия справочника года
18728000,18728000,2022,1012.0,версия справочника года
19605000,19505000,2022,1047.0,версия справочника года
19608000,19508000,2022,1048.0,версия справочника года
19610000,19510000,2022,1049.0,версия справочника года
19612000,19512000,2022,1050.0,версия справочника года
19614000,19514000,2022,1051.0,версия справочника года
19616000,19516000,2022,1052.0,версия справочника года
19618000,19518000,2022,1053.0,версия справочника года
19620000,19520000,2022,1054.0,версия справочника года
19622000,19622000,2022,1055.0,версия справочника года
19624000,19524000,2022,1056.0,версия справочника года
19626000,19526000,2022,1057.0,версия справочника года
19628000,19528000,2022,1058.0,версия справочника года
19630000,19530000,2022,1059.0,версия справочника года
19632000,19532000,2022,1060.0,версия справочника года
19634000,19534000,2022,1061.0,версия справочника года
19636000,19536000,2022,1062.0,версия справочника года
19638000,19538000,2022,1063.0,версия справочника года
19640000,19540000,2022,1064.0,версия справочника года
19642000,19542000,2022,1065.0,версия справочника года
19646000,19546000,2022,1066.0,версия справочника года
19648000,19548000,2022,1067.0,версия справочника года
19650000,19550000,2022,1068.0,версия справочника года
19652000,19552000,2022,1069.0,версия справочника года
19654000,19554000,2022,1070.0,версия справочника года
19656000,19656000,2022,1071.0,версия справочника года
19658000,19658000,2022,1072.0,версия справочника года
19701000,19701000,2022,1045.0,версия справочника года
19730000,19730000,2022,1046.0,версия справочника года
20602000,20602000,2022,1076.0,версия справочника года
20604000,20604000,2022,1077.0,версия справочника года
20605000,20605000,2022,1078.0,версия справочника года
20608000,20608000,2022,1079.0,версия справочника года
20610000,20610000,2022,1080.0,версия справочника года
20611000,20611000,2022,1081.0,версия справочника года
20612000,20612000,2022,1082.0,версия справочника года
20613000,20613000,2022,1083.0,версия справочника года
20615000,20615000,2022,1084.0,версия справочника года
20617000,20617000,2022,1085.0,версия справочника года
20619000,20619000,2022,1086.0,версия справочника года
20620000,20620000,2022,1087.0,версия справочника года
20621000,20621000,2022,1088.0,версия справочника года
20623000,20623000,2022,1089.0,версия справочника года
20625000,20625000,2022,1090.0,версия справочника года
20627000,20627000,2022,1091.0,версия справочника года
20629000,20629000,2022,1092.0,версия справочника года
20631000,20631000,2022,1093.0,версия справочника года
20633000,20633000,2022,1094.0,версия справочника года
20635000,20635000,2022,1095.0,версия справочника года
20637000,20637000,2022,1096.0,версия справочника года
20639000,20639000,2022,1097.0,версия справочника года
20641000,20641000,2022,1098.0,версия справочника года
20643000,20643000,2022,1099.0,версия справочника года
20645000,20645000,2022,1100.0,версия справочника года
20647000,20647000,2022,1101.0,версия справочника года
20649000,20649000,2022,1102.0,версия справочника года
20651000,20651000,2022,1103.0,версия справочника года
20654000,20654000,2022,1104.0,версия справочника года
20656000,20656000,2022,1105.0,версия справочника года
20658000,20658000,2022,1106.0,версия справочника года
20701000,20701000,2022,1073.0,версия справочника года
20710000,20710000,2022,1074.0,версия справочника года
20727000,20727000,2022,1075.0,версия справочника года
22505000,22505000,2022,1539.0,версия справочника года
22507000,22507000,2022,1540.0,версия справочника года
22512000,22512000,2022,1543.0,версия справочника года
22514000,22514000,2022,1544.0,версия справочника года
22532000,22532000,2022,1555.0,версия справочника года
22534000,22534000,2022,1557.0,версия справочника года
22540000,22540000,2022,1562.0,версия справочника года
22542000,22542000,2022,1563.0,версия справочника года
22546000,22546000,2022,1565.0,версия справочника года
22553000,22553000,2022,1571.0,версия справочника года
22554000,22554000,2022,1572.0,версия справочника года
22602000,22502000,2022,1537.0,версия справочника года
22603000,22703000,2022,1538.0,версия справочника года
22609000,22509000,2022,1541.0,версия справочника года
22610000,22510000,2022,1542.0,версия справочника года
22615000,22515000,2022,1545.0,версия справочника года
22617000,22517000,2022,1546.0,версия справочника года
22618000,22518000,2022,1547.0,версия справочника года
22619000,22519000,2022,1548.0,версия справочника года
22622000,22522000,2022,1551.0,версия справочника года
22626000,22526000,2022,1552.0,версия справочника года
22628000,22528000,2022,1553.0,версия справочника года
22630000,22530000,2022,1554.0,версия справочника года
22631000,22520000,2022,1549.0,версия справочника года
22633000,22533000,2022,1556.0,версия справочника года
22635000,22535000,2022,1558.0,версия справочника года
22636000,22536000,2022,1559.0,версия справочника года
22637000,22537000,2022,1560.0,ОКТМО из другой версии
22639000,22539000,2022,1561.0,версия справочника года
22645000,22545000,2022,1564.0,версия справочника года
22648000,22548000,2022,1566.0,версия справочника года
22649000,22549000,2022,1567.0,версия справочника года
22650000,22550000,2022,1568.0,версия справочника года
22651000,22551000,2022,1569.0,версия справочника года
22652000,22552000,2022,1570.0,версия справочника года
22656000,22556000,2022,1573.0,версия справочника года
22657000,22557000,2022,1574.0,версия справочника года
22701000,22701000,2022,1523.0,версия справочника года
22703000,22703000,2022,1524.0,версия справочника года
22704000,22704000,2022,1531.0,версия справочника года
22712000,22712000,2022,1525.0,версия справочника года
22715000,22715000,2022,1526.0,версия справочника года
22719000,22719000,2022,1550.0,версия справочника года
22721000,22721000,2022,1527.0,версия справочника года
22727000,22727000,2022,1528.0,версия справочника года
22730000,22730000,2022,1529.0,версия справочника года
22734000,22734000,2022,1534.0,версия справочника года
22737000,22737000,2022,1532.0,версия справочника года
22739000,22739000,2022,1530.0,версия справочника года
22749000,22749000,2022,1535.0,версия справочника года
22755000,22755000,2022,1536.0,версия справочника года
22758000,22758000,2022,1533.0,версия справочника года
24601000,24601000,2022,1113.0,версия справочника года
24602000,24602000,2022,1114.0,версия справочника года
24603000,24603000,2022,1115.0,версия справочника года
24605000,24605000,2022,1116.0,версия справочника года
24607000,24607000,2022,1117.0,версия справочника года
24609000,24609000,2022,1118.0,версия справочника года
24611000,24611000,2022,1119.0,версия справочника года
24613000,24613000,2022,1120.0,версия справочника года
24614000,24614000,2022,1121.0,версия справочника года
24615000,24615000,2022,1122.0,версия справочника года
24617000,24617000,2022,1123.0,версия справочника года
24619000,24619000,2022,1124.0,версия справочника года
24620000,24620000,2022,1125.0,версия справочника года
24621000,24621000,2022,1126.0,версия справочника года
24623000,24623000,2022,1127.0,версия справочника года
24625000,24625000,2022,1128.0,версия справочника года
24629000,24629000,2022,1129.0,версия справочника года
24631000,24631000,2022,1130.0,версия справочника года
24633000,24633000,2022,1131.0,версия справочника года
24635000,24635000,2022,1132.0,версия справочника года
24637000,24637000,2022,1133.0,версия справочника года
24701000,24701000,2022,1107.0,версия справочника года
24703000,24703000,2022,1108.0,версия справочника года
24705000,24705000,2022,1109.0,версия справочника года
24706000,24706000,2022,1110.0,версия справочника года
24707000,24707000,2022,1111.0,версия справочника года
24711000,24711000,2022,1112.0,версия справочника года
25601000,25601000,2022,1144.0,версия справочника года
25602000,25602000,2022,1145.0,версия справочника года
25604000,25604000,2022,1146.0,версия справочника года
25605000,25605000,2022,1170.0,версия справочника года
25606000,25606000,2022,1147.0,версия справочника года
25607000,25607000,2022,1171.0,версия справочника года
25608000,25608000,2022,1148.0,версия справочника года
25609000,25609000,2022,1172.0,версия справочника года
25610000,25610000,2022,1149.0,версия справочника года
25612000,25612000,2022,1150.0,версия справочника года
25614000,25614000,2022,1151.0,версия справочника года
25616000,25616000,2022,1152.0,версия справочника года
25618000,25618000,2022,1153.0,версия справочника года
25620000,25620000,2022,1154.0,версия справочника года
25622000,25622000,2022,1155.0,версия справочника года
25624000,25624000,2022,1156.0,версия справочника года
25626000,25626000,2022,1157.0,версия справочника года
25628000,25628000,2022,1158.0,версия справочника года
25629000,25629000,2022,1173.0,версия справочника года
25630000,25630000,2022,1159.0,версия справочника года
25631000,25631000,2022,1174.0,версия справочника года
25634000,25634000,2022,1160.0,версия справочника года
25636000,25636000,2022,1161.0,версия справочника года
25638000,25638000,2022,1162.0,версия справочника года
25640000,25640000,2022,1163.0,версия справочника года
25642000,25542000,2022,1164.0,версия справочника года
25644000,25644000,2022,1165.0,версия справочника года
25646000,25646000,2022,1166.0,версия справочника года
25648000,25648000,2022,1167.0,версия справочника года
25650000,25550000,2022,1168.0,версия справочника года
25655000,25655000,2022,1169.0,версия справочника года
25657000,25657000,2022,1175.0,версия справочника года
25701000,25701000,2022,1134.0,версия справочника года
25703000,25703000,2022,1135.0,версия справочника года
25714000,25714000,2022,1136.0,версия справочника года
25720000,25720000,2022,1137.0,версия справочника года
25726000,25726000,2022,1138.0,версия справочника года
25732000,25732000,2022,1139.0,версия справочника года
25736000,25736000,2022,1140.0,версия справочника года
25738000,25738000,2022,1141.0,версия справочника года
25745000,25745000,2022,1142.0,версия справочника года
25746000,25746000,2022,1143.0,версия справочника года
26605000,26605000,2022,165.0,версия справочника года
26610000,26610000,2022,166.0,версия справочника года
26615000,26615000,2022,164.0,версия справочника года
26620000,26620000,2022,163.0,версия справочника года
26701000,26701000,2022,158.0,версия справочника года
26706000,26706000,2022,160.0,версия справочника года
26710000,26710000,2022,161.0,версия справочника года
26715000,26715000,2022,159.0,версия справочника года
26720000,26610000,2022,162.0,версия справочника года
27503000,27503000,2022,1183.0,версия справочника года
27506000,27506000,2022,1185.0,версия справочника года
27507000,27507000,2022,1186.0,версия справочника года
27510000,27510000,2022,1188.0,версия справочника года
27513000,27513000,2022,1189.0,версия справочника года
27514000,27514000,2022,1191.0,версия справочника года
27515000,27515000,2022,1192.0,версия справочника года
27516000,27516000,2022,1193.0,версия справочника года
27518000,27518000,2022,1194.0,версия справочника года
27519000,27519000,2022,1195.0,версия справочника года
27527000,27527000,2022,1196.0,версия справочника года
27539000,27539000,2022,1197.0,версия справочника года
27701000,27701000,2022,1176.0,версия справочника года
27705000,27705000,2022,1184.0,версия справочника года
27709000,27709000,2022,1187.0,версия справочника года
27711000,27711000,2022,1177.0,версия справочника года
27712000,27712000,2022,1178.0,версия справочника года
27717000,27717000,2022,1179.0,версия справочника года
27725000,27725000,2022,1180.0,версия справочника года
27730000,27730000,2022,1181.0,версия справочника года
27734000,27734000,2022,1190.0,версия справочника года
27740000,27740000,2022,1182.0,версия справочника года
28502000,28502000,2022,2110.0,версия справочника года
28510000,28510000,2022,2114.0,версия справочника года
28516000,28516000,2022,2117.0,версия справочника года
28532000,28532000,2022,2125.0,версия справочника года
28536000,28536000,2022,2127.0,версия справочника года
28538000,28538000,2022,2128.0,версия справочника года
28542000,28542000,2022,2130.0,версия справочника года
28544000,28544000,2022,2132.0,версия справочника года
28546000,28546000,2022,2133.0,версия справочника года
28547000,28547000,2022,2134.0,версия справочника года
28549000,28549000,2022,2136.0,версия справочника года
28550000,28550000,2022,2137.0,версия справочника года
28552000,28552000,2022,2139.0,версия справочника года
28604000,28504000,2022,2111.0,версия справочника года
28606000,28506000,2022,2112.0,версия справочника года
28608000,28508000,2022,2113.0,версия справочника года
28614000,28514000,2022,2116.0,версия справочника года
28618000,28518000,2022,2118.0,версия справочника года
28620000,28520000,2022,2119.0,версия справочника года
28622000,28522000,2022,2120.0,версия справочника года
28626000,28526000,2022,2122.0,версия справочника года
28628000,28528000,2022,2123.0,версия справочника года
28630000,28530000,2022,2124.0,версия справочника года
28634000,28534000,2022,2126.0,версия справочника года
28640000,28540000,2022,2129.0,версия справочника года
28648000,28548000,2022,2135.0,версия справочника года
28651000,28551000,2022,2138.0,версия справочника года
28653000,28553000,2022,2140.0,версия справочника года
28654000,28654000,2022,2141.0,версия справочника года
28655000,28555000,2022,2142.0,версия справочника года
28657000,28557000,2022,2143.0,версия справочника года
28701000,28701000,2022,2101.0,версия справочника года
28714000,28714000,2022,2710.0,версия справочника года
28726000,28528000,2022,2103.0,версия справочника года
28745000,28548000,2022,2106.0,версия справочника года
28750000,28750000,2022,2108.0,версия справочника года
28751000,28751000,2022,2109.0,версия справочника года
28752000,28752000,2022,2105.0,версия справочника года
28758000,28758000,2022,2121.0,версия справочника года
28759000,28759000,2022,2131.0,версия справочника года
29602000,29602000,2022,1200.0,версия справочника года
29604000,29604000,2022,1201.0,версия справочника года
29606000,29606000,2022,2647.0,версия справочника года
29608000,29608000,2022,1203.0,версия справочника года
29610000,29610000,2022,1204.0,версия справочника года
29612000,29612000,2022,1205.0,версия справочника года
29613000,29613000,2022,1206.0,версия справочника года
29614000,29614000,2022,1207.0,версия справочника года
29615000,29615000,2022,1208.0,версия справочника года
29616000,29616000,2022,1209.0,версия справочника года
29618000,29618000,2022,1210.0,версия справочника года
29620000,29620000,2022,1211.0,версия справочника года
29623000,29623000,2022,1212.0,версия справочника года
29625000,29625000,2022,1213.0,версия справочника года
29627000,29627000,2022,1214.0,версия справочника года
29629000,29629000,2022,1215.0,версия справочника года
29632000,29632000,2022,1216.0,версия справочника года
29634000,29634000,2022,1217.0,версия справочника года
29636000,29636000,2022,1218.0,версия справочника года
29638000,29638000,2022,1219.0,версия справочника года
29642000,29642000,2022,1220.0,версия справочника года
29644000,29644000,2022,1221.0,версия справочника года
29646000,29646000,2022,1222.0,версия справочника года
29650000,29650000,2022,1223.0,версия справочника года
29701000,29701000,2022,1198.0,версия справочника года
29715000,29715000,2022,2646.0,версия справочника года
30501000,30501000,2022,610.0,версия справочника года
30604000,30504000,2022,611.0,версия справочника года
30607000,30607000,2022,612.0,версия справочника года
30610000,30510000,2022,613.0,версия справочника года
30613000,30613000,2022,614.0,версия справочника года
30616000,30616000,2022,615.0,версия справочника года
30619000,30519000,2022,616.0,версия справочника года
30701000,30701000,2022,608.0,версия справочника года
30735000,30735000,2022,609.0,версия справочника года
30824000,30824000,2022,618.0,версия справочника года
30827000,30827000,2022,619.0,версия справочника года
30829000,30829000,2022,620.0,версия справочника года
30851000,30851000,2022,617.0,версия справочника года
32501000,32501000,2022,1240.0,версия справочника года
32502000,32502000,2022,1241.0,версия справочника года
32504000,32504000,2022,1242.0,версия справочника года
32507000,32507000,2022,1243.0,версия справочника года
32510000,32510000,2022,1244.0,версия справочника года
32513000,32513000,2022,1245.0,версия справочника года
32516000,32516000,2022,1246.0,версия справочника года
32522000,32522000,2022,1248.0,версия справочника года
32525000,32525000,2022,1249.0,версия справочника года
32528000,32528000,2022,1251.0,версия справочника года
32531000,32531000,2022,1252.0,версия справочника года
32534000,32534000,2022,1253.0,версия справочника года
32537000,32537000,2022,1254.0,версия справочника года
32540000,32540000,2022,1255.0,версия справочника года
32543000,32543000,2022,1256.0,версия справочника года
32546000,32546000,2022,1257.0,версия справочника года
32619000,32519000,2022,1247.0,версия справочника года
32627000,32627000,2022,1250.0,версия справочника года
32701000,32701000,2022,1224.0,версия справочника года
32704000,32704000,2022,1225.0,версия справочника года
32707000,32707000,2022,1226.0,версия справочника года
32710000,32710000,2022,1227.0,версия справочника года
32715000,32715000,2022,1228.0,версия справочника года
32716000,32716000,2022,1229.0,версия справочника года
32719000,32719000,2022,1230.0,версия справочника года
32725000,32725000,2022,1231.0,версия справочника года
32728000,32728000,2022,1232.0,версия справочника года
32731000,32731000,2022,1233.0,версия справочника года
32732000,32732000,2022,1235.0,версия справочника года
32734000,32734000,2022,1234.0,версия справочника года
32737000,32737000,2022,1236.0,версия справочника года
32740000,32740000,2022,1237.0,версия справочника года
32749000,32749000,2022,1238.0,версия справочника года
33502000,33502000,2022,1264.0,версия справочника года
33506000,33506000,2022,1267.0,версия справочника года
33507000,33507000,2022,1268.0,версия справочника года
33516000,33516000,2022,1273.0,версия справочника года
33521000,33521000,2022,1278.0,версия справочника года
33522000,33522000,2022,1279.0,версия справочника года
33524000,33524000,2022,1281.0,версия справочника года
33526000,33526000,2022,1283.0,версия справочника года
33529000,33529000,2022,1286.0,версия справочника года
33531000,33531000,2022,1289.0,версия справочника года
33533000,33533000,2022,1291.0,версия справочника года
33534000,33534000,2022,1292.0,версия справочника года
33540000,33540000,2022,1297.0,версия справочника года
33543000,33543000,2022,1299.0,версия справочника года
33603000,33503000,2022,1265.0,версия справочника года
33605000,33605000,2022,1266.0,версия справочника года
33608000,33608000,2022,1269.0,версия справочника года
33610000,33610000,2022,1270.0,версия справочника года
33612000,33612000,2022,1271.0,версия справочника года
33614000,33614000,2022,1272.0,версия справочника года
33617000,33617000,2022,1274.0,версия справочника года
33618000,33618000,2022,1275.0,версия справочника года
33619000,33619000,2022,1276.0,версия справочника года
33620000,33620000,2022,1277.0,версия справочника года
33623000,33623000,2022,1280.0,версия справочника года
33625000,33625000,2022,1282.0,версия справочника года
33627000,33627000,2022,1284.0,версия справочника года
33628000,33628000,2022,1285.0,версия справочника года
33630000,33630000,2022,1287.0,версия справочника года
33632000,33632000,2022,1290.0,версия справочника года
33635000,33635000,2022,1293.0,версия справочника года
33636000,33636000,2022,1294.0,версия справочника года
33637000,33637000,2022,1295.0,версия справочника года
33638000,33638000,2022,1296.0,версия справочника года
33641000,33641000,2022,1298.0,версия справочника года
33645000,33645000,2022,1288.0,версия справочника года
33647000,33647000,2022,1300.0,версия справочника года
33649000,33649000,2022,1301.0,версия справочника года
33650000,33650000,2022,1302.0,версия справочника года
33701000,33701000,2022,1258.0,версия справочника года
33704000,33704000,2022,1259.0,версия справочника года
33707000,33707000,2022,1260.0,версия справочника года
33710000,33710000,2022,1261.0,версия справочника года
33713000,33713000,2022,1262.0,версия справочника года
33787000,33787000,2022,1263.0,версия справочника года
34512000,34512000,2022,1314.0,версия справочника года
34522000,34522000,2022,1319.0,версия справочника года
34524000,34524000,2022,1320.0,версия справочника года
34534000,34534000,2022,1325.0,версия справочника года
34602000,34502000,2022,1309.0,версия справочника года
34604000,34604000,2022,1310.0,версия справочника года
34606000,34606000,2022,1311.0,версия справочника года
34608000,34608000,2022,1312.0,версия справочника года
34610000,34510000,2022,1313.0,версия справочника года
34614000,34614000,2022,1315.0,версия справочника года
34616000,34616000,2022,1316.0,версия справочника года
34618000,34518000,2022,1317.0,версия справочника года
34626000,34626000,2022,1321.0,версия справочника года
34628000,34528000,2022,1322.0,версия справочника года
34630000,34530000,2022,1323.0,версия справочника года
34632000,34532000,2022,1324.0,версия справочника года
34636000,34536000,2022,1326.0,версия справочника года
34638000,34538000,2022,1327.0,версия справочника года
34640000,34540000,2022,1328.0,версия справочника года
34642000,34642000,2022,1329.0,версия справочника года
34644000,34644000,2022,1330.0,версия справочника года
34646000,34646000,2022,1331.0,версия справочника года
34648000,34648000,2022,1332.0,версия справочника года
34701000,34701000,2022,1303.0,версия справочника года
34705000,34705000,2022,1304.0,версия справочника года
34706000,34706000,2022,1305.0,версия справочника года
34708000,34708000,2022,1306.0,версия справочника года
34714000,34520000,2022,2618.0,версия справочника года
34730000,34730000,2022,1308.0,версия справочника года
35604000,35604000,2022,255.0,версия справочника года
35607000,35607000,2022,256.0,версия справочника года
35611000,35611000,2022,257.0,версия справочника года
35616000,35616000,2022,258.0,версия справочника года
35620000,35620000,2022,259.0,версия справочника года
35623000,35623000,2022,260.0,версия справочника года
35627000,35627000,2022,261.0,версия справочника года
35631000,35631000,2022,262.0,версия справочника года
35635000,35635000,2022,263.0,версия справочника года
35639000,35639000,2022,264.0,версия справочника года
35643000,35643000,2022,265.0,версия справочника года
35647000,35647000,2022,266.0,версия справочника года
35652000,35652000,2022,267.0,версия справочника года
35656000,35656000,2022,268.0,версия справочника года
35701000,35701000,2022,244.0,версия справочника года
35703000,35703000,2022,245.0,версия справочника года
35706000,35706000,2022,246.0,версия справочника года
35709000,35709000,2022,247.0,версия справочника года
35712000,35712000,2022,248.0,версия справочника года
35715000,35715000,2022,249.0,версия справочника года
35718000,35718000,2022,250.0,версия справочника года
35721000,35721000,2022,251.0,версия справочника года
35723000,35723000,2022,252.0,версия справочника года
35726000,35726000,2022,253.0,версия справочника года
35729000,35729000,2022,254.0,версия справочника года
36602000,36602000,2022,1884.0,версия справочника года
36604000,36604000,2022,1885.0,версия справочника года
36606000,36606000,2022,1886.0,версия справочника года
36608000,36608000,2022,1887.0,версия справочника года
36610000,36610000,2022,1888.0,версия справочника года
36612000,36612000,2022,1889.0,версия справочника года
36614000,36614000,2022,1890.0,версия справочника года
36615000,36615000,2022,1891.0,версия справочника года
36616000,36616000,2022,1892.0,версия справочника года
36617000,36617000,2022,1893.0,версия справочника года
36618000,36618000,2022,1894.0,версия справочника года
36620000,36620000,2022,1895.0,версия справочника года
36622000,36622000,2022,1896.0,версия справочника года
36624000,36624000,2022,1897.0,версия справочника года
36626000,36626000,2022,1898.0,версия справочника года
36628000,36628000,2022,1899.0,версия справочника года
36630000,36630000,2022,1900.0,версия справочника года
36632000,36632000,2022,1901.0,версия справочника года
36634000,36634000,2022,1902.0,версия справочника года
36636000,36636000,2022,1903.0,версия справочника года
36638000,36638000,2022,1904.0,версия справочника года
36640000,36640000,2022,1905.0,версия справочника года
36642000,36642000,2022,1906.0,версия справочника года
36644000,36644000,2022,1907.0,версия справочника года
36646000,36646000,2022,1908.0,версия справочника года
36648000,36648000,2022,1909.0,версия справочника года
36650000,36650000,2022,1910.0,версия справочника года
36701000,36701000,2022,1874.0,версия справочника года
36704000,36704000,2022,1875.0,версия справочника года
36708000,36708000,2022,1876.0,версия справочника года
36713000,36713000,2022,1877.0,версия справочника года
36718000,36718000,2022,1878.0,версия справочника года
36724000,36724000,2022,1879.0,версия справочника года
36727000,36727000,2022,1880.0,версия справочника года
36735000,36735000,2022,1881.0,версия справочника года
36740000,36740000,2022,1882.0,версия справочника года
36750000,36750000,2022,1883.0,версия справочника года
37502000,37502000,2022,1335.0,версия справочника года
37516000,37516000,2022,1343.0,версия справочника года
37518000,37518000,2022,1344.0,версия справочника года
37520000,37520000,2022,1345.0,версия справочника года
37526000,37526000,2022,1348.0,версия справочника года
37534000,37534000,2022,1352.0,версия справочника года
37540000,37540000,2022,1355.0,версия справочника года
37542000,37542000,2022,1356.0,версия справочника года
37604000,37504000,2022,1336.0,версия справочника года
37606000,37506000,2022,1337.0,версия справочника года
37608000,37508000,2022,1338.0,версия справочника года
37609000,37509000,2022,1339.0,версия справочника года
37610000,37510000,2022,1340.0,версия справочника года
37612000,37512000,2022,1341.0,версия справочника года
37614000,37514000,2022,1342.0,версия справочника года
37622000,37522000,2022,1346.0,версия справочника года
37624000,37524000,2022,1347.0,версия справочника года
37628000,37528000,2022,1349.0,версия справочника года
37630000,37530000,2022,1350.0,версия справочника года
37632000,37532000,2022,1351.0,версия справочника года
37636000,37536000,2022,1353.0,версия справочника года
37638000,37538000,2022,1354.0,версия справочника года
37644000,37544000,2022,1357.0,версия справочника года
37646000,37546000,2022,1358.0,версия справочника года
37701000,37701000,2022,1333.0,версия справочника года
37705000,37705000,2022,1334.0,версия справочника года
38602000,38602000,2022,1364.0,версия справочника года
38603000,38603000,2022,1365.0,версия справочника года
38604000,38604000,2022,1366.0,версия справочника года
38606000,38606000,2022,1367.0,версия справочника года
38608000,38608000,2022,1368.0,версия справочника года
38610000,38610000,2022,1369.0,версия справочника года
38612000,38612000,2022,1370.0,версия справочника года
38614000,38614000,2022,1371.0,версия справочника года
38616000,38616000,2022,1372.0,версия справочника года
38618000,38618000,2022,1373.0,версия справочника года
38620000,38620000,2022,1374.0,версия справочника года
38621000,38621000,2022,1375.0,версия справочника года
38622000,38622000,2022,1376.0,версия справочника года
38623000,38623000,2022,1377.0,версия справочника года
38624000,38624000,2022,1378.0,версия справочника года
38626000,38626000,2022,1379.0,версия справочника года
38628000,38628000,2022,1380.0,версия справочника года
38630000,38630000,2022,1381.0,версия справочника года
38632000,38632000,2022,1382.0,версия справочника года
38634000,38634000,2022,1383.0,версия справочника года
38636000,38636000,2022,1384.0,версия справочника года
38638000,38638000,2022,1385.0,версия справочника года
38640000,38640000,2022,1386.0,версия справочника года
38642000,38642000,2022,1387.0,версия справочника года
38644000,38644000,2022,1388.0,версия справочника года
38646000,38646000,2022,1389.0,версия справочника года
38648000,38648000,2022,1390.0,версия справочника года
38650000,38650000,2022,1391.0,версия справочника года
38701000,38701000,2022,1359.0,версия справочника года
38705000,38705000,2022,1360.0,версия справочника года
38708000,38708000,2022,1361.0,версия справочника года
38710000,38710000,2022,1362.0,версия справочника года
38715000,38715000,2022,1363.0,версия справочника года
41603000,41603000,2022,1392.0,версия справочника года
41606000,41606000,2022,1393.0,версия справочника года
41609000,41609000,2022,1394.0,версия справочника года
41612000,41612000,2022,1395.0,версия справочника года
41615000,41615000,2022,1396.0,версия справочника года
41618000,41518000,2022,1397.0,версия справочника года
41621000,41621000,2022,1398.0,версия справочника года
41624000,41624000,2022,1399.0,версия справочника года
41625000,41625000,2022,1400.0,версия справочника года
41627000,41627000,2022,1401.0,версия справочника года
41630000,41630000,2022,1402.0,версия справочника года
41633000,41633000,2022,1403.0,версия справочника года
41636000,41636000,2022,1404.0,версия справочника года
41639000,41639000,2022,1405.0,версия справочника года
41642000,41642000,2022,1406.0,версия справочника года
41645000,41645000,2022,1407.0,версия справочника года
41648000,41648000,2022,1408.0,версия справочника года
41754000,41754000,2022,1409.0,версия справочника года
42603000,42503000,2022,1412.0,версия справочника года
42606000,42606000,2022,1413.0,версия справочника года
42609000,42609000,2022,1414.0,версия справочника года
42612000,42612000,2022,1415.0,версия справочника года
42615000,42515000,2022,1416.0,версия справочника года
42618000,42618000,2022,1417.0,версия справочника года
42621000,42621000,2022,1418.0,версия справочника года
42624000,42624000,2022,1419.0,версия справочника года
42627000,42527000,2022,1420.0,версия справочника года
42630000,42630000,2022,1421.0,версия справочника года
42633000,42633000,2022,1422.0,версия справочника года
42636000,42636000,2022,1423.0,версия справочника года
42640000,42540000,2022,1424.0,версия справочника года
42642000,42542000,2022,1425.0,версия справочника года
42645000,42645000,2022,1426.0,версия справочника года
42648000,42648000,2022,1427.0,версия справочника года
42652000,42652000,2022,1428.0,версия справочника года
42656000,42656000,2022,1429.0,версия справочника года
42701000,42701000,2022,1410.0,версия справочника года
42715000,42715000,2022,1411.0,версия справочника года
44701000,44701000,2022,1430.0,версия справочника года
44702000,44502000,2022,1431.0,версия справочника года
44704000,44504000,2022,1432.0,версия справочника года
44707000,44507000,2022,1433.0,версия справочника года
44710000,44510000,2022,1434.0,версия справочника года
44713000,44513000,2022,1435.0,версия справочника года
44716000,44516000,2022,1436.0,версия справочника года
44719000,44519000,2022,1437.0,версия справочника года
44722000,44522000,2022,1438.0,версия справочника года
45301000,45301000,2022,2462.0,версия справочника года
45302000,45302000,2022,2463.0,версия справочника года
45303000,45303000,2022,2464.0,версия справочника года
45304000,45304000,2022,2465.0,версия справочника года
45305000,45305000,2022,2466.0,версия справочника года
45306000,45306000,2022,2467.0,версия справочника года
45307000,45307000,2022,2468.0,версия справочника года
45308000,45308000,2022,2469.0,версия справочника года
45309000,45309000,2022,2470.0,версия справочника года
45310000,45310000,2022,2471.0,версия справочника года
45311000,45311000,2022,2472.0,версия справочника года
45313000,45313000,2022,2474.0,версия справочника года
45314000,45314000,2022,2475.0,версия справочника года
45315000,45315000,2022,2476.0,версия справочника года
45316000,45316000,2022,2477.0,версия справочника года
45317000,45317000,2022,2478.0,версия справочника года
45318000,45318000,2022,2479.0,версия справочника года
45319000,45319000,2022,2480.0,версия справочника года
45320000,45320000,2022,2481.0,версия справочника года
45321000,45321000,2022,2482.0,версия справочника года
45322000,45322000,2022,2483.0,версия справочника года
45323000,45323000,2022,2484.0,версия справочника года
45324000,45324000,2022,2485.0,версия справочника года
45325000,45325000,2022,2486.0,версия справочника года
45326000,45326000,2022,2487.0,версия справочника года
45327000,45327000,2022,2488.0,версия справочника года
45328000,45328000,2022,2489.0,версия справочника года
45329000,45329000,2022,2490.0,версия справочника года
45330000,45330000,2022,2491.0,версия справочника года
45331000,45331000,2022,2492.0,версия справочника года
45332000,45332000,2022,2493.0,версия справочника года
45333000,45333000,2022,2494.0,версия справочника года
45334000,45334000,2022,2495.0,версия справочника года
45335000,45335000,2022,2496.0,версия справочника года
45336000,45336000,2022,2497.0,версия справочника года
45337000,45337000,2022,2498.0,версия справочника года
45338000,45338000,2022,2499.0,версия справочника года
45339000,45339000,2022,2500.0,версия справочника года
45340000,45340000,2022,2501.0,версия справочника года
45341000,45341000,2022,2502.0,версия справочника года
45342000,45342000,2022,2503.0,версия справочника года
45343000,45343000,2022,2504.0,версия справочника года
45344000,45344000,2022,2505.0,версия справочника года
45345000,45345000,2022,2506.0,версия справочника года
45346000,45346000,2022,2507.0,версия справочника года
45348000,45348000,2022,2509.0,версия справочника года
45349000,45349000,2022,2510.0,версия справочника года
45350000,45350000,2022,2511.0,версия справочника года
45351000,45351000,2022,2512.0,версия справочника года
45352000,45352000,2022,2513.0,версия справочника года
45353000,45353000,2022,2514.0,версия справочника года
45354000,45354000,2022,2515.0,версия справочника года
45355000,45355000,2022,2516.0,версия справочника года
45356000,45356000,2022,2517.0,версия справочника года
45357000,45357000,2022,2518.0,версия справочника года
45358000,45358000,2022,2519.0,версия справочника года
45359000,45359000,2022,2520.0,версия справочника года
45360000,45360000,2022,2521.0,версия справочника года
45361000,45361000,2022,2522.0,версия справочника года
45362000,45362000,2022,2523.0,версия справочника года
45363000,45363000,2022,2524.0,версия справочника года
45364000,45364000,2022,2525.0,версия справочника года
45365000,45365000,2022,2526.0,версия справочника года
45366000,45366000,2022,2527.0,версия справочника года
45367000,45367000,2022,2528.0,версия справочника года
45368000,45368000,2022,2529.0,версия справочника года
45369000,45369000,2022,2530.0,версия справочника года
45370000,45370000,2022,2531.0,версия справочника года
45371000,45371000,2022,2532.0,версия справочника года
45372000,45372000,2022,2533.0,версия справочника года
45373000,45373000,2022,2534.0,версия справочника года
45374000,45374000,2022,2535.0,версия справочника года
45375000,45375000,2022,2536.0,версия справочника года
45376000,45376000,2022,2537.0,версия справочника года
45377000,45377000,2022,2538.0,версия справочника года
45378000,45378000,2022,2539.0,версия справочника года
45379000,45379000,2022,2540.0,версия справочника года
45380000,45380000,2022,2541.0,версия справочника года
45381000,45381000,2022,2542.0,версия справочника года
45382000,45382000,2022,2543.0,версия справочника года
45383000,45383000,2022,2544.0,версия справочника года
45385000,45385000,2022,2546.0,версия справочника года
45386000,45386000,2022,2547.0,версия справочника года
45387000,45387000,2022,2548.0,версия справочника года
45388000,45388000,2022,2549.0,версия справочника года
45389000,45389000,2022,2550.0,версия справочника года
45390000,45390000,2022,2551.0,версия справочника года
45391000,45391000,2022,2552.0,версия справочника года
45392000,45392000,2022,2553.0,версия справочника года
45393000,45393000,2022,2554.0,версия справочника года
45394000,45394000,2022,2555.0,версия справочника года
45395000,45395000,2022,2556.0,версия справочника года
45396000,45396000,2022,2557.0,версия справочника года
45397000,45397000,2022,2558.0,версия справочника года
45398000,45398000,2022,2559.0,версия справочника года
45901000,45901000,2022,2560.0,версия справочника года
45902000,45902000,2022,2561.0,версия справочника года
45903000,45903000,2022,2562.0,версия справочника года
45904000,45904000,2022,2563.0,версия справочника года
45905000,45905000,2022,2564.0,версия справочника года
45906000,45906000,2022,2565.0,версия справочника года
45907000,45907000,2022,2566.0,версия справочника года
45908000,45908000,2022,2567.0,версия справочника года
45909000,45909000,2022,2568.0,версия справочника года
45910000,45910000,2022,2569.0,версия справочника года
45911000,45911000,2022,2570.0,версия справочника года
45912000,45912000,2022,2571.0,версия справочника года
45913000,45913000,2022,2572.0,версия справочника года
45914000,45914000,2022,2573.0,версия справочника года
45915000,45915000,2022,2574.0,версия справочника года
45916000,45916000,2022,2575.0,версия справочника года
45917000,45917000,2022,2576.0,версия справочника года
45918000,45918000,2022,2577.0,версия справочника года
45919000,45919000,2022,2578.0,версия справочника года
45920000,45920000,2022,2579.0,версия справочника года
45921000,45921000,2022,2580.0,версия справочника года
45922000,45922000,2022,2581.0,версия справочника года
45923000,45923000,2022,2582.0,версия справочника года
45924000,45924000,2022,2583.0,версия справочника года
45925000,45925000,2022,2584.0,версия справочника года
45926000,45926000,2022,2585.0,версия справочника года
45927000,45927000,2022,2586.0,версия справочника года
45931000,45931000,2022,2587.0,версия справочника года
45932000,45932000,2022,2588.0,версия справочника года
45941000,45941000,2022,2589.0,версия справочника года
45942000,45942000,2022,2590.0,версия справочника года
45943000,45943000,2022,2591.0,версия справочника года
45944000,45944000,2022,2592.0,версия справочника года
45945000,45945000,2022,2593.0,версия справочника года
45946000,45946000,2022,2594.0,версия справочника года
45947000,45947000,2022,2595.0,версия справочника года
45948000,45948000,2022,2596.0,версия справочника года
45949000,45949000,2022,2597.0,версия справочника года
45951000,45951000,2022,2598.0,версия справочника года
45952000,45952000,2022,2599.0,версия справочника года
45953000,45953000,2022,2600.0,версия справочника года
45954000,45954000,2022,2601.0,версия справочника года
45955000,45955000,2022,2602.0,версия справочника года
45956000,45956000,2022,2603.0,версия справочника года
45957000,45957000,2022,2604.0,версия справочника года
45958000,45958000,2022,2605.0,версия справочника года
45959000,45959000,2022,2606.0,версия справочника года
45961000,45961000,2022,2607.0,версия справочника года
46704000,46704000,2022,1439.0,версия справочника года
46705000,46705000,2022,1440.0,версия справочника года
46706000,46706000,2022,1460.0,версия справочника года
46707000,46707000,2022,1493.0,версия справочника года
46708000,46708000,2022,1489.0,версия справочника года
46709000,46709000,2022,1445.0,версия справочника года
46710000,46710000,2022,1490.0,версия справочника года
46711000,46711000,2022,1443.0,версия справочника года
46715000,46715000,2022,1491.0,версия справочника года
46716000,46716000,2022,1444.0,версия справочника года
46718000,46718000,2022,1446.0,версия справочника года
46722000,46722000,2022,1447.0,версия справочника года
46725000,46725000,2022,1448.0,версия справочника года
46728000,46728000,2022,1501.0,версия справочника года
46729000,46729000,2022,1449.0,версия справочника года
46733000,46733000,2022,1453.0,версия справочника года
46734000,46734000,2022,1456.0,версия справочника года
46735000,46735000,2022,1454.0,версия справочника года
46737000,46737000,2022,1492.0,версия справочника года
46738000,46738000,2022,2808.0,версия справочника года
46739000,46739000,2022,1457.0,версия справочника года
46740000,46740000,2022,1461.0,версия справочника года
46741000,46741000,2022,1464.0,версия справочника года
46742000,46742000,2022,2648.0,версия справочника года
46744000,46744000,2022,1459.0,версия справочника года
46745000,46745000,2022,1495.0,версия справочника года
46746000,46746000,2022,1467.0,версия справочника года
46747000,46747000,2022,1463.0,версия справочника года
46748000,46748000,2022,1465.0,версия справочника года
46750000,46750000,2022,1468.0,версия справочника года
46751000,46751000,2022,1496.0,версия справочника года
46752000,46752000,2022,1494.0,версия справочника года
46755000,46755000,2022,2651.0,версия справочника года
46757000,46757000,2022,2652.0,версия справочника года
46758000,46758000,2022,2814.0,версия справочника года
46759000,46759000,2022,1471.0,версия справочника года
46760000,46760000,2022,1472.0,версия справочника года
46761000,46761000,2022,1466.0,версия справочника года
46762000,46762000,2022,1474.0,версия справочника года
46763000,46763000,2022,1442.0,версия справочника года
46764000,46764000,2022,1475.0,версия справочника года
46766000,46766000,2022,1477.0,версия справочника года
46767000,46767000,2022,1473.0,версия справочника года
46768000,46768000,2022,1500.0,версия справочника года
46770000,46770000,2022,2644.0,версия справочника года
46771000,46771000,2022,1503.0,версия справочника года
46772000,46772000,2022,1478.0,версия справочника года
46773000,46773000,2022,1441.0,версия справочника года
46776000,46776000,2022,1480.0,версия справочника года
46778000,46778000,2022,1504.0,версия справочника года
46780000,46780000,2022,1481.0,версия справочника года
46781000,46781000,2022,1483.0,версия справочника года
46783000,46783000,2022,1482.0,версия справочника года
46784000,46784000,2022,1484.0,версия справочника года
46786000,46786000,2022,2813.0,версия справочника года
46787000,46787000,2022,1486.0,версия справочника года
46788000,46659000,2022,2649.0,версия справочника года
46790000,46790000,2022,1488.0,версия справочника года
46791000,46759000,2022,1487.0,версия справочника года
47515000,47515000,2022,1521.0,версия справочника года
47517000,47517000,2022,1512.0,версия справочника года
47519000,47519000,2022,1507.0,версия справочника года
47522000,47522000,2022,1508.0,версия справочника года
47524000,47524000,2022,1509.0,версия справочника года
47526000,47526000,2022,1510.0,версия справочника года
47528000,47528000,2022,1511.0,версия справочника года
47605000,47605000,2022,1519.0,версия справочника года
47608000,47608000,2022,1518.0,версия справочника года
47610000,47610000,2022,1520.0,версия справочника года
47620000,47620000,2022,1522.0,версия справочника года
47701000,47701000,2022,1506.0,версия справочника года
47730000,47730000,2022,1517.0,версия справочника года
47731000,47731000,2022,1516.0,версия справочника года
47733000,47733000,2022,1515.0,версия справочника года
47735000,47735000,2022,1514.0,версия справочника года
47737000,47737000,2022,1513.0,версия справочника года
49510000,49510000,2022,1579.0,версия справочника года
49523000,49523000,2022,1584.0,версия справочника года
49538000,49538000,2022,1591.0,версия справочника года
49545000,49545000,2022,1593.0,версия справочника года
49603000,49503000,2022,1576.0,версия справочника года
49606000,49606000,2022,1577.0,версия справочника года
49608000,49608000,2022,1578.0,версия справочника года
49612000,49512000,2022,1580.0,версия справочника года
49614000,49514000,2022,1581.0,версия справочника года
49616000,49616000,2022,1582.0,версия справочника года
49620000,49620000,2022,1583.0,версия справочника года
49624000,49524000,2022,1585.0,версия справочника года
49625000,49625000,2022,1586.0,версия справочника года
49628000,49628000,2022,1587.0,версия справочника года
49630000,49630000,2022,1588.0,версия справочника года
49632000,49532000,2022,1589.0,версия справочника года
49634000,49634000,2022,1590.0,версия справочника года
49639000,49639000,2022,1592.0,версия справочника года
49647000,49547000,2022,1594.0,версия справочника года
49650000,49650000,2022,1595.0,версия справочника года
49655000,49655000,2022,1596.0,версия справочника года
49701000,49701000,2022,1575.0,версия справочника года
50603000,50603000,2022,1602.0,версия справочника года
50604000,50604000,2022,1603.0,версия справочника года
50606000,50606000,2022,1604.0,версия справочника года
50608000,50608000,2022,1605.0,версия справочника года
50610000,50610000,2022,1606.0,версия справочника года
50613000,50613000,2022,1607.0,версия справочника года
50615000,50615000,2022,1608.0,версия справочника года
50617000,50617000,2022,1609.0,версия справочника года
50619000,50619000,2022,1610.0,версия справочника года
50621000,50621000,2022,1611.0,версия справочника года
50623000,50623000,2022,1612.0,версия справочника года
50625000,50625000,2022,1613.0,версия справочника года
50627000,50627000,2022,1614.0,версия справочника года
50630000,50630000,2022,1615.0,версия справочника года
50632000,50632000,2022,1616.0,версия справочника года
50634000,50634000,2022,1617.0,версия справочника года
50636000,50636000,2022,1618.0,версия справочника года
50638000,50638000,2022,1619.0,версия справочника года
50640000,50640000,2022,1620.0,версия справочника года
50642000,50642000,2022,1621.0,версия справочника года
50644000,50644000,2022,1622.0,версия справочника года
50648000,50648000,2022,1623.0,версия справочника года
50650000,50650000,2022,1624.0,версия справочника года
50652000,50652000,2022,1625.0,версия справочника года
50654000,50654000,2022,1626.0,версия справочника года
50655000,50655000,2022,1627.0,версия справочника года
50656000,50656000,2022,1628.0,версия справочника года
50657000,50657000,2022,1629.0,версия справочника года
50658000,50658000,2022,1630.0,версия справочника года
50659000,50659000,2022,1631.0,версия справочника года
50701000,50701000,2022,1597.0,версия справочника года
50708000,50708000,2022,1598.0,версия справочника года
50712000,50712000,2022,1599.0,версия справочника года
50717000,50717000,2022,1600.0,версия справочника года
50740000,50740000,2022,1601.0,версия справочника года
52601000,52601000,2022,1633.0,версия справочника года
52603000,52603000,2022,1634.0,версия справочника года
52606000,52606000,2022,1635.0,версия справочника года
52609000,52609000,2022,1636.0,версия справочника года
52612000,52612000,2022,1637.0,версия справочника года
52615000,52615000,2022,1638.0,версия справочника года
52618000,52618000,2022,1639.0,версия справочника года
52621000,52621000,2022,1640.0,версия справочника года
52623000,52623000,2022,1641.0,версия справочника года
52626000,52626000,2022,1642.0,версия справочника года
52629000,52629000,2022,1643.0,версия справочника года
52630000,52630000,2022,1644.0,версия справочника года
52632000,52632000,2022,1645.0,версия справочника года
52634000,52634000,2022,1646.0,версия справочника года
52636000,52636000,2022,1647.0,версия справочника года
52639000,52639000,2022,1648.0,версия справочника года
52641000,52641000,2022,1649.0,версия справочника года
52642000,52642000,2022,1650.0,версия справочника года
52643000,52643000,2022,1651.0,версия справочника года
52644000,52644000,2022,1652.0,версия справочника года
52646000,52646000,2022,1653.0,версия справочника года
52648000,52648000,2022,1654.0,версия справочника года
52650000,52650000,2022,1655.0,версия справочника года
52651000,52651000,2022,1656.0,версия справочника года
52652000,52652000,2022,1657.0,версия справочника года
52653000,52653000,2022,1658.0,версия справочника года
52654000,52654000,2022,1659.0,версия справочника года
52655000,52655000,2022,1660.0,версия справочника года
52656000,52656000,2022,1661.0,версия справочника года
52657000,52657000,2022,1662.0,версия справочника года
52658000,52658000,2022,1663.0,версия справочника года
52659000,52659000,2022,1664.0,версия справочника года
52701000,52701000,2022,1632.0,версия справочника года
53604000,53604000,2022,1678.0,версия справочника года
53605000,53605000,2022,1679.0,версия справочника года
53606000,53606000,2022,1680.0,версия справочника года
53607000,53607000,2022,1681.0,версия справочника года
53610000,53610000,2022,1682.0,версия справочника года
53611000,53611000,2022,1683.0,версия справочника года
53612000,53612000,2022,1684.0,версия справочника года
53615000,53615000,2022,1685.0,версия справочника года
53617000,53617000,2022,1686.0,версия справочника года
53619000,53619000,2022,1687.0,версия справочника года
53622000,53622000,2022,1688.0,версия справочника года
53623000,53623000,2022,1689.0,версия справочника года
53625000,53625000,2022,1690.0,версия справочника года
53627000,53627000,2022,1691.0,версия справочника года
53630000,53630000,2022,1692.0,версия справочника года
53631000,53631000,2022,1693.0,версия справочника года
53633000,53633000,2022,1694.0,версия справочника года
53634000,53634000,2022,1695.0,версия справочника года
53636000,53636000,2022,1696.0,версия справочника года
53637000,53637000,2022,1697.0,версия справочника года
53638000,53638000,2022,1698.0,версия справочника года
53640000,53640000,2022,1699.0,версия справочника года
53641000,53641000,2022,1700.0,версия справочника года
53642000,53642000,2022,1701.0,версия справочника года
53643000,53643000,2022,1702.0,версия справочника года
53651000,53651000,2022,1703.0,версия справочника года
53652000,53652000,2022,1704.0,версия справочника года
53653000,53653000,2022,1705.0,версия справочника года
53656000,53656000,2022,1706.0,версия справочника года
53701000,53701000,2022,1665.0,версия справочника года
53704000,53502000,2022,1666.0,версия справочника года
53708000,53708000,2022,1667.0,версия справочника года
53712000,53712000,2022,1668.0,версия справочника года
53713000,53503000,2022,1669.0,версия справочника года
53714000,53504000,2022,1670.0,версия справочника года
53715000,53715000,2022,1671.0,версия справочника года
53720000,53720000,2022,1672.0,версия справочника года
53723000,53723000,2022,1673.0,версия справочника года
53725000,53505000,2022,1674.0,версия справочника года
53727000,53506000,2022,1675.0,версия справочника года
53732000,53507000,2022,1676.0,версия справочника года
53755000,53755000,2022,1677.0,версия справочника года
54501000,54501000,2022,1726.0,версия справочника года
54604000,54604000,2022,1710.0,версия справочника года
54608000,54608000,2022,1711.0,версия справочника года
54610000,54610000,2022,1712.0,версия справочника года
54612000,54612000,2022,1713.0,версия справочника года
54615000,54615000,2022,1714.0,версия справочника года
54618000,54618000,2022,1715.0,версия справочника года
54620000,54620000,2022,1716.0,версия справочника года
54623000,54623000,2022,1717.0,версия справочника года
54624000,54624000,2022,1718.0,версия справочника года
54625000,54625000,2022,1719.0,версия справочника года
54626000,54626000,2022,1720.0,версия справочника года
54629000,54629000,2022,1721.0,версия справочника года
54632000,54632000,2022,1722.0,версия справочника года
54636000,54636000,2022,1723.0,версия справочника года
54639000,54639000,2022,1724.0,версия справочника года
54643000,54643000,2022,1725.0,версия справочника года
54650000,54650000,2022,1727.0,версия справочника года
54652000,54652000,2022,1728.0,версия справочника года
54653000,54653000,2022,1729.0,версия справочника года
54654000,54654000,2022,1730.0,версия справочника года
54655000,54655000,2022,1731.0,версия справочника года
54657000,54657000,2022,1732.0,версия справочника года
54659000,54659000,2022,1733.0,версия справочника года
54701000,54701000,2022,1707.0,версия справочника года
54705000,54705000,2022,1708.0,версия справочника года
54710000,54710000,2022,1709.0,версия справочника года
56603000,56603000,2022,1737.0,версия справочника года
56606000,56606000,2022,1761.0,версия справочника года
56609000,56609000,2022,1738.0,версия справочника года
56612000,56612000,2022,1739.0,версия справочника года
56613000,56613000,2022,1740.0,версия справочника года
56615000,56615000,2022,1741.0,версия справочника года
56618000,56618000,2022,1742.0,версия справочника года
56623000,56623000,2022,1743.0,версия справочника года
56626000,56626000,2022,1744.0,версия справочника года
56629000,56629000,2022,1745.0,версия справочника года
56631000,56631000,2022,1746.0,версия справочника года
56633000,56633000,2022,1747.0,версия справочника года
56640000,56640000,2022,1748.0,версия справочника года
56642000,56642000,2022,1749.0,версия справочника года
56643000,56643000,2022,1750.0,версия справочника года
56644000,56644000,2022,1751.0,версия справочника года
56645000,56645000,2022,1752.0,версия справочника года
56647000,56647000,2022,1753.0,версия справочника года
56649000,56649000,2022,1754.0,версия справочника года
56651000,56651000,2022,1755.0,версия справочника года
56653000,56653000,2022,1756.0,версия справочника года
56654000,56654000,2022,1757.0,версия справочника года
56655000,56655000,2022,1758.0,версия справочника года
56656000,56656000,2022,1759.0,версия справочника года
56657000,56657000,2022,1760.0,версия справочника года
56658000,56658000,2022,1762.0,версия справочника года
56659000,56659000,2022,1763.0,версия справочника года
56701000,56701000,2022,1734.0,версия справочника года
56705000,56705000,2022,1735.0,версия справочника года
56734000,56734000,2022,1736.0,версия справочника года
57502000,57502000,2022,734.0,версия справочника года
57503000,57503000,2022,735.0,версия справочника года
57506000,57506000,2022,736.0,версия справочника года
57508000,57508000,2022,737.0,версия справочника года
57513000,57513000,2022,769.0,версия справочника года
57518000,57518000,2022,742.0,версия справочника года
57522000,57522000,2022,744.0,версия справочника года
57524000,57524000,2022,746.0,версия справочника года
57525000,57525000,2022,770.0,версия справочника года
57526000,57526000,2022,771.0,версия справочника года
57528000,57528000,2022,772.0,версия справочника года
57529000,57529000,2022,749.0,версия справочника года
57530000,57530000,2022,2809.0,версия справочника года
57538000,57538000,2022,753.0,версия справочника года
57548000,57548000,2022,758.0,версия справочника года
57552000,57552000,2022,761.0,версия справочника года
57555000,57555000,2022,764.0,версия справочника года
57559000,57559000,2022,773.0,версия справочника года
57560000,57560000,2022,774.0,версия справочника года
57646000,57546000,2022,757.0,версия справочника года
57701000,57701000,2022,727.0,версия справочника года
57708000,57504000,2022,2621.0,версия справочника года
57712000,57512000,2022,738.0,версия справочника года
57714000,57514000,2022,739.0,версия справочника года
57715000,57516000,2022,740.0,версия справочника года
57717000,57516000,2022,729.0,версия справочника года
57718000,57517000,2022,741.0,версия справочника года
57719000,57523000,2022,745.0,версия справочника года
57720000,57531000,2022,748.0,версия справочника года
57721000,57528000,2022,768.0,версия справочника года
57726000,57532000,2022,731.0,версия справочника года
57727000,57534000,2022,751.0,версия справочника года
57728000,57540000,2022,754.0,версия справочника года
57729000,57542000,2022,755.0,версия справочника года
57730000,57550000,2022,2620.0,версия справочника года
57731000,57551000,2022,760.0,версия справочника года
57735000,57735000,2022,763.0,версия справочника года
57756000,57556000,2022,765.0,версия справочника года
57757000,57557000,2022,766.0,версия справочника года
57758000,57558000,2022,767.0,версия справочника года
57759000,57520000,2022,743.0,версия справочника года
57760000,57527000,2022,747.0,версия справочника года
57761000,57536000,2022,752.0,версия справочника года
57762000,57544000,2022,756.0,версия справочника года
57763000,57763000,2022,733.0,версия справочника года
58604000,58504000,2022,1766.0,версия справочника года
58606000,58606000,2022,1767.0,версия справочника года
58608000,58608000,2022,1768.0,версия справочника года
58610000,58610000,2022,1769.0,версия справочника года
58612000,58512000,2022,1770.0,версия справочника года
58614000,58514000,2022,1771.0,версия справочника года
58616000,58616000,2022,1772.0,версия справочника года
58618000,58518000,2022,1773.0,версия справочника года
58620000,58520000,2022,1774.0,версия справочника года
58623000,58523000,2022,1775.0,версия справочника года
58626000,58626000,2022,1776.0,версия справочника года
58629000,58529000,2022,1777.0,версия справочника года
58633000,58633000,2022,1778.0,версия справочника года
58637000,58637000,2022,1779.0,версия справочника года
58640000,58540000,2022,1780.0,версия справочника года
58643000,58543000,2022,1781.0,версия справочника года
58647000,58547000,2022,1782.0,версия справочника года
58649000,58649000,2022,1783.0,версия справочника года
58650000,58650000,2022,1784.0,версия справочника года
58651000,58651000,2022,1785.0,версия справочника года
58653000,58553000,2022,1786.0,версия справочника года
58654000,58654000,2022,1787.0,версия справочника года
58656000,58556000,2022,1788.0,версия справочника года
58658000,58558000,2022,1789.0,версия справочника года
58701000,58701000,2022,1764.0,версия справочника года
58710000,58710000,2022,1765.0,версия справочника года
60601000,60601000,2022,1802.0,версия справочника года
60602000,60602000,2022,1803.0,версия справочника года
60605000,60605000,2022,1804.0,версия справочника года
60606000,60606000,2022,1805.0,версия справочника года
60607000,60607000,2022,1806.0,версия справочника года
60608000,60608000,2022,1807.0,версия справочника года
60609000,60609000,2022,1808.0,версия справочника года
60612000,60612000,2022,1809.0,версия справочника года
60613000,60613000,2022,1810.0,версия справочника года
60615000,60615000,2022,1811.0,версия справочника года
60617000,60617000,2022,1812.0,версия справочника года
60618000,60618000,2022,1813.0,версия справочника года
60619000,60619000,2022,1814.0,версия справочника года
60622000,60622000,2022,1815.0,версия справочника года
60623000,60623000,2022,1816.0,версия справочника года
60624000,60624000,2022,1817.0,версия справочника года
60625000,60625000,2022,1818.0,версия справочника года
60626000,60626000,2022,1819.0,версия справочника года
60627000,60627000,2022,1820.0,версия справочника года
60630000,60630000,2022,1821.0,версия справочника года
60631000,60631000,2022,1822.0,версия справочника года
60632000,60632000,2022,1823.0,версия справочника года
60633000,60633000,2022,1824.0,версия справочника года
60634000,60634000,2022,1825.0,версия справочника года
60635000,60635000,2022,1826.0,версия справочника года
60636000,60636000,2022,1827.0,версия справочника года
60640000,60640000,2022,1828.0,версия справочника года
60641000,60641000,2022,1829.0,версия справочника года
60642000,60642000,2022,1830.0,версия справочника года
60644000,60644000,2022,1831.0,версия справочника года
60645000,60645000,2022,1832.0,версия справочника года
60647000,60647000,2022,1833.0,версия справочника года
60648000,60648000,2022,1834.0,версия справочника года
60650000,60650000,2022,1835.0,версия справочника года
60651000,60651000,2022,1836.0,версия справочника года
60652000,60652000,2022,1837.0,версия справочника года
60653000,60653000,2022,1838.0,версия справочника года
60654000,60654000,2022,1839.0,версия справочника года
60655000,60655000,2022,1840.0,версия справочника года
60656000,60656000,2022,1841.0,версия справочника года
60657000,60657000,2022,1842.0,версия справочника года
60658000,60658000,2022,1843.0,версия справочника года
60659000,60659000,2022,1844.0,версия справочника года
60701000,60701000,2022,1790.0,версия справочника года
60704000,60704000,2022,1791.0,версия справочника года
60707000,60707000,2022,1792.0,версия справочника года
60712000,60712000,2022,1793.0,версия справочника года
60715000,60715000,2022,1794.0,версия справочника года
60717000,60717000,2022,1795.0,версия справочника года
60718000,60718000,2022,1796.0,версия справочника года
60719000,60719000,2022,1797.0,версия справочника года
60727000,60727000,2022,1798.0,версия справочника года
60730000,60730000,2022,1799.0,версия справочника года
60737000,60737000,2022,1800.0,версия справочника года
60740000,60740000,2022,1801.0,версия справочника года
61602000,61602000,2022,1849.0,версия справочника года
61604000,61604000,2022,1850.0,версия справочника года
61606000,61606000,2022,1851.0,версия справочника года
61608000,61608000,2022,1852.0,версия справочника года
61610000,61610000,2022,1853.0,версия справочника года
61612000,61612000,2022,1854.0,версия справочника года
61615000,61615000,2022,1855.0,версия справочника года
61617000,61617000,2022,1856.0,версия справочника года
61620000,61620000,2022,1857.0,версия справочника года
61623000,61623000,2022,1858.0,версия справочника года
61625000,61625000,2022,1859.0,версия справочника года
61626000,61526000,2022,1860.0,версия справочника года
61627000,61627000,2022,1861.0,версия справочника года
61630000,61530000,2022,1862.0,версия справочника года
61634000,61634000,2022,1863.0,версия справочника года
61637000,61637000,2022,1864.0,версия справочника года
61640000,61640000,2022,1865.0,версия справочника года
61642000,61542000,2022,1866.0,версия справочника года
61644000,61644000,2022,1867.0,версия справочника года
61646000,61646000,2022,1868.0,версия справочника года
61648000,61648000,2022,1869.0,версия справочника года
61650000,61650000,2022,1870.0,версия справочника года
61653000,61653000,2022,1871.0,версия справочника года
61656000,61656000,2022,1872.0,версия справочника года
61658000,61658000,2022,1873.0,версия справочника года
61701000,61701000,2022,1845.0,версия справочника года
61705000,61705000,2022,1846.0,версия справочника года
61710000,61710000,2022,1847.0,версия справочника года
61715000,61715000,2022,1848.0,версия справочника года
63602000,63602000,2022,1915.0,версия справочника года
63603000,63603000,2022,1916.0,версия справочника года
63604000,63604000,2022,1917.0,версия справочника года
63606000,63606000,2022,1918.0,версия справочника года
63607000,63607000,2022,1919.0,версия справочника года
63608000,63608000,2022,1920.0,версия справочника года
63609000,63609000,2022,1921.0,версия справочника года
63611000,63611000,2022,1922.0,версия справочника года
63612000,63612000,2022,1923.0,версия справочника года
63613000,63613000,2022,1924.0,версия справочника года
63614000,63614000,2022,1925.0,версия справочника года
63616000,63616000,2022,1926.0,версия справочника года
63617000,63617000,2022,1927.0,версия справочника года
63619000,63619000,2022,1928.0,версия справочника года
63621000,63621000,2022,1929.0,версия справочника года
63622000,63622000,2022,1930.0,версия справочника года
63623000,63623000,2022,1931.0,версия справочника года
63624000,63624000,2022,1932.0,версия справочника года
63625000,63625000,2022,1933.0,версия справочника года
63626000,63626000,2022,1934.0,версия справочника года
63629000,63629000,2022,1935.0,версия справочника года
63630000,63630000,2022,1936.0,версия справочника года
63632000,63632000,2022,1937.0,версия справочника года
63634000,63634000,2022,1938.0,версия справочника года
63635000,63635000,2022,1939.0,версия справочника года
63636000,63636000,2022,1940.0,версия справочника года
63637000,63637000,2022,1941.0,версия справочника года
63639000,63639000,2022,1942.0,версия справочника года
63640000,63640000,2022,1943.0,версия справочника года
63641000,63641000,2022,1944.0,версия справочника года
63642000,63642000,2022,1945.0,версия справочника года
63644000,63644000,2022,1947.0,версия справочника года
63646000,63646000,2022,1948.0,версия справочника года
63647000,63647000,2022,1949.0,версия справочника года
63648000,63648000,2022,1950.0,версия справочника года
63649000,63649000,2022,1951.0,версия справочника года
63650000,63650000,2022,1952.0,версия справочника года
63701000,63701000,2022,2877.0,версия справочника года
63746000,63746000,2022,1912.0,версия справочника года
63760000,63550000,2022,1913.0,версия справочника года
63775000,63775000,2022,1914.0,версия справочника года
64701000,64701000,2022,1953.0,версия справочника года
64704000,64504000,2022,1954.0,версия справочника года
64708000,64508000,2022,1955.0,версия справочника года
64712000,64512000,2022,1956.0,версия справочника года
64716000,64516000,2022,1957.0,версия справочника года
64720000,64520000,2022,1958.0,версия справочника года
64724000,64524000,2022,1959.0,версия справочника года
64728000,64528000,2022,1960.0,версия справочника года
64732000,64532000,2022,1961.0,версия справочника года
64736000,64536000,2022,1962.0,версия справочника года
64740000,64540000,2022,1963.0,версия справочника года
64743000,64543000,2022,1964.0,версия справочника года
64746000,64546000,2022,1965.0,версия справочника года
64748000,64548000,2022,1966.0,версия справочника года
64750000,64550000,2022,1967.0,версия справочника года
64752000,64552000,2022,1968.0,версия справочника года
64754000,64554000,2022,1969.0,версия справочника года
64756000,64556000,2022,1970.0,версия справочника года
65608000,65608000,2022,2039.0,версия справочника года
65623000,65623000,2022,2040.0,версия справочника года
65628000,65628000,2022,2042.0,версия справочника года
65639000,65639000,2022,2041.0,версия справочника года
65645000,65645000,2022,2043.0,версия справочника года
65701000,65701000,2022,1971.0,версия справочника года
65703000,65502000,2022,1973.0,версия справочника года
65704000,65503000,2022,2017.0,версия справочника года
65705000,65505000,2022,2018.0,версия справочника года
65706000,65506000,2022,2019.0,версия справочника года
65707000,65514000,2022,1978.0,версия справочника года
65708000,65509000,2022,1981.0,версия справочника года
65709000,65516000,2022,2021.0,версия справочника года
65710000,65511000,2022,2022.0,версия справочника года
65711000,65530000,2022,2023.0,версия справочника года
65712000,65531000,2022,2024.0,версия справочника года
65713000,65539000,2022,2025.0,версия справочника года
65714000,65541000,2022,1999.0,версия справочника года
65715000,65543000,2022,2002.0,версия справочника года
65716000,65544000,2022,2028.0,версия справочника года
65717000,65512000,2022,2029.0,версия справочника года
65718000,65546000,2022,2030.0,версия справочника года
65719000,65525000,2022,2006.0,версия справочника года
65720000,65547000,2022,2008.0,версия справочника года
65721000,65551000,2022,2031.0,версия справочника года
65722000,65552000,2022,2032.0,версия справочника года
65723000,65553000,2022,2012.0,версия справочника года
65724000,65554000,2022,2034.0,версия справочника года
65725000,65555000,2022,2035.0,версия справочника года
65726000,65556000,2022,2036.0,версия справочника года
65727000,65557000,2022,2037.0,версия справочника года
65728000,65538000,2022,1972.0,версия справочника года
65729000,65729000,2022,2033.0,версия справочника года
65730000,65504000,2022,1974.0,версия справочника года
65731000,65507000,2022,1977.0,версия справочника года
65732000,65732000,2022,1979.0,версия справочника года
65733000,65515000,2022,1992.0,версия справочника года
65734000,65734000,2022,1997.0,версия справочника года
65735000,65510000,2022,1989.0,версия справочника года
65736000,65517000,2022,2007.0,версия справочника года
65737000,65518000,2022,1982.0,версия справочника года
65738000,65529000,2022,1983.0,версия справочника года
65739000,65739000,2022,1985.0,версия справочника года
65740000,65740000,2022,1986.0,версия справочника года
65741000,65741000,2022,1987.0,версия справочника года
65742000,65519000,2022,1988.0,версия справочника года
65743000,65532000,2022,1990.0,версия справочника года
65744000,65533000,2022,1991.0,версия справочника года
65745000,65520000,2022,1993.0,версия справочника года
65746000,65521000,2022,1994.0,версия справочника года
65747000,65747000,2022,1995.0,версия справочника года
65748000,65534000,2022,1996.0,версия справочника года
65749000,65749000,2022,1998.0,версия справочника года
65750000,65522000,2022,2001.0,версия справочника года
65751000,65513000,2022,2000.0,версия справочника года
65752000,65752000,2022,2003.0,версия справочника года
65753000,65524000,2022,2004.0,версия справочника года
65754000,65545000,2022,2005.0,версия справочника года
65755000,65548000,2022,2009.0,версия справочника года
65756000,65549000,2022,2010.0,версия справочника года
65757000,65526000,2022,1980.0,версия справочника года
65758000,65528000,2022,2011.0,версия справочника года
65759000,65508000,2022,2027.0,версия справочника года
65760000,65760000,2022,2020.0,версия справочника года
65761000,65761000,2022,2026.0,версия справочника года
65762000,65535000,2022,1975.0,версия справочника года
65763000,65763000,2022,1976.0,версия справочника года
65764000,65523000,2022,1984.0,версия справочника года
65765000,65765000,2022,2013.0,версия справочника года
65766000,65527000,2022,2038.0,версия справочника года
65767000,65767000,2022,2014.0,версия справочника года
65769000,65536000,2022,2016.0,версия справочника года
65771000,65537000,2022,2015.0,версия справочника года
66603000,66503000,2022,2046.0,версия справочника года
66605000,66505000,2022,2047.0,версия справочника года
66608000,66508000,2022,2048.0,версия справочника года
66609000,66509000,2022,2049.0,версия справочника года
66611000,66511000,2022,2050.0,версия справочника года
66614000,66514000,2022,2051.0,версия справочника года
66616000,66516000,2022,2052.0,версия справочника года
66619000,66519000,2022,2053.0,версия справочника года
66621000,66521000,2022,2054.0,версия справочника года
66623000,66523000,2022,2055.0,версия справочника года
66624000,66524000,2022,2056.0,версия справочника года
66627000,66527000,2022,2057.0,версия справочника года
66630000,66530000,2022,2058.0,версия справочника года
66633000,66533000,2022,2059.0,версия справочника года
66636000,66536000,2022,2060.0,версия справочника года
66638000,66538000,2022,2061.0,версия справочника года
66641000,66541000,2022,2062.0,версия справочника года
66644000,66544000,2022,2063.0,версия справочника года
66646000,66546000,2022,2064.0,версия справочника года
66648000,66548000,2022,2065.0,версия справочника года
66650000,66550000,2022,2066.0,версия справочника года
66652000,66552000,2022,2067.0,версия справочника года
66654000,66554000,2022,2068.0,версия справочника года
66656000,66556000,2022,2069.0,версия справочника года
66658000,66558000,2022,2070.0,версия справочника года
66701000,66701000,2022,2044.0,версия справочника года
66710000,66710000,2022,2045.0,версия справочника года
68602000,68502000,2022,2078.0,версия справочника года
68603000,68503000,2022,2079.0,версия справочника года
68604000,68504000,2022,2080.0,версия справочника года
68606000,68506000,2022,2081.0,версия справочника года
68608000,68508000,2022,2082.0,версия справочника года
68610000,68510000,2022,2083.0,версия справочника года
68612000,68512000,2022,2084.0,версия справочника года
68614000,68514000,2022,2085.0,версия справочника года
68616000,68516000,2022,2086.0,версия справочника года
68618000,68518000,2022,2087.0,версия справочника года
68620000,68520000,2022,2088.0,версия справочника года
68622000,68522000,2022,2089.0,версия справочника года
68624000,68524000,2022,2090.0,версия справочника года
68626000,68526000,2022,2091.0,версия справочника года
68628000,68528000,2022,2092.0,версия справочника года
68630000,68530000,2022,2093.0,версия справочника года
68632000,68532000,2022,2094.0,версия справочника года
68634000,68534000,2022,2095.0,версия справочника года
68636000,68536000,2022,2096.0,версия справочника года
68640000,68540000,2022,2097.0,версия справочника года
68642000,68542000,2022,2098.0,версия справочника года
68644000,68544000,2022,2099.0,версия справочника года
68646000,68546000,2022,2100.0,версия справочника года
68701000,68701000,2022,2071.0,версия справочника года
68705000,68705000,2022,2072.0,версия справочника года
68710000,68710000,2022,2073.0,версия справочника года
68715000,68715000,2022,2074.0,версия справочника года
68720000,68720000,2022,2075.0,версия справочника года
68725000,68725000,2022,2076.0,версия справочника года
68730000,68730000,2022,2077.0,версия справочника года
69604000,69604000,2022,2148.0,версия справочника года
69608000,69608000,2022,2149.0,версия справочника года
69612000,69612000,2022,2150.0,версия справочника года
69616000,69616000,2022,2151.0,версия справочника года
69620000,69620000,2022,2152.0,версия справочника года
69624000,69624000,2022,2153.0,версия справочника года
69628000,69628000,2022,2154.0,версия справочника года
69632000,69632000,2022,2155.0,версия справочника года
69636000,69636000,2022,2156.0,версия справочника года
69640000,69640000,2022,2157.0,версия справочника года
69644000,69644000,2022,2158.0,версия справочника года
69648000,69648000,2022,2159.0,версия справочника года
69652000,69652000,2022,2160.0,версия справочника года
69654000,69654000,2022,2161.0,версия справочника года
69656000,69656000,2022,2162.0,версия справочника года
69658000,69658000,2022,2163.0,версия справочника года
69701000,69701000,2022,2144.0,версия справочника года
69707000,69707000,2022,2145.0,версия справочника года
69710000,69710000,2022,2146.0,версия справочника года
69741000,69741000,2022,2147.0,версия справочника года
70604000,70604000,2022,2171.0,версия справочника года
70606000,70606000,2022,2172.0,версия справочника года
70608000,70608000,2022,2173.0,версия справочника года
70612000,70612000,2022,2174.0,версия справочника года
70616000,70616000,2022,2175.0,версия справочника года
70618000,70618000,2022,2176.0,версия справочника года
70622000,70622000,2022,2177.0,версия справочника года
70624000,70624000,2022,2178.0,версия справочника года
70626000,70626000,2022,2179.0,версия справочника года
70628000,70628000,2022,2180.0,версия справочника года
70630000,70630000,2022,2181.0,версия справочника года
70636000,70636000,2022,2182.0,версия справочника года
70638000,70638000,2022,2183.0,версия справочника года
70640000,70640000,2022,2184.0,версия справочника года
70642000,70642000,2022,2185.0,версия справочника года
70644000,70644000,2022,2186.0,версия справочника года
70646000,70646000,2022,2187.0,версия справочника года
70648000,70648000,2022,2188.0,версия справочника года
70650000,70650000,2022,2189.0,версия справочника года
70701000,70701000,2022,2164.0,версия справочника года
70702000,70702000,2022,2166.0,версия справочника года
70706000,70706000,2022,2165.0,версия справочника года
70712000,70712000,2022,2167.0,версия справочника года
70714000,70714000,2022,2168.0,версия справочника года
70724000,70724000,2022,2169.0,версия справочника года
70730000,70730000,2022,2170.0,версия справочника года
71603000,71603000,2022,2195.0,версия справочника года
71605000,71605000,2022,2196.0,версия справочника года
71607000,71607000,2022,2197.0,версия справочника года
71610000,71610000,2022,2198.0,версия справочника года
71613000,71613000,2022,2199.0,версия справочника года
71615000,71615000,2022,2200.0,версия справочника года
71624000,71624000,2022,2202.0,версия справочника года
71626000,71626000,2022,2203.0,версия справочника года
71630000,71630000,2022,2204.0,версия справочника года
71632000,71632000,2022,2205.0,версия справочника года
71634000,71634000,2022,2206.0,версия справочника года
71636000,71636000,2022,2207.0,версия справочника года
71638000,71638000,2022,2208.0,версия справочника года
71642000,71642000,2022,2209.0,версия справочника года
71644000,71644000,2022,2210.0,версия справочника года
71648000,71648000,2022,2211.0,версия справочника года
71650000,71650000,2022,2212.0,версия справочника года
71653000,71653000,2022,2213.0,версия справочника года
71656000,71656000,2022,2214.0,версия справочника года
71658000,71658000,2022,2215.0,версия справочника года
71701000,71701000,2022,2190.0,версия справочника года
71702000,71518000,2022,2201.0,версия справочника года
71703000,71522000,2022,2191.0,версия справочника года
71705000,71705000,2022,2192.0,версия справочника года
71710000,71710000,2022,2193.0,версия справочника года
71715000,71715000,2022,2194.0,версия справочника года
71811000,71811000,2022,2229.0,версия справочника года
71812000,71812000,2022,2230.0,версия справочника года
71816000,71816000,2022,2231.0,версия справочника года
71818000,71818000,2022,2232.0,версия справочника года
71819000,71819000,2022,2233.0,версия справочника года
71821000,71821000,2022,2234.0,версия справочника года
71824000,71824000,2022,2235.0,версия справочника года
71826000,71826000,2022,2236.0,версия справочника года
71829000,71829000,2022,2237.0,версия справочника года
71871000,71871000,2022,2216.0,версия справочника года
71872000,71872000,2022,2218.0,версия справочника года
71873000,71873000,2022,2219.0,версия справочника года
71874000,71874000,2022,2220.0,версия справочника года
71875000,71875000,2022,2221.0,версия справочника года
71876000,71876000,2022,2226.0,версия справочника года
71877000,71877000,2022,2225.0,версия справочника года
71878000,71878000,2022,2227.0,версия справочника года
71879000,71879000,2022,2222.0,версия справочника года
71883000,71883000,2022,2217.0,версия справочника года
71884000,71884000,2022,2223.0,версия справочника года
71885000,71885000,2022,2224.0,версия справочника года
71887000,71887000,2022,2228.0,версия справочника года
71926000,71946000,2022,2249.0,версия справочника года
71933000,71933000,2022,2244.0,версия справочника года
71936000,71936000,2022,2245.0,версия справочника года
71938000,71938000,2022,2872.0,версия справочника года
71940000,71940000,2022,2882.0,версия справочника года
71943000,71943000,2022,2248.0,версия справочника года
71948000,71948000,2022,2250.0,версия справочника года
71951000,71951000,2022,2238.0,версия справочника года
71952000,71952000,2022,2879.0,версия справочника года
71953000,71953000,2022,2880.0,версия справочника года
71955000,71955000,2022,2241.0,версия справочника года
71956000,71956000,2022,2242.0,версия справочника года
71958000,71958000,2022,2243.0,версия справочника года
73602000,73602000,2022,2254.0,версия справочника года
73604000,73604000,2022,2255.0,версия справочника года
73607000,73607000,2022,2256.0,версия справочника года
73610000,73610000,2022,2257.0,версия справочника года
73614000,73614000,2022,2258.0,версия справочника года
73616000,73616000,2022,2259.0,версия справочника года
73620000,73620000,2022,2260.0,версия справочника года
73622000,73622000,2022,2261.0,версия справочника года
73625000,73625000,2022,2262.0,версия справочника года
73627000,73627000,2022,2263.0,версия справочника года
73629000,73629000,2022,2264.0,версия справочника года
73632000,73632000,2022,2265.0,версия справочника года
73634000,73634000,2022,2266.0,версия справочника года
73636000,73636000,2022,2267.0,версия справочника года
73639000,73639000,2022,2268.0,версия справочника года
73642000,73642000,2022,2269.0,версия справочника года
73644000,73644000,2022,2270.0,версия справочника года
73648000,73648000,2022,2271.0,версия справочника года
73652000,73652000,2022,2272.0,версия справочника года
73654000,73654000,2022,2273.0,версия справочника года
73656000,73656000,2022,2274.0,версия справочника года
73701000,73701000,2022,2251.0,версия справочника года
73705000,73705000,2022,2252.0,версия справочника года
73715000,73715000,2022,2253.0,версия справочника года
75603000,75603000,2022,2291.0,версия справочника года
75606000,75606000,2022,2292.0,версия справочника года
75609000,75609000,2022,2293.0,версия справочника года
75612000,75612000,2022,2294.0,версия справочника года
75614000,75614000,2022,2295.0,версия справочника года
75617000,75617000,2022,2296.0,версия справочника года
75619000,75619000,2022,2297.0,версия справочника года
75620000,75620000,2022,2298.0,версия справочника года
75623000,75623000,2022,2299.0,версия справочника года
75626000,75626000,2022,2300.0,версия справочника года
75629000,75629000,2022,2301.0,версия справочника года
75632000,75632000,2022,2302.0,версия справочника года
75633000,75533000,2022,2303.0,версия справочника года
75634000,75634000,2022,2304.0,версия справочника года
75636000,75636000,2022,2305.0,версия справочника года
75638000,75638000,2022,2306.0,версия справочника года
75642000,75642000,2022,2307.0,версия справочника года
75644000,75544000,2022,2308.0,версия справочника года
75647000,75647000,2022,2309.0,версия справочника года
75648000,75548000,2022,2310.0,версия справочника года
75649000,75549000,2022,2311.0,версия справочника года
75652000,75652000,2022,2312.0,версия справочника года
75654000,75654000,2022,2313.0,версия справочника года
75655000,75655000,2022,2314.0,версия справочника года
75656000,75656000,2022,2315.0,версия справочника года
75657000,75657000,2022,2316.0,версия справочника года
75659000,75659000,2022,2317.0,версия справочника года
75701000,75701000,2022,2275.0,версия справочника года
75706000,75706000,2022,2276.0,версия справочника года
75707000,75707000,2022,2285.0,версия справочника года
75712000,75712000,2022,2277.0,версия справочника года
75715000,75715000,2022,2278.0,версия справочника года
75728000,75728000,2022,2279.0,версия справочника года
75734000,75734000,2022,2280.0,версия справочника года
75738000,75738000,2022,2281.0,версия справочника года
75742000,75742000,2022,2282.0,версия справочника года
75743000,75743000,2022,2283.0,версия справочника года
75746000,75746000,2022,2284.0,версия справочника года
75752000,75752000,2022,2286.0,версия справочника года
75755000,75755000,2022,2287.0,версия справочника года
75758000,75758000,2022,2288.0,версия справочника года
75759000,75759000,2022,2290.0,версия справочника года
75764000,75764000,2022,2289.0,версия справочника года
76515000,76515000,2022,582.0,версия справочника года
76538000,76538000,2022,594.0,версия справочника года
76602000,76602000,2022,605.0,версия справочника года
76603000,76503000,2022,576.0,версия справочника года
76604000,76504000,2022,577.0,версия справочника года
76606000,76506000,2022,578.0,версия справочника года
76609000,76609000,2022,579.0,версия справочника года
76610000,76510000,2022,580.0,версия справочника года
76611000,76611000,2022,606.0,версия справочника года
76612000,76512000,2022,581.0,версия справочника года
76618000,76518000,2022,583.0,версия справочника года
76620000,76620000,2022,584.0,версия справочника года
76621000,76521000,2022,585.0,версия справочника года
76622000,76622000,2022,586.0,версия справочника года
76624000,76624000,2022,587.0,версия справочника года
76625000,76625000,2022,607.0,версия справочника года
76626000,76526000,2022,588.0,версия справочника года
76628000,76628000,2022,589.0,версия справочника года
76630000,76530000,2022,590.0,версия справочника года
76632000,76632000,2022,591.0,версия справочника года
76634000,76534000,2022,592.0,версия справочника года
76636000,76536000,2022,593.0,версия справочника года
76640000,76640000,2022,595.0,версия справочника года
76642000,76642000,2022,596.0,версия справочника года
76644000,76544000,2022,597.0,версия справочника года
76646000,76546000,2022,598.0,версия справочника года
76647000,76647000,2022,599.0,версия справочника года
76648000,76648000,2022,600.0,версия справочника года
76650000,76650000,2022,601.0,версия справочника года
76652000,76552000,2022,602.0,версия справочника года
76654000,76654000,2022,603.0,версия справочника года
76701000,76701000,2022,573.0,версия справочника года
76702000,76702000,2022,604.0,версия справочника года
76715000,76715000,2022,574.0,версия справочника года
76785000,76785000,2022,575.0,версия справочника года
77603000,77603000,2022,2348.0,версия справочника года
77609000,77609000,2022,2349.0,версия справочника года
77633000,77633000,2022,2350.0,версия справочника года
77701000,77701000,2022,2344.0,версия справочника года
77705000,77505000,2022,2347.0,версия справочника года
77710000,77510000,2022,2346.0,версия справочника года
77715000,77515000,2022,2345.0,версия справочника года
78603000,78603000,2022,2321.0,версия справочника года
78606000,78606000,2022,2322.0,версия справочника года
78609000,78609000,2022,2323.0,версия справочника года
78612000,78612000,2022,2324.0,версия справочника года
78615000,78615000,2022,2325.0,версия справочника года
78618000,78618000,2022,2326.0,версия справочника года
78621000,78621000,2022,2327.0,версия справочника года
78623000,78623000,2022,2328.0,версия справочника года
78626000,78626000,2022,2329.0,версия справочника года
78629000,78629000,2022,2330.0,версия справочника года
78634000,78634000,2022,2332.0,версия справочника года
78637000,78637000,2022,2333.0,версия справочника года
78640000,78640000,2022,2334.0,версия справочника года
78643000,78643000,2022,2335.0,версия справочника года
78646000,78646000,2022,2336.0,версия справочника года
78650000,78650000,2022,2337.0,версия справочника года
78701000,78701000,2022,2318.0,версия справочника года
78705000,78532000,2022,2619.0,версия справочника года
78715000,78715000,2022,2320.0,версия справочника года
79605000,79605000,2022,3.0,версия справочника года
79615000,79615000,2022,4.0,версия справочника года
79618000,79618000,2022,5.0,версия справочника года
79622000,79622000,2022,6.0,версия справочника года
79630000,79630000,2022,7.0,версия справочника года
79633000,79633000,2022,8.0,версия справочника года
79640000,79640000,2022,9.0,версия справочника года
79701000,79701000,2022,1.0,версия справочника года
79703000,79703000,2022,2.0,версия справочника года
80601000,80601000,2022,30.0,версия справочника года
80602000,80602000,2022,31.0,версия справочника года
80603000,80603000,2022,32.0,версия справочника года
80604000,80604000,2022,33.0,версия справочника года
80605000,80605000,2022,34.0,версия справочника года
80606000,80606000,2022,35.0,версия справочника года
80607000,80607000,2022,36.0,версия справочника года
80608000,80608000,2022,37.0,версия справочника года
80609000,80609000,2022,38.0,версия справочника года
80610000,80610000,2022,39.0,версия справочника года
80611000,80611000,2022,40.0,версия справочника года
80612000,80612000,2022,41.0,версия справочника года
80613000,80613000,2022,42.0,версия справочника года
80614000,80614000,2022,43.0,версия справочника года
80615000,80615000,2022,44.0,версия справочника года
80617000,80617000,2022,45.0,версия справочника года
80618000,80618000,2022,46.0,версия справочника года
80619000,80619000,2022,47.0,версия справочника года
80621000,80621000,2022,48.0,версия справочника года
80622000,80622000,2022,49.0,версия справочника года
80623000,80623000,2022,50.0,версия справочника года
80624000,80624000,2022,51.0,версия справочника года
80625000,80625000,2022,52.0,версия справочника года
80626000,80626000,2022,53.0,версия справочника года
80627000,80627000,2022,54.0,версия справочника года
80628000,80628000,2022,55.0,версия справочника года
80630000,80630000,2022,56.0,версия справочника года
80631000,80631000,2022,57.0,версия справочника года
80633000,80633000,2022,58.0,версия справочника года
80634000,80634000,2022,59.0,версия справочника года
80635000,80635000,2022,60.0,версия справочника года
80636000,80636000,2022,61.0,версия справочника года
80637000,80637000,2022,62.0,версия справочника года
80638000,80638000,2022,63.0,версия справочника года
80639000,80639000,2022,64.0,версия справочника года
80640000,80640000,2022,65.0,версия справочника года
80641000,80641000,2022,66.0,версия справочника года
80642000,80642000,2022,67.0,версия справочника года
80643000,80643000,2022,68.0,версия справочника года
80644000,80644000,2022,69.0,версия справочника года
80645000,80645000,2022,70.0,версия справочника года
80647000,80647000,2022,71.0,версия справочника года
80648000,80648000,2022,72.0,версия справочника года
80649000,80649000,2022,73.0,версия справочника года
80650000,80650000,2022,74.0,версия справочника года
80651000,80651000,2022,75.0,версия справочника года
80652000,80652000,2022,76.0,версия справочника года
80653000,80653000,2022,77.0,версия справочника года
80654000,80654000,2022,78.0,версия справочника года
80655000,80655000,2022,79.0,версия справочника года
80656000,80656000,2022,80.0,версия справочника года
80657000,80657000,2022,81.0,версия справочника года
80658000,80658000,2022,82.0,версия справочника года
80659000,80659000,2022,83.0,версия справочника года
80701000,80701000,2022,21.0,версия справочника года
80703000,80703000,2022,22.0,версия справочника года
80707000,80707000,2022,24.0,версия справочника года
80723000,80723000,2022,23.0,версия справочника года
80727000,80727000,2022,25.0,версия справочника года
80735000,80735000,2022,26.0,версия справочника года
80739000,80739000,2022,27.0,версия справочника года
80743000,80743000,2022,28.0,версия справочника года
80745000,80745000,2022,29.0,версия справочника года
81603000,81603000,2022,86.0,версия справочника года
81606000,81606000,2022,87.0,версия справочника года
81609000,81609000,2022,88.0,версия справочника года
81612000,81612000,2022,89.0,версия справочника года
81615000,81615000,2022,90.0,версия справочника года
81618000,81618000,2022,91.0,версия справочника года
81621000,81621000,2022,92.0,версия справочника года
81622000,81622000,2022,93.0,версия справочника года
81624000,81624000,2022,94.0,версия справочника года
81627000,81627000,2022,95.0,версия справочника года
81630000,81630000,2022,96.0,версия справочника года
81633000,81633000,2022,97.0,версия справочника года
81635000,81635000,2022,98.0,версия справочника года
81636000,81636000,2022,99.0,версия справочника года
81639000,81639000,2022,100.0,версия справочника года
81642000,81642000,2022,101.0,версия справочника года
81645000,81645000,2022,102.0,версия справочника года
81648000,81648000,2022,103.0,версия справочника года
81650000,81650000,2022,104.0,версия справочника года
81651000,81651000,2022,105.0,версия справочника года
81657000,81657000,2022,106.0,версия справочника года
81701000,81701000,2022,84.0,версия справочника года
81720000,81720000,2022,85.0,версия справочника года
82601000,82601000,2022,117.0,версия справочника года
82603000,82603000,2022,118.0,версия справочника года
82605000,82605000,2022,119.0,версия справочника года
82606000,82606000,2022,120.0,версия справочника года
82607000,82607000,2022,121.0,версия справочника года
82609000,82609000,2022,122.0,версия справочника года
82611000,82611000,2022,123.0,версия справочника года
82613000,82613000,2022,124.0,версия справочника года
82615000,82615000,2022,125.0,версия справочника года
82616000,82616000,2022,126.0,версия справочника года
82618000,82618000,2022,127.0,версия справочника года
82620000,82620000,2022,128.0,версия справочника года
82621000,82621000,2022,129.0,версия справочника года
82622000,82622000,2022,130.0,версия справочника года
82623000,82623000,2022,131.0,версия справочника года
82624000,82624000,2022,132.0,версия справочника года
82626000,82626000,2022,133.0,версия справочника года
82627000,82627000,2022,134.0,версия справочника года
82629000,82629000,2022,135.0,версия справочника года
82630000,82630000,2022,136.0,версия справочника года
82632000,82632000,2022,137.0,версия справочника года
82634000,82634000,2022,138.0,версия справочника года
82635000,82635000,2022,139.0,версия справочника года
82636000,82636000,2022,140.0,версия справочника года
82637000,82637000,2022,141.0,версия справочника года
82639000,82639000,2022,142.0,версия справочника года
82640000,82640000,2022,143.0,версия справочника года
82642000,82642000,2022,144.0,версия справочника года
82644000,82644000,2022,145.0,версия справочника года
82646000,82646000,2022,146.0,версия справочника года
82647000,82647000,2022,147.0,версия справочника года
82648000,82648000,2022,148.0,версия справочника года
82649000,82649000,2022,149.0,версия справочника года
82651000,82651000,2022,150.0,версия справочника года
82653000,82653000,2022,151.0,версия справочника года
82654000,82654000,2022,152.0,версия справочника года
82655000,82655000,2022,153.0,версия справочника года
82656000,82656000,2022,154.0,версия справочника года
82657000,82657000,2022,155.0,версия справочника года
82658000,82658000,2022,156.0,версия справочника года
82659000,82659000,2022,157.0,версия справочника года
82701000,82701000,2022,107.0,версия справочника года
82705000,82705000,2022,108.0,версия справочника года
82708000,82708000,2022,109.0,версия справочника года
82710000,82710000,2022,110.0,версия справочника года
82715000,82715000,2022,111.0,версия справочника года
82720000,82720000,2022,112.0,версия справочника года
82725000,82725000,2022,113.0,версия справочника года
82730000,82730000,2022,114.0,версия справочника года
82735000,82735000,2022,115.0,версия справочника года
82738000,82738000,2022,116.0,версия справочника года
83610000,83610000,2022,170.0,версия справочника года
83615000,83615000,2022,171.0,версия справочника года
83618000,83618000,2022,172.0,версия справочника года
83620000,83620000,2022,173.0,версия справочника года
83625000,83625000,2022,174.0,версия справочника года
83630000,83630000,2022,175.0,версия справочника года
83635000,83635000,2022,176.0,версия справочника года
83640000,83640000,2022,177.0,версия справочника года
83645000,83645000,2022,178.0,версия справочника года
83648000,83648000,2022,179.0,версия справочника года
83701000,83701000,2022,167.0,версия справочника года
83703000,83703000,2022,168.0,версия справочника года
83710000,83710000,2022,169.0,версия справочника года
84610000,84610000,2022,11.0,версия справочника года
84615000,84615000,2022,12.0,версия справочника года
84620000,84620000,2022,13.0,версия справочника года
84625000,84625000,2022,14.0,версия справочника года
84630000,84630000,2022,15.0,версия справочника года
84635000,84635000,2022,16.0,версия справочника года
84640000,84640000,2022,17.0,версия справочника года
84643000,84643000,2022,18.0,версия справочника года
84645000,84645000,2022,19.0,версия справочника года
84650000,84650000,2022,20.0,версия справочника года
84701000,84701000,2022,10.0,версия справочника года
85605000,85605000,2022,181.0,версия справочника года
85610000,85610000,2022,182.0,версия справочника года
85615000,85615000,2022,184.0,версия справочника года
85620000,85620000,2022,185.0,версия справочника года
85623000,85623000,2022,186.0,версия справочника года
85625000,85625000,2022,183.0,версия справочника года
85628000,85628000,2022,187.0,версия справочника года
85632000,85632000,2022,188.0,версия справочника года
85637000,85637000,2022,189.0,версия справочника года
85642000,85642000,2022,190.0,версия справочника года
85646000,85646000,2022,191.0,версия справочника года
85650000,85650000,2022,192.0,версия справочника года
85654000,85654000,2022,193.0,версия справочника года
85701000,85701000,2022,180.0,версия справочника года
86604000,86504000,2022,208.0,версия справочника года
86609000,86609000,2022,209.0,версия справочника года
86610000,86510000,2022,222.0,версия справочника года
86612000,86612000,2022,210.0,версия справочника года
86615000,86615000,2022,211.0,версия справочника года
86618000,86618000,2022,212.0,версия справочника года
86621000,86621000,2022,213.0,версия справочника года
86624000,86624000,2022,214.0,версия справочника года
86627000,86627000,2022,215.0,версия справочника года
86630000,86630000,2022,216.0,версия справочника года
86633000,86533000,2022,217.0,версия справочника года
86636000,86636000,2022,218.0,версия справочника года
86639000,86639000,2022,219.0,версия справочника года
86642000,86642000,2022,220.0,версия справочника года
86645000,86545000,2022,221.0,версия справочника года
86650000,86550000,2022,223.0,версия справочника года
86701000,86701000,2022,206.0,версия справочника года
86706000,86706000,2022,207.0,версия справочника года
87604000,87604000,2022,230.0,версия справочника года
87608000,87508000,2022,231.0,версия справочника года
87612000,87612000,2022,232.0,версия справочника года
87616000,87616000,2022,233.0,версия справочника года
87620000,87620000,2022,234.0,версия справочника года
87624000,87624000,2022,235.0,версия справочника года
87626000,87626000,2022,236.0,версия справочника года
87628000,87628000,2022,237.0,версия справочника года
87632000,87632000,2022,238.0,версия справочника года
87636000,87636000,2022,239.0,версия справочника года
87640000,87640000,2022,240.0,версия справочника года
87644000,87644000,2022,241.0,версия справочника года
87648000,87648000,2022,242.0,версия справочника года
87652000,87652000,2022,243.0,версия справочника года
87701000,87701000,2022,224.0,версия справочника года
87710000,87510000,2022,225.0,версия справочника года
87712000,87512000,2022,226.0,версия справочника года
87715000,87515000,2022,227.0,версия справочника года
87723000,87523000,2022,228.0,версия справочника года
87725000,87525000,2022,229.0,версия справочника года
88604000,88604000,2022,272.0,версия справочника года
88608000,88608000,2022,273.0,версия справочника года
88612000,88612000,2022,274.0,версия справочника года
88616000,88516000,2022,275.0,версия справочника года
88620000,88620000,2022,276.0,версия справочника года
88624000,88624000,2022,277.0,версия справочника года
88628000,88628000,2022,278.0,версия справочника года
88632000,88632000,2022,279.0,версия справочника года
88636000,88636000,2022,280.0,версия справочника года
88640000,88640000,2022,281.0,версия справочника года
88644000,88644000,2022,282.0,версия справочника года
88648000,88648000,2022,283.0,версия справочника года
88652000,88652000,2022,284.0,версия справочника года
88656000,88656000,2022,285.0,версия справочника года
88701000,88701000,2022,269.0,версия справочника года
88705000,88705000,2022,270.0,версия справочника года
88715000,88715000,2022,271.0,версия справочника года
89603000,89603000,2022,287.0,версия справочника года
89605000,89605000,2022,288.0,версия справочника года
89607000,89607000,2022,289.0,версия справочника года
89610000,89610000,2022,290.0,версия справочника года
89613000,89613000,2022,291.0,версия справочника года
89616000,89616000,2022,292.0,версия справочника года
89618000,89618000,2022,293.0,версия справочника года
89621000,89621000,2022,294.0,версия справочника года
89624000,89624000,2022,295.0,версия справочника года
89626000,89626000,2022,296.0,версия справочника года
89628000,89628000,2022,297.0,версия справочника года
89629000,89629000,2022,298.0,версия справочника года
89631000,89631000,2022,299.0,версия справочника года
89634000,89634000,2022,300.0,версия справочника года
89637000,89637000,2022,301.0,версия справочника года
89640000,89640000,2022,302.0,версия справочника года
89643000,89643000,2022,303.0,версия справочника года
89646000,89646000,2022,304.0,версия справочника года
89649000,89649000,2022,305.0,версия справочника года
89651000,89651000,2022,306.0,версия справочника года
89654000,89654000,2022,307.0,версия справочника года
89657000,89657000,2022,308.0,версия справочника года
89701000,89701000,2022,286.0,версия справочника года
90605000,90605000,2022,346.0,версия справочника года
90610000,90610000,2022,347.0,версия справочника года
90615000,90615000,2022,348.0,версия справочника года
90620000,90620000,2022,349.0,версия справочника года
90625000,90625000,2022,350.0,версия справочника года
90630000,90630000,2022,351.0,версия справочника года
90635000,90635000,2022,352.0,версия справочника года
90640000,90640000,2022,353.0,версия справочника года
90701000,90701000,2022,345.0,версия справочника года
91601000,91601000,2022,196.0,версия справочника года
91603000,91603000,2022,197.0,версия справочника года
91610000,91610000,2022,198.0,версия справочника года
91615000,91615000,2022,199.0,версия справочника года
91620000,91620000,2022,200.0,версия справочника года
91623000,91623000,2022,201.0,версия справочника года
91625000,91625000,2022,202.0,версия справочника года
91630000,91630000,2022,203.0,версия справочника года
91635000,91635000,2022,204.0,версия справочника года
91640000,91640000,2022,205.0,версия справочника года
91701000,91701000,2022,194.0,версия справочника года
91705000,91705000,2022,195.0,версия справочника года
92601000,92601000,2022,356.0,версия справочника года
92602000,92602000,2022,357.0,версия справочника года
92604000,92604000,2022,358.0,версия справочника года
92605000,92605000,2022,359.0,версия справочника года
92606000,92606000,2022,360.0,версия справочника года
92607000,92607000,2022,361.0,версия справочника года
92608000,92608000,2022,362.0,версия справочника года
92610000,92610000,2022,363.0,версия справочника года
92612000,92612000,2022,364.0,версия справочника года
92613000,92613000,2022,365.0,версия справочника года
92614000,92614000,2022,366.0,версия справочника года
92615000,92615000,2022,367.0,версия справочника года
92617000,92617000,2022,368.0,версия справочника года
92618000,92618000,2022,369.0,версия справочника года
92620000,92620000,2022,370.0,версия справочника года
92622000,92622000,2022,371.0,версия справочника года
92624000,92624000,2022,372.0,версия справочника года
92626000,92626000,2022,373.0,версия справочника года
92627000,92627000,2022,374.0,версия справочника года
92628000,92628000,2022,375.0,версия справочника года
92629000,92629000,2022,376.0,версия справочника года
92630000,92630000,2022,377.0,версия справочника года
92632000,92632000,2022,392.0,версия справочника года
92633000,92633000,2022,378.0,версия справочника года
92634000,92634000,2022,379.0,версия справочника года
92636000,92636000,2022,380.0,версия справочника года
92638000,92638000,2022,381.0,версия справочника года
92639000,92639000,2022,382.0,версия справочника года
92640000,92640000,2022,383.0,версия справочника года
92642000,92642000,2022,384.0,версия справочника года
92644000,92644000,2022,385.0,версия справочника года
92645000,92645000,2022,386.0,версия справочника года
92646000,92646000,2022,387.0,версия справочника года
92648000,92648000,2022,388.0,версия справочника года
92650000,92650000,2022,389.0,версия справочника года
92652000,92652000,2022,390.0,версия справочника года
92653000,92653000,2022,391.0,версия справочника года
92654000,92654000,2022,398.0,версия справочника года
92655000,92655000,2022,393.0,версия справочника года
92656000,92656000,2022,395.0,версия справочника года
92657000,92657000,2022,394.0,версия справочника года
92658000,92658000,2022,396.0,версия справочника года
92659000,92659000,2022,397.0,версия справочника года
92701000,92701000,2022,354.0,версия справочника года
92730000,92730000,2022,355.0,версия справочника года
93605000,93605000,2022,401.0,версия справочника года
93610000,93610000,2022,402.0,версия справочника года
93615000,93615000,2022,403.0,версия справочника года
93620000,93620000,2022,404.0,версия справочника года
93622000,93622000,2022,405.0,версия справочника года
93625000,93625000,2022,406.0,версия справочника года
93630000,93630000,2022,407.0,версия справочника года
93635000,93635000,2022,408.0,версия справочника года
93638000,93638000,2022,409.0,версия справочника года
93640000,93640000,2022,410.0,версия справочника года
93643000,93643000,2022,411.0,версия справочника года
93645000,93645000,2022,412.0,версия справочника года
93650000,93650000,2022,413.0,версия справочника года
93654000,93654000,2022,414.0,версия справочника года
93656000,93656000,2022,415.0,версия справочника года
93657000,93657000,2022,416.0,версия справочника года
93658000,93658000,2022,417.0,версия справочника года
93701000,93701000,2022,399.0,версия справочника года
93703000,93703000,2022,400.0,версия справочника года
94602000,94502000,2022,423.0,ОКТМО из другой версии
94604000,94504000,2022,424.0,ОКТМО из другой версии
94606000,94506000,2022,425.0,ОКТМО из другой версии
94608000,94508000,2022,426.0,ОКТМО из другой версии
94610000,94510000,2022,427.0,ОКТМО из другой версии
94612000,94512000,2022,428.0,ОКТМО из другой версии
94614000,94514000,2022,429.0,ОКТМО из другой версии
94616000,94516000,2022,430.0,ОКТМО из другой версии
94618000,94518000,2022,431.0,ОКТМО из другой версии
94620000,94520000,2022,432.0,ОКТМО из другой версии
94622000,94522000,2022,433.0,ОКТМО из другой версии
94624000,94524000,2022,434.0,ОКТМО из другой версии
94626000,94526000,2022,435.0,ОКТМО из другой версии
94628000,94528000,2022,436.0,ОКТМО из другой версии
94630000,94530000,2022,437.0,ОКТМО из другой версии
94633000,94533000,2022,438.0,ОКТМО из другой версии
94635000,94535000,2022,439.0,ОКТМО из другой версии
94637000,94537000,2022,440.0,ОКТМО из другой версии
94639000,94539000,2022,441.0,ОКТМО из другой версии
94641000,94541000,2022,442.0,ОКТМО из другой версии
94644000,94544000,2022,443.0,ОКТМО из другой версии
94646000,94546000,2022,444.0,ОКТМО из другой версии
94648000,94548000,2022,445.0,ОКТМО из другой версии
94650000,94550000,2022,446.0,ОКТМО из другой версии
94652000,94552000,2022,447.0,ОКТМО из другой версии
94701000,94701000,2022,418.0,версия справочника года
94710000,94710000,2022,419.0,версия справочника года
94720000,94720000,2022,420.0,версия справочника года
94730000,94730000,2022,421.0,версия справочника года
94740000,94740000,2022,422.0,версия справочника года
95605000,95605000,2022,453.0,версия справочника года
95608000,95608000,2022,454.0,версия справочника года
95612000,95612000,2022,455.0,версия справочника года
95615000,95615000,2022,456.0,версия справочника года
95620000,95620000,2022,457.0,версия справочника года
95625000,95625000,2022,458.0,версия справочника года
95630000,95630000,2022,459.0,версия справочника года
95635000,95635000,2022,460.0,версия справочника года
95701000,95701000,2022,448.0,версия справочника года
95702000,95702000,2022,449.0,версия справочника года
95708000,95708000,2022,450.0,версия справочника года
95709000,95709000,2022,451.0,версия справочника года
95715000,95715000,2022,452.0,версия справочника года
96602000,96602000,2022,463.0,версия справочника года
96604000,96604000,2022,464.0,версия справочника года
96607000,96607000,2022,465.0,версия справочника года
96610000,96610000,2022,466.0,версия справочника года
96611000,96611000,2022,467.0,версия справочника года
96612000,96612000,2022,468.0,версия справочника года
96616000,96616000,2022,469.0,версия справочника года
96622000,96622000,2022,470.0,версия справочника года
96625000,96625000,2022,471.0,версия справочника года
96628000,96628000,2022,472.0,версия справочника года
96631000,96631000,2022,473.0,версия справочника года
96634000,96634000,2022,474.0,версия справочника года
96637000,96637000,2022,475.0,версия справочника года
96640000,96640000,2022,476.0,версия справочника года
96691000,96691000,2022,477.0,версия справочника года
96701000,96701000,2022,461.0,версия справочника года
96702000,96702000,2022,462.0,версия справочника года
97524000,97524000,2022,491.0,версия справочника года
97550000,97550000,2022,500.0,версия справочника года
97603000,97503000,2022,483.0,версия справочника года
97605000,97505000,2022,484.0,версия справочника года
97607000,97507000,2022,485.0,версия справочника года
97610000,97510000,2022,486.0,версия справочника года
97613000,97513000,2022,487.0,версия справочника года
97616000,97516000,2022,488.0,версия справочника года
97619000,97519000,2022,489.0,версия справочника года
97621000,97521000,2022,490.0,версия справочника года
97626000,97526000,2022,492.0,версия справочника года
97629000,97529000,2022,493.0,версия справочника года
97632000,97532000,2022,494.0,версия справочника года
97635000,97535000,2022,495.0,версия справочника года
97638000,97538000,2022,496.0,версия справочника года
97641000,97541000,2022,497.0,версия справочника года
97644000,97544000,2022,498.0,версия справочника года
97647000,97547000,2022,499.0,версия справочника года
97653000,97553000,2022,501.0,версия справочника года
97655000,97555000,2022,502.0,версия справочника года
97658000,97558000,2022,503.0,версия справочника года
97701000,97701000,2022,478.0,версия справочника года
97704000,97704000,2022,479.0,версия справочника года
97707000,97707000,2022,480.0,версия справочника года
97710000,97710000,2022,481.0,версия справочника года
97713000,97713000,2022,482.0,версия справочника года
98601000,98601000,2022,311.0,версия справочника года
98603000,98603000,2022,312.0,версия справочника года
98604000,98604000,2022,337.0,версия справочника года
98606000,98606000,2022,313.0,версия справочника года
98608000,98608000,2022,314.0,версия справочника года
98610000,98610000,2022,315.0,версия справочника года
98612000,98612000,2022,316.0,версия справочника года
98614000,98614000,2022,317.0,версия справочника года
98615000,98615000,2022,318.0,версия справочника года
98616000,98616000,2022,319.0,версия справочника года
98618000,98618000,2022,320.0,версия справочника года
98620000,98620000,2022,321.0,версия справочника года
98622000,98622000,2022,322.0,версия справочника года
98624000,98624000,2022,323.0,версия справочника года
98626000,98626000,2022,324.0,версия справочника года
98627000,98627000,2022,325.0,версия справочника года
98629000,98629000,2022,326.0,версия справочника года
98631000,98631000,2022,327.0,версия справочника года
98633000,98633000,2022,328.0,версия справочника года
98635000,98635000,2022,329.0,версия справочника года
98637000,98637000,2022,331.0,версия справочника года
98639000,98639000,2022,332.0,версия справочника года
98641000,98641000,2022,333.0,версия справочника года
98642000,98642000,2022,334.0,версия справочника года
98644000,98644000,2022,342.0,версия справочника года
98646000,98646000,2022,335.0,версия справочника года
98648000,98648000,2022,336.0,версия справочника года
98650000,98650000,2022,338.0,версия справочника года
98652000,98652000,2022,339.0,версия справочника года
98654000,98654000,2022,340.0,версия справочника года
98656000,98656000,2022,341.0,версия справочника года
98658000,98658000,2022,343.0,версия справочника года
98659000,98659000,2022,344.0,версия справочника года
98660000,98660000,2022,330.0,версия справочника года
98701000,98701000,2022,309.0,версия справочника года
98702000,98702000,2022,310.0,версия справочника года
99605000,99605000,2022,2339.0,версия справочника года
99610000,99610000,2022,2340.0,версия справочника года
99620000,99620000,2022,2341.0,версия справочника года
99625000,99625000,2022,2342.0,версия справочника года
99630000,99630000,2022,2343.0,версия справочника года
99701000,99701000,2022,2338.0,версия справочника года
01512000,01512000,2023,525.0,версия справочника года
01539000,01539000,2023,511.0,версия справочника года
01541000,01541000,2023,553.0,версия справочника года
01558000,01558000,2023,570.0,версия справочника года
01601000,01601000,2023,514.0,версия справочника года
01602000,01602000,2023,515.0,версия справочника года
01603000,01603000,2023,516.0,версия справочника года
01604000,01604000,2023,517.0,версия справочника года
01605000,01605000,2023,518.0,версия справочника года
01606000,01606000,2023,519.0,версия справочника года
01607000,01607000,2023,520.0,версия справочника года
01608000,01608000,2023,521.0,версия справочника года
01609000,01609000,2023,522.0,версия справочника года
01610000,01610000,2023,523.0,версия справочника года
01611000,01611000,2023,524.0,версия справочника года
01613000,01613000,2023,526.0,версия справочника года
01614000,01514000,2023,527.0,версия справочника года
01615000,01615000,2023,528.0,версия справочника года
01616000,01616000,2023,529.0,версия справочника года
01617000,01617000,2023,530.0,версия справочника года
01618000,01618000,2023,531.0,версия справочника года
01619000,01619000,2023,532.0,версия справочника года
01620000,01620000,2023,533.0,версия справочника года
01621000,01621000,2023,534.0,версия справочника года
01622000,01622000,2023,535.0,версия справочника года
01623000,01623000,2023,536.0,версия справочника года
01624000,01624000,2023,537.0,версия справочника года
01625000,01625000,2023,538.0,версия справочника года
01626000,01626000,2023,539.0,версия справочника года
01627000,01627000,2023,540.0,версия справочника года
01628000,01628000,2023,541.0,версия справочника года
01629000,01629000,2023,542.0,версия справочника года
01630000,01630000,2023,543.0,версия справочника года
01631000,01631000,2023,544.0,версия справочника года
01632000,01632000,2023,545.0,версия справочника года
01633000,01633000,2023,546.0,версия справочника года
01634000,01634000,2023,547.0,версия справочника года
01635000,01635000,2023,548.0,версия справочника года
01636000,01636000,2023,549.0,версия справочника года
01637000,01637000,2023,550.0,версия справочника года
01638000,01638000,2023,551.0,версия справочника года
01640000,01640000,2023,552.0,версия справочника года
01642000,01642000,2023,554.0,версия справочника года
01643000,01643000,2023,555.0,версия справочника года
01644000,01644000,2023,556.0,версия справочника года
01645000,01645000,2023,557.0,версия справочника года
01646000,01646000,2023,558.0,версия справочника года
01647000,01647000,2023,559.0,версия справочника года
01648000,01648000,2023,560.0,версия справочника года
01649000,01649000,2023,561.0,версия справочника года
01650000,01650000,2023,562.0,версия справочника года
01651000,01651000,2023,563.0,версия справочника года
01652000,01652000,2023,564.0,версия справочника года
01653000,01653000,2023,565.0,версия справочника года
01654000,01654000,2023,566.0,версия справочника года
01655000,01655000,2023,567.0,версия справочника года
01656000,01656000,2023,568.0,версия справочника года
01657000,01657000,2023,569.0,версия справочника года
01659000,01659000,2023,571.0,версия справочника года
01660000,01660000,2023,572.0,версия справочника года
01701000,01701000,2023,504.0,версия справочника года
01703000,01703000,2023,505.0,версия справочника года
01704000,01704000,2023,506.0,версия справочника года
01705000,01705000,2023,507.0,версия справочника года
01706000,01706000,2023,508.0,версия справочника года
01713000,01713000,2023,509.0,версия справочника года
01716000,01716000,2023,510.0,версия справочника года
01730000,01730000,2023,512.0,версия справочника года
01755000,01755000,2023,513.0,версия справочника года
03601000,03601000,2023,629.0,версия справочника года
03605000,03605000,2023,630.0,версия справочника года
03607000,03607000,2023,631.0,версия справочника года
03608000,03608000,2023,632.0,версия справочника года
03610000,03610000,2023,633.0,версия справочника года
03612000,03612000,2023,634.0,версия справочника года
03613000,03613000,2023,635.0,версия справочника года
03614000,03614000,2023,636.0,версия справочника года
03616000,03616000,2023,637.0,версия справочника года
03618000,03618000,2023,638.0,версия справочника года
03619000,03619000,2023,639.0,версия справочника года
03620000,03620000,2023,640.0,версия справочника года
03621000,03621000,2023,641.0,версия справочника года
03623000,03623000,2023,642.0,версия справочника года
03624000,03624000,2023,643.0,версия справочника года
03625000,03625000,2023,644.0,версия справочника года
03627000,03627000,2023,645.0,версия справочника года
03628000,03628000,2023,646.0,версия справочника года
03630000,03630000,2023,647.0,версия справочника года
03632000,03532000,2023,648.0,версия справочника года
03633000,03633000,2023,649.0,версия справочника года
03634000,03634000,2023,650.0,версия справочника года
03635000,03635000,2023,651.0,версия справочника года
03637000,03637000,2023,652.0,версия справочника года
03639000,03639000,2023,653.0,версия справочника года
03641000,03541000,2023,654.0,версия справочника года
03643000,03643000,2023,655.0,версия справочника года
03645000,03645000,2023,656.0,версия справочника года
03647000,03647000,2023,657.0,версия справочника года
03649000,03649000,2023,658.0,версия справочника года
03651000,03651000,2023,659.0,версия справочника года
03653000,03653000,2023,660.0,версия справочника года
03654000,03654000,2023,661.0,версия справочника года
03655000,03555000,2023,662.0,версия справочника года
03656000,03656000,2023,663.0,версия справочника года
03657000,03657000,2023,664.0,версия справочника года
03659000,03659000,2023,665.0,версия справочника года
03701000,03701000,2023,622.0,версия справочника года
03703000,03501000,2023,623.0,версия справочника года
03705000,03705000,2023,624.0,версия справочника года
03708000,03708000,2023,625.0,версия справочника года
03709000,03504000,2023,626.0,версия справочника года
03720000,03720000,2023,627.0,версия справочника года
03726000,03726000,2023,2812.0,версия справочника года
03731000,03726000,2023,2748.0,версия справочника года
04545000,04545000,2023,713.0,версия справочника года
04555000,04555000,2023,721.0,версия справочника года
04558000,04558000,2023,724.0,версия справочника года
04601000,04601000,2023,683.0,версия справочника года
04603000,04603000,2023,684.0,версия справочника года
04604000,04604000,2023,685.0,версия справочника года
04605000,04605000,2023,686.0,версия справочника года
04606000,04606000,2023,687.0,версия справочника года
04608000,04608000,2023,688.0,версия справочника года
04609000,04609000,2023,689.0,версия справочника года
04610000,04610000,2023,690.0,версия справочника года
04611000,04611000,2023,691.0,версия справочника года
04613000,04613000,2023,692.0,версия справочника года
04614000,04614000,2023,693.0,версия справочника года
04615000,04615000,2023,694.0,версия справочника года
04616000,04616000,2023,695.0,версия справочника года
04617000,04617000,2023,696.0,версия справочника года
04618000,04618000,2023,697.0,версия справочника года
04619000,04619000,2023,698.0,версия справочника года
04620000,04620000,2023,699.0,версия справочника года
04621000,04621000,2023,700.0,версия справочника года
04622000,04622000,2023,701.0,версия справочника года
04624000,04624000,2023,702.0,версия справочника года
04626000,04626000,2023,703.0,версия справочника года
04628000,04628000,2023,704.0,версия справочника года
04630000,04630000,2023,705.0,версия справочника года
04631000,04631000,2023,706.0,версия справочника года
04633000,04633000,2023,707.0,версия справочника года
04635000,04635000,2023,708.0,версия справочника года
04637000,04637000,2023,709.0,версия справочника года
04639000,04639000,2023,710.0,версия справочника года
04641000,04641000,2023,711.0,версия справочника года
04643000,04643000,2023,712.0,версия справочника года
04647000,04647000,2023,714.0,версия справочника года
04648000,04648000,2023,715.0,версия справочника года
04649000,04649000,2023,716.0,версия справочника года
04650000,04650000,2023,726.0,версия справочника года
04651000,04651000,2023,717.0,версия справочника года
04652000,04652000,2023,719.0,версия справочника года
04653000,04653000,2023,718.0,версия справочника года
04654000,04654000,2023,720.0,версия справочника года
04656000,04656000,2023,722.0,версия справочника года
04657000,04657000,2023,723.0,версия справочника года
04659000,04659000,2023,725.0,версия справочника года
04701000,04701000,2023,666.0,версия справочника года
04703000,04703000,2023,667.0,версия справочника года
04706000,04706000,2023,668.0,версия справочника года
04707000,04707000,2023,669.0,версия справочника года
04709000,04709000,2023,670.0,версия справочника года
04712000,04712000,2023,671.0,версия справочника года
04720000,04720000,2023,674.0,версия справочника года
04722000,04722000,2023,675.0,версия справочника года
04723000,04723000,2023,676.0,версия справочника года
04726000,04726000,2023,677.0,версия справочника года
04729000,04729000,2023,678.0,версия справочника года
04733000,04733000,2023,679.0,версия справочника года
04740000,04740000,2023,680.0,версия справочника года
04775000,04775000,2023,681.0,версия справочника года
05502000,05502000,2023,787.0,версия справочника года
05510000,05510000,2023,789.0,версия справочника года
05517000,05517000,2023,792.0,версия справочника года
05526000,05526000,2023,795.0,версия справочника года
05528000,05528000,2023,796.0,версия справочника года
05532000,05532000,2023,798.0,версия справочника года
05534000,05534000,2023,799.0,версия справочника года
05540000,05540000,2023,801.0,версия справочника года
05546000,05546000,2023,802.0,версия справочника года
05548000,05548000,2023,803.0,версия справочника года
05550000,05550000,2023,804.0,версия справочника года
05555000,05555000,2023,806.0,версия справочника года
05607000,05607000,2023,788.0,версия справочника года
05612000,05612000,2023,790.0,версия справочника года
05614000,05514000,2023,791.0,версия справочника года
05620000,05520000,2023,793.0,версия справочника года
05623000,05623000,2023,794.0,версия справочника года
05630000,05530000,2023,797.0,версия справочника года
05637000,05637000,2023,800.0,версия справочника года
05653000,05553000,2023,805.0,версия справочника года
05657000,05557000,2023,807.0,версия справочника года
05659000,05559000,2023,808.0,версия справочника года
05701000,05701000,2023,775.0,версия справочника года
05703000,05703000,2023,776.0,версия справочника года
05705000,05705000,2023,777.0,версия справочника года
05706000,05706000,2023,778.0,версия справочника года
05707000,05707000,2023,779.0,версия справочника года
05708000,05708000,2023,780.0,версия справочника года
05711000,05711000,2023,781.0,версия справочника года
05714000,05714000,2023,782.0,версия справочника года
05717000,05717000,2023,783.0,версия справочника года
05720000,05720000,2023,784.0,версия справочника года
05723000,05723000,2023,785.0,версия справочника года
05747000,05747000,2023,786.0,версия справочника года
07502000,07502000,2023,826.0,версия справочника года
07503000,07503000,2023,827.0,версия справочника года
07505000,07505000,2023,828.0,версия справочника года
07507000,07507000,2023,829.0,версия справочника года
07512000,07512000,2023,830.0,версия справочника года
07517000,07517000,2023,831.0,версия справочника года
07528000,07528000,2023,832.0,версия справочника года
07530000,07530000,2023,833.0,версия справочника года
07533000,07533000,2023,834.0,версия справочника года
07536000,07536000,2023,835.0,версия справочника года
07544000,07544000,2023,836.0,версия справочника года
07548000,07548000,2023,2881.0,версия справочника года
07552000,07552000,2023,838.0,версия справочника года
07554000,07554000,2023,839.0,версия справочника года
07556000,07556000,2023,840.0,версия справочника года
07558000,07558000,2023,841.0,версия справочника года
07701000,07701000,2023,809.0,версия справочника года
07705000,07510000,2023,810.0,версия справочника года
07707000,07515000,2023,811.0,версия справочника года
07710000,07710000,2023,812.0,версия справочника года
07712000,07712000,2023,813.0,версия справочника года
07713000,07520000,2023,814.0,версия справочника года
07714000,07522000,2023,815.0,версия справочника года
07715000,07715000,2023,2876.0,версия справочника года
07716000,07525000,2023,817.0,версия справочника года
07718000,07718000,2023,818.0,версия справочника года
07721000,07539000,2023,819.0,версия справочника года
07724000,07724000,2023,820.0,версия справочника года
07725000,07541000,2023,821.0,версия справочника года
07726000,07543000,2023,822.0,версия справочника года
07727000,07727000,2023,824.0,версия справочника года
07731000,07546000,2023,823.0,версия справочника года
07735000,07550000,2023,825.0,версия справочника года
08603000,08603000,2023,844.0,версия справочника года
08606000,08606000,2023,845.0,версия справочника года
08609000,08509000,2023,846.0,версия справочника года
08612000,08612000,2023,847.0,версия справочника года
08614000,08614000,2023,848.0,версия справочника года
08617000,08617000,2023,849.0,версия справочника года
08620000,08620000,2023,850.0,версия справочника года
08624000,08624000,2023,851.0,версия справочника года
08628000,08628000,2023,852.0,версия справочника года
08631000,08631000,2023,853.0,версия справочника года
08634000,08534000,2023,854.0,версия справочника года
08637000,08637000,2023,855.0,версия справочника года
08642000,08642000,2023,856.0,версия справочника года
08644000,08644000,2023,857.0,версия справочника года
08646000,08646000,2023,858.0,версия справочника года
08650000,08650000,2023,859.0,версия справочника года
08655000,08655000,2023,860.0,версия справочника года
08701000,08701000,2023,842.0,версия справочника года
08709000,08709000,2023,843.0,версия справочника года
10505000,10505000,2023,870.0,версия справочника года
10508000,10508000,2023,871.0,версия справочника года
10511000,10511000,2023,872.0,версия справочника года
10515000,10515000,2023,873.0,версия справочника года
10521000,10521000,2023,874.0,версия справочника года
10528000,10528000,2023,876.0,версия справочника года
10540000,10540000,2023,882.0,версия справочника года
10547000,10547000,2023,885.0,версия справочника года
10549000,10549000,2023,886.0,версия справочника года
10551000,10551000,2023,887.0,версия справочника года
10554000,10554000,2023,888.0,версия справочника года
10555000,10555000,2023,889.0,версия справочника года
10605000,10505000,2023,870.0,ОКТМО из другой версии
10611000,10511000,2023,872.0,ОКТМО из другой версии
10625000,10525000,2023,875.0,версия справочника года
10630000,10630000,2023,877.0,версия справочника года
10631000,10531000,2023,878.0,версия справочника года
10632000,10532000,2023,879.0,версия справочника года
10635000,10635000,2023,880.0,версия справочника года
10638000,10638000,2023,881.0,версия справочника года
10642000,10642000,2023,883.0,версия справочника года
10645000,10645000,2023,884.0,версия справочника года
10647000,10547000,2023,885.0,ОКТМО из другой версии
10649000,10549000,2023,886.0,ОКТМО из другой версии
10651000,10551000,2023,887.0,ОКТМО из другой версии
10655000,10555000,2023,889.0,ОКТМО из другой версии
10701000,10701000,2023,861.0,версия справочника года
10710000,10710000,2023,862.0,версия справочника года
10712000,10712000,2023,863.0,версия справочника года
10720000,10720000,2023,864.0,версия справочника года
10730000,10730000,2023,865.0,версия справочника года
10732000,10732000,2023,866.0,версия справочника года
10740000,10740000,2023,867.0,версия справочника года
10775000,10775000,2023,868.0,версия справочника года
11508000,11508000,2023,898.0,версия справочника года
11511000,11511000,2023,899.0,версия справочника года
11514000,11514000,2023,900.0,версия справочника года
11518000,11518000,2023,901.0,версия справочника года
11527000,11527000,2023,903.0,версия справочника года
11538000,11538000,2023,906.0,версия справочника года
11542000,11542000,2023,907.0,версия справочника года
11544000,11544000,2023,908.0,версия справочника года
11550000,11550000,2023,911.0,версия справочника года
11554000,11554000,2023,913.0,версия справочника года
11556000,11556000,2023,914.0,версия справочника года
11558000,11558000,2023,915.0,версия справочника года
11605000,11605000,2023,897.0,версия справочника года
11622000,11622000,2023,902.0,версия справочника года
11630000,11530000,2023,904.0,версия справочника года
11635000,11635000,2023,905.0,версия справочника года
11646000,11546000,2023,909.0,версия справочника года
11648000,11548000,2023,910.0,версия справочника года
11652000,11552000,2023,912.0,версия справочника года
11701000,11701000,2023,890.0,версия справочника года
11708000,11708000,2023,891.0,версия справочника года
11710000,11710000,2023,892.0,версия справочника года
11712000,11712000,2023,894.0,версия справочника года
11715000,11715000,2023,895.0,версия справочника года
11725000,11725000,2023,893.0,версия справочника года
11730000,11503000,2023,896.0,версия справочника года
11811000,11811000,2023,917.0,версия справочника года
11851000,11851000,2023,916.0,версия справочника года
12605000,12605000,2023,920.0,версия справочника года
12610000,12610000,2023,921.0,версия справочника года
12615000,12615000,2023,922.0,версия справочника года
12620000,12620000,2023,923.0,версия справочника года
12625000,12625000,2023,924.0,версия справочника года
12630000,12530000,2023,925.0,версия справочника года
12635000,12635000,2023,926.0,версия справочника года
12640000,12640000,2023,927.0,версия справочника года
12642000,12642000,2023,928.0,версия справочника года
12645000,12645000,2023,929.0,версия справочника года
12650000,12550000,2023,930.0,версия справочника года
12701000,12701000,2023,918.0,версия справочника года
12719000,12719000,2023,919.0,версия справочника года
14610000,14610000,2023,935.0,версия справочника года
14615000,14615000,2023,936.0,версия справочника года
14625000,14625000,2023,938.0,версия справочника года
14630000,14630000,2023,939.0,версия справочника года
14638000,14638000,2023,941.0,версия справочника года
14640000,14640000,2023,942.0,версия справочника года
14641000,14641000,2023,943.0,версия справочника года
14642000,14642000,2023,944.0,версия справочника года
14643000,14643000,2023,945.0,версия справочника года
14646000,14646000,2023,947.0,версия справочника года
14648000,14648000,2023,948.0,версия справочника года
14650000,14650000,2023,949.0,версия справочника года
14654000,14654000,2023,950.0,версия справочника года
14701000,14701000,2023,931.0,версия справочника года
14710000,14510000,2023,934.0,версия справочника года
14720000,14520000,2023,937.0,версия справочника года
14725000,14725000,2023,940.0,версия справочника года
14730000,14730000,2023,932.0,версия справочника года
14735000,14535000,2023,946.0,версия справочника года
14740000,14740000,2023,933.0,версия справочника года
14750000,14550000,2023,951.0,версия справочника года
14755000,14555000,2023,952.0,версия справочника года
15501000,15501000,2023,2714.0,версия справочника года
15502000,15502000,2023,966.0,версия справочника года
15604000,15604000,2023,959.0,версия справочника года
15608000,15608000,2023,960.0,версия справочника года
15610000,15610000,2023,961.0,версия справочника года
15611000,15611000,2023,962.0,версия справочника года
15612000,15612000,2023,963.0,версия справочника года
15616000,15616000,2023,964.0,версия справочника года
15620000,15620000,2023,965.0,версия справочника года
15623000,15623000,2023,967.0,версия справочника года
15624000,15624000,2023,968.0,версия справочника года
15626000,15626000,2023,969.0,версия справочника года
15628000,15628000,2023,970.0,версия справочника года
15630000,15630000,2023,971.0,версия справочника года
15632000,15632000,2023,972.0,версия справочника года
15634000,15634000,2023,973.0,версия справочника года
15636000,15636000,2023,974.0,версия справочника года
15638000,15638000,2023,975.0,версия справочника года
15642000,15642000,2023,977.0,версия справочника года
15644000,15644000,2023,978.0,версия справочника года
15646000,15646000,2023,979.0,версия справочника года
15648000,15648000,2023,980.0,версия справочника года
15652000,15652000,2023,982.0,версия справочника года
15654000,15654000,2023,983.0,версия справочника года
15656000,15656000,2023,984.0,версия справочника года
15658000,15658000,2023,985.0,версия справочника года
15701000,15701000,2023,953.0,версия справочника года
15710000,15710000,2023,957.0,версия справочника года
15715000,15715000,2023,954.0,версия справочника года
15720000,15720000,2023,2650.0,версия справочника года
15725000,15725000,2023,956.0,версия справочника года
17605000,17605000,2023,991.0,версия справочника года
17610000,17610000,2023,992.0,версия справочника года
17615000,17615000,2023,993.0,версия справочника года
17620000,17620000,2023,994.0,версия справочника года
17625000,17625000,2023,995.0,версия справочника года
17630000,17630000,2023,996.0,версия справочника года
17635000,17635000,2023,997.0,версия справочника года
17640000,17640000,2023,998.0,версия справочника года
17642000,17542000,2023,999.0,версия справочника года
17644000,17644000,2023,1000.0,версия справочника года
17646000,17646000,2023,1001.0,версия справочника года
17648000,17648000,2023,1002.0,версия справочника года
17650000,17550000,2023,1003.0,версия справочника года
17652000,17652000,2023,1004.0,версия справочника года
17654000,17654000,2023,1005.0,версия справочника года
17656000,17656000,2023,1006.0,версия справочника года
17701000,17701000,2023,986.0,версия справочника года
17720000,17720000,2023,987.0,версия справочника года
17725000,17725000,2023,988.0,версия справочника года
17735000,17735000,2023,989.0,версия справочника года
18602000,18602000,2023,1013.0,версия справочника года
18604000,18604000,2023,1014.0,версия справочника года
18605000,18605000,2023,1015.0,версия справочника года
18606000,18606000,2023,1016.0,версия справочника года
18608000,18608000,2023,1017.0,версия справочника года
18610000,18610000,2023,1018.0,версия справочника года
18612000,18612000,2023,1019.0,версия справочника года
18614000,18614000,2023,1020.0,версия справочника года
18616000,18616000,2023,1021.0,версия справочника года
18618000,18618000,2023,1022.0,версия справочника года
18620000,18620000,2023,1023.0,версия справочника года
18622000,18622000,2023,1024.0,версия справочника года
18624000,18624000,2023,1025.0,версия справочника года
18626000,18626000,2023,1026.0,версия справочника года
18630000,18630000,2023,1028.0,версия справочника года
18634000,18634000,2023,1029.0,версия справочника года
18636000,18636000,2023,1030.0,версия справочника года
18638000,18638000,2023,1031.0,версия справочника года
18640000,18640000,2023,1032.0,версия справочника года
18642000,18642000,2023,1033.0,версия справочника года
18643000,18643000,2023,1034.0,версия справочника года
18645000,18645000,2023,1035.0,версия справочника года
18646000,18646000,2023,1027.0,версия справочника года
18647000,18647000,2023,1036.0,версия справочника года
18649000,18649000,2023,1037.0,версия справочника года
18650000,18650000,2023,1038.0,версия справочника года
18651000,18651000,2023,1039.0,версия справочника года
18652000,18652000,2023,1040.0,версия справочника года
18653000,18653000,2023,1041.0,версия справочника года
18654000,18654000,2023,1042.0,версия справочника года
18656000,18656000,2023,1043.0,версия справочника года
18658000,18658000,2023,1044.0,версия справочника года
18701000,18701000,2023,1007.0,версия справочника года
18710000,18710000,2023,1008.0,версия справочника года
18715000,18715000,2023,1009.0,версия справочника года
18720000,18520000,2023,1010.0,версия справочника года
18725000,18725000,2023,1011.0,версия справочника года
18728000,18728000,2023,1012.0,версия справочника года
19505000,19505000,2023,1047.0,версия справочника года
19508000,19508000,2023,1048.0,версия справочника года
19510000,19510000,2023,1049.0,версия справочника года
19514000,19514000,2023,1051.0,версия справочника года
19516000,19516000,2023,1052.0,версия справочника года
19518000,19518000,2023,1053.0,версия справочника года
19520000,19520000,2023,1054.0,версия справочника года
19524000,19524000,2023,1056.0,версия справочника года
19526000,19526000,2023,1057.0,версия справочника года
19530000,19530000,2023,1059.0,версия справочника года
19532000,19532000,2023,1060.0,версия справочника года
19536000,19536000,2023,1062.0,версия справочника года
19538000,19538000,2023,1063.0,версия справочника года
19540000,19540000,2023,1064.0,версия справочника года
19542000,19542000,2023,1065.0,версия справочника года
19546000,19546000,2023,1066.0,версия справочника года
19548000,19548000,2023,1067.0,версия справочника года
19550000,19550000,2023,1068.0,версия справочника года
19552000,19552000,2023,1069.0,версия справочника года
19554000,19554000,2023,1070.0,версия справочника года
19612000,19512000,2023,1050.0,версия справочника года
19622000,19622000,2023,1055.0,версия справочника года
19628000,19528000,2023,1058.0,версия справочника года
19634000,19534000,2023,1061.0,версия справочника года
19656000,19656000,2023,1071.0,версия справочника года
19658000,19658000,2023,1072.0,версия справочника года
19701000,19701000,2023,1045.0,версия справочника года
19730000,19730000,2023,1046.0,версия справочника года
20602000,20602000,2023,1076.0,версия справочника года
20604000,20604000,2023,1077.0,версия справочника года
20605000,20605000,2023,1078.0,версия справочника года
20608000,20608000,2023,1079.0,версия справочника года
20610000,20610000,2023,1080.0,версия справочника года
20611000,20611000,2023,1081.0,версия справочника года
20612000,20612000,2023,1082.0,версия справочника года
20613000,20613000,2023,1083.0,версия справочника года
20615000,20615000,2023,1084.0,версия справочника года
20617000,20617000,2023,1085.0,версия справочника года
20619000,20619000,2023,1086.0,версия справочника года
20620000,20620000,2023,1087.0,версия справочника года
20621000,20621000,2023,1088.0,версия справочника года
20623000,20623000,2023,1089.0,версия справочника года
20625000,20625000,2023,1090.0,версия справочника года
20627000,20627000,2023,1091.0,версия справочника года
20629000,20629000,2023,1092.0,версия справочника года
20631000,20631000,2023,1093.0,версия справочника года
20633000,20633000,2023,1094.0,версия справочника года
20635000,20635000,2023,1095.0,версия справочника года
20637000,20637000,2023,1096.0,версия справочника года
20639000,20639000,2023,1097.0,версия справочника года
20641000,20641000,2023,1098.0,версия справочника года
20643000,20643000,2023,1099.0,версия справочника года
20645000,20645000,2023,1100.0,версия справочника года
20647000,20647000,2023,1101.0,версия справочника года
20649000,20649000,2023,1102.0,версия справочника года
20651000,20651000,2023,1103.0,версия справочника года
20654000,20654000,2023,1104.0,версия справочника года
20656000,20656000,2023,1105.0,версия справочника года
20658000,20658000,2023,1106.0,версия справочника года
20701000,20701000,2023,1073.0,версия справочника года
20710000,20710000,2023,1074.0,версия справочника года
20727000,20727000,2023,1075.0,версия справочника года
22502000,22502000,2023,1537.0,версия справочника года
22505000,22505000,2023,1539.0,версия справочника года
22507000,22507000,2023,1540.0,версия справочника года
22509000,22509000,2023,1541.0,версия справочника года
22510000,22510000,2023,1542.0,версия справочника года
22512000,22512000,2023,1543.0,версия справочника года
22514000,22514000,2023,1544.0,версия справочника года
22515000,22515000,2023,1545.0,версия справочника года
22517000,22517000,2023,1546.0,версия справочника года
22518000,22518000,2023,1547.0,версия справочника года
22519000,22519000,2023,1548.0,версия справочника года
22520000,22520000,2023,1549.0,версия справочника года
22522000,22522000,2023,1551.0,версия справочника года
22526000,22526000,2023,1552.0,версия справочника года
22528000,22528000,2023,1553.0,версия справочника года
22530000,22530000,2023,1554.0,версия справочника года
22532000,22532000,2023,1555.0,версия справочника года
22533000,22533000,2023,1556.0,версия справочника года
22534000,22534000,2023,1557.0,версия справочника года
22535000,22535000,2023,1558.0,версия справочника года
22536000,22536000,2023,1559.0,версия справочника года
22537000,22537000,2023,1560.0,версия справочника года
22539000,22539000,2023,1561.0,версия справочника года
22540000,22540000,2023,1562.0,версия справочника года
22542000,22542000,2023,1563.0,версия справочника года
22545000,22545000,2023,1564.0,версия справочника года
22546000,22546000,2023,1565.0,версия справочника года
22548000,22548000,2023,1566.0,версия справочника года
22549000,22549000,2023,1567.0,версия справочника года
22550000,22550000,2023,1568.0,версия справочника года
22551000,22551000,2023,1569.0,версия справочника года
22552000,22552000,2023,1570.0,версия справочника года
22553000,22553000,2023,1571.0,версия справочника года
22554000,22554000,2023,1572.0,версия справочника года
22556000,22556000,2023,1573.0,версия справочника года
22557000,22557000,2023,1574.0,версия справочника года
22701000,22701000,2023,1523.0,версия справочника года
22703000,22703000,2023,3005.0,версия справочника года
22704000,22704000,2023,1531.0,версия справочника года
22712000,22712000,2023,1525.0,версия справочника года
22715000,22715000,2023,1526.0,версия справочника года
22719000,22719000,2023,1550.0,версия справочника года
22721000,22721000,2023,1527.0,версия справочника года
22727000,22727000,2023,1528.0,версия справочника года
22730000,22730000,2023,1529.0,версия справочника года
22734000,22734000,2023,1534.0,версия справочника года
22737000,22737000,2023,1532.0,версия справочника года
22739000,22739000,2023,1530.0,версия справочника года
22749000,22749000,2023,1535.0,версия справочника года
22755000,22755000,2023,1536.0,версия справочника года
22758000,22758000,2023,1533.0,версия справочника года
24601000,24601000,2023,1113.0,версия справочника года
24602000,24602000,2023,1114.0,версия справочника года
24603000,24603000,2023,1115.0,версия справочника года
24605000,24605000,2023,1116.0,версия справочника года
24607000,24607000,2023,1117.0,версия справочника года
24609000,24609000,2023,1118.0,версия справочника года
24611000,24611000,2023,1119.0,версия справочника года
24613000,24613000,2023,1120.0,версия справочника года
24614000,24614000,2023,1121.0,версия справочника года
24615000,24615000,2023,1122.0,версия справочника года
24617000,24617000,2023,1123.0,версия справочника года
24619000,24619000,2023,1124.0,версия справочника года
24620000,24620000,2023,1125.0,версия справочника года
24621000,24621000,2023,1126.0,версия справочника года
24623000,24623000,2023,1127.0,версия справочника года
24625000,24625000,2023,1128.0,версия справочника года
24629000,24629000,2023,1129.0,версия справочника года
24631000,24631000,2023,1130.0,версия справочника года
24633000,24633000,2023,1131.0,версия справочника года
24635000,24635000,2023,1132.0,версия справочника года
24637000,24637000,2023,1133.0,версия справочника года
24701000,24701000,2023,1107.0,версия справочника года
24703000,24703000,2023,1108.0,версия справочника года
24705000,24705000,2023,1109.0,версия справочника года
24706000,24706000,2023,1110.0,версия справочника года
24707000,24707000,2023,1111.0,версия справочника года
24711000,24711000,2023,1112.0,версия справочника года
25601000,25601000,2023,1144.0,версия справочника года
25602000,25602000,2023,1145.0,версия справочника года
25604000,25604000,2023,1146.0,версия справочника года
25605000,25605000,2023,1170.0,версия справочника года
25606000,25606000,2023,1147.0,версия справочника года
25607000,25607000,2023,1171.0,версия справочника года
25608000,25608000,2023,1148.0,версия справочника года
25609000,25609000,2023,1172.0,версия справочника года
25610000,25610000,2023,1149.0,версия справочника года
25612000,25612000,2023,1150.0,версия справочника года
25614000,25614000,2023,1151.0,версия справочника года
25616000,25616000,2023,1152.0,версия справочника года
25618000,25618000,2023,1153.0,версия справочника года
25620000,25620000,2023,1154.0,версия справочника года
25622000,25622000,2023,1155.0,версия справочника года
25624000,25624000,2023,1156.0,версия справочника года
25626000,25626000,2023,1157.0,версия справочника года
25628000,25628000,2023,1158.0,версия справочника года
25629000,25629000,2023,1173.0,версия справочника года
25630000,25630000,2023,1159.0,версия справочника года
25631000,25631000,2023,1174.0,версия справочника года
25634000,25634000,2023,1160.0,версия справочника года
25636000,25636000,2023,1161.0,версия справочника года
25638000,25638000,2023,1162.0,версия справочника года
25640000,25640000,2023,1163.0,версия справочника года
25642000,25542000,2023,1164.0,версия справочника года
25644000,25644000,2023,1165.0,версия справочника года
25646000,25646000,2023,1166.0,версия справочника года
25648000,25648000,2023,1167.0,версия справочника года
25650000,25550000,2023,1168.0,версия справочника года
25655000,25655000,2023,1169.0,версия справочника года
25657000,25657000,2023,1175.0,версия справочника года
25701000,25701000,2023,1134.0,версия справочника года
25703000,25703000,2023,1135.0,версия справочника года
25714000,25714000,2023,1136.0,версия справочника года
25720000,25720000,2023,1137.0,версия справочника года
25726000,25726000,2023,1138.0,версия справочника года
25732000,25732000,2023,1139.0,версия справочника года
25736000,25736000,2023,1140.0,версия справочника года
25738000,25738000,2023,1141.0,версия справочника года
25745000,25745000,2023,1142.0,версия справочника года
25746000,25746000,2023,1143.0,версия справочника года
26605000,26605000,2023,165.0,версия справочника года
26610000,26610000,2023,166.0,версия справочника года
26615000,26615000,2023,164.0,версия справочника года
26620000,26620000,2023,163.0,версия справочника года
26701000,26701000,2023,158.0,версия справочника года
26706000,26706000,2023,160.0,версия справочника года
26710000,26710000,2023,161.0,версия справочника года
26715000,26715000,2023,159.0,версия справочника года
26720000,26610000,2023,162.0,версия справочника года
27503000,27503000,2023,1183.0,версия справочника года
27506000,27506000,2023,1185.0,версия справочника года
27507000,27507000,2023,1186.0,версия справочника года
27510000,27510000,2023,1188.0,версия справочника года
27513000,27513000,2023,1189.0,версия справочника года
27514000,27514000,2023,1191.0,версия справочника года
27515000,27515000,2023,1192.0,версия справочника года
27516000,27516000,2023,1193.0,версия справочника года
27518000,27518000,2023,1194.0,версия справочника года
27519000,27519000,2023,1195.0,версия справочника года
27527000,27527000,2023,1196.0,версия справочника года
27539000,27539000,2023,1197.0,версия справочника года
27701000,27701000,2023,1176.0,версия справочника года
27705000,27705000,2023,1184.0,версия справочника года
27709000,27709000,2023,1187.0,версия справочника года
27711000,27711000,2023,1177.0,версия справочника года
27712000,27712000,2023,1178.0,версия справочника года
27717000,27717000,2023,1179.0,версия справочника года
27725000,27725000,2023,1180.0,версия справочника года
27730000,27730000,2023,1181.0,версия справочника года
27734000,27734000,2023,1190.0,версия справочника года
27740000,27740000,2023,1182.0,версия справочника года
28502000,28502000,2023,2110.0,версия справочника года
28506000,28506000,2023,2112.0,версия справочника года
28510000,28510000,2023,2114.0,версия справочника года
28514000,28514000,2023,2116.0,версия справочника года
28516000,28516000,2023,2117.0,версия справочника года
28518000,28518000,2023,2118.0,версия справочника года
28526000,28526000,2023,2122.0,версия справочника года
28528000,28528000,2023,2883.0,версия справочника года
28532000,28532000,2023,2125.0,версия справочника года
28536000,28536000,2023,2127.0,версия справочника года
28538000,28538000,2023,2128.0,версия справочника года
28540000,28540000,2023,2129.0,версия справочника года
28542000,28542000,2023,2130.0,версия справочника года
28544000,28544000,2023,2132.0,версия справочника года
28546000,28546000,2023,2133.0,версия справочника года
28547000,28547000,2023,2134.0,версия справочника года
28548000,28548000,2023,2884.0,версия справочника года
28549000,28549000,2023,2136.0,версия справочника года
28550000,28550000,2023,2137.0,версия справочника года
28551000,28551000,2023,2138.0,версия справочника года
28552000,28552000,2023,2139.0,версия справочника года
28553000,28553000,2023,2140.0,версия справочника года
28604000,28504000,2023,2111.0,версия справочника года
28608000,28508000,2023,2113.0,версия справочника года
28620000,28520000,2023,2119.0,версия справочника года
28622000,28522000,2023,2120.0,версия справочника года
28630000,28530000,2023,2124.0,версия справочника года
28634000,28534000,2023,2126.0,версия справочника года
28654000,28654000,2023,2141.0,версия справочника года
28655000,28555000,2023,2142.0,версия справочника года
28657000,28557000,2023,2143.0,версия справочника года
28701000,28701000,2023,2101.0,версия справочника года
28714000,28714000,2023,2710.0,версия справочника года
28750000,28750000,2023,2108.0,версия справочника года
28751000,28751000,2023,2109.0,версия справочника года
28752000,28752000,2023,2105.0,версия справочника года
28758000,28758000,2023,2121.0,версия справочника года
28759000,28759000,2023,2131.0,версия справочника года
29602000,29602000,2023,1200.0,версия справочника года
29604000,29604000,2023,1201.0,версия справочника года
29606000,29606000,2023,2647.0,версия справочника года
29608000,29608000,2023,1203.0,версия справочника года
29610000,29610000,2023,1204.0,версия справочника года
29612000,29612000,2023,1205.0,версия справочника года
29613000,29613000,2023,1206.0,версия справочника года
29614000,29614000,2023,1207.0,версия справочника года
29615000,29615000,2023,1208.0,версия справочника года
29616000,29616000,2023,1209.0,версия справочника года
29618000,29618000,2023,1210.0,версия справочника года
29620000,29620000,2023,1211.0,версия справочника года
29623000,29623000,2023,1212.0,версия справочника года
29625000,29625000,2023,1213.0,версия справочника года
29627000,29627000,2023,1214.0,версия справочника года
29629000,29629000,2023,1215.0,версия справочника года
29632000,29632000,2023,1216.0,версия справочника года
29634000,29634000,2023,1217.0,версия справочника года
29636000,29636000,2023,1218.0,версия справочника года
29638000,29638000,2023,1219.0,версия справочника года
29642000,29642000,2023,1220.0,версия справочника года
29644000,29644000,2023,1221.0,версия справочника года
29646000,29646000,2023,1222.0,версия справочника года
29650000,29650000,2023,1223.0,версия справочника года
29701000,29701000,2023,1198.0,версия справочника года
29715000,29715000,2023,2646.0,версия справочника года
30501000,30501000,2023,610.0,версия справочника года
30604000,30504000,2023,611.0,версия справочника года
30607000,30607000,2023,612.0,версия справочника года
30610000,30510000,2023,613.0,версия справочника года
30613000,30613000,2023,614.0,версия справочника года
30616000,30616000,2023,615.0,версия справочника года
30619000,30519000,2023,616.0,версия справочника года
30701000,30701000,2023,608.0,версия справочника года
30735000,30735000,2023,609.0,версия справочника года
30824000,30824000,2023,618.0,версия справочника года
30827000,30827000,2023,619.0,версия справочника года
30829000,30829000,2023,620.0,версия справочника года
30851000,30851000,2023,617.0,версия справочника года
32501000,32501000,2023,1240.0,версия справочника года
32502000,32502000,2023,1241.0,версия справочника года
32504000,32504000,2023,1242.0,версия справочника года
32507000,32507000,2023,1243.0,версия справочника года
32510000,32510000,2023,1244.0,версия справочника года
32513000,32513000,2023,1245.0,версия справочника года
32516000,32516000,2023,1246.0,версия справочника года
32519000,32519000,2023,1247.0,версия справочника года
32522000,32522000,2023,3007.0,версия справочника года
32525000,32525000,2023,1249.0,версия справочника года
32528000,32528000,2023,1251.0,версия справочника года
32531000,32531000,2023,1252.0,версия справочника года
32534000,32534000,2023,1253.0,версия справочника года
32537000,32537000,2023,1254.0,версия справочника года
32540000,32540000,2023,1255.0,версия справочника года
32543000,32543000,2023,1256.0,версия справочника года
32546000,32546000,2023,1257.0,версия справочника года
32627000,32627000,2023,1250.0,версия справочника года
32701000,32701000,2023,1224.0,версия справочника года
32704000,32704000,2023,1225.0,версия справочника года
32707000,32707000,2023,1226.0,версия справочника года
32710000,32710000,2023,1227.0,версия справочника года
32715000,32715000,2023,1228.0,версия справочника года
32716000,32716000,2023,1229.0,версия справочника года
32719000,32719000,2023,1230.0,версия справочника года
32725000,32725000,2023,1231.0,версия справочника года
32728000,32728000,2023,1232.0,версия справочника года
32731000,32731000,2023,1233.0,версия справочника года
32732000,32732000,2023,1235.0,версия справочника года
32734000,32734000,2023,1234.0,версия справочника года
32737000,32737000,2023,1236.0,версия справочника года
32740000,32740000,2023,1237.0,версия справочника года
32749000,32749000,2023,1238.0,версия справочника года
33502000,33502000,2023,1264.0,версия справочника года
33503000,33503000,2023,1265.0,версия справочника года
33506000,33506000,2023,1267.0,версия справочника года
33507000,33507000,2023,1268.0,версия справочника года
33516000,33516000,2023,1273.0,версия справочника года
33521000,33521000,2023,1278.0,версия справочника года
33522000,33522000,2023,1279.0,версия справочника года
33524000,33524000,2023,1281.0,версия справочника года
33526000,33526000,2023,1283.0,версия справочника года
33529000,33529000,2023,1286.0,версия справочника года
33531000,33531000,2023,1289.0,версия справочника года
33533000,33533000,2023,1291.0,версия справочника года
33534000,33534000,2023,1292.0,версия справочника года
33540000,33540000,2023,1297.0,версия справочника года
33543000,33543000,2023,1299.0,версия справочника года
33605000,33605000,2023,1266.0,версия справочника года
33608000,33608000,2023,1269.0,версия справочника года
33610000,33610000,2023,1270.0,версия справочника года
33612000,33612000,2023,1271.0,версия справочника года
33614000,33614000,2023,1272.0,версия справочника года
33617000,33617000,2023,1274.0,версия справочника года
33618000,33618000,2023,1275.0,версия справочника года
33619000,33619000,2023,1276.0,версия справочника года
33620000,33620000,2023,1277.0,версия справочника года
33623000,33623000,2023,1280.0,версия справочника года
33625000,33625000,2023,1282.0,версия справочника года
33627000,33627000,2023,1284.0,версия справочника года
33628000,33628000,2023,1285.0,версия справочника года
33630000,33630000,2023,1287.0,версия справочника года
33632000,33632000,2023,1290.0,версия справочника года
33635000,33635000,2023,1293.0,версия справочника года
33636000,33636000,2023,1294.0,версия справочника года
33637000,33637000,2023,1295.0,версия справочника года
33638000,33638000,2023,1296.0,версия справочника года
33641000,33641000,2023,1298.0,версия справочника года
33645000,33645000,2023,1288.0,версия справочника года
33647000,33647000,2023,1300.0,версия справочника года
33649000,33649000,2023,1301.0,версия справочника года
33650000,33650000,2023,1302.0,версия справочника года
33701000,33701000,2023,1258.0,версия справочника года
33704000,33704000,2023,1259.0,версия справочника года
33707000,33707000,2023,1260.0,версия справочника года
33710000,33710000,2023,1261.0,версия справочника года
33713000,33713000,2023,1262.0,версия справочника года
33787000,33787000,2023,1263.0,версия справочника года
34512000,34512000,2023,1314.0,версия справочника года
34522000,34522000,2023,1319.0,версия справочника года
34524000,34524000,2023,1320.0,версия справочника года
34534000,34534000,2023,1325.0,версия справочника года
34536000,34536000,2023,1326.0,версия справочника года
34538000,34538000,2023,1327.0,версия справочника года
34602000,34502000,2023,1309.0,версия справочника года
34604000,34604000,2023,1310.0,версия справочника года
34606000,34606000,2023,1311.0,версия справочника года
34608000,34608000,2023,1312.0,версия справочника года
34610000,34510000,2023,1313.0,версия справочника года
34614000,34614000,2023,1315.0,версия справочника года
34616000,34616000,2023,1316.0,версия справочника года
34618000,34518000,2023,1317.0,версия справочника года
34626000,34626000,2023,1321.0,версия справочника года
34628000,34528000,2023,1322.0,версия справочника года
34630000,34530000,2023,1323.0,версия справочника года
34632000,34532000,2023,1324.0,версия справочника года
34640000,34540000,2023,1328.0,версия справочника года
34642000,34642000,2023,1329.0,версия справочника года
34644000,34644000,2023,1330.0,версия справочника года
34646000,34646000,2023,1331.0,версия справочника года
34648000,34648000,2023,1332.0,версия справочника года
34701000,34701000,2023,1303.0,версия справочника года
34705000,34705000,2023,1304.0,версия справочника года
34706000,34706000,2023,1305.0,версия справочника года
34708000,34708000,2023,1306.0,версия справочника года
34714000,34520000,2023,2618.0,версия справочника года
34730000,34730000,2023,1308.0,версия справочника года
35604000,35604000,2023,255.0,версия справочника года
35607000,35607000,2023,256.0,версия справочника года
35611000,35611000,2023,257.0,версия справочника года
35616000,35616000,2023,258.0,версия справочника года
35620000,35620000,2023,259.0,версия справочника года
35623000,35623000,2023,260.0,версия справочника года
35627000,35627000,2023,261.0,версия справочника года
35631000,35631000,2023,262.0,версия справочника года
35635000,35635000,2023,263.0,версия справочника года
35639000,35639000,2023,264.0,версия справочника года
35643000,35643000,2023,265.0,версия справочника года
35647000,35647000,2023,266.0,версия справочника года
35652000,35652000,2023,267.0,версия справочника года
35656000,35656000,2023,268.0,версия справочника года
35701000,35701000,2023,244.0,версия справочника года
35703000,35703000,2023,245.0,версия справочника года
35706000,35706000,2023,246.0,версия справочника года
35709000,35709000,2023,247.0,версия справочника года
35712000,35712000,2023,248.0,версия справочника года
35715000,35715000,2023,249.0,версия справочника года
35718000,35718000,2023,250.0,версия справочника года
35721000,35721000,2023,251.0,версия справочника года
35723000,35723000,2023,252.0,версия справочника года
35726000,35726000,2023,253.0,версия справочника года
35729000,35729000,2023,254.0,версия справочника года
36602000,36602000,2023,1884.0,версия справочника года
36604000,36604000,2023,1885.0,версия справочника года
36606000,36606000,2023,1886.0,версия справочника года
36608000,36608000,2023,1887.0,версия справочника года
36610000,36610000,2023,1888.0,версия справочника года
36612000,36612000,2023,1889.0,версия справочника года
36614000,36614000,2023,1890.0,версия справочника года
36615000,36615000,2023,1891.0,версия справочника года
36616000,36616000,2023,1892.0,версия справочника года
36617000,36617000,2023,1893.0,версия справочника года
36618000,36618000,2023,1894.0,версия справочника года
36620000,36620000,2023,1895.0,версия справочника года
36622000,36622000,2023,1896.0,версия справочника года
36624000,36624000,2023,1897.0,версия справочника года
36626000,36626000,2023,1898.0,версия справочника года
36628000,36628000,2023,1899.0,версия справочника года
36630000,36630000,2023,1900.0,версия справочника года
36632000,36632000,2023,1901.0,версия справочника года
36634000,36634000,2023,1902.0,версия справочника года
36636000,36636000,2023,1903.0,версия справочника года
36638000,36638000,2023,1904.0,версия справочника года
36640000,36640000,2023,1905.0,версия справочника года
36642000,36642000,2023,1906.0,версия справочника года
36644000,36644000,2023,1907.0,версия справочника года
36646000,36646000,2023,1908.0,версия справочника года
36648000,36648000,2023,1909.0,версия справочника года
36650000,36650000,2023,1910.0,версия справочника года
36701000,36701000,2023,1874.0,версия справочника года
36704000,36704000,2023,1875.0,версия справочника года
36708000,36708000,2023,1876.0,версия справочника года
36713000,36713000,2023,1877.0,версия справочника года
36718000,36718000,2023,1878.0,версия справочника года
36724000,36724000,2023,1879.0,версия справочника года
36727000,36727000,2023,1880.0,версия справочника года
36735000,36735000,2023,1881.0,версия справочника года
36740000,36740000,2023,1882.0,версия справочника года
36750000,36750000,2023,1883.0,версия справочника года
37502000,37502000,2023,1335.0,версия справочника года
37504000,37504000,2023,1336.0,версия справочника года
37509000,37509000,2023,1339.0,версия справочника года
37510000,37510000,2023,1340.0,версия справочника года
37514000,37514000,2023,1342.0,версия справочника года
37516000,37516000,2023,1343.0,версия справочника года
37518000,37518000,2023,1344.0,версия справочника года
37520000,37520000,2023,1345.0,версия справочника года
37522000,37522000,2023,1346.0,версия справочника года
37524000,37524000,2023,1347.0,версия справочника года
37526000,37526000,2023,1348.0,версия справочника года
37528000,37528000,2023,1349.0,версия справочника года
37532000,37532000,2023,1351.0,версия справочника года
37534000,37534000,2023,1352.0,версия справочника года
37536000,37536000,2023,1353.0,версия справочника года
37538000,37538000,2023,1354.0,версия справочника года
37540000,37540000,2023,1355.0,версия справочника года
37542000,37542000,2023,1356.0,версия справочника года
37544000,37544000,2023,1357.0,версия справочника года
37546000,37546000,2023,1358.0,версия справочника года
37606000,37506000,2023,1337.0,версия справочника года
37608000,37508000,2023,1338.0,версия справочника года
37612000,37512000,2023,1341.0,версия справочника года
37630000,37530000,2023,1350.0,версия справочника года
37701000,37701000,2023,1333.0,версия справочника года
37705000,37705000,2023,1334.0,версия справочника года
38602000,38602000,2023,1364.0,версия справочника года
38603000,38603000,2023,1365.0,версия справочника года
38604000,38604000,2023,1366.0,версия справочника года
38606000,38606000,2023,1367.0,версия справочника года
38608000,38608000,2023,1368.0,версия справочника года
38610000,38610000,2023,1369.0,версия справочника года
38612000,38612000,2023,1370.0,версия справочника года
38614000,38614000,2023,1371.0,версия справочника года
38616000,38616000,2023,1372.0,версия справочника года
38618000,38618000,2023,1373.0,версия справочника года
38620000,38620000,2023,1374.0,версия справочника года
38621000,38621000,2023,1375.0,версия справочника года
38622000,38622000,2023,1376.0,версия справочника года
38623000,38623000,2023,1377.0,версия справочника года
38624000,38624000,2023,1378.0,версия справочника года
38626000,38626000,2023,1379.0,версия справочника года
38628000,38628000,2023,1380.0,версия справочника года
38630000,38630000,2023,1381.0,версия справочника года
38632000,38632000,2023,1382.0,версия справочника года
38634000,38634000,2023,1383.0,версия справочника года
38636000,38636000,2023,1384.0,версия справочника года
38638000,38638000,2023,1385.0,версия справочника года
38640000,38640000,2023,1386.0,версия справочника года
38642000,38642000,2023,1387.0,версия справочника года
38644000,38644000,2023,1388.0,версия справочника года
38646000,38646000,2023,1389.0,версия справочника года
38648000,38648000,2023,1390.0,версия справочника года
38650000,38650000,2023,1391.0,версия справочника года
38701000,38701000,2023,1359.0,версия справочника года
38705000,38705000,2023,1360.0,версия справочника года
38708000,38708000,2023,1361.0,версия справочника года
38710000,38710000,2023,1362.0,версия справочника года
38715000,38715000,2023,1363.0,версия справочника года
41603000,41603000,2023,1392.0,версия справочника года
41606000,41606000,2023,1393.0,версия справочника года
41609000,41609000,2023,1394.0,версия справочника года
41612000,41612000,2023,1395.0,версия справочника года
41615000,41615000,2023,1396.0,версия справочника года
41618000,41518000,2023,1397.0,версия справочника года
41621000,41621000,2023,1398.0,версия справочника года
41624000,41624000,2023,1399.0,версия справочника года
41625000,41625000,2023,1400.0,версия справочника года
41627000,41627000,2023,1401.0,версия справочника года
41630000,41630000,2023,1402.0,версия справочника года
41633000,41633000,2023,1403.0,версия справочника года
41636000,41636000,2023,1404.0,версия справочника года
41639000,41639000,2023,1405.0,версия справочника года
41642000,41642000,2023,1406.0,версия справочника года
41645000,41645000,2023,1407.0,версия справочника года
41648000,41648000,2023,1408.0,версия справочника года
41754000,41754000,2023,1409.0,версия справочника года
42603000,42503000,2023,1412.0,версия справочника года
42606000,42606000,2023,1413.0,версия справочника года
42609000,42609000,2023,1414.0,версия справочника года
42612000,42612000,2023,1415.0,версия справочника года
42615000,42515000,2023,1416.0,версия справочника года
42618000,42618000,2023,1417.0,версия справочника года
42621000,42621000,2023,1418.0,версия справочника года
42624000,42624000,2023,1419.0,версия справочника года
42627000,42527000,2023,1420.0,версия справочника года
42630000,42630000,2023,1421.0,версия справочника года
42633000,42633000,2023,1422.0,версия справочника года
42636000,42636000,2023,1423.0,версия справочника года
42640000,42540000,2023,1424.0,версия справочника года
42642000,42542000,2023,1425.0,версия справочника года
42645000,42645000,2023,1426.0,версия справочника года
42648000,42648000,2023,1427.0,версия справочника года
42652000,42652000,2023,1428.0,версия справочника года
42656000,42656000,2023,1429.0,версия справочника года
42701000,42701000,2023,1410.0,версия справочника года
42715000,42715000,2023,1411.0,версия справочника года
44502000,44502000,2023,1431.0,версия справочника года
44504000,44504000,2023,1432.0,версия справочника года
44507000,44507000,2023,1433.0,версия справочника года
44510000,44510000,2023,1434.0,версия справочника года
44513000,44513000,2023,1435.0,версия справочника года
44516000,44516000,2023,1436.0,версия справочника года
44519000,44519000,2023,1437.0,версия справочника года
44522000,44522000,2023,1438.0,версия справочника года
44701000,44701000,2023,1430.0,версия справочника года
45301000,45301000,2023,2462.0,версия справочника года
45302000,45302000,2023,2463.0,версия справочника года
45303000,45303000,2023,2464.0,версия справочника года
45304000,45304000,2023,2465.0,версия справочника года
45305000,45305000,2023,2466.0,версия справочника года
45306000,45306000,2023,2467.0,версия справочника года
45307000,45307000,2023,2468.0,версия справочника года
45308000,45308000,2023,2469.0,версия справочника года
45309000,45309000,2023,2470.0,версия справочника года
45310000,45310000,2023,2471.0,версия справочника года
45311000,45311000,2023,2472.0,версия справочника года
45312000,45312000,2023,2473.0,версия справочника года
45313000,45313000,2023,2474.0,версия справочника года
45314000,45314000,2023,2475.0,версия справочника года
45315000,45315000,2023,2476.0,версия справочника года
45316000,45316000,2023,2477.0,версия справочника года
45317000,45317000,2023,2478.0,версия справочника года
45318000,45318000,2023,2479.0,версия справочника года
45319000,45319000,2023,2480.0,версия справочника года
45320000,45320000,2023,2481.0,версия справочника года
45321000,45321000,2023,2482.0,версия справочника года
45322000,45322000,2023,2483.0,версия справочника года
45323000,45323000,2023,2484.0,версия справочника года
45324000,45324000,2023,2485.0,версия справочника года
45325000,45325000,2023,2486.0,версия справочника года
45326000,45326000,2023,2487.0,версия справочника года
45327000,45327000,2023,2488.0,версия справочника года
45328000,45328000,2023,2489.0,версия справочника года
45329000,45329000,2023,2490.0,версия справочника года
45330000,45330000,2023,2491.0,версия справочника года
45331000,45331000,2023,2492.0,версия справочника года
45332000,45332000,2023,2493.0,версия справочника года
45333000,45333000,2023,2494.0,версия справочника года
45334000,45334000,2023,2495.0,версия справочника года
45335000,45335000,2023,2496.0,версия справочника года
45336000,45336000,2023,2497.0,версия справочника года
45337000,45337000,2023,2498.0,версия справочника года
45338000,45338000,2023,2499.0,версия справочника года
45339000,45339000,2023,2500.0,версия справочника года
45340000,45340000,2023,2501.0,версия справочника года
45341000,45341000,2023,2502.0,версия справочника года
45342000,45342000,2023,2503.0,версия справочника года
45343000,45343000,2023,2504.0,версия справочника года
45344000,45344000,2023,2505.0,версия справочника года
45345000,45345000,2023,2506.0,версия справочника года
45346000,45346000,2023,2507.0,версия справочника года
45347000,45347000,2023,2508.0,версия справочника года
45348000,45348000,2023,2509.0,версия справочника года
45349000,45349000,2023,2510.0,версия справочника года
45350000,45350000,2023,2511.0,версия справочника года
45351000,45351000,2023,2512.0,версия справочника года
45352000,45352000,2023,2513.0,версия справочника года
45353000,45353000,2023,2514.0,версия справочника года
45354000,45354000,2023,2515.0,версия справочника года
45355000,45355000,2023,2516.0,версия справочника года
45356000,45356000,2023,2517.0,версия справочника года
45357000,45357000,2023,2518.0,версия справочника года
45358000,45358000,2023,2519.0,версия справочника года
45359000,45359000,2023,2520.0,версия справочника года
45360000,45360000,2023,2521.0,версия справочника года
45361000,45361000,2023,2522.0,версия справочника года
45362000,45362000,2023,2523.0,версия справочника года
45363000,45363000,2023,2524.0,версия справочника года
45364000,45364000,2023,2525.0,версия справочника года
45365000,45365000,2023,2526.0,версия справочника года
45366000,45366000,2023,2527.0,версия справочника года
45367000,45367000,2023,2528.0,версия справочника года
45368000,45368000,2023,2529.0,версия справочника года
45369000,45369000,2023,2530.0,версия справочника года
45370000,45370000,2023,2531.0,версия справочника года
45371000,45371000,2023,2532.0,версия справочника года
45372000,45372000,2023,2533.0,версия справочника года
45373000,45373000,2023,2534.0,версия справочника года
45374000,45374000,2023,2535.0,версия справочника года
45375000,45375000,2023,2536.0,версия справочника года
45376000,45376000,2023,2537.0,версия справочника года
45377000,45377000,2023,2538.0,версия справочника года
45378000,45378000,2023,2539.0,версия справочника года
45379000,45379000,2023,2540.0,версия справочника года
45380000,45380000,2023,2541.0,версия справочника года
45381000,45381000,2023,2542.0,версия справочника года
45382000,45382000,2023,2543.0,версия справочника года
45383000,45383000,2023,2544.0,версия справочника года
45384000,45384000,2023,2545.0,версия справочника года
45385000,45385000,2023,2546.0,версия справочника года
45386000,45386000,2023,2547.0,версия справочника года
45387000,45387000,2023,2548.0,версия справочника года
45388000,45388000,2023,2549.0,версия справочника года
45389000,45389000,2023,2550.0,версия справочника года
45390000,45390000,2023,2551.0,версия справочника года
45391000,45391000,2023,2552.0,версия справочника года
45392000,45392000,2023,2553.0,версия справочника года
45393000,45393000,2023,2554.0,версия справочника года
45394000,45394000,2023,2555.0,версия справочника года
45395000,45395000,2023,2556.0,версия справочника года
45396000,45396000,2023,2557.0,версия справочника года
45397000,45397000,2023,2558.0,версия справочника года
45398000,45398000,2023,2559.0,версия справочника года
45901000,45901000,2023,2560.0,версия справочника года
45902000,45902000,2023,2561.0,версия справочника года
45903000,45903000,2023,2562.0,версия справочника года
45904000,45904000,2023,2563.0,версия справочника года
45905000,45905000,2023,2564.0,версия справочника года
45906000,45906000,2023,2565.0,версия справочника года
45907000,45907000,2023,2566.0,версия справочника года
45908000,45908000,2023,2567.0,версия справочника года
45909000,45909000,2023,2568.0,версия справочника года
45910000,45910000,2023,2569.0,версия справочника года
45911000,45911000,2023,2570.0,версия справочника года
45912000,45912000,2023,2571.0,версия справочника года
45913000,45913000,2023,2572.0,версия справочника года
45914000,45914000,2023,2573.0,версия справочника года
45915000,45915000,2023,2574.0,версия справочника года
45916000,45916000,2023,2575.0,версия справочника года
45917000,45917000,2023,2576.0,версия справочника года
45918000,45918000,2023,2577.0,версия справочника года
45919000,45919000,2023,2578.0,версия справочника года
45920000,45920000,2023,2579.0,версия справочника года
45921000,45921000,2023,2580.0,версия справочника года
45922000,45922000,2023,2581.0,версия справочника года
45923000,45923000,2023,2582.0,версия справочника года
45924000,45924000,2023,2583.0,версия справочника года
45925000,45925000,2023,2584.0,версия справочника года
45926000,45926000,2023,2585.0,версия справочника года
45927000,45927000,2023,2586.0,версия справочника года
45931000,45931000,2023,2587.0,версия справочника года
45932000,45932000,2023,2588.0,версия справочника года
45941000,45941000,2023,2589.0,версия справочника года
45942000,45942000,2023,2590.0,версия справочника года
45943000,45943000,2023,2591.0,версия справочника года
45944000,45944000,2023,2592.0,версия справочника года
45945000,45945000,2023,2593.0,версия справочника года
45946000,45946000,2023,2594.0,версия справочника года
45947000,45947000,2023,2595.0,версия справочника года
45948000,45948000,2023,2596.0,версия справочника года
45949000,45949000,2023,2597.0,версия справочника года
45951000,45951000,2023,2598.0,версия справочника года
45952000,45952000,2023,2599.0,версия справочника года
45953000,45953000,2023,2600.0,версия справочника года
45954000,45954000,2023,2601.0,версия справочника года
45955000,45955000,2023,2602.0,версия справочника года
45956000,45956000,2023,2603.0,версия справочника года
45957000,45957000,2023,2604.0,версия справочника года
45958000,45958000,2023,2605.0,версия справочника года
45959000,45959000,2023,2606.0,версия справочника года
45961000,45961000,2023,2607.0,версия справочника года
46704000,46704000,2023,1439.0,версия справочника года
46705000,46705000,2023,1440.0,версия справочника года
46706000,46706000,2023,1460.0,версия справочника года
46707000,46707000,2023,1493.0,версия справочника года
46708000,46708000,2023,1489.0,версия справочника года
46709000,46709000,2023,1445.0,версия справочника года
46710000,46710000,2023,1490.0,версия справочника года
46711000,46711000,2023,1443.0,версия справочника года
46715000,46715000,2023,1491.0,версия справочника года
46716000,46716000,2023,1444.0,версия справочника года
46718000,46718000,2023,1446.0,версия справочника года
46722000,46722000,2023,1447.0,версия справочника года
46725000,46725000,2023,1448.0,версия справочника года
46728000,46728000,2023,1501.0,версия справочника года
46729000,46729000,2023,1449.0,версия справочника года
46733000,46733000,2023,1453.0,версия справочника года
46734000,46734000,2023,1456.0,версия справочника года
46735000,46735000,2023,1454.0,версия справочника года
46737000,46737000,2023,1492.0,версия справочника года
46738000,46738000,2023,2808.0,версия справочника года
46739000,46739000,2023,1457.0,версия справочника года
46740000,46740000,2023,1461.0,версия справочника года
46741000,46741000,2023,1464.0,версия справочника года
46742000,46742000,2023,2648.0,версия справочника года
46744000,46744000,2023,1459.0,версия справочника года
46745000,46745000,2023,1495.0,версия справочника года
46746000,46746000,2023,1467.0,версия справочника года
46747000,46747000,2023,1463.0,версия справочника года
46748000,46748000,2023,1465.0,версия справочника года
46750000,46750000,2023,1468.0,версия справочника года
46751000,46751000,2023,1496.0,версия справочника года
46752000,46752000,2023,1494.0,версия справочника года
46755000,46755000,2023,2651.0,версия справочника года
46757000,46757000,2023,2652.0,версия справочника года
46758000,46758000,2023,2814.0,версия справочника года
46759000,46759000,2023,1471.0,версия справочника года
46760000,46760000,2023,1472.0,версия справочника года
46761000,46761000,2023,1466.0,версия справочника года
46762000,46762000,2023,1474.0,версия справочника года
46763000,46763000,2023,1442.0,версия справочника года
46764000,46764000,2023,1475.0,версия справочника года
46766000,46766000,2023,1477.0,версия справочника года
46767000,46767000,2023,1473.0,версия справочника года
46768000,46768000,2023,1500.0,версия справочника года
46770000,46770000,2023,2644.0,версия справочника года
46771000,46771000,2023,3013.0,версия справочника года
46772000,46772000,2023,1478.0,версия справочника года
46773000,46773000,2023,1441.0,версия справочника года
46776000,46776000,2023,1480.0,версия справочника года
46778000,46778000,2023,1504.0,версия справочника года
46780000,46780000,2023,1481.0,версия справочника года
46781000,46781000,2023,1483.0,версия справочника года
46783000,46783000,2023,3008.0,версия справочника года
46784000,46784000,2023,1484.0,версия справочника года
46786000,46786000,2023,2813.0,версия справочника года
46787000,46787000,2023,1486.0,версия справочника года
46788000,46659000,2023,2649.0,версия справочника года
46790000,46790000,2023,1488.0,версия справочника года
46791000,46759000,2023,1487.0,версия справочника года
47515000,47515000,2023,1521.0,версия справочника года
47517000,47517000,2023,1512.0,версия справочника года
47519000,47519000,2023,1507.0,версия справочника года
47522000,47522000,2023,1508.0,версия справочника года
47524000,47524000,2023,1509.0,версия справочника года
47526000,47526000,2023,1510.0,версия справочника года
47528000,47528000,2023,1511.0,версия справочника года
47605000,47605000,2023,1519.0,версия справочника года
47608000,47608000,2023,1518.0,версия справочника года
47610000,47610000,2023,1520.0,версия справочника года
47620000,47620000,2023,1522.0,версия справочника года
47701000,47701000,2023,1506.0,версия справочника года
47730000,47730000,2023,1517.0,версия справочника года
47731000,47731000,2023,1516.0,версия справочника года
47733000,47733000,2023,1515.0,версия справочника года
47735000,47735000,2023,1514.0,версия справочника года
47737000,47737000,2023,1513.0,версия справочника года
49510000,49510000,2023,1579.0,версия справочника года
49523000,49523000,2023,1584.0,версия справочника года
49538000,49538000,2023,1591.0,версия справочника года
49545000,49545000,2023,1593.0,версия справочника года
49603000,49503000,2023,1576.0,версия справочника года
49606000,49606000,2023,1577.0,версия справочника года
49608000,49608000,2023,1578.0,версия справочника года
49612000,49512000,2023,1580.0,версия справочника года
49614000,49514000,2023,1581.0,версия справочника года
49616000,49616000,2023,1582.0,версия справочника года
49620000,49620000,2023,1583.0,версия справочника года
49624000,49524000,2023,1585.0,версия справочника года
49625000,49625000,2023,1586.0,версия справочника года
49628000,49628000,2023,1587.0,версия справочника года
49630000,49630000,2023,1588.0,версия справочника года
49632000,49532000,2023,1589.0,версия справочника года
49634000,49634000,2023,1590.0,версия справочника года
49639000,49639000,2023,1592.0,версия справочника года
49647000,49547000,2023,1594.0,версия справочника года
49650000,49650000,2023,1595.0,версия справочника года
49655000,49655000,2023,1596.0,версия справочника года
49701000,49701000,2023,1575.0,версия справочника года
50603000,50603000,2023,1602.0,версия справочника года
50604000,50604000,2023,1603.0,версия справочника года
50606000,50606000,2023,1604.0,версия справочника года
50608000,50608000,2023,1605.0,версия справочника года
50610000,50610000,2023,1606.0,версия справочника года
50613000,50613000,2023,1607.0,версия справочника года
50615000,50615000,2023,1608.0,версия справочника года
50617000,50617000,2023,1609.0,версия справочника года
50619000,50619000,2023,1610.0,версия справочника года
50621000,50621000,2023,1611.0,версия справочника года
50623000,50623000,2023,1612.0,версия справочника года
50625000,50625000,2023,1613.0,версия справочника года
50627000,50627000,2023,1614.0,версия справочника года
50630000,50630000,2023,1615.0,версия справочника года
50632000,50632000,2023,1616.0,версия справочника года
50634000,50634000,2023,1617.0,версия справочника года
50636000,50636000,2023,1618.0,версия справочника года
50638000,50638000,2023,1619.0,версия справочника года
50640000,50640000,2023,1620.0,версия справочника года
50642000,50642000,2023,1621.0,версия справочника года
50644000,50644000,2023,1622.0,версия справочника года
50648000,50648000,2023,1623.0,версия справочника года
50650000,50650000,2023,1624.0,версия справочника года
50652000,50652000,2023,1625.0,версия справочника года
50654000,50654000,2023,1626.0,версия справочника года
50655000,50655000,2023,1627.0,версия справочника года
50656000,50656000,2023,1628.0,версия справочника года
50657000,50657000,2023,1629.0,версия справочника года
50658000,50658000,2023,1630.0,версия справочника года
50659000,50659000,2023,1631.0,версия справочника года
50701000,50701000,2023,1597.0,версия справочника года
50708000,50708000,2023,1598.0,версия справочника года
50712000,50712000,2023,1599.0,версия справочника года
50717000,50717000,2023,1600.0,версия справочника года
50740000,50740000,2023,1601.0,версия справочника года
52601000,52601000,2023,1633.0,версия справочника года
52603000,52603000,2023,1634.0,версия справочника года
52606000,52606000,2023,1635.0,версия справочника года
52609000,52609000,2023,1636.0,версия справочника года
52612000,52612000,2023,1637.0,версия справочника года
52615000,52615000,2023,1638.0,версия справочника года
52618000,52618000,2023,1639.0,версия справочника года
52621000,52621000,2023,1640.0,версия справочника года
52623000,52623000,2023,1641.0,версия справочника года
52626000,52626000,2023,1642.0,версия справочника года
52629000,52629000,2023,1643.0,версия справочника года
52630000,52630000,2023,1644.0,версия справочника года
52632000,52632000,2023,1645.0,версия справочника года
52634000,52634000,2023,1646.0,версия справочника года
52636000,52636000,2023,1647.0,версия справочника года
52639000,52639000,2023,1648.0,версия справочника года
52641000,52641000,2023,1649.0,версия справочника года
52642000,52642000,2023,1650.0,версия справочника года
52643000,52643000,2023,1651.0,версия справочника года
52644000,52644000,2023,1652.0,версия справочника года
52646000,52646000,2023,1653.0,версия справочника года
52648000,52648000,2023,1654.0,версия справочника года
52650000,52650000,2023,1655.0,версия справочника года
52651000,52651000,2023,1656.0,версия справочника года
52652000,52652000,2023,1657.0,версия справочника года
52653000,52653000,2023,1658.0,версия справочника года
52654000,52654000,2023,1659.0,версия справочника года
52655000,52655000,2023,1660.0,версия справочника года
52656000,52656000,2023,1661.0,версия справочника года
52657000,52657000,2023,1662.0,версия справочника года
52658000,52658000,2023,1663.0,версия справочника года
52659000,52659000,2023,1664.0,версия справочника года
52701000,52701000,2023,1632.0,версия справочника года
53604000,53604000,2023,1678.0,версия справочника года
53605000,53605000,2023,1679.0,версия справочника года
53606000,53606000,2023,1680.0,версия справочника года
53607000,53607000,2023,1681.0,версия справочника года
53610000,53610000,2023,1682.0,версия справочника года
53611000,53611000,2023,1683.0,версия справочника года
53612000,53612000,2023,1684.0,версия справочника года
53615000,53615000,2023,1685.0,версия справочника года
53617000,53617000,2023,1686.0,версия справочника года
53619000,53619000,2023,1687.0,версия справочника года
53622000,53622000,2023,1688.0,версия справочника года
53623000,53623000,2023,1689.0,версия справочника года
53625000,53625000,2023,1690.0,версия справочника года
53627000,53627000,2023,1691.0,версия справочника года
53630000,53630000,2023,1692.0,версия справочника года
53631000,53631000,2023,1693.0,версия справочника года
53633000,53633000,2023,1694.0,версия справочника года
53634000,53634000,2023,1695.0,версия справочника года
53636000,53636000,2023,1696.0,версия справочника года
53637000,53637000,2023,1697.0,версия справочника года
53638000,53638000,2023,1698.0,версия справочника года
53640000,53640000,2023,1699.0,версия справочника года
53641000,53641000,2023,1700.0,версия справочника года
53642000,53642000,2023,1701.0,версия справочника года
53643000,53643000,2023,1702.0,версия справочника года
53651000,53651000,2023,1703.0,версия справочника года
53652000,53652000,2023,1704.0,версия справочника года
53653000,53653000,2023,1705.0,версия справочника года
53656000,53656000,2023,1706.0,версия справочника года
53701000,53701000,2023,1665.0,версия справочника года
53704000,53502000,2023,1666.0,версия справочника года
53708000,53708000,2023,1667.0,версия справочника года
53712000,53712000,2023,1668.0,версия справочника года
53713000,53503000,2023,1669.0,версия справочника года
53714000,53504000,2023,1670.0,версия справочника года
53715000,53715000,2023,1671.0,версия справочника года
53720000,53720000,2023,1672.0,версия справочника года
53723000,53723000,2023,1673.0,версия справочника года
53725000,53505000,2023,1674.0,версия справочника года
53727000,53506000,2023,1675.0,версия справочника года
53732000,53507000,2023,1676.0,версия справочника года
53755000,53755000,2023,1677.0,версия справочника года
54501000,54501000,2023,1726.0,версия справочника года
54604000,54604000,2023,1710.0,версия справочника года
54608000,54608000,2023,1711.0,версия справочника года
54610000,54610000,2023,1712.0,версия справочника года
54612000,54612000,2023,1713.0,версия справочника года
54615000,54615000,2023,1714.0,версия справочника года
54618000,54618000,2023,1715.0,версия справочника года
54620000,54620000,2023,1716.0,версия справочника года
54623000,54623000,2023,1717.0,версия справочника года
54624000,54624000,2023,1718.0,версия справочника года
54625000,54625000,2023,1719.0,версия справочника года
54626000,54626000,2023,1720.0,версия справочника года
54629000,54629000,2023,1721.0,версия справочника года
54632000,54632000,2023,1722.0,версия справочника года
54636000,54636000,2023,1723.0,версия справочника года
54639000,54639000,2023,1724.0,версия справочника года
54643000,54643000,2023,1725.0,версия справочника года
54650000,54650000,2023,1727.0,версия справочника года
54652000,54652000,2023,1728.0,версия справочника года
54653000,54653000,2023,1729.0,версия справочника года
54654000,54654000,2023,1730.0,версия справочника года
54655000,54655000,2023,1731.0,версия справочника года
54657000,54657000,2023,1732.0,версия справочника года
54659000,54659000,2023,1733.0,версия справочника года
54701000,54701000,2023,1707.0,версия справочника года
54705000,54705000,2023,1708.0,версия справочника года
54710000,54710000,2023,1709.0,версия справочника года
56603000,56603000,2023,1737.0,версия справочника года
56606000,56606000,2023,1761.0,версия справочника года
56609000,56609000,2023,1738.0,версия справочника года
56612000,56612000,2023,1739.0,версия справочника года
56613000,56613000,2023,1740.0,версия справочника года
56615000,56615000,2023,1741.0,версия справочника года
56618000,56618000,2023,1742.0,версия справочника года
56623000,56623000,2023,1743.0,версия справочника года
56626000,56626000,2023,1744.0,версия справочника года
56629000,56629000,2023,1745.0,версия справочника года
56631000,56631000,2023,1746.0,версия справочника года
56633000,56633000,2023,1747.0,версия справочника года
56640000,56640000,2023,1748.0,версия справочника года
56642000,56642000,2023,1749.0,версия справочника года
56643000,56643000,2023,1750.0,версия справочника года
56644000,56644000,2023,1751.0,версия справочника года
56645000,56645000,2023,1752.0,версия справочника года
56647000,56647000,2023,1753.0,версия справочника года
56649000,56649000,2023,1754.0,версия справочника года
56651000,56651000,2023,1755.0,версия справочника года
56653000,56653000,2023,1756.0,версия справочника года
56654000,56654000,2023,1757.0,версия справочника года
56655000,56655000,2023,1758.0,версия справочника года
56656000,56656000,2023,1759.0,версия справочника года
56657000,56657000,2023,1760.0,версия справочника года
56658000,56658000,2023,1762.0,версия справочника года
56659000,56659000,2023,1763.0,версия справочника года
56701000,56701000,2023,1734.0,версия справочника года
56705000,56705000,2023,1735.0,версия справочника года
56734000,56734000,2023,1736.0,версия справочника года
57502000,57502000,2023,734.0,версия справочника года
57503000,57503000,2023,735.0,версия справочника года
57506000,57506000,2023,736.0,версия справочника года
57508000,57508000,2023,737.0,версия справочника года
57513000,57513000,2023,769.0,версия справочника года
57516000,57516000,2023,2886.0,версия справочника года
57518000,57518000,2023,742.0,версия справочника года
57522000,57522000,2023,744.0,версия справочника года
57524000,57524000,2023,746.0,версия справочника года
57525000,57525000,2023,770.0,версия справочника года
57526000,57526000,2023,771.0,версия справочника года
57528000,57528000,2023,2885.0,версия справочника года
57529000,57529000,2023,749.0,версия справочника года
57530000,57530000,2023,2809.0,версия справочника года
57538000,57538000,2023,753.0,версия справочника года
57546000,57546000,2023,757.0,версия справочника года
57548000,57548000,2023,758.0,версия справочника года
57552000,57552000,2023,761.0,версия справочника года
57555000,57555000,2023,764.0,версия справочника года
57559000,57559000,2023,773.0,версия справочника года
57560000,57560000,2023,774.0,версия справочника года
57701000,57701000,2023,727.0,версия справочника года
57708000,57504000,2023,2621.0,версия справочника года
57712000,57512000,2023,738.0,версия справочника года
57714000,57514000,2023,739.0,версия справочника года
57718000,57517000,2023,741.0,версия справочника года
57719000,57523000,2023,745.0,версия справочника года
57720000,57531000,2023,748.0,версия справочника года
57726000,57532000,2023,731.0,версия справочника года
57727000,57534000,2023,751.0,версия справочника года
57728000,57540000,2023,754.0,версия справочника года
57729000,57542000,2023,755.0,версия справочника года
57730000,57550000,2023,2620.0,версия справочника года
57731000,57551000,2023,760.0,версия справочника года
57735000,57735000,2023,763.0,версия справочника года
57756000,57556000,2023,765.0,версия справочника года
57757000,57557000,2023,766.0,версия справочника года
57758000,57558000,2023,767.0,версия справочника года
57759000,57520000,2023,743.0,версия справочника года
57760000,57527000,2023,747.0,версия справочника года
57761000,57536000,2023,752.0,версия справочника года
57762000,57544000,2023,756.0,версия справочника года
57763000,57763000,2023,733.0,версия справочника года
58604000,58504000,2023,1766.0,версия справочника года
58606000,58606000,2023,1767.0,версия справочника года
58608000,58608000,2023,1768.0,версия справочника года
58610000,58610000,2023,1769.0,версия справочника года
58612000,58512000,2023,1770.0,версия справочника года
58614000,58514000,2023,1771.0,версия справочника года
58616000,58616000,2023,1772.0,версия справочника года
58618000,58518000,2023,1773.0,версия справочника года
58620000,58520000,2023,1774.0,версия справочника года
58623000,58523000,2023,1775.0,версия справочника года
58626000,58626000,2023,1776.0,версия справочника года
58629000,58529000,2023,1777.0,версия справочника года
58633000,58633000,2023,1778.0,версия справочника года
58637000,58637000,2023,1779.0,версия справочника года
58640000,58540000,2023,1780.0,версия справочника года
58643000,58543000,2023,1781.0,версия справочника года
58647000,58547000,2023,1782.0,версия справочника года
58649000,58649000,2023,1783.0,версия справочника года
58650000,58650000,2023,1784.0,версия справочника года
58651000,58651000,2023,1785.0,версия справочника года
58653000,58553000,2023,1786.0,версия справочника года
58654000,58654000,2023,1787.0,версия справочника года
58656000,58556000,2023,1788.0,версия справочника года
58658000,58558000,2023,1789.0,версия справочника года
58701000,58701000,2023,1764.0,версия справочника года
58710000,58710000,2023,1765.0,версия справочника года
60601000,60601000,2023,1802.0,версия справочника года
60602000,60602000,2023,1803.0,версия справочника года
60605000,60605000,2023,1804.0,версия справочника года
60606000,60606000,2023,1805.0,версия справочника года
60607000,60607000,2023,1806.0,версия справочника года
60608000,60608000,2023,1807.0,версия справочника года
60609000,60609000,2023,1808.0,версия справочника года
60612000,60612000,2023,1809.0,версия справочника года
60613000,60613000,2023,1810.0,версия справочника года
60615000,60615000,2023,1811.0,версия справочника года
60617000,60617000,2023,1812.0,версия справочника года
60618000,60618000,2023,1813.0,версия справочника года
60619000,60619000,2023,1814.0,версия справочника года
60622000,60622000,2023,1815.0,версия справочника года
60623000,60623000,2023,1816.0,версия справочника года
60624000,60624000,2023,1817.0,версия справочника года
60625000,60625000,2023,1818.0,версия справочника года
60626000,60626000,2023,1819.0,версия справочника года
60627000,60627000,2023,1820.0,версия справочника года
60630000,60630000,2023,1821.0,версия справочника года
60631000,60631000,2023,1822.0,версия справочника года
60632000,60632000,2023,1823.0,версия справочника года
60633000,60633000,2023,1824.0,версия справочника года
60634000,60634000,2023,1825.0,версия справочника года
60635000,60635000,2023,1826.0,версия справочника года
60636000,60636000,2023,1827.0,версия справочника года
60640000,60640000,2023,1828.0,версия справочника года
60641000,60641000,2023,1829.0,версия справочника года
60642000,60642000,2023,1830.0,версия справочника года
60644000,60644000,2023,1831.0,версия справочника года
60645000,60645000,2023,1832.0,версия справочника года
60647000,60647000,2023,1833.0,версия справочника года
60648000,60648000,2023,1834.0,версия справочника года
60650000,60650000,2023,1835.0,версия справочника года
60651000,60651000,2023,1836.0,версия справочника года
60652000,60652000,2023,1837.0,версия справочника года
60653000,60653000,2023,1838.0,версия справочника года
60654000,60654000,2023,1839.0,версия справочника года
60655000,60655000,2023,1840.0,версия справочника года
60656000,60656000,2023,1841.0,версия справочника года
60657000,60657000,2023,1842.0,версия справочника года
60658000,60658000,2023,1843.0,версия справочника года
60659000,60659000,2023,1844.0,версия справочника года
60701000,60701000,2023,1790.0,версия справочника года
60704000,60704000,2023,1791.0,версия справочника года
60707000,60707000,2023,1792.0,версия справочника года
60712000,60712000,2023,1793.0,версия справочника года
60715000,60715000,2023,1794.0,версия справочника года
60717000,60717000,2023,1795.0,версия справочника года
60718000,60718000,2023,1796.0,версия справочника года
60719000,60719000,2023,1797.0,версия справочника года
60727000,60727000,2023,1798.0,версия справочника года
60730000,60730000,2023,1799.0,версия справочника года
60737000,60737000,2023,1800.0,версия справочника года
60740000,60740000,2023,1801.0,версия справочника года
61602000,61602000,2023,1849.0,версия справочника года
61604000,61604000,2023,1850.0,версия справочника года
61606000,61606000,2023,1851.0,версия справочника года
61608000,61608000,2023,1852.0,версия справочника года
61610000,61610000,2023,1853.0,версия справочника года
61612000,61612000,2023,1854.0,версия справочника года
61615000,61615000,2023,1855.0,версия справочника года
61617000,61617000,2023,1856.0,версия справочника года
61620000,61620000,2023,1857.0,версия справочника года
61623000,61623000,2023,1858.0,версия справочника года
61625000,61625000,2023,1859.0,версия справочника года
61626000,61526000,2023,1860.0,версия справочника года
61627000,61627000,2023,1861.0,версия справочника года
61630000,61530000,2023,1862.0,версия справочника года
61634000,61634000,2023,1863.0,версия справочника года
61637000,61637000,2023,1864.0,версия справочника года
61640000,61640000,2023,1865.0,версия справочника года
61642000,61542000,2023,1866.0,версия справочника года
61644000,61644000,2023,1867.0,версия справочника года
61646000,61646000,2023,1868.0,версия справочника года
61648000,61648000,2023,1869.0,версия справочника года
61650000,61650000,2023,1870.0,версия справочника года
61653000,61653000,2023,1871.0,версия справочника года
61656000,61656000,2023,1872.0,версия справочника года
61658000,61658000,2023,1873.0,версия справочника года
61701000,61701000,2023,1845.0,версия справочника года
61705000,61705000,2023,1846.0,версия справочника года
61710000,61710000,2023,1847.0,версия справочника года
61715000,61715000,2023,1848.0,версия справочника года
63602000,63602000,2023,1915.0,версия справочника года
63603000,63603000,2023,1916.0,версия справочника года
63604000,63604000,2023,1917.0,версия справочника года
63606000,63606000,2023,1918.0,версия справочника года
63607000,63607000,2023,1919.0,версия справочника года
63608000,63608000,2023,1920.0,версия справочника года
63609000,63609000,2023,1921.0,версия справочника года
63611000,63611000,2023,1922.0,версия справочника года
63612000,63612000,2023,1923.0,версия справочника года
63613000,63613000,2023,1924.0,версия справочника года
63614000,63614000,2023,1925.0,версия справочника года
63616000,63616000,2023,1926.0,версия справочника года
63617000,63617000,2023,1927.0,версия справочника года
63619000,63619000,2023,1928.0,версия справочника года
63621000,63621000,2023,1929.0,версия справочника года
63622000,63622000,2023,1930.0,версия справочника года
63623000,63623000,2023,1931.0,версия справочника года
63624000,63624000,2023,1932.0,версия справочника года
63625000,63625000,2023,1933.0,версия справочника года
63626000,63626000,2023,1934.0,версия справочника года
63629000,63629000,2023,1935.0,версия справочника года
63630000,63630000,2023,1936.0,версия справочника года
63632000,63632000,2023,1937.0,версия справочника года
63634000,63634000,2023,1938.0,версия справочника года
63635000,63635000,2023,1939.0,версия справочника года
63636000,63636000,2023,1940.0,версия справочника года
63637000,63637000,2023,1941.0,версия справочника года
63639000,63639000,2023,1942.0,версия справочника года
63640000,63640000,2023,1943.0,версия справочника года
63641000,63641000,2023,1944.0,версия справочника года
63642000,63642000,2023,1945.0,версия справочника года
63644000,63644000,2023,1947.0,версия справочника года
63646000,63646000,2023,1948.0,версия справочника года
63647000,63647000,2023,1949.0,версия справочника года
63648000,63648000,2023,1950.0,версия справочника года
63649000,63649000,2023,1951.0,версия справочника года
63650000,63650000,2023,1952.0,версия справочника года
63701000,63701000,2023,2887.0,версия справочника года
63746000,63746000,2023,1912.0,версия справочника года
63760000,63550000,2023,1913.0,версия справочника года
63775000,63775000,2023,1914.0,версия справочника года
64701000,64701000,2023,1953.0,версия справочника года
64704000,64504000,2023,1954.0,версия справочника года
64708000,64508000,2023,1955.0,версия справочника года
64712000,64512000,2023,1956.0,версия справочника года
64716000,64516000,2023,1957.0,версия справочника года
64720000,64520000,2023,1958.0,версия справочника года
64724000,64524000,2023,1959.0,версия справочника года
64728000,64528000,2023,1960.0,версия справочника года
64732000,64532000,2023,1961.0,версия справочника года
64736000,64536000,2023,1962.0,версия справочника года
64740000,64540000,2023,1963.0,версия справочника года
64743000,64543000,2023,1964.0,версия справочника года
64746000,64546000,2023,1965.0,версия справочника года
64748000,64548000,2023,1966.0,версия справочника года
64750000,64550000,2023,1967.0,версия справочника года
64752000,64552000,2023,1968.0,версия справочника года
64754000,64554000,2023,1969.0,версия справочника года
64756000,64556000,2023,1970.0,версия справочника года
65608000,65608000,2023,2039.0,версия справочника года
65623000,65623000,2023,2040.0,версия справочника года
65628000,65628000,2023,2042.0,версия справочника года
65639000,65639000,2023,2041.0,версия справочника года
65645000,65645000,2023,2043.0,версия справочника года
65701000,65701000,2023,1971.0,версия справочника года
65703000,65502000,2023,1973.0,версия справочника года
65704000,65503000,2023,2017.0,версия справочника года
65705000,65505000,2023,2018.0,версия справочника года
65706000,65506000,2023,2019.0,версия справочника года
65707000,65514000,2023,1978.0,версия справочника года
65708000,65509000,2023,1981.0,версия справочника года
65709000,65516000,2023,2021.0,версия справочника года
65710000,65511000,2023,2022.0,версия справочника года
65711000,65530000,2023,2023.0,версия справочника года
65712000,65531000,2023,2024.0,версия справочника года
65713000,65539000,2023,2025.0,версия справочника года
65714000,65541000,2023,1999.0,версия справочника года
65715000,65543000,2023,2002.0,версия справочника года
65716000,65544000,2023,2028.0,версия справочника года
65717000,65512000,2023,2029.0,версия справочника года
65718000,65546000,2023,2030.0,версия справочника года
65719000,65525000,2023,2006.0,версия справочника года
65720000,65547000,2023,2008.0,версия справочника года
65721000,65551000,2023,2031.0,версия справочника года
65722000,65552000,2023,2032.0,версия справочника года
65723000,65553000,2023,2012.0,версия справочника года
65724000,65554000,2023,2034.0,версия справочника года
65725000,65555000,2023,2035.0,версия справочника года
65726000,65556000,2023,2036.0,версия справочника года
65727000,65557000,2023,2037.0,версия справочника года
65728000,65538000,2023,1972.0,версия справочника года
65729000,65729000,2023,2033.0,версия справочника года
65730000,65504000,2023,1974.0,версия справочника года
65731000,65507000,2023,1977.0,версия справочника года
65732000,65732000,2023,1979.0,версия справочника года
65733000,65515000,2023,1992.0,версия справочника года
65734000,65734000,2023,1997.0,версия справочника года
65735000,65510000,2023,1989.0,версия справочника года
65736000,65517000,2023,2007.0,версия справочника года
65737000,65518000,2023,1982.0,версия справочника года
65738000,65529000,2023,1983.0,версия справочника года
65739000,65739000,2023,1985.0,версия справочника года
65740000,65740000,2023,1986.0,версия справочника года
65741000,65741000,2023,1987.0,версия справочника года
65742000,65519000,2023,1988.0,версия справочника года
65743000,65532000,2023,1990.0,версия справочника года
65744000,65533000,2023,1991.0,версия справочника года
65745000,65520000,2023,1993.0,версия справочника года
65746000,65521000,2023,1994.0,версия справочника года
65747000,65747000,2023,1995.0,версия справочника года
65748000,65534000,2023,1996.0,версия справочника года
65749000,65749000,2023,1998.0,версия справочника года
65750000,65522000,2023,2001.0,версия справочника года
65751000,65513000,2023,2000.0,версия справочника года
65752000,65752000,2023,2003.0,версия справочника года
65753000,65524000,2023,2004.0,версия справочника года
65754000,65545000,2023,2005.0,версия справочника года
65755000,65548000,2023,2009.0,версия справочника года
65756000,65549000,2023,2010.0,версия справочника года
65757000,65526000,2023,1980.0,версия справочника года
65758000,65528000,2023,2011.0,версия справочника года
65759000,65508000,2023,2027.0,версия справочника года
65760000,65760000,2023,2020.0,версия справочника года
65761000,65761000,2023,2026.0,версия справочника года
65762000,65535000,2023,1975.0,версия справочника года
65763000,65763000,2023,1976.0,версия справочника года
65764000,65523000,2023,1984.0,версия справочника года
65765000,65765000,2023,2013.0,версия справочника года
65766000,65527000,2023,2038.0,версия справочника года
65767000,65767000,2023,2014.0,версия справочника года
65769000,65536000,2023,2016.0,версия справочника года
65771000,65537000,2023,2015.0,версия справочника года
66603000,66503000,2023,2046.0,версия справочника года
66605000,66505000,2023,2047.0,версия справочника года
66608000,66508000,2023,2048.0,версия справочника года
66609000,66509000,2023,2049.0,версия справочника года
66611000,66511000,2023,2050.0,версия справочника года
66614000,66514000,2023,2051.0,версия справочника года
66616000,66516000,2023,2052.0,версия справочника года
66619000,66519000,2023,2053.0,версия справочника года
66621000,66521000,2023,2054.0,версия справочника года
66623000,66523000,2023,2055.0,версия справочника года
66624000,66524000,2023,2056.0,версия справочника года
66627000,66527000,2023,2057.0,версия справочника года
66630000,66530000,2023,2058.0,версия справочника года
66633000,66533000,2023,2059.0,версия справочника года
66636000,66536000,2023,2060.0,версия справочника года
66638000,66538000,2023,2061.0,версия справочника года
66641000,66541000,2023,2062.0,версия справочника года
66644000,66544000,2023,2063.0,версия справочника года
66646000,66546000,2023,2064.0,версия справочника года
66648000,66548000,2023,2065.0,версия справочника года
66650000,66550000,2023,2066.0,версия справочника года
66652000,66552000,2023,2067.0,версия справочника года
66654000,66554000,2023,2068.0,версия справочника года
66656000,66556000,2023,2069.0,версия справочника года
66658000,66558000,2023,2070.0,версия справочника года
66701000,66701000,2023,2044.0,версия справочника года
66710000,66710000,2023,2045.0,версия справочника года
68602000,68502000,2023,2078.0,версия справочника года
68603000,68503000,2023,2079.0,версия справочника года
68604000,68504000,2023,2080.0,версия справочника года
68606000,68506000,2023,2081.0,версия справочника года
68608000,68508000,2023,2082.0,версия справочника года
68610000,68510000,2023,2083.0,версия справочника года
68612000,68512000,2023,2084.0,версия справочника года
68614000,68514000,2023,2085.0,версия справочника года
68616000,68516000,2023,2086.0,версия справочника года
68618000,68518000,2023,2087.0,версия справочника года
68620000,68520000,2023,2088.0,версия справочника года
68622000,68522000,2023,2089.0,версия справочника года
68624000,68524000,2023,2090.0,версия справочника года
68626000,68526000,2023,2091.0,версия справочника года
68628000,68528000,2023,2092.0,версия справочника года
68630000,68530000,2023,2093.0,версия справочника года
68632000,68532000,2023,2094.0,версия справочника года
68634000,68534000,2023,2095.0,версия справочника года
68636000,68536000,2023,2096.0,версия справочника года
68640000,68540000,2023,3010.0,версия справочника года
68642000,68542000,2023,2098.0,версия справочника года
68644000,68544000,2023,2099.0,версия справочника года
68646000,68546000,2023,2100.0,версия справочника года
68701000,68701000,2023,3009.0,версия справочника года
68705000,68705000,2023,2072.0,версия справочника года
68710000,68710000,2023,2073.0,версия справочника года
68715000,68715000,2023,2074.0,версия справочника года
68720000,68720000,2023,2075.0,версия справочника года
68725000,68725000,2023,2076.0,версия справочника года
68730000,68730000,2023,2077.0,версия справочника года
69604000,69604000,2023,2148.0,версия справочника года
69608000,69608000,2023,2149.0,версия справочника года
69612000,69612000,2023,2150.0,версия справочника года
69616000,69616000,2023,2151.0,версия справочника года
69620000,69620000,2023,2152.0,версия справочника года
69624000,69624000,2023,2153.0,версия справочника года
69628000,69628000,2023,2154.0,версия справочника года
69632000,69632000,2023,2155.0,версия справочника года
69636000,69636000,2023,2156.0,версия справочника года
69640000,69640000,2023,2157.0,версия справочника года
69644000,69644000,2023,2158.0,версия справочника года
69648000,69648000,2023,2159.0,версия справочника года
69652000,69652000,2023,2160.0,версия справочника года
69654000,69654000,2023,2161.0,версия справочника года
69656000,69656000,2023,2162.0,версия справочника года
69658000,69658000,2023,2163.0,версия справочника года
69701000,69701000,2023,2144.0,версия справочника года
69707000,69707000,2023,2145.0,версия справочника года
69710000,69710000,2023,2146.0,версия справочника года
69741000,69741000,2023,2147.0,версия справочника года
70604000,70604000,2023,2171.0,версия справочника года
70606000,70606000,2023,2172.0,версия справочника года
70608000,70608000,2023,2173.0,версия справочника года
70612000,70612000,2023,2174.0,версия справочника года
70616000,70616000,2023,2175.0,версия справочника года
70618000,70618000,2023,2176.0,версия справочника года
70622000,70622000,2023,2177.0,версия справочника года
70624000,70624000,2023,2178.0,версия справочника года
70626000,70626000,2023,2179.0,версия справочника года
70628000,70628000,2023,2180.0,версия справочника года
70630000,70630000,2023,2181.0,версия справочника года
70636000,70636000,2023,2182.0,версия справочника года
70638000,70638000,2023,2183.0,версия справочника года
70640000,70640000,2023,2184.0,версия справочника года
70642000,70642000,2023,2185.0,версия справочника года
70644000,70644000,2023,2186.0,версия справочника года
70646000,70646000,2023,2187.0,версия справочника года
70648000,70648000,2023,2188.0,версия справочника года
70650000,70650000,2023,2189.0,версия справочника года
70701000,70701000,2023,2164.0,версия справочника года
70702000,70702000,2023,2166.0,версия справочника года
70706000,70706000,2023,2165.0,версия справочника года
70712000,70712000,2023,2167.0,версия справочника года
70714000,70714000,2023,2168.0,версия справочника года
70724000,70724000,2023,2169.0,версия справочника года
70730000,70730000,2023,2170.0,версия справочника года
71603000,71603000,2023,2195.0,версия справочника года
71605000,71605000,2023,2196.0,версия справочника года
71607000,71607000,2023,2197.0,версия справочника года
71610000,71610000,2023,2198.0,версия справочника года
71613000,71613000,2023,2199.0,версия справочника года
71615000,71615000,2023,2200.0,версия справочника года
71624000,71624000,2023,2202.0,версия справочника года
71626000,71626000,2023,2203.0,версия справочника года
71630000,71630000,2023,2204.0,версия справочника года
71632000,71632000,2023,2205.0,версия справочника года
71634000,71634000,2023,2206.0,версия справочника года
71636000,71636000,2023,2207.0,версия справочника года
71638000,71638000,2023,2208.0,версия справочника года
71642000,71642000,2023,2209.0,версия справочника года
71644000,71644000,2023,2210.0,версия справочника года
71648000,71648000,2023,2211.0,версия справочника года
71650000,71650000,2023,2212.0,версия справочника года
71653000,71653000,2023,2213.0,версия справочника года
71656000,71656000,2023,2214.0,версия справочника года
71658000,71658000,2023,2215.0,версия справочника года
71701000,71701000,2023,2190.0,версия справочника года
71702000,71518000,2023,2201.0,версия справочника года
71703000,71522000,2023,2191.0,версия справочника года
71705000,71705000,2023,2192.0,версия справочника года
71710000,71710000,2023,2193.0,версия справочника года
71715000,71715000,2023,2194.0,версия справочника года
71811000,71811000,2023,2229.0,версия справочника года
71812000,71812000,2023,2230.0,версия справочника года
71816000,71816000,2023,2231.0,версия справочника года
71818000,71818000,2023,2232.0,версия справочника года
71819000,71819000,2023,2233.0,версия справочника года
71821000,71821000,2023,2234.0,версия справочника года
71824000,71824000,2023,2235.0,версия справочника года
71826000,71826000,2023,2236.0,версия справочника года
71829000,71829000,2023,2237.0,версия справочника года
71871000,71871000,2023,2216.0,версия справочника года
71872000,71872000,2023,2218.0,версия справочника года
71873000,71873000,2023,2219.0,версия справочника года
71874000,71874000,2023,2220.0,версия справочника года
71875000,71875000,2023,2221.0,версия справочника года
71876000,71876000,2023,2226.0,версия справочника года
71877000,71877000,2023,2225.0,версия справочника года
71878000,71878000,2023,2227.0,версия справочника года
71879000,71879000,2023,2222.0,версия справочника года
71883000,71883000,2023,2217.0,версия справочника года
71884000,71884000,2023,2223.0,версия справочника года
71885000,71885000,2023,2224.0,версия справочника года
71887000,71887000,2023,2228.0,версия справочника года
71933000,71933000,2023,2244.0,версия справочника года
71936000,71936000,2023,2245.0,версия справочника года
71938000,71938000,2023,2872.0,версия справочника года
71940000,71940000,2023,2882.0,версия справочника года
71943000,71943000,2023,2248.0,версия справочника года
71946000,71946000,2023,2249.0,версия справочника года
71948000,71948000,2023,2250.0,версия справочника года
71951000,71951000,2023,2238.0,версия справочника года
71952000,71952000,2023,2879.0,версия справочника года
71953000,71953000,2023,2880.0,версия справочника года
71955000,71955000,2023,2241.0,версия справочника года
71956000,71956000,2023,2242.0,версия справочника года
71958000,71958000,2023,2243.0,версия справочника года
73602000,73602000,2023,2254.0,версия справочника года
73604000,73604000,2023,2255.0,версия справочника года
73607000,73607000,2023,2256.0,версия справочника года
73610000,73610000,2023,2257.0,версия справочника года
73614000,73614000,2023,2258.0,версия справочника года
73616000,73616000,2023,2259.0,версия справочника года
73620000,73620000,2023,2260.0,версия справочника года
73622000,73622000,2023,2261.0,версия справочника года
73625000,73625000,2023,2262.0,версия справочника года
73627000,73627000,2023,2263.0,версия справочника года
73629000,73629000,2023,2264.0,версия справочника года
73632000,73632000,2023,2265.0,версия справочника года
73634000,73634000,2023,2266.0,версия справочника года
73636000,73636000,2023,2267.0,версия справочника года
73639000,73639000,2023,2268.0,версия справочника года
73642000,73642000,2023,2269.0,версия справочника года
73644000,73644000,2023,2270.0,версия справочника года
73648000,73648000,2023,2271.0,версия справочника года
73652000,73652000,2023,2272.0,версия справочника года
73654000,73654000,2023,2273.0,версия справочника года
73656000,73656000,2023,2274.0,версия справочника года
73701000,73701000,2023,2251.0,версия справочника года
73705000,73705000,2023,2252.0,версия справочника года
73715000,73715000,2023,2253.0,версия справочника года
75533000,75533000,2023,2303.0,версия справочника года
75603000,75603000,2023,2291.0,версия справочника года
75606000,75606000,2023,2292.0,версия справочника года
75609000,75609000,2023,2293.0,версия справочника года
75612000,75612000,2023,2294.0,версия справочника года
75614000,75614000,2023,2295.0,версия справочника года
75617000,75617000,2023,2296.0,версия справочника года
75619000,75619000,2023,2297.0,версия справочника года
75620000,75620000,2023,2298.0,версия справочника года
75623000,75623000,2023,2299.0,версия справочника года
75626000,75626000,2023,2300.0,версия справочника года
75629000,75629000,2023,2301.0,версия справочника года
75632000,75632000,2023,2302.0,версия справочника года
75634000,75634000,2023,2304.0,версия справочника года
75636000,75636000,2023,2305.0,версия справочника года
75638000,75638000,2023,3012.0,версия справочника года
75642000,75642000,2023,2307.0,версия справочника года
75644000,75544000,2023,2308.0,версия справочника года
75647000,75647000,2023,2309.0,версия справочника года
75648000,75548000,2023,2310.0,версия справочника года
75649000,75549000,2023,2311.0,версия справочника года
75652000,75652000,2023,2312.0,версия справочника года
75654000,75654000,2023,2313.0,версия справочника года
75655000,75655000,2023,2314.0,версия справочника года
75656000,75656000,2023,2315.0,версия справочника года
75657000,75657000,2023,2316.0,версия справочника года
75659000,75659000,2023,2317.0,версия справочника года
75701000,75701000,2023,2275.0,версия справочника года
75706000,75706000,2023,2276.0,версия справочника года
75707000,75707000,2023,2285.0,версия справочника года
75712000,75712000,2023,3011.0,версия справочника года
75715000,75715000,2023,2278.0,версия справочника года
75728000,75728000,2023,2279.0,версия справочника года
75734000,75734000,2023,2280.0,версия справочника года
75738000,75738000,2023,2281.0,версия справочника года
75742000,75742000,2023,2282.0,версия справочника года
75743000,75743000,2023,2283.0,версия справочника года
75746000,75746000,2023,2284.0,версия справочника года
75752000,75752000,2023,2286.0,версия справочника года
75755000,75755000,2023,2287.0,версия справочника года
75758000,75758000,2023,2288.0,версия справочника года
75759000,75759000,2023,2290.0,версия справочника года
75764000,75764000,2023,2289.0,версия справочника года
76503000,76503000,2023,,не привязано
76504000,76504000,2023,,не привязано
76515000,76515000,2023,582.0,версия справочника года
76530000,76530000,2023,,не привязано
76538000,76538000,2023,594.0,версия справочника года
76544000,76544000,2023,,не привязано
76602000,76602000,2023,605.0,версия справочника года
76606000,76506000,2023,578.0,версия справочника года
76609000,76609000,2023,579.0,версия справочника года
76610000,76510000,2023,580.0,версия справочника года
76611000,76611000,2023,606.0,версия справочника года
76612000,76512000,2023,581.0,версия справочника года
76618000,76518000,2023,583.0,версия справочника года
76620000,76620000,2023,584.0,версия справочника года
76621000,76521000,2023,585.0,версия справочника года
76622000,76622000,2023,586.0,версия справочника года
76624000,76624000,2023,587.0,версия справочника года
76625000,76625000,2023,607.0,версия справочника года
76626000,76526000,2023,588.0,версия справочника года
76628000,76628000,2023,589.0,версия справочника года
76632000,76632000,2023,591.0,версия справочника года
76634000,76534000,2023,592.0,версия справочника года
76636000,76536000,2023,593.0,версия справочника года
76640000,76640000,2023,595.0,версия справочника года
76642000,76642000,2023,596.0,версия справочника года
76646000,76546000,2023,598.0,версия справочника года
76647000,76647000,2023,599.0,версия справочника года
76648000,76648000,2023,600.0,версия справочника года
76650000,76650000,2023,601.0,версия справочника года
76652000,76552000,2023,602.0,версия справочника года
76654000,76654000,2023,603.0,версия справочника года
76701000,76701000,2023,573.0,версия справочника года
76702000,76702000,2023,604.0,версия справочника года
76715000,76715000,2023,574.0,версия справочника года
76785000,76785000,2023,575.0,версия справочника года
77603000,77603000,2023,2348.0,версия справочника года
77609000,77609000,2023,2349.0,версия справочника года
77633000,77633000,2023,2350.0,версия справочника года
77701000,77701000,2023,2344.0,версия справочника года
77705000,77505000,2023,2347.0,версия справочника года
77710000,77510000,2023,2346.0,версия справочника года
77715000,77515000,2023,2345.0,версия справочника года
78603000,78603000,2023,2321.0,версия справочника года
78606000,78606000,2023,2322.0,версия справочника года
78609000,78609000,2023,2323.0,версия справочника года
78612000,78612000,2023,2324.0,версия справочника года
78615000,78615000,2023,2325.0,версия справочника года
78618000,78618000,2023,2326.0,версия справочника года
78621000,78621000,2023,2327.0,версия справочника года
78623000,78623000,2023,2328.0,версия справочника года
78626000,78626000,2023,2329.0,версия справочника года
78629000,78629000,2023,2330.0,версия справочника года
78634000,78634000,2023,2332.0,версия справочника года
78637000,78637000,2023,2333.0,версия справочника года
78640000,78640000,2023,2334.0,версия справочника года
78643000,78643000,2023,2335.0,версия справочника года
78646000,78646000,2023,2336.0,версия справочника года
78650000,78650000,2023,2337.0,версия справочника года
78701000,78701000,2023,2318.0,версия справочника года
78705000,78532000,2023,2619.0,версия справочника года
78715000,78715000,2023,2320.0,версия справочника года
79605000,79605000,2023,3.0,версия справочника года
79615000,79615000,2023,4.0,версия справочника года
79618000,79618000,2023,5.0,версия справочника года
79622000,79622000,2023,6.0,версия справочника года
79630000,79630000,2023,7.0,версия справочника года
79633000,79633000,2023,8.0,версия справочника года
79640000,79640000,2023,9.0,версия справочника года
79701000,79701000,2023,1.0,версия справочника года
79703000,79703000,2023,2.0,версия справочника года
80601000,80601000,2023,30.0,версия справочника года
80602000,80602000,2023,31.0,версия справочника года
80603000,80603000,2023,32.0,версия справочника года
80604000,80604000,2023,33.0,версия справочника года
80605000,80605000,2023,34.0,версия справочника года
80606000,80606000,2023,35.0,версия справочника года
80607000,80607000,2023,36.0,версия справочника года
80608000,80608000,2023,37.0,версия справочника года
80609000,80609000,2023,38.0,версия справочника года
80610000,80610000,2023,39.0,версия справочника года
80611000,80611000,2023,40.0,версия справочника года
80612000,80612000,2023,41.0,версия справочника года
80613000,80613000,2023,42.0,версия справочника года
80614000,80614000,2023,43.0,версия справочника года
80615000,80615000,2023,44.0,версия справочника года
80617000,80617000,2023,45.0,версия справочника года
80618000,80618000,2023,46.0,версия справочника года
80619000,80619000,2023,47.0,версия справочника года
80621000,80621000,2023,48.0,версия справочника года
80622000,80622000,2023,49.0,версия справочника года
80623000,80623000,2023,50.0,версия справочника года
80624000,80624000,2023,51.0,версия справочника года
80625000,80625000,2023,52.0,версия справочника года
80626000,80626000,2023,53.0,версия справочника года
80627000,80627000,2023,54.0,версия справочника года
80628000,80628000,2023,55.0,версия справочника года
80630000,80630000,2023,56.0,версия справочника года
80631000,80631000,2023,57.0,версия справочника года
80633000,80633000,2023,58.0,версия справочника года
80634000,80634000,2023,59.0,версия справочника года
80635000,80635000,2023,60.0,версия справочника года
80636000,80636000,2023,61.0,версия справочника года
80637000,80637000,2023,62.0,версия справочника года
80638000,80638000,2023,63.0,версия справочника года
80639000,80639000,2023,64.0,версия справочника года
80640000,80640000,2023,65.0,версия справочника года
80641000,80641000,2023,66.0,версия справочника года
80642000,80642000,2023,67.0,версия справочника года
80643000,80643000,2023,68.0,версия справочника года
80644000,80644000,2023,69.0,версия справочника года
80645000,80645000,2023,70.0,версия справочника года
80647000,80647000,2023,71.0,версия справочника года
80648000,80648000,2023,72.0,версия справочника года
80649000,80649000,2023,73.0,версия справочника года
80650000,80650000,2023,74.0,версия справочника года
80651000,80651000,2023,75.0,версия справочника года
80652000,80652000,2023,76.0,версия справочника года
80653000,80653000,2023,77.0,версия справочника года
80654000,80654000,2023,78.0,версия справочника года
80655000,80655000,2023,79.0,версия справочника года
80656000,80656000,2023,80.0,версия справочника года
80657000,80657000,2023,81.0,версия справочника года
80658000,80658000,2023,82.0,версия справочника года
80659000,80659000,2023,83.0,версия справочника года
80701000,80701000,2023,21.0,версия справочника года
80703000,80703000,2023,22.0,версия справочника года
80707000,80707000,2023,24.0,версия справочника года
80723000,80723000,2023,23.0,версия справочника года
80727000,80727000,2023,25.0,версия справочника года
80735000,80735000,2023,26.0,версия справочника года
80739000,80739000,2023,27.0,версия справочника года
80743000,80743000,2023,28.0,версия справочника года
80745000,80745000,2023,29.0,версия справочника года
81603000,81603000,2023,86.0,версия справочника года
81606000,81606000,2023,87.0,версия справочника года
81609000,81609000,2023,88.0,версия справочника года
81612000,81612000,2023,89.0,версия справочника года
81615000,81615000,2023,90.0,версия справочника года
81618000,81618000,2023,91.0,версия справочника года
81621000,81621000,2023,92.0,версия справочника года
81622000,81622000,2023,93.0,версия справочника года
81624000,81624000,2023,94.0,версия справочника года
81627000,81627000,2023,95.0,версия справочника года
81630000,81630000,2023,96.0,версия справочника года
81633000,81633000,2023,97.0,версия справочника года
81635000,81635000,2023,98.0,версия справочника года
81636000,81636000,2023,99.0,версия справочника года
81639000,81639000,2023,100.0,версия справочника года
81642000,81642000,2023,101.0,версия справочника года
81645000,81645000,2023,102.0,версия справочника года
81648000,81648000,2023,103.0,версия справочника года
81650000,81650000,2023,104.0,версия справочника года
81651000,81651000,2023,105.0,версия справочника года
81657000,81657000,2023,106.0,версия справочника года
81701000,81701000,2023,84.0,версия справочника года
81720000,81720000,2023,85.0,версия справочника года
82601000,82601000,2023,117.0,версия справочника года
82603000,82603000,2023,118.0,версия справочника года
82605000,82605000,2023,119.0,версия справочника года
82606000,82606000,2023,120.0,версия справочника года
82607000,82607000,2023,121.0,версия справочника года
82609000,82609000,2023,122.0,версия справочника года
82611000,82611000,2023,123.0,версия справочника года
82613000,82613000,2023,124.0,версия справочника года
82615000,82615000,2023,125.0,версия справочника года
82616000,82616000,2023,126.0,версия справочника года
82618000,82618000,2023,127.0,версия справочника года
82620000,82620000,2023,128.0,версия справочника года
82621000,82621000,2023,129.0,версия справочника года
82622000,82622000,2023,130.0,версия справочника года
82623000,82623000,2023,131.0,версия справочника года
82624000,82624000,2023,132.0,версия справочника года
82626000,82626000,2023,133.0,версия справочника года
82627000,82627000,2023,134.0,версия справочника года
82629000,82629000,2023,135.0,версия справочника года
82630000,82630000,2023,136.0,версия справочника года
82632000,82632000,2023,137.0,версия справочника года
82634000,82634000,2023,138.0,версия справочника года
82635000,82635000,2023,139.0,версия справочника года
82636000,82636000,2023,140.0,версия справочника года
82637000,82637000,2023,141.0,версия справочника года
82639000,82639000,2023,142.0,версия справочника года
82640000,82640000,2023,143.0,версия справочника года
82642000,82642000,2023,144.0,версия справочника года
82644000,82644000,2023,145.0,версия справочника года
82646000,82646000,2023,146.0,версия справочника года
82647000,82647000,2023,147.0,версия справочника года
82648000,82648000,2023,148.0,версия справочника года
82649000,82649000,2023,149.0,версия справочника года
82651000,82651000,2023,150.0,версия справочника года
82653000,82653000,2023,151.0,версия справочника года
82654000,82654000,2023,152.0,версия справочника года
82655000,82655000,2023,153.0,версия справочника года
82656000,82656000,2023,154.0,версия справочника года
82657000,82657000,2023,155.0,версия справочника года
82658000,82658000,2023,156.0,версия справочника года
82659000,82659000,2023,157.0,версия справочника года
82701000,82701000,2023,107.0,версия справочника года
82705000,82705000,2023,108.0,версия справочника года
82708000,82708000,2023,109.0,версия справочника года
82710000,82710000,2023,110.0,версия справочника года
82715000,82715000,2023,111.0,версия справочника года
82720000,82720000,2023,112.0,версия справочника года
82725000,82725000,2023,113.0,версия справочника года
82730000,82730000,2023,114.0,версия справочника года
82735000,82735000,2023,115.0,версия справочника года
82738000,82738000,2023,116.0,версия справочника года
83610000,83610000,2023,170.0,версия справочника года
83615000,83615000,2023,171.0,версия справочника года
83618000,83618000,2023,172.0,версия справочника года
83620000,83620000,2023,173.0,версия справочника года
83625000,83625000,2023,174.0,версия справочника года
83630000,83630000,2023,175.0,версия справочника года
83635000,83635000,2023,176.0,версия справочника года
83640000,83640000,2023,177.0,версия справочника года
83645000,83645000,2023,178.0,версия справочника года
83648000,83648000,2023,179.0,версия справочника года
83701000,83701000,2023,167.0,версия справочника года
83703000,83703000,2023,168.0,версия справочника года
83710000,83710000,2023,169.0,версия справочника года
84610000,84610000,2023,11.0,версия справочника года
84615000,84615000,2023,12.0,версия справочника года
84620000,84620000,2023,13.0,версия справочника года
84625000,84625000,2023,14.0,версия справочника года
84630000,84630000,2023,15.0,версия справочника года
84635000,84635000,2023,16.0,версия справочника года
84640000,84640000,2023,17.0,версия справочника года
84643000,84643000,2023,18.0,версия справочника года
84645000,84645000,2023,19.0,версия справочника года
84650000,84650000,2023,20.0,версия справочника года
84701000,84701000,2023,10.0,версия справочника года
85605000,85605000,2023,181.0,версия справочника года
85610000,85610000,2023,182.0,версия справочника года
85615000,85615000,2023,184.0,версия справочника года
85620000,85620000,2023,185.0,версия справочника года
85623000,85623000,2023,186.0,версия справочника года
85625000,85625000,2023,183.0,версия справочника года
85628000,85628000,2023,187.0,версия справочника года
85632000,85632000,2023,188.0,версия справочника года
85637000,85637000,2023,189.0,версия справочника года
85642000,85642000,2023,190.0,версия справочника года
85646000,85646000,2023,191.0,версия справочника года
85650000,85650000,2023,192.0,версия справочника года
85654000,85654000,2023,193.0,версия справочника года
85701000,85701000,2023,180.0,версия справочника года
86550000,86550000,2023,223.0,версия справочника года
86604000,86504000,2023,208.0,версия справочника года
86609000,86609000,2023,209.0,версия справочника года
86610000,86510000,2023,222.0,версия справочника года
86612000,86612000,2023,210.0,версия справочника года
86615000,86615000,2023,211.0,версия справочника года
86618000,86618000,2023,212.0,версия справочника года
86621000,86621000,2023,213.0,версия справочника года
86624000,86624000,2023,214.0,версия справочника года
86627000,86627000,2023,215.0,версия справочника года
86630000,86630000,2023,216.0,версия справочника года
86633000,86533000,2023,217.0,версия справочника года
86636000,86636000,2023,218.0,версия справочника года
86639000,86639000,2023,219.0,версия справочника года
86642000,86642000,2023,220.0,версия справочника года
86645000,86545000,2023,221.0,версия справочника года
86701000,86701000,2023,206.0,версия справочника года
86706000,86706000,2023,207.0,версия справочника года
87604000,87604000,2023,230.0,версия справочника года
87608000,87508000,2023,231.0,версия справочника года
87612000,87612000,2023,232.0,версия справочника года
87616000,87616000,2023,233.0,версия справочника года
87620000,87620000,2023,234.0,версия справочника года
87624000,87624000,2023,235.0,версия справочника года
87626000,87626000,2023,236.0,версия справочника года
87628000,87628000,2023,237.0,версия справочника года
87632000,87632000,2023,238.0,версия справочника года
87636000,87636000,2023,239.0,версия справочника года
87640000,87640000,2023,240.0,версия справочника года
87644000,87644000,2023,241.0,версия справочника года
87648000,87648000,2023,242.0,версия справочника года
87652000,87652000,2023,243.0,версия справочника года
87701000,87701000,2023,224.0,версия справочника года
87710000,87510000,2023,225.0,версия справочника года
87712000,87512000,2023,226.0,версия справочника года
87715000,87515000,2023,227.0,версия справочника года
87723000,87523000,2023,228.0,версия справочника года
87725000,87525000,2023,229.0,версия справочника года
88604000,88604000,2023,272.0,версия справочника года
88608000,88608000,2023,273.0,версия справочника года
88612000,88612000,2023,274.0,версия справочника года
88616000,88516000,2023,275.0,версия справочника года
88620000,88620000,2023,276.0,версия справочника года
88624000,88624000,2023,277.0,версия справочника года
88628000,88628000,2023,278.0,версия справочника года
88632000,88632000,2023,279.0,версия справочника года
88636000,88636000,2023,280.0,версия справочника года
88640000,88640000,2023,281.0,версия справочника года
88644000,88644000,2023,282.0,версия справочника года
88648000,88648000,2023,283.0,версия справочника года
88652000,88652000,2023,284.0,версия справочника года
88656000,88656000,2023,285.0,версия справочника года
88701000,88701000,2023,269.0,версия справочника года
88705000,88705000,2023,270.0,версия справочника года
88715000,88715000,2023,271.0,версия справочника года
89603000,89603000,2023,287.0,версия справочника года
89605000,89605000,2023,288.0,версия справочника года
89607000,89607000,2023,289.0,версия справочника года
89610000,89610000,2023,290.0,версия справочника года
89613000,89613000,2023,291.0,версия справочника года
89616000,89616000,2023,292.0,версия справочника года
89618000,89618000,2023,293.0,версия справочника года
89621000,89621000,2023,294.0,версия справочника года
89624000,89624000,2023,295.0,версия справочника года
89626000,89626000,2023,296.0,версия справочника года
89628000,89628000,2023,297.0,версия справочника года
89629000,89629000,2023,298.0,версия справочника года
89631000,89631000,2023,299.0,версия справочника года
89634000,89634000,2023,300.0,версия справочника года
89637000,89637000,2023,301.0,версия справочника года
89640000,89640000,2023,302.0,версия справочника года
89643000,89643000,2023,303.0,версия справочника года
89646000,89646000,2023,304.0,версия справочника года
89649000,89649000,2023,305.0,версия справочника года
89651000,89651000,2023,306.0,версия справочника года
89654000,89654000,2023,307.0,версия справочника года
89657000,89657000,2023,308.0,версия справочника года
89701000,89701000,2023,286.0,версия справочника года
90605000,90605000,2023,346.0,версия справочника года
90610000,90610000,2023,347.0,версия справочника года
90615000,90615000,2023,348.0,версия справочника года
90620000,90620000,2023,349.0,версия справочника года
90625000,90625000,2023,350.0,версия справочника года
90630000,90630000,2023,351.0,версия справочника года
90635000,90635000,2023,352.0,версия справочника года
90640000,90640000,2023,353.0,версия справочника года
90701000,90701000,2023,345.0,версия справочника года
91601000,91601000,2023,196.0,версия справочника года
91603000,91603000,2023,197.0,версия справочника года
91610000,91610000,2023,198.0,версия справочника года
91615000,91615000,2023,199.0,версия справочника года
91620000,91620000,2023,200.0,версия справочника года
91623000,91623000,2023,201.0,версия справочника года
91625000,91625000,2023,202.0,версия справочника года
91630000,91630000,2023,203.0,версия справочника года
91635000,91635000,2023,204.0,версия справочника года
91640000,91640000,2023,205.0,версия справочника года
91701000,91701000,2023,194.0,версия справочника года
91705000,91705000,2023,195.0,версия справочника года
92601000,92601000,2023,356.0,версия справочника года
92602000,92602000,2023,357.0,версия справочника года
92604000,92604000,2023,358.0,версия справочника года
92605000,92605000,2023,359.0,версия справочника года
92606000,92606000,2023,360.0,версия справочника года
92607000,92607000,2023,361.0,версия справочника года
92608000,92608000,2023,362.0,версия справочника года
92610000,92610000,2023,363.0,версия справочника года
92612000,92612000,2023,364.0,версия справочника года
92613000,92613000,2023,365.0,версия справочника года
92614000,92614000,2023,366.0,версия справочника года
92615000,92615000,2023,367.0,версия справочника года
92617000,92617000,2023,368.0,версия справочника года
92618000,92618000,2023,369.0,версия справочника года
92620000,92620000,2023,370.0,версия справочника года
92622000,92622000,2023,371.0,версия справочника года
92624000,92624000,2023,372.0,версия справочника года
92626000,92626000,2023,373.0,версия справочника года
92627000,92627000,2023,374.0,версия справочника года
92628000,92628000,2023,375.0,версия справочника года
92629000,92629000,2023,376.0,версия справочника года
92630000,92630000,2023,377.0,версия справочника года
92632000,92632000,2023,392.0,версия справочника года
92633000,92633000,2023,378.0,версия справочника года
92634000,92634000,2023,379.0,версия справочника года
92636000,92636000,2023,380.0,версия справочника года
92638000,92638000,2023,381.0,версия справочника года
92639000,92639000,2023,382.0,версия справочника года
92640000,92640000,2023,383.0,версия справочника года
92642000,92642000,2023,384.0,версия справочника года
92644000,92644000,2023,385.0,версия справочника года
92645000,92645000,2023,386.0,версия справочника года
92646000,92646000,2023,387.0,версия справочника года
92648000,92648000,2023,388.0,версия справочника года
92650000,92650000,2023,389.0,версия справочника года
92652000,92652000,2023,390.0,версия справочника года
92653000,92653000,2023,391.0,версия справочника года
92654000,92654000,2023,398.0,версия справочника года
92655000,92655000,2023,393.0,версия справочника года
92656000,92656000,2023,395.0,версия справочника года
92657000,92657000,2023,394.0,версия справочника года
92658000,92658000,2023,396.0,версия справочника года
92659000,92659000,2023,397.0,версия справочника года
92701000,92701000,2023,354.0,версия справочника года
92730000,92730000,2023,355.0,версия справочника года
93605000,93605000,2023,401.0,версия справочника года
93610000,93610000,2023,402.0,версия справочника года
93615000,93615000,2023,403.0,версия справочника года
93620000,93620000,2023,404.0,версия справочника года
93622000,93622000,2023,405.0,версия справочника года
93625000,93625000,2023,406.0,версия справочника года
93630000,93630000,2023,407.0,версия справочника года
93635000,93635000,2023,408.0,версия справочника года
93638000,93638000,2023,409.0,версия справочника года
93640000,93640000,2023,410.0,версия справочника года
93643000,93643000,2023,411.0,версия справочника года
93645000,93645000,2023,412.0,версия справочника года
93650000,93650000,2023,413.0,версия справочника года
93654000,93654000,2023,414.0,версия справочника года
93656000,93656000,2023,415.0,версия справочника года
93657000,93657000,2023,416.0,версия справочника года
93658000,93658000,2023,417.0,версия справочника года
93701000,93701000,2023,399.0,версия справочника года
93703000,93703000,2023,400.0,версия справочника года
94502000,94502000,2023,423.0,версия справочника года
94504000,94504000,2023,424.0,версия справочника года
94506000,94506000,2023,425.0,версия справочника года
94508000,94508000,2023,426.0,версия справочника года
94510000,94510000,2023,427.0,версия справочника года
94512000,94512000,2023,428.0,версия справочника года
94514000,94514000,2023,429.0,версия справочника года
94516000,94516000,2023,430.0,версия справочника года
94518000,94518000,2023,431.0,версия справочника года
94520000,94520000,2023,432.0,версия справочника года
94522000,94522000,2023,433.0,версия справочника года
94524000,94524000,2023,434.0,версия справочника года
94526000,94526000,2023,435.0,версия справочника года
94528000,94528000,2023,436.0,версия справочника года
94530000,94530000,2023,437.0,версия справочника года
94533000,94533000,2023,438.0,версия справочника года
94535000,94535000,2023,439.0,версия справочника года
94537000,94537000,2023,440.0,версия справочника года
94539000,94539000,2023,441.0,версия справочника года
94541000,94541000,2023,442.0,версия справочника года
94544000,94544000,2023,443.0,версия справочника года
94546000,94546000,2023,444.0,версия справочника года
94548000,94548000,2023,445.0,версия справочника года
94550000,94550000,2023,446.0,версия справочника года
94552000,94552000,2023,447.0,версия справочника года
94701000,94701000,2023,418.0,версия справочника года
94710000,94710000,2023,419.0,версия справочника года
94720000,94720000,2023,420.0,версия справочника года
94730000,94730000,2023,421.0,версия справочника года
94740000,94740000,2023,422.0,версия справочника года
95605000,95605000,2023,453.0,версия справочника года
95608000,95608000,2023,454.0,версия справочника года
95612000,95612000,2023,455.0,версия справочника года
95615000,95615000,2023,456.0,версия справочника года
95620000,95620000,2023,457.0,версия справочника года
95625000,95625000,2023,458.0,версия справочника года
95630000,95630000,2023,459.0,версия справочника года
95635000,95635000,2023,460.0,версия справочника года
95701000,95701000,2023,448.0,версия справочника года
95702000,95702000,2023,449.0,версия справочника года
95708000,95708000,2023,450.0,версия справочника года
95709000,95709000,2023,451.0,версия справочника года
95715000,95715000,2023,452.0,версия справочника года
96602000,96602000,2023,463.0,версия справочника года
96604000,96604000,2023,464.0,версия справочника года
96607000,96607000,2023,465.0,версия справочника года
96610000,96610000,2023,466.0,версия справочника года
96611000,96611000,2023,467.0,версия справочника года
96612000,96612000,2023,468.0,версия справочника года
96616000,96616000,2023,469.0,версия справочника года
96622000,96622000,2023,470.0,версия справочника года
96625000,96625000,2023,471.0,версия справочника года
96628000,96628000,2023,472.0,версия справочника года
96631000,96631000,2023,473.0,версия справочника года
96634000,96634000,2023,474.0,версия справочника года
96637000,96637000,2023,475.0,версия справочника года
96640000,96640000,2023,476.0,версия справочника года
96691000,96691000,2023,477.0,версия справочника года
96701000,96701000,2023,461.0,версия справочника года
96702000,96702000,2023,462.0,версия справочника года
97503000,97503000,2023,483.0,версия справочника года
97505000,97505000,2023,484.0,версия справочника года
97507000,97507000,2023,485.0,версия справочника года
97510000,97510000,2023,486.0,версия справочника года
97513000,97513000,2023,487.0,версия справочника года
97516000,97516000,2023,488.0,версия справочника года
97519000,97519000,2023,489.0,версия справочника года
97521000,97521000,2023,490.0,версия справочника года
97524000,97524000,2023,491.0,версия справочника года
97526000,97526000,2023,492.0,версия справочника года
97529000,97529000,2023,493.0,версия справочника года
97532000,97532000,2023,494.0,версия справочника года
97535000,97535000,2023,495.0,версия справочника года
97538000,97538000,2023,496.0,версия справочника года
97541000,97541000,2023,497.0,версия справочника года
97544000,97544000,2023,498.0,версия справочника года
97547000,97547000,2023,499.0,версия справочника года
97550000,97550000,2023,500.0,версия справочника года
97553000,97553000,2023,501.0,версия справочника года
97555000,97555000,2023,502.0,версия справочника года
97558000,97558000,2023,503.0,версия справочника года
97701000,97701000,2023,478.0,версия справочника года
97704000,97704000,2023,479.0,версия справочника года
97707000,97707000,2023,480.0,версия справочника года
97710000,97710000,2023,481.0,версия справочника года
97713000,97713000,2023,482.0,версия справочника года
98601000,98601000,2023,311.0,версия справочника года
98603000,98603000,2023,312.0,версия справочника года
98604000,98604000,2023,337.0,версия справочника года
98606000,98606000,2023,313.0,версия справочника года
98608000,98608000,2023,314.0,версия справочника года
98610000,98610000,2023,315.0,версия справочника года
98612000,98612000,2023,316.0,версия справочника года
98614000,98614000,2023,317.0,версия справочника года
98615000,98615000,2023,318.0,версия справочника года
98616000,98616000,2023,319.0,версия справочника года
98618000,98618000,2023,320.0,версия справочника года
98620000,98620000,2023,321.0,версия справочника года
98622000,98622000,2023,322.0,версия справочника года
98624000,98624000,2023,323.0,версия справочника года
98626000,98626000,2023,324.0,версия справочника года
98627000,98627000,2023,325.0,версия справочника года
98629000,98629000,2023,326.0,версия справочника года
98631000,98631000,2023,327.0,версия справочника года
98633000,98633000,2023,328.0,версия справочника года
98635000,98635000,2023,329.0,версия справочника года
98637000,98637000,2023,331.0,версия справочника года
98639000,98639000,2023,332.0,версия справочника года
98641000,98641000,2023,333.0,версия справочника года
98642000,98642000,2023,334.0,версия справочника года
98644000,98644000,2023,342.0,версия справочника года
98646000,98646000,2023,335.0,версия справочника года
98648000,98648000,2023,336.0,версия справочника года
98650000,98650000,2023,338.0,версия справочника года
98652000,98652000,2023,339.0,версия справочника года
98654000,98654000,2023,340.0,версия справочника года
98656000,98656000,2023,341.0,версия справочника года
98658000,98658000,2023,343.0,версия справочника года
98659000,98659000,2023,344.0,версия справочника года
98660000,98660000,2023,330.0,версия справочника года
98701000,98701000,2023,309.0,версия справочника года
98702000,98702000,2023,310.0,версия справочника года
99605000,99605000,2023,2339.0,версия справочника года
99610000,99610000,2023,2340.0,версия справочника года
99620000,99620000,2023,2341.0,версия справочника года
99625000,99625000,2023,2342.0,версия справочника года
99630000,99630000,2023,2343.0,версия справочника года
99701000,99701000,2023,2338.0,версия справочника года
01512000,01512000,2024,525.0,версия справочника года
01539000,01539000,2024,511.0,версия справочника года
01541000,01541000,2024,553.0,версия справочника года
01558000,01558000,2024,570.0,версия справочника года
01601000,01601000,2024,514.0,версия справочника года
01602000,01602000,2024,515.0,версия справочника года
01603000,01603000,2024,516.0,версия справочника года
01604000,01604000,2024,517.0,версия справочника года
01605000,01605000,2024,518.0,версия справочника года
01606000,01606000,2024,519.0,версия справочника года
01607000,01607000,2024,520.0,версия справочника года
01608000,01608000,2024,521.0,версия справочника года
01609000,01609000,2024,522.0,версия справочника года
01610000,01610000,2024,523.0,версия справочника года
01611000,01611000,2024,524.0,версия справочника года
01613000,01613000,2024,526.0,версия справочника года
01614000,01514000,2024,527.0,версия справочника года
01615000,01615000,2024,528.0,версия справочника года
01616000,01616000,2024,529.0,версия справочника года
01617000,01617000,2024,530.0,версия справочника года
01618000,01618000,2024,531.0,версия справочника года
01619000,01619000,2024,532.0,версия справочника года
01620000,01620000,2024,533.0,версия справочника года
01621000,01621000,2024,534.0,версия справочника года
01622000,01622000,2024,535.0,версия справочника года
01623000,01623000,2024,536.0,версия справочника года
01624000,01624000,2024,537.0,версия справочника года
01625000,01625000,2024,538.0,версия справочника года
01626000,01626000,2024,539.0,версия справочника года
01627000,01627000,2024,540.0,версия справочника года
01628000,01628000,2024,541.0,версия справочника года
01629000,01629000,2024,542.0,версия справочника года
01630000,01630000,2024,543.0,версия справочника года
01631000,01631000,2024,544.0,версия справочника года
01632000,01632000,2024,545.0,версия справочника года
01633000,01633000,2024,546.0,версия справочника года
01634000,01634000,2024,547.0,версия справочника года
01635000,01635000,2024,548.0,версия справочника года
01636000,01636000,2024,549.0,версия справочника года
01637000,01637000,2024,550.0,версия справочника года
01638000,01638000,2024,551.0,версия справочника года
01640000,01640000,2024,552.0,версия справочника года
01642000,01642000,2024,554.0,версия справочника года
01643000,01643000,2024,555.0,версия справочника года
01644000,01644000,2024,556.0,версия справочника года
01645000,01645000,2024,557.0,версия справочника года
01646000,01646000,2024,558.0,версия справочника года
01647000,01647000,2024,559.0,версия справочника года
01648000,01648000,2024,560.0,версия справочника года
01649000,01649000,2024,561.0,версия справочника года
01650000,01650000,2024,562.0,версия справочника года
01651000,01651000,2024,563.0,версия справочника года
01652000,01652000,2024,564.0,версия справочника года
01653000,01653000,2024,565.0,версия справочника года
01654000,01654000,2024,566.0,версия справочника года
01655000,01655000,2024,567.0,версия справочника года
01656000,01656000,2024,568.0,версия справочника года
01657000,01657000,2024,569.0,версия справочника года
01659000,01659000,2024,571.0,версия справочника года
01660000,01660000,2024,572.0,версия справочника года
01701000,01701000,2024,504.0,версия справочника года
01703000,01703000,2024,505.0,версия справочника года
01704000,01704000,2024,506.0,версия справочника года
01705000,01705000,2024,507.0,версия справочника года
01706000,01706000,2024,508.0,версия справочника года
01713000,01713000,2024,509.0,версия справочника года
01716000,01716000,2024,510.0,версия справочника года
01730000,01730000,2024,512.0,версия справочника года
01755000,01755000,2024,513.0,версия справочника года
03601000,03601000,2024,629.0,версия справочника года
03605000,03605000,2024,630.0,версия справочника года
03607000,03607000,2024,631.0,версия справочника года
03608000,03608000,2024,632.0,версия справочника года
03610000,03610000,2024,633.0,версия справочника года
03612000,03612000,2024,634.0,версия справочника года
03613000,03613000,2024,635.0,версия справочника года
03614000,03614000,2024,636.0,версия справочника года
03616000,03616000,2024,637.0,версия справочника года
03618000,03618000,2024,638.0,версия справочника года
03619000,03619000,2024,639.0,версия справочника года
03620000,03620000,2024,640.0,версия справочника года
03621000,03621000,2024,641.0,версия справочника года
03623000,03623000,2024,642.0,версия справочника года
03624000,03624000,2024,643.0,версия справочника года
03625000,03625000,2024,644.0,версия справочника года
03627000,03627000,2024,645.0,версия справочника года
03628000,03628000,2024,646.0,версия справочника года
03630000,03630000,2024,647.0,версия справочника года
03632000,03532000,2024,648.0,версия справочника года
03633000,03633000,2024,649.0,версия справочника года
03634000,03634000,2024,650.0,версия справочника года
03635000,03635000,2024,651.0,версия справочника года
03637000,03637000,2024,652.0,версия справочника года
03639000,03639000,2024,653.0,версия справочника года
03641000,03541000,2024,654.0,версия справочника года
03643000,03643000,2024,655.0,версия справочника года
03645000,03645000,2024,656.0,версия справочника года
03647000,03647000,2024,657.0,версия справочника года
03649000,03649000,2024,658.0,версия справочника года
03651000,03651000,2024,659.0,версия справочника года
03653000,03653000,2024,660.0,версия справочника года
03654000,03654000,2024,661.0,версия справочника года
03655000,03555000,2024,662.0,версия справочника года
03656000,03656000,2024,663.0,версия справочника года
03657000,03657000,2024,664.0,версия справочника года
03659000,03659000,2024,665.0,версия справочника года
03701000,03701000,2024,622.0,версия справочника года
03703000,03501000,2024,623.0,версия справочника года
03705000,03705000,2024,624.0,версия справочника года
03708000,03708000,2024,625.0,версия справочника года
03709000,03504000,2024,626.0,версия справочника года
03720000,03720000,2024,627.0,версия справочника года
03726000,03726000,2024,2812.0,версия справочника года
03731000,03726000,2024,2748.0,версия справочника года
04545000,04545000,2024,713.0,версия справочника года
04555000,04555000,2024,721.0,версия справочника года
04558000,04558000,2024,724.0,версия справочника года
04601000,04601000,2024,683.0,версия справочника года
04603000,04603000,2024,684.0,версия справочника года
04604000,04604000,2024,685.0,версия справочника года
04605000,04605000,2024,686.0,версия справочника года
04606000,04606000,2024,687.0,версия справочника года
04608000,04608000,2024,688.0,версия справочника года
04609000,04609000,2024,689.0,версия справочника года
04610000,04610000,2024,690.0,версия справочника года
04611000,04611000,2024,691.0,версия справочника года
04613000,04613000,2024,692.0,версия справочника года
04614000,04614000,2024,693.0,версия справочника года
04615000,04615000,2024,694.0,версия справочника года
04616000,04616000,2024,695.0,версия справочника года
04617000,04617000,2024,696.0,версия справочника года
04618000,04618000,2024,697.0,версия справочника года
04619000,04619000,2024,698.0,версия справочника года
04620000,04620000,2024,699.0,версия справочника года
04621000,04621000,2024,700.0,версия справочника года
04622000,04622000,2024,701.0,версия справочника года
04624000,04624000,2024,702.0,версия справочника года
04626000,04626000,2024,703.0,версия справочника года
04628000,04628000,2024,704.0,версия справочника года
04630000,04630000,2024,705.0,версия справочника года
04631000,04631000,2024,706.0,версия справочника года
04633000,04633000,2024,707.0,версия справочника года
04635000,04635000,2024,708.0,версия справочника года
04637000,04637000,2024,709.0,версия справочника года
04639000,04639000,2024,710.0,версия справочника года
04641000,04641000,2024,711.0,версия справочника года
04643000,04643000,2024,712.0,версия справочника года
04647000,04647000,2024,714.0,версия справочника года
04648000,04648000,2024,715.0,версия справочника года
04649000,04649000,2024,716.0,версия справочника года
04650000,04650000,2024,726.0,версия справочника года
04651000,04651000,2024,717.0,версия справочника года
04652000,04652000,2024,719.0,версия справочника года
04653000,04653000,2024,718.0,версия справочника года
04654000,04654000,2024,720.0,версия справочника года
04656000,04656000,2024,722.0,версия справочника года
04657000,04657000,2024,723.0,версия справочника года
04659000,04659000,2024,725.0,версия справочника года
04701000,04701000,2024,666.0,версия справочника года
04703000,04703000,2024,667.0,версия справочника года
04706000,04706000,2024,668.0,версия справочника года
04707000,04707000,2024,669.0,версия справочника года
04709000,04709000,2024,670.0,версия справочника года
04712000,04712000,2024,671.0,версия справочника года
04720000,04720000,2024,674.0,версия справочника года
04722000,04722000,2024,675.0,версия справочника года
04723000,04723000,2024,676.0,версия справочника года
04726000,04726000,2024,677.0,версия справочника года
04729000,04729000,2024,678.0,версия справочника года
04733000,04733000,2024,679.0,версия справочника года
04740000,04740000,2024,680.0,версия справочника года
04775000,04775000,2024,681.0,версия справочника года
05502000,05502000,2024,787.0,версия справочника года
05510000,05510000,2024,789.0,версия справочника года
05514000,05514000,2024,791.0,версия справочника года
05517000,05517000,2024,792.0,версия справочника года
05526000,05526000,2024,795.0,версия справочника года
05528000,05528000,2024,796.0,версия справочника года
05530000,05530000,2024,797.0,версия справочника года
05532000,05532000,2024,798.0,версия справочника года
05534000,05534000,2024,799.0,версия справочника года
05540000,05540000,2024,801.0,версия справочника года
05546000,05546000,2024,802.0,версия справочника года
05548000,05548000,2024,803.0,версия справочника года
05550000,05550000,2024,804.0,версия справочника года
05553000,05553000,2024,805.0,версия справочника года
05555000,05555000,2024,806.0,версия справочника года
05557000,05557000,2024,807.0,версия справочника года
05559000,05559000,2024,808.0,версия справочника года
05607000,05607000,2024,788.0,версия справочника года
05612000,05612000,2024,790.0,версия справочника года
05620000,05520000,2024,793.0,версия справочника года
05623000,05623000,2024,794.0,версия справочника года
05637000,05637000,2024,800.0,версия справочника года
05701000,05701000,2024,775.0,версия справочника года
05703000,05703000,2024,776.0,версия справочника года
05705000,05705000,2024,777.0,версия справочника года
05706000,05706000,2024,778.0,версия справочника года
05707000,05707000,2024,779.0,версия справочника года
05708000,05708000,2024,780.0,версия справочника года
05711000,05711000,2024,781.0,версия справочника года
05714000,05714000,2024,782.0,версия справочника года
05717000,05717000,2024,783.0,версия справочника года
05720000,05720000,2024,784.0,версия справочника года
05723000,05723000,2024,785.0,версия справочника года
05747000,05747000,2024,786.0,версия справочника года
07502000,07502000,2024,826.0,версия справочника года
07503000,07503000,2024,827.0,версия справочника года
07505000,07505000,2024,828.0,версия справочника года
07507000,07507000,2024,829.0,версия справочника года
07510000,07510000,2024,810.0,версия справочника года
07512000,07512000,2024,830.0,версия справочника года
07515000,07515000,2024,811.0,версия справочника года
07517000,07517000,2024,831.0,версия справочника года
07520000,07520000,2024,814.0,версия справочника года
07522000,07522000,2024,815.0,версия справочника года
07525000,07525000,2024,817.0,версия справочника года
07528000,07528000,2024,832.0,версия справочника года
07530000,07530000,2024,833.0,версия справочника года
07533000,07533000,2024,834.0,версия справочника года
07536000,07536000,2024,835.0,версия справочника года
07539000,07539000,2024,819.0,версия справочника года
07541000,07541000,2024,821.0,версия справочника года
07543000,07543000,2024,822.0,версия справочника года
07544000,07544000,2024,836.0,версия справочника года
07546000,07546000,2024,823.0,версия справочника года
07548000,07548000,2024,2881.0,версия справочника года
07550000,07550000,2024,825.0,версия справочника года
07552000,07552000,2024,838.0,версия справочника года
07554000,07554000,2024,839.0,версия справочника года
07556000,07556000,2024,840.0,версия справочника года
07558000,07558000,2024,841.0,версия справочника года
07701000,07701000,2024,809.0,версия справочника года
07710000,07710000,2024,812.0,версия справочника года
07712000,07712000,2024,813.0,версия справочника года
07715000,07715000,2024,2876.0,версия справочника года
07718000,07718000,2024,818.0,версия справочника года
07724000,07724000,2024,820.0,версия справочника года
07727000,07727000,2024,824.0,версия справочника года
08534000,08534000,2024,854.0,версия справочника года
08603000,08603000,2024,844.0,версия справочника года
08606000,08606000,2024,845.0,версия справочника года
08609000,08509000,2024,846.0,версия справочника года
08612000,08612000,2024,847.0,версия справочника года
08614000,08614000,2024,848.0,версия справочника года
08617000,08617000,2024,849.0,версия справочника года
08620000,08620000,2024,850.0,версия справочника года
08624000,08624000,2024,851.0,версия справочника года
08628000,08628000,2024,852.0,версия справочника года
08631000,08631000,2024,853.0,версия справочника года
08637000,08637000,2024,855.0,версия справочника года
08642000,08642000,2024,856.0,версия справочника года
08644000,08644000,2024,857.0,версия справочника года
08646000,08646000,2024,858.0,версия справочника года
08650000,08650000,2024,859.0,версия справочника года
08655000,08655000,2024,860.0,версия справочника года
08701000,08701000,2024,842.0,версия справочника года
08709000,08709000,2024,843.0,версия справочника года
10505000,10505000,2024,870.0,версия справочника года
10508000,10508000,2024,871.0,версия справочника года
10511000,10511000,2024,872.0,версия справочника года
10515000,10515000,2024,873.0,версия справочника года
10521000,10521000,2024,874.0,версия справочника года
10525000,10525000,2024,875.0,версия справочника года
10528000,10528000,2024,876.0,версия справочника года
10540000,10540000,2024,882.0,версия справочника года
10547000,10547000,2024,885.0,версия справочника года
10549000,10549000,2024,886.0,версия справочника года
10551000,10551000,2024,887.0,версия справочника года
10554000,10554000,2024,888.0,версия справочника года
10555000,10555000,2024,889.0,версия справочника года
10630000,10630000,2024,877.0,версия справочника года
10631000,10531000,2024,878.0,версия справочника года
10632000,10532000,2024,879.0,версия справочника года
10635000,10635000,2024,880.0,версия справочника года
10638000,10638000,2024,881.0,версия справочника года
10642000,10642000,2024,883.0,версия справочника года
10645000,10645000,2024,884.0,версия справочника года
10701000,10701000,2024,861.0,версия справочника года
10710000,10710000,2024,862.0,версия справочника года
10712000,10712000,2024,863.0,версия справочника года
10720000,10720000,2024,864.0,версия справочника года
10730000,10730000,2024,865.0,версия справочника года
10732000,10732000,2024,866.0,версия справочника года
10740000,10740000,2024,867.0,версия справочника года
10775000,10775000,2024,868.0,версия справочника года
11508000,11508000,2024,898.0,версия справочника года
11511000,11511000,2024,899.0,версия справочника года
11514000,11514000,2024,900.0,версия справочника года
11518000,11518000,2024,901.0,версия справочника года
11527000,11527000,2024,903.0,версия справочника года
11530000,11530000,2024,904.0,версия справочника года
11538000,11538000,2024,906.0,версия справочника года
11542000,11542000,2024,907.0,версия справочника года
11544000,11544000,2024,908.0,версия справочника года
11548000,11548000,2024,910.0,версия справочника года
11550000,11550000,2024,911.0,версия справочника года
11552000,11552000,2024,912.0,версия справочника года
11554000,11554000,2024,913.0,версия справочника года
11556000,11556000,2024,914.0,версия справочника года
11558000,11558000,2024,915.0,версия справочника года
11605000,11605000,2024,897.0,версия справочника года
11622000,11622000,2024,902.0,версия справочника года
11635000,11635000,2024,905.0,версия справочника года
11646000,11546000,2024,909.0,версия справочника года
11701000,11701000,2024,890.0,версия справочника года
11708000,11708000,2024,891.0,версия справочника года
11710000,11710000,2024,892.0,версия справочника года
11712000,11712000,2024,894.0,версия справочника года
11715000,11715000,2024,895.0,версия справочника года
11725000,11725000,2024,893.0,версия справочника года
11730000,11503000,2024,896.0,версия справочника года
11811000,11811000,2024,917.0,версия справочника года
11851000,11851000,2024,916.0,версия справочника года
12605000,12605000,2024,920.0,версия справочника года
12610000,12610000,2024,921.0,версия справочника года
12615000,12615000,2024,922.0,версия справочника года
12620000,12620000,2024,923.0,версия справочника года
12625000,12625000,2024,924.0,версия справочника года
12630000,12530000,2024,925.0,версия справочника года
12635000,12635000,2024,926.0,версия справочника года
12640000,12640000,2024,927.0,версия справочника года
12642000,12642000,2024,928.0,версия справочника года
12645000,12645000,2024,929.0,версия справочника года
12650000,12550000,2024,930.0,версия справочника года
12701000,12701000,2024,918.0,версия справочника года
12719000,12719000,2024,919.0,версия справочника года
14610000,14610000,2024,935.0,версия справочника года
14615000,14615000,2024,936.0,версия справочника года
14625000,14625000,2024,938.0,версия справочника года
14630000,14630000,2024,939.0,версия справочника года
14638000,14638000,2024,941.0,версия справочника года
14640000,14640000,2024,942.0,версия справочника года
14641000,14641000,2024,943.0,версия справочника года
14642000,14642000,2024,944.0,версия справочника года
14643000,14643000,2024,945.0,версия справочника года
14646000,14646000,2024,947.0,версия справочника года
14648000,14648000,2024,948.0,версия справочника года
14650000,14650000,2024,949.0,версия справочника года
14654000,14654000,2024,950.0,версия справочника года
14701000,14701000,2024,931.0,версия справочника года
14710000,14510000,2024,934.0,версия справочника года
14720000,14520000,2024,937.0,версия справочника года
14725000,14725000,2024,940.0,версия справочника года
14730000,14730000,2024,932.0,версия справочника года
14735000,14535000,2024,946.0,версия справочника года
14740000,14740000,2024,933.0,версия справочника года
14750000,14550000,2024,951.0,версия справочника года
14755000,14555000,2024,952.0,версия справочника года
15501000,15501000,2024,2714.0,версия справочника года
15502000,15502000,2024,966.0,версия справочника года
15604000,15604000,2024,959.0,версия справочника года
15608000,15608000,2024,960.0,версия справочника года
15610000,15610000,2024,961.0,версия справочника года
15611000,15611000,2024,962.0,версия справочника года
15612000,15612000,2024,963.0,версия справочника года
15616000,15616000,2024,964.0,версия справочника года
15620000,15620000,2024,965.0,версия справочника года
15623000,15623000,2024,967.0,версия справочника года
15624000,15624000,2024,968.0,версия справочника года
15626000,15626000,2024,969.0,версия справочника года
15628000,15628000,2024,970.0,версия справочника года
15630000,15630000,2024,971.0,версия справочника года
15632000,15632000,2024,972.0,версия справочника года
15634000,15634000,2024,973.0,версия справочника года
15636000,15636000,2024,974.0,версия справочника года
15638000,15638000,2024,975.0,версия справочника года
15642000,15642000,2024,977.0,версия справочника года
15644000,15644000,2024,978.0,версия справочника года
15646000,15646000,2024,979.0,версия справочника года
15648000,15648000,2024,980.0,версия справочника года
15652000,15652000,2024,982.0,версия справочника года
15654000,15654000,2024,983.0,версия справочника года
15656000,15656000,2024,984.0,версия справочника года
15658000,15658000,2024,985.0,версия справочника года
15701000,15701000,2024,953.0,версия справочника года
15710000,15710000,2024,957.0,версия справочника года
15715000,15715000,2024,954.0,версия справочника года
15720000,15720000,2024,2650.0,версия справочника года
15725000,15725000,2024,956.0,версия справочника года
17605000,17605000,2024,991.0,версия справочника года
17610000,17610000,2024,992.0,версия справочника года
17615000,17615000,2024,993.0,версия справочника года
17620000,17620000,2024,994.0,версия справочника года
17625000,17625000,2024,995.0,версия справочника года
17630000,17630000,2024,996.0,версия справочника года
17635000,17635000,2024,997.0,версия справочника года
17640000,17640000,2024,998.0,версия справочника года
17642000,17542000,2024,999.0,версия справочника года
17644000,17644000,2024,1000.0,версия справочника года
17646000,17646000,2024,1001.0,версия справочника года
17648000,17648000,2024,1002.0,версия справочника года
17650000,17550000,2024,1003.0,версия справочника года
17652000,17652000,2024,1004.0,версия справочника года
17654000,17654000,2024,1005.0,версия справочника года
17656000,17656000,2024,1006.0,версия справочника года
17701000,17701000,2024,986.0,версия справочника года
17720000,17720000,2024,987.0,версия справочника года
17725000,17725000,2024,988.0,версия справочника года
17735000,17735000,2024,989.0,версия справочника года
18602000,18602000,2024,1013.0,версия справочника года
18604000,18604000,2024,1014.0,версия справочника года
18605000,18605000,2024,1015.0,версия справочника года
18606000,18606000,2024,1016.0,версия справочника года
18608000,18608000,2024,1017.0,версия справочника года
18610000,18610000,2024,1018.0,версия справочника года
18612000,18612000,2024,1019.0,версия справочника года
18614000,18614000,2024,1020.0,версия справочника года
18616000,18616000,2024,1021.0,версия справочника года
18618000,18618000,2024,1022.0,версия справочника года
18620000,18620000,2024,1023.0,версия справочника года
18622000,18622000,2024,1024.0,версия справочника года
18624000,18624000,2024,1025.0,версия справочника года
18626000,18626000,2024,1026.0,версия справочника года
18630000,18630000,2024,1028.0,версия справочника года
18634000,18634000,2024,1029.0,версия справочника года
18636000,18636000,2024,1030.0,версия справочника года
18638000,18638000,2024,1031.0,версия справочника года
18640000,18640000,2024,1032.0,версия справочника года
18642000,18642000,2024,1033.0,версия справочника года
18643000,18643000,2024,1034.0,версия справочника года
18645000,18645000,2024,1035.0,версия справочника года
18646000,18646000,2024,1027.0,версия справочника года
18647000,18647000,2024,1036.0,версия справочника года
18649000,18649000,2024,1037.0,версия справочника года
18650000,18650000,2024,1038.0,версия справочника года
18651000,18651000,2024,1039.0,версия справочника года
18652000,18652000,2024,1040.0,версия справочника года
18653000,18653000,2024,1041.0,версия справочника года
18654000,18654000,2024,1042.0,версия справочника года
18656000,18656000,2024,1043.0,версия справочника года
18658000,18658000,2024,1044.0,версия справочника года
18701000,18701000,2024,1007.0,версия справочника года
18710000,18710000,2024,1008.0,версия справочника года
18715000,18715000,2024,1009.0,версия справочника года
18720000,18520000,2024,1010.0,версия справочника года
18725000,18725000,2024,1011.0,версия справочника года
18728000,18728000,2024,1012.0,версия справочника года
19505000,19505000,2024,1047.0,версия справочника года
19508000,19508000,2024,1048.0,версия справочника года
19510000,19510000,2024,1049.0,версия справочника года
19512000,19512000,2024,1050.0,версия справочника года
19514000,19514000,2024,1051.0,версия справочника года
19516000,19516000,2024,1052.0,версия справочника года
19518000,19518000,2024,1053.0,версия справочника года
19520000,19520000,2024,1054.0,версия справочника года
19524000,19524000,2024,1056.0,версия справочника года
19526000,19526000,2024,1057.0,версия справочника года
19528000,19528000,2024,1058.0,версия справочника года
19530000,19530000,2024,1059.0,версия справочника года
19532000,19532000,2024,1060.0,версия справочника года
19534000,19534000,2024,1061.0,версия справочника года
19536000,19536000,2024,1062.0,версия справочника года
19538000,19538000,2024,1063.0,версия справочника года
19540000,19540000,2024,1064.0,версия справочника года
19542000,19542000,2024,1065.0,версия справочника года
19546000,19546000,2024,1066.0,версия справочника года
19548000,19548000,2024,1067.0,версия справочника года
19550000,19550000,2024,1068.0,версия справочника года
19552000,19552000,2024,1069.0,версия справочника года
19554000,19554000,2024,1070.0,версия справочника года
19622000,19622000,2024,1055.0,версия справочника года
19656000,19656000,2024,1071.0,версия справочника года
19658000,19658000,2024,1072.0,версия справочника года
19701000,19701000,2024,1045.0,версия справочника года
19730000,19730000,2024,1046.0,версия справочника года
20602000,20602000,2024,1076.0,версия справочника года
20604000,20604000,2024,1077.0,версия справочника года
20605000,20605000,2024,1078.0,версия справочника года
20608000,20608000,2024,1079.0,версия справочника года
20610000,20610000,2024,1080.0,версия справочника года
20611000,20611000,2024,1081.0,версия справочника года
20612000,20612000,2024,1082.0,версия справочника года
20613000,20613000,2024,1083.0,версия справочника года
20615000,20615000,2024,1084.0,версия справочника года
20617000,20617000,2024,1085.0,версия справочника года
20619000,20619000,2024,1086.0,версия справочника года
20620000,20620000,2024,1087.0,версия справочника года
20621000,20621000,2024,1088.0,версия справочника года
20623000,20623000,2024,1089.0,версия справочника года
20625000,20625000,2024,1090.0,версия справочника года
20627000,20627000,2024,1091.0,версия справочника года
20629000,20629000,2024,1092.0,версия справочника года
20631000,20631000,2024,1093.0,версия справочника года
20633000,20633000,2024,1094.0,версия справочника года
20635000,20635000,2024,1095.0,версия справочника года
20637000,20637000,2024,1096.0,версия справочника года
20639000,20639000,2024,1097.0,версия справочника года
20641000,20641000,2024,1098.0,версия справочника года
20643000,20643000,2024,1099.0,версия справочника года
20645000,20645000,2024,1100.0,версия справочника года
20647000,20647000,2024,1101.0,версия справочника года
20649000,20649000,2024,1102.0,версия справочника года
20651000,20651000,2024,1103.0,версия справочника года
20654000,20654000,2024,1104.0,версия справочника года
20656000,20656000,2024,1105.0,версия справочника года
20658000,20658000,2024,1106.0,версия справочника года
20701000,20701000,2024,1073.0,версия справочника года
20710000,20710000,2024,1074.0,версия справочника года
20727000,20727000,2024,1075.0,версия справочника года
22502000,22502000,2024,1537.0,версия справочника года
22505000,22505000,2024,1539.0,версия справочника года
22507000,22507000,2024,1540.0,версия справочника года
22509000,22509000,2024,1541.0,версия справочника года
22510000,22510000,2024,1542.0,версия справочника года
22512000,22512000,2024,1543.0,версия справочника года
22514000,22514000,2024,1544.0,версия справочника года
22515000,22515000,2024,1545.0,версия справочника года
22517000,22517000,2024,1546.0,версия справочника года
22518000,22518000,2024,1547.0,версия справочника года
22519000,22519000,2024,1548.0,версия справочника года
22520000,22520000,2024,1549.0,версия справочника года
22522000,22522000,2024,1551.0,версия справочника года
22526000,22526000,2024,1552.0,версия справочника года
22528000,22528000,2024,1553.0,версия справочника года
22530000,22530000,2024,1554.0,версия справочника года
22532000,22532000,2024,1555.0,версия справочника года
22533000,22533000,2024,1556.0,версия справочника года
22534000,22534000,2024,1557.0,версия справочника года
22535000,22535000,2024,1558.0,версия справочника года
22536000,22536000,2024,1559.0,версия справочника года
22537000,22537000,2024,1560.0,версия справочника года
22539000,22539000,2024,1561.0,версия справочника года
22540000,22540000,2024,1562.0,версия справочника года
22542000,22542000,2024,1563.0,версия справочника года
22545000,22545000,2024,1564.0,версия справочника года
22546000,22546000,2024,1565.0,версия справочника года
22548000,22548000,2024,1566.0,версия справочника года
22549000,22549000,2024,1567.0,версия справочника года
22550000,22550000,2024,1568.0,версия справочника года
22551000,22551000,2024,1569.0,версия справочника года
22552000,22552000,2024,1570.0,версия справочника года
22553000,22553000,2024,1571.0,версия справочника года
22554000,22554000,2024,1572.0,версия справочника года
22556000,22556000,2024,1573.0,версия справочника года
22557000,22557000,2024,1574.0,версия справочника года
22701000,22701000,2024,1523.0,версия справочника года
22703000,22703000,2024,3005.0,версия справочника года
22712000,22712000,2024,1525.0,версия справочника года
22715000,22715000,2024,1526.0,версия справочника года
22719000,22719000,2024,1550.0,версия справочника года
22721000,22721000,2024,1527.0,версия справочника года
22727000,22727000,2024,1528.0,версия справочника года
22730000,22730000,2024,1529.0,версия справочника года
22734000,22734000,2024,1534.0,версия справочника года
22737000,22737000,2024,1532.0,версия справочника года
22739000,22739000,2024,1530.0,версия справочника года
22749000,22749000,2024,1535.0,версия справочника года
22755000,22755000,2024,1536.0,версия справочника года
22758000,22758000,2024,1533.0,версия справочника года
24601000,24601000,2024,1113.0,версия справочника года
24602000,24602000,2024,1114.0,версия справочника года
24603000,24603000,2024,1115.0,версия справочника года
24605000,24605000,2024,1116.0,версия справочника года
24607000,24607000,2024,1117.0,версия справочника года
24609000,24609000,2024,1118.0,версия справочника года
24611000,24611000,2024,1119.0,версия справочника года
24613000,24613000,2024,1120.0,версия справочника года
24614000,24614000,2024,1121.0,версия справочника года
24615000,24615000,2024,1122.0,версия справочника года
24617000,24617000,2024,1123.0,версия справочника года
24619000,24619000,2024,1124.0,версия справочника года
24620000,24620000,2024,1125.0,версия справочника года
24621000,24621000,2024,1126.0,версия справочника года
24623000,24623000,2024,1127.0,версия справочника года
24625000,24625000,2024,1128.0,версия справочника года
24629000,24629000,2024,1129.0,версия справочника года
24631000,24631000,2024,1130.0,версия справочника года
24633000,24633000,2024,1131.0,версия справочника года
24635000,24635000,2024,1132.0,версия справочника года
24637000,24637000,2024,1133.0,версия справочника года
24701000,24701000,2024,1107.0,версия справочника года
24703000,24703000,2024,1108.0,версия справочника года
24705000,24705000,2024,1109.0,версия справочника года
24706000,24706000,2024,1110.0,версия справочника года
24707000,24707000,2024,1111.0,версия справочника года
24711000,24711000,2024,1112.0,версия справочника года
25601000,25601000,2024,1144.0,версия справочника года
25602000,25602000,2024,1145.0,версия справочника года
25604000,25604000,2024,1146.0,версия справочника года
25605000,25605000,2024,1170.0,версия справочника года
25606000,25606000,2024,1147.0,версия справочника года
25607000,25607000,2024,1171.0,версия справочника года
25608000,25608000,2024,1148.0,версия справочника года
25609000,25609000,2024,1172.0,версия справочника года
25610000,25610000,2024,1149.0,версия справочника года
25612000,25612000,2024,1150.0,версия справочника года
25614000,25614000,2024,1151.0,версия справочника года
25616000,25616000,2024,1152.0,версия справочника года
25618000,25618000,2024,1153.0,версия справочника года
25620000,25620000,2024,1154.0,версия справочника года
25622000,25622000,2024,1155.0,версия справочника года
25624000,25624000,2024,1156.0,версия справочника года
25626000,25626000,2024,1157.0,версия справочника года
25628000,25628000,2024,1158.0,версия справочника года
25629000,25629000,2024,1173.0,версия справочника года
25630000,25630000,2024,1159.0,версия справочника года
25631000,25631000,2024,1174.0,версия справочника года
25634000,25634000,2024,1160.0,версия справочника года
25636000,25636000,2024,1161.0,версия справочника года
25638000,25638000,2024,1162.0,версия справочника года
25640000,25640000,2024,1163.0,версия справочника года
25642000,25542000,2024,1164.0,версия справочника года
25644000,25644000,2024,1165.0,версия справочника года
25646000,25646000,2024,1166.0,версия справочника года
25648000,25648000,2024,1167.0,версия справочника года
25650000,25550000,2024,1168.0,версия справочника года
25655000,25655000,2024,1169.0,версия справочника года
25657000,25657000,2024,1175.0,версия справочника года
25701000,25701000,2024,1134.0,версия справочника года
25703000,25703000,2024,1135.0,версия справочника года
25714000,25714000,2024,1136.0,версия справочника года
25720000,25720000,2024,1137.0,версия справочника года
25726000,25726000,2024,1138.0,версия справочника года
25732000,25732000,2024,1139.0,версия справочника года
25736000,25736000,2024,1140.0,версия справочника года
25738000,25738000,2024,1141.0,версия справочника года
25745000,25745000,2024,1142.0,версия справочника года
25746000,25746000,2024,1143.0,версия справочника года
26610000,26610000,2024,166.0,версия справочника года
26615000,26615000,2024,164.0,версия справочника года
26620000,26620000,2024,163.0,версия справочника года
26701000,26701000,2024,158.0,версия справочника года
26706000,26706000,2024,160.0,версия справочника года
26710000,26710000,2024,161.0,версия справочника года
26715000,26715000,2024,159.0,версия справочника года
26720000,26610000,2024,162.0,версия справочника года
27503000,27503000,2024,1183.0,версия справочника года
27506000,27506000,2024,1185.0,версия справочника года
27507000,27507000,2024,1186.0,версия справочника года
27510000,27510000,2024,1188.0,версия справочника года
27513000,27513000,2024,1189.0,версия справочника года
27514000,27514000,2024,1191.0,версия справочника года
27515000,27515000,2024,1192.0,версия справочника года
27516000,27516000,2024,1193.0,версия справочника года
27518000,27518000,2024,1194.0,версия справочника года
27519000,27519000,2024,1195.0,версия справочника года
27527000,27527000,2024,1196.0,версия справочника года
27539000,27539000,2024,1197.0,версия справочника года
27701000,27701000,2024,1176.0,версия справочника года
27705000,27705000,2024,1184.0,версия справочника года
27709000,27709000,2024,1187.0,версия справочника года
27711000,27711000,2024,1177.0,версия справочника года
27712000,27712000,2024,1178.0,версия справочника года
27717000,27717000,2024,1179.0,версия справочника года
27725000,27725000,2024,1180.0,версия справочника года
27730000,27730000,2024,1181.0,версия справочника года
27734000,27734000,2024,1190.0,версия справочника года
27740000,27740000,2024,1182.0,версия справочника года
28502000,28502000,2024,2110.0,версия справочника года
28504000,28504000,2024,2111.0,версия справочника года
28506000,28506000,2024,2112.0,версия справочника года
28508000,28508000,2024,2113.0,версия справочника года
28510000,28510000,2024,2114.0,версия справочника года
28514000,28514000,2024,2116.0,версия справочника года
28516000,28516000,2024,2117.0,версия справочника года
28518000,28518000,2024,2118.0,версия справочника года
28520000,28520000,2024,2119.0,версия справочника года
28522000,28522000,2024,2120.0,версия справочника года
28526000,28526000,2024,2122.0,версия справочника года
28528000,28528000,2024,2883.0,версия справочника года
28530000,28530000,2024,2124.0,версия справочника года
28532000,28532000,2024,2125.0,версия справочника года
28534000,28534000,2024,2126.0,версия справочника года
28536000,28536000,2024,2127.0,версия справочника года
28538000,28538000,2024,2128.0,версия справочника года
28540000,28540000,2024,2129.0,версия справочника года
28542000,28542000,2024,2130.0,версия справочника года
28544000,28544000,2024,2132.0,версия справочника года
28546000,28546000,2024,2133.0,версия справочника года
28547000,28547000,2024,2134.0,версия справочника года
28548000,28548000,2024,2884.0,версия справочника года
28549000,28549000,2024,2136.0,версия справочника года
28550000,28550000,2024,2137.0,версия справочника года
28551000,28551000,2024,2138.0,версия справочника года
28552000,28552000,2024,2139.0,версия справочника года
28553000,28553000,2024,2140.0,версия справочника года
28555000,28555000,2024,2142.0,версия справочника года
28557000,28557000,2024,2143.0,версия справочника года
28654000,28654000,2024,2141.0,версия справочника года
28701000,28701000,2024,2101.0,версия справочника года
28714000,28714000,2024,2710.0,версия справочника года
28750000,28750000,2024,2108.0,версия справочника года
28751000,28751000,2024,2109.0,версия справочника года
28752000,28752000,2024,2105.0,версия справочника года
28758000,28758000,2024,2121.0,версия справочника года
28759000,28759000,2024,2131.0,версия справочника года
29602000,29602000,2024,1200.0,версия справочника года
29604000,29604000,2024,1201.0,версия справочника года
29606000,29606000,2024,2647.0,версия справочника года
29608000,29608000,2024,1203.0,версия справочника года
29610000,29610000,2024,1204.0,версия справочника года
29612000,29612000,2024,1205.0,версия справочника года
29613000,29613000,2024,1206.0,версия справочника года
29614000,29614000,2024,1207.0,версия справочника года
29615000,29615000,2024,1208.0,версия справочника года
29616000,29616000,2024,1209.0,версия справочника года
29618000,29618000,2024,1210.0,версия справочника года
29620000,29620000,2024,1211.0,версия справочника года
29623000,29623000,2024,1212.0,версия справочника года
29625000,29625000,2024,1213.0,версия справочника года
29627000,29627000,2024,1214.0,версия справочника года
29629000,29629000,2024,1215.0,версия справочника года
29632000,29632000,2024,1216.0,версия справочника года
29634000,29634000,2024,1217.0,версия справочника года
29636000,29636000,2024,1218.0,версия справочника года
29638000,29638000,2024,1219.0,версия справочника года
29642000,29642000,2024,1220.0,версия справочника года
29644000,29644000,2024,1221.0,версия справочника года
29646000,29646000,2024,1222.0,версия справочника года
29650000,29650000,2024,1223.0,версия справочника года
29701000,29701000,2024,1198.0,версия справочника года
29715000,29715000,2024,2646.0,версия справочника года
30501000,30501000,2024,610.0,версия справочника года
30510000,30510000,2024,613.0,версия справочника года
30604000,30504000,2024,611.0,версия справочника года
30607000,30607000,2024,612.0,версия справочника года
30613000,30613000,2024,614.0,версия справочника года
30616000,30616000,2024,615.0,версия справочника года
30619000,30519000,2024,616.0,версия справочника года
30701000,30701000,2024,608.0,версия справочника года
30735000,30735000,2024,609.0,версия справочника года
30824000,30824000,2024,618.0,версия справочника года
30827000,30827000,2024,619.0,версия справочника года
30829000,30829000,2024,620.0,версия справочника года
30851000,30851000,2024,617.0,версия справочника года
32501000,32501000,2024,1240.0,версия справочника года
32502000,32502000,2024,1241.0,версия справочника года
32504000,32504000,2024,1242.0,версия справочника года
32507000,32507000,2024,1243.0,версия справочника года
32510000,32510000,2024,1244.0,версия справочника года
32513000,32513000,2024,1245.0,версия справочника года
32516000,32516000,2024,1246.0,версия справочника года
32519000,32519000,2024,1247.0,версия справочника года
32522000,32522000,2024,3007.0,версия справочника года
32525000,32525000,2024,1249.0,версия справочника года
32528000,32528000,2024,1251.0,версия справочника года
32531000,32531000,2024,1252.0,версия справочника года
32534000,32534000,2024,1253.0,версия справочника года
32537000,32537000,2024,1254.0,версия справочника года
32540000,32540000,2024,1255.0,версия справочника года
32543000,32543000,2024,1256.0,версия справочника года
32546000,32546000,2024,1257.0,версия справочника года
32627000,32627000,2024,1250.0,версия справочника года
32701000,32701000,2024,1224.0,версия справочника года
32704000,32704000,2024,1225.0,версия справочника года
32707000,32707000,2024,1226.0,версия справочника года
32710000,32710000,2024,1227.0,версия справочника года
32715000,32715000,2024,1228.0,версия справочника года
32716000,32716000,2024,1229.0,версия справочника года
32719000,32719000,2024,1230.0,версия справочника года
32725000,32725000,2024,1231.0,версия справочника года
32728000,32728000,2024,1232.0,версия справочника года
32731000,32731000,2024,1233.0,версия справочника года
32732000,32732000,2024,1235.0,версия справочника года
32734000,32734000,2024,1234.0,версия справочника года
32737000,32737000,2024,1236.0,версия справочника года
32740000,32740000,2024,1237.0,версия справочника года
32749000,32749000,2024,1238.0,версия справочника года
33502000,33502000,2024,1264.0,версия справочника года
33503000,33503000,2024,1265.0,версия справочника года
33506000,33506000,2024,1267.0,версия справочника года
33507000,33507000,2024,1268.0,версия справочника года
33516000,33516000,2024,1273.0,версия справочника года
33521000,33521000,2024,1278.0,версия справочника года
33522000,33522000,2024,1279.0,версия справочника года
33524000,33524000,2024,1281.0,версия справочника года
33526000,33526000,2024,1283.0,версия справочника года
33529000,33529000,2024,1286.0,версия справочника года
33531000,33531000,2024,1289.0,версия справочника года
33533000,33533000,2024,1291.0,версия справочника года
33534000,33534000,2024,1292.0,версия справочника года
33540000,33540000,2024,1297.0,версия справочника года
33543000,33543000,2024,1299.0,версия справочника года
33605000,33605000,2024,1266.0,версия справочника года
33608000,33608000,2024,1269.0,версия справочника года
33610000,33610000,2024,1270.0,версия справочника года
33612000,33612000,2024,1271.0,версия справочника года
33614000,33614000,2024,1272.0,версия справочника года
33617000,33617000,2024,1274.0,версия справочника года
33618000,33618000,2024,1275.0,версия справочника года
33619000,33619000,2024,1276.0,версия справочника года
33620000,33620000,2024,1277.0,версия справочника года
33623000,33623000,2024,1280.0,версия справочника года
33625000,33625000,2024,1282.0,версия справочника года
33627000,33627000,2024,1284.0,версия справочника года
33628000,33628000,2024,1285.0,версия справочника года
33630000,33630000,2024,1287.0,версия справочника года
33632000,33632000,2024,1290.0,версия справочника года
33635000,33635000,2024,1293.0,версия справочника года
33636000,33636000,2024,1294.0,версия справочника года
33637000,33637000,2024,1295.0,версия справочника года
33638000,33638000,2024,1296.0,версия справочника года
33641000,33641000,2024,1298.0,версия справочника года
33645000,33645000,2024,1288.0,версия справочника года
33647000,33647000,2024,1300.0,версия справочника года
33649000,33649000,2024,1301.0,версия справочника года
33650000,33650000,2024,1302.0,версия справочника года
33701000,33701000,2024,1258.0,версия справочника года
33704000,33704000,2024,1259.0,версия справочника года
33707000,33707000,2024,1260.0,версия справочника года
33710000,33710000,2024,1261.0,версия справочника года
33713000,33713000,2024,1262.0,версия справочника года
33787000,33787000,2024,1263.0,версия справочника года
34512000,34512000,2024,1314.0,версия справочника года
34522000,34522000,2024,1319.0,версия справочника года
34524000,34524000,2024,1320.0,версия справочника года
34530000,34530000,2024,1323.0,версия справочника года
34532000,34532000,2024,1324.0,версия справочника года
34534000,34534000,2024,1325.0,версия справочника года
34536000,34536000,2024,1326.0,версия справочника года
34538000,34538000,2024,1327.0,версия справочника года
34540000,34540000,2024,1328.0,версия справочника года
34602000,34502000,2024,1309.0,версия справочника года
34604000,34604000,2024,1310.0,версия справочника года
34606000,34606000,2024,1311.0,версия справочника года
34608000,34608000,2024,1312.0,версия справочника года
34610000,34510000,2024,1313.0,версия справочника года
34614000,34614000,2024,1315.0,версия справочника года
34616000,34616000,2024,1316.0,версия справочника года
34618000,34518000,2024,1317.0,версия справочника года
34626000,34626000,2024,1321.0,версия справочника года
34628000,34528000,2024,1322.0,версия справочника года
34642000,34642000,2024,1329.0,версия справочника года
34644000,34644000,2024,1330.0,версия справочника года
34646000,34646000,2024,1331.0,версия справочника года
34648000,34648000,2024,1332.0,версия справочника года
34701000,34701000,2024,1303.0,версия справочника года
34705000,34705000,2024,1304.0,версия справочника года
34706000,34706000,2024,1305.0,версия справочника года
34708000,34708000,2024,1306.0,версия справочника года
34730000,34730000,2024,1308.0,версия справочника года
35604000,35604000,2024,255.0,версия справочника года
35607000,35607000,2024,256.0,версия справочника года
35611000,35611000,2024,257.0,версия справочника года
35616000,35616000,2024,258.0,версия справочника года
35620000,35620000,2024,259.0,версия справочника года
35623000,35623000,2024,260.0,версия справочника года
35627000,35627000,2024,261.0,версия справочника года
35631000,35631000,2024,262.0,версия справочника года
35635000,35635000,2024,263.0,версия справочника года
35639000,35639000,2024,264.0,версия справочника года
35643000,35643000,2024,265.0,версия справочника года
35647000,35647000,2024,266.0,версия справочника года
35652000,35652000,2024,267.0,версия справочника года
35656000,35656000,2024,268.0,версия справочника года
35701000,35701000,2024,244.0,версия справочника года
35703000,35703000,2024,245.0,версия справочника года
35706000,35706000,2024,246.0,версия справочника года
35709000,35709000,2024,247.0,версия справочника года
35712000,35712000,2024,248.0,версия справочника года
35715000,35715000,2024,249.0,версия справочника года
35718000,35718000,2024,250.0,версия справочника года
35721000,35721000,2024,251.0,версия справочника года
35723000,35723000,2024,252.0,версия справочника года
35726000,35726000,2024,253.0,версия справочника года
35729000,35729000,2024,254.0,версия справочника года
36602000,36602000,2024,1884.0,версия справочника года
36604000,36604000,2024,1885.0,версия справочника года
36606000,36606000,2024,1886.0,версия справочника года
36608000,36608000,2024,1887.0,версия справочника года
36610000,36610000,2024,1888.0,версия справочника года
36612000,36612000,2024,1889.0,версия справочника года
36614000,36614000,2024,1890.0,версия справочника года
36615000,36615000,2024,1891.0,версия справочника года
36616000,36616000,2024,1892.0,версия справочника года
36617000,36617000,2024,1893.0,версия справочника года
36618000,36618000,2024,1894.0,версия справочника года
36620000,36620000,2024,1895.0,версия справочника года
36622000,36622000,2024,1896.0,версия справочника года
36624000,36624000,2024,1897.0,версия справочника года
36626000,36626000,2024,1898.0,версия справочника года
36628000,36628000,2024,1899.0,версия справочника года
36630000,36630000,2024,1900.0,версия справочника года
36632000,36632000,2024,1901.0,версия справочника года
36634000,36634000,2024,1902.0,версия справочника года
36636000,36636000,2024,1903.0,версия справочника года
36638000,36638000,2024,1904.0,версия справочника года
36640000,36640000,2024,1905.0,версия справочника года
36642000,36642000,2024,1906.0,версия справочника года
36644000,36644000,2024,1907.0,версия справочника года
36646000,36646000,2024,1908.0,версия справочника года
36648000,36648000,2024,1909.0,версия справочника года
36650000,36650000,2024,1910.0,версия справочника года
36701000,36701000,2024,1874.0,версия справочника года
36704000,36704000,2024,1875.0,версия справочника года
36708000,36708000,2024,1876.0,версия справочника года
36713000,36713000,2024,1877.0,версия справочника года
36718000,36718000,2024,1878.0,версия справочника года
36724000,36724000,2024,1879.0,версия справочника года
36727000,36727000,2024,1880.0,версия справочника года
36735000,36735000,2024,1881.0,версия справочника года
36740000,36740000,2024,1882.0,версия справочника года
36750000,36750000,2024,1883.0,версия справочника года
37502000,37502000,2024,1335.0,версия справочника года
37504000,37504000,2024,1336.0,версия справочника года
37506000,37506000,2024,1337.0,версия справочника года
37508000,37508000,2024,1338.0,версия справочника года
37509000,37509000,2024,1339.0,версия справочника года
37510000,37510000,2024,1340.0,версия справочника года
37512000,37512000,2024,1341.0,версия справочника года
37514000,37514000,2024,1342.0,версия справочника года
37516000,37516000,2024,1343.0,версия справочника года
37518000,37518000,2024,1344.0,версия справочника года
37520000,37520000,2024,1345.0,версия справочника года
37522000,37522000,2024,1346.0,версия справочника года
37524000,37524000,2024,1347.0,версия справочника года
37526000,37526000,2024,1348.0,версия справочника года
37528000,37528000,2024,1349.0,версия справочника года
37530000,37530000,2024,1350.0,версия справочника года
37532000,37532000,2024,1351.0,версия справочника года
37534000,37534000,2024,1352.0,версия справочника года
37536000,37536000,2024,1353.0,версия справочника года
37538000,37538000,2024,1354.0,версия справочника года
37540000,37540000,2024,1355.0,версия справочника года
37542000,37542000,2024,1356.0,версия справочника года
37544000,37544000,2024,1357.0,версия справочника года
37546000,37546000,2024,1358.0,версия справочника года
37701000,37701000,2024,1333.0,версия справочника года
37705000,37705000,2024,1334.0,версия справочника года
38602000,38602000,2024,1364.0,версия справочника года
38603000,38603000,2024,1365.0,версия справочника года
38604000,38604000,2024,1366.0,версия справочника года
38606000,38606000,2024,1367.0,версия справочника года
38608000,38608000,2024,1368.0,версия справочника года
38610000,38610000,2024,1369.0,версия справочника года
38612000,38612000,2024,1370.0,версия справочника года
38614000,38614000,2024,1371.0,версия справочника года
38616000,38616000,2024,1372.0,версия справочника года
38618000,38618000,2024,1373.0,версия справочника года
38620000,38620000,2024,1374.0,версия справочника года
38621000,38621000,2024,1375.0,версия справочника года
38622000,38622000,2024,1376.0,версия справочника года
38623000,38623000,2024,1377.0,версия справочника года
38624000,38624000,2024,1378.0,версия справочника года
38626000,38626000,2024,1379.0,версия справочника года
38628000,38628000,2024,1380.0,версия справочника года
38630000,38630000,2024,1381.0,версия справочника года
38632000,38632000,2024,1382.0,версия справочника года
38634000,38634000,2024,1383.0,версия справочника года
38636000,38636000,2024,1384.0,версия справочника года
38638000,38638000,2024,1385.0,версия справочника года
38640000,38640000,2024,1386.0,версия справочника года
38642000,38642000,2024,1387.0,версия справочника года
38644000,38644000,2024,1388.0,версия справочника года
38646000,38646000,2024,1389.0,версия справочника года
38648000,38648000,2024,1390.0,версия справочника года
38650000,38650000,2024,1391.0,версия справочника года
38701000,38701000,2024,1359.0,версия справочника года
38705000,38705000,2024,1360.0,версия справочника года
38708000,38708000,2024,1361.0,версия справочника года
38710000,38710000,2024,1362.0,версия справочника года
38715000,38715000,2024,1363.0,версия справочника года
41603000,41603000,2024,1392.0,версия справочника года
41606000,41606000,2024,1393.0,версия справочника года
41609000,41609000,2024,1394.0,версия справочника года
41612000,41612000,2024,1395.0,версия справочника года
41615000,41615000,2024,1396.0,версия справочника года
41618000,41518000,2024,1397.0,версия справочника года
41621000,41621000,2024,1398.0,версия справочника года
41624000,41624000,2024,1399.0,версия справочника года
41625000,41625000,2024,1400.0,версия справочника года
41627000,41627000,2024,1401.0,версия справочника года
41630000,41630000,2024,1402.0,версия справочника года
41633000,41633000,2024,1403.0,версия справочника года
41636000,41636000,2024,1404.0,версия справочника года
41639000,41639000,2024,1405.0,версия справочника года
41642000,41642000,2024,1406.0,версия справочника года
41645000,41645000,2024,1407.0,версия справочника года
41648000,41648000,2024,1408.0,версия справочника года
41754000,41754000,2024,1409.0,версия справочника года
42503000,42503000,2024,,не привязано
42515000,42515000,2024,,не привязано
42527000,42527000,2024,,не привязано
42542000,42542000,2024,,не привязано
42606000,42606000,2024,1413.0,версия справочника года
42609000,42609000,2024,1414.0,версия справочника года
42612000,42612000,2024,1415.0,версия справочника года
42618000,42618000,2024,1417.0,версия справочника года
42621000,42621000,2024,1418.0,версия справочника года
42624000,42624000,2024,1419.0,версия справочника года
42630000,42630000,2024,1421.0,версия справочника года
42633000,42633000,2024,1422.0,версия справочника года
42636000,42636000,2024,1423.0,версия справочника года
42640000,42540000,2024,1424.0,версия справочника года
42645000,42645000,2024,1426.0,версия справочника года
42648000,42648000,2024,1427.0,версия справочника года
42652000,42652000,2024,1428.0,версия справочника года
42656000,42656000,2024,1429.0,версия справочника года
42701000,42701000,2024,1410.0,версия справочника года
42715000,42715000,2024,1411.0,версия справочника года
44502000,44502000,2024,1431.0,версия справочника года
44504000,44504000,2024,1432.0,версия справочника года
44507000,44507000,2024,1433.0,версия справочника года
44510000,44510000,2024,1434.0,версия справочника года
44513000,44513000,2024,1435.0,версия справочника года
44516000,44516000,2024,1436.0,версия справочника года
44519000,44519000,2024,1437.0,версия справочника года
44522000,44522000,2024,1438.0,версия справочника года
44701000,44701000,2024,1430.0,версия справочника года
45301000,45301000,2024,2462.0,версия справочника года
45302000,45302000,2024,2463.0,версия справочника года
45303000,45303000,2024,2464.0,версия справочника года
45304000,45304000,2024,2465.0,версия справочника года
45305000,45305000,2024,2466.0,версия справочника года
45306000,45306000,2024,2467.0,версия справочника года
45307000,45307000,2024,2468.0,версия справочника года
45308000,45308000,2024,2469.0,версия справочника года
45309000,45309000,2024,2470.0,версия справочника года
45310000,45310000,2024,2471.0,версия справочника года
45311000,45311000,2024,2472.0,версия справочника года
45312000,45312000,2024,2473.0,версия справочника года
45313000,45313000,2024,2474.0,версия справочника года
45314000,45314000,2024,2475.0,версия справочника года
45315000,45315000,2024,2476.0,версия справочника года
45316000,45316000,2024,2477.0,версия справочника года
45317000,45317000,2024,2478.0,версия справочника года
45318000,45318000,2024,2479.0,версия справочника года
45319000,45319000,2024,2480.0,версия справочника года
45320000,45320000,2024,2481.0,версия справочника года
45321000,45321000,2024,2482.0,версия справочника года
45322000,45322000,2024,2483.0,версия справочника года
45323000,45323000,2024,2484.0,версия справочника года
45324000,45324000,2024,2485.0,версия справочника года
45325000,45325000,2024,2486.0,версия справочника года
45326000,45326000,2024,2487.0,версия справочника года
45327000,45327000,2024,2488.0,версия справочника года
45328000,45328000,2024,2489.0,версия справочника года
45329000,45329000,2024,2490.0,версия справочника года
45330000,45330000,2024,2491.0,версия справочника года
45331000,45331000,2024,2492.0,версия справочника года
45332000,45332000,2024,2493.0,версия справочника года
45333000,45333000,2024,2494.0,версия справочника года
45334000,45334000,2024,2495.0,версия справочника года
45335000,45335000,2024,2496.0,версия справочника года
45336000,45336000,2024,2497.0,версия справочника года
45337000,45337000,2024,2498.0,версия справочника года
45338000,45338000,2024,2499.0,версия справочника года
45339000,45339000,2024,2500.0,версия справочника года
45340000,45340000,2024,2501.0,версия справочника года
45341000,45341000,2024,2502.0,версия справочника года
45342000,45342000,2024,2503.0,версия справочника года
45343000,45343000,2024,2504.0,версия справочника года
45344000,45344000,2024,2505.0,версия справочника года
45345000,45345000,2024,2506.0,версия справочника года
45346000,45346000,2024,2507.0,версия справочника года
45347000,45347000,2024,2508.0,версия справочника года
45348000,45348000,2024,2509.0,версия справочника года
45349000,45349000,2024,2510.0,версия справочника года
45350000,45350000,2024,2511.0,версия справочника года
45351000,45351000,2024,2512.0,версия справочника года
45352000,45352000,2024,2513.0,версия справочника года
45353000,45353000,2024,2514.0,версия справочника года
45354000,45354000,2024,2515.0,версия справочника года
45355000,45355000,2024,2516.0,версия справочника года
45356000,45356000,2024,2517.0,версия справочника года
45357000,45357000,2024,2518.0,версия справочника года
45358000,45358000,2024,2519.0,версия справочника года
45359000,45359000,2024,2520.0,версия справочника года
45360000,45360000,2024,2521.0,версия справочника года
45361000,45361000,2024,2522.0,версия справочника года
45362000,45362000,2024,2523.0,версия справочника года
45363000,45363000,2024,2524.0,версия справочника года
45364000,45364000,2024,2525.0,версия справочника года
45365000,45365000,2024,2526.0,версия справочника года
45366000,45366000,2024,2527.0,версия справочника года
45367000,45367000,2024,2528.0,версия справочника года
45368000,45368000,2024,2529.0,версия справочника года
45369000,45369000,2024,2530.0,версия справочника года
45370000,45370000,2024,2531.0,версия справочника года
45371000,45371000,2024,2532.0,версия справочника года
45372000,45372000,2024,2533.0,версия справочника года
45373000,45373000,2024,2534.0,версия справочника года
45374000,45374000,2024,2535.0,версия справочника года
45375000,45375000,2024,2536.0,версия справочника года
45376000,45376000,2024,2537.0,версия справочника года
45377000,45377000,2024,2538.0,версия справочника года
45378000,45378000,2024,2539.0,версия справочника года
45379000,45379000,2024,2540.0,версия справочника года
45380000,45380000,2024,2541.0,версия справочника года
45381000,45381000,2024,2542.0,версия справочника года
45382000,45382000,2024,2543.0,версия справочника года
45383000,45383000,2024,2544.0,версия справочника года
45384000,45384000,2024,2545.0,версия справочника года
45385000,45385000,2024,2546.0,версия справочника года
45386000,45386000,2024,2547.0,версия справочника года
45387000,45387000,2024,2548.0,версия справочника года
45388000,45388000,2024,2549.0,версия справочника года
45389000,45389000,2024,2550.0,версия справочника года
45390000,45390000,2024,2551.0,версия справочника года
45391000,45391000,2024,2552.0,версия справочника года
45392000,45392000,2024,2553.0,версия справочника года
45393000,45393000,2024,2554.0,версия справочника года
45394000,45394000,2024,2555.0,версия справочника года
45395000,45395000,2024,2556.0,версия справочника года
45396000,45396000,2024,2557.0,версия справочника года
45397000,45397000,2024,2558.0,версия справочника года
45398000,45398000,2024,2559.0,версия справочника года
45901000,45901000,2024,2560.0,версия справочника года
45902000,45902000,2024,2561.0,версия справочника года
45903000,45903000,2024,2562.0,версия справочника года
45904000,45904000,2024,2563.0,версия справочника года
45905000,45905000,2024,2564.0,версия справочника года
45906000,45906000,2024,2565.0,версия справочника года
45907000,45907000,2024,2566.0,версия справочника года
45908000,45908000,2024,2567.0,версия справочника года
45909000,45909000,2024,2568.0,версия справочника года
45910000,45910000,2024,2569.0,версия справочника года
45911000,45911000,2024,2570.0,версия справочника года
45912000,45912000,2024,2571.0,версия справочника года
45913000,45913000,2024,2572.0,версия справочника года
45914000,45914000,2024,2573.0,версия справочника года
45915000,45915000,2024,2574.0,версия справочника года
45916000,45916000,2024,2575.0,версия справочника года
45917000,45917000,2024,2576.0,версия справочника года
45918000,45918000,2024,2577.0,версия справочника года
45919000,45919000,2024,2578.0,версия справочника года
45920000,45920000,2024,2579.0,версия справочника года
45921000,45921000,2024,2580.0,версия справочника года
45922000,45922000,2024,2581.0,версия справочника года
45923000,45923000,2024,2582.0,версия справочника года
45924000,45924000,2024,2583.0,версия справочника года
45925000,45925000,2024,2584.0,версия справочника года
45926000,45926000,2024,2585.0,версия справочника года
45927000,45927000,2024,2586.0,версия справочника года
45931000,45931000,2024,2587.0,версия справочника года
45932000,45932000,2024,2588.0,версия справочника года
45941000,45941000,2024,2589.0,версия справочника года
45942000,45942000,2024,2590.0,версия справочника года
45943000,45943000,2024,2591.0,версия справочника года
45944000,45944000,2024,2592.0,версия справочника года
45945000,45945000,2024,2593.0,версия справочника года
45946000,45946000,2024,2594.0,версия справочника года
45947000,45947000,2024,2595.0,версия справочника года
45948000,45948000,2024,2596.0,версия справочника года
45949000,45949000,2024,2597.0,версия справочника года
45951000,45951000,2024,2598.0,версия справочника года
45952000,45952000,2024,2599.0,версия справочника года
45953000,45953000,2024,2600.0,версия справочника года
45954000,45954000,2024,2601.0,версия справочника года
45955000,45955000,2024,2602.0,версия справочника года
45956000,45956000,2024,2603.0,версия справочника года
45957000,45957000,2024,2604.0,версия справочника года
45958000,45958000,2024,2605.0,версия справочника года
45959000,45959000,2024,2606.0,версия справочника года
45961000,45961000,2024,2607.0,версия справочника года
46704000,46704000,2024,1439.0,версия справочника года
46705000,46705000,2024,1440.0,версия справочника года
46706000,46706000,2024,1460.0,версия справочника года
46707000,46707000,2024,1493.0,версия справочника года
46708000,46708000,2024,1489.0,версия справочника года
46709000,46709000,2024,1445.0,версия справочника года
46710000,46710000,2024,1490.0,версия справочника года
46711000,46711000,2024,1443.0,версия справочника года
46715000,46715000,2024,1491.0,версия справочника года
46716000,46716000,2024,1444.0,версия справочника года
46718000,46718000,2024,1446.0,версия справочника года
46722000,46722000,2024,1447.0,версия справочника года
46725000,46725000,2024,1448.0,версия справочника года
46728000,46728000,2024,1501.0,версия справочника года
46729000,46729000,2024,1449.0,версия справочника года
46733000,46733000,2024,1453.0,версия справочника года
46734000,46734000,2024,1456.0,версия справочника года
46735000,46735000,2024,1454.0,версия справочника года
46737000,46737000,2024,1492.0,версия справочника года
46738000,46738000,2024,2808.0,версия справочника года
46739000,46739000,2024,1457.0,версия справочника года
46740000,46740000,2024,1461.0,версия справочника года
46741000,46741000,2024,1464.0,версия справочника года
46742000,46742000,2024,2648.0,версия справочника года
46744000,46744000,2024,1459.0,версия справочника года
46745000,46745000,2024,1495.0,версия справочника года
46746000,46746000,2024,1467.0,версия справочника года
46747000,46747000,2024,1463.0,версия справочника года
46748000,46748000,2024,1465.0,версия справочника года
46750000,46750000,2024,1468.0,версия справочника года
46751000,46751000,2024,1496.0,версия справочника года
46752000,46752000,2024,1494.0,версия справочника года
46755000,46755000,2024,2651.0,версия справочника года
46757000,46757000,2024,2652.0,версия справочника года
46758000,46758000,2024,2814.0,версия справочника года
46759000,46759000,2024,3014.0,версия справочника года
46760000,46760000,2024,1472.0,версия справочника года
46761000,46761000,2024,1466.0,версия справочника года
46763000,46763000,2024,1442.0,версия справочника года
46764000,46764000,2024,1475.0,версия справочника года
46766000,46766000,2024,1477.0,версия справочника года
46768000,46768000,2024,1500.0,версия справочника года
46770000,46770000,2024,2644.0,версия справочника года
46771000,46771000,2024,3013.0,версия справочника года
46772000,46772000,2024,1478.0,версия справочника года
46773000,46773000,2024,1441.0,версия справочника года
46776000,46776000,2024,1480.0,версия справочника года
46778000,46778000,2024,1504.0,версия справочника года
46780000,46780000,2024,1481.0,версия справочника года
46781000,46781000,2024,1483.0,версия справочника года
46783000,46783000,2024,3008.0,версия справочника года
46784000,46784000,2024,1484.0,версия справочника года
46786000,46786000,2024,2813.0,версия справочника года
46787000,46787000,2024,1486.0,версия справочника года
46788000,46659000,2024,2649.0,версия справочника года
46790000,46790000,2024,1488.0,версия справочника года
47515000,47515000,2024,1521.0,версия справочника года
47517000,47517000,2024,1512.0,версия справочника года
47519000,47519000,2024,1507.0,версия справочника года
47522000,47522000,2024,1508.0,версия справочника года
47524000,47524000,2024,1509.0,версия справочника года
47526000,47526000,2024,1510.0,версия справочника года
47528000,47528000,2024,1511.0,версия справочника года
47605000,47605000,2024,1519.0,версия справочника года
47608000,47608000,2024,1518.0,версия справочника года
47610000,47610000,2024,1520.0,версия справочника года
47620000,47620000,2024,1522.0,версия справочника года
47701000,47701000,2024,1506.0,версия справочника года
47730000,47730000,2024,1517.0,версия справочника года
47731000,47731000,2024,1516.0,версия справочника года
47733000,47733000,2024,1515.0,версия справочника года
47735000,47735000,2024,1514.0,версия справочника года
47737000,47737000,2024,1513.0,версия справочника года
49510000,49510000,2024,1579.0,версия справочника года
49512000,49512000,2024,1580.0,версия справочника года
49514000,49514000,2024,1581.0,версия справочника года
49523000,49523000,2024,1584.0,версия справочника года
49524000,49524000,2024,1585.0,версия справочника года
49532000,49532000,2024,1589.0,версия справочника года
49538000,49538000,2024,1591.0,версия справочника года
49545000,49545000,2024,1593.0,версия справочника года
49603000,49503000,2024,1576.0,версия справочника года
49606000,49606000,2024,1577.0,версия справочника года
49608000,49608000,2024,1578.0,версия справочника года
49616000,49616000,2024,1582.0,версия справочника года
49620000,49620000,2024,1583.0,версия справочника года
49625000,49625000,2024,1586.0,версия справочника года
49628000,49628000,2024,1587.0,версия справочника года
49630000,49630000,2024,1588.0,версия справочника года
49634000,49634000,2024,1590.0,версия справочника года
49639000,49639000,2024,1592.0,версия справочника года
49647000,49547000,2024,1594.0,версия справочника года
49650000,49650000,2024,1595.0,версия справочника года
49655000,49655000,2024,1596.0,версия справочника года
49701000,49701000,2024,1575.0,версия справочника года
50603000,50603000,2024,1602.0,версия справочника года
50604000,50604000,2024,1603.0,версия справочника года
50606000,50606000,2024,1604.0,версия справочника года
50608000,50608000,2024,1605.0,версия справочника года
50610000,50610000,2024,1606.0,версия справочника года
50613000,50613000,2024,1607.0,версия справочника года
50615000,50615000,2024,1608.0,версия справочника года
50617000,50617000,2024,1609.0,версия справочника года
50619000,50619000,2024,1610.0,версия справочника года
50621000,50621000,2024,1611.0,версия справочника года
50623000,50623000,2024,1612.0,версия справочника года
50625000,50625000,2024,1613.0,версия справочника года
50627000,50627000,2024,1614.0,версия справочника года
50630000,50630000,2024,1615.0,версия справочника года
50632000,50632000,2024,1616.0,версия справочника года
50634000,50634000,2024,1617.0,версия справочника года
50636000,50636000,2024,1618.0,версия справочника года
50638000,50638000,2024,1619.0,версия справочника года
50640000,50640000,2024,1620.0,версия справочника года
50642000,50642000,2024,1621.0,версия справочника года
50644000,50644000,2024,1622.0,версия справочника года
50648000,50648000,2024,1623.0,версия справочника года
50650000,50650000,2024,1624.0,версия справочника года
50652000,50652000,2024,1625.0,версия справочника года
50654000,50654000,2024,1626.0,версия справочника года
50655000,50655000,2024,1627.0,версия справочника года
50656000,50656000,2024,1628.0,версия справочника года
50657000,50657000,2024,1629.0,версия справочника года
50658000,50658000,2024,1630.0,версия справочника года
50659000,50659000,2024,1631.0,версия справочника года
50701000,50701000,2024,1597.0,версия справочника года
50708000,50708000,2024,1598.0,версия справочника года
50712000,50712000,2024,1599.0,версия справочника года
50717000,50717000,2024,1600.0,версия справочника года
50740000,50740000,2024,1601.0,версия справочника года
52601000,52601000,2024,1633.0,версия справочника года
52603000,52603000,2024,1634.0,версия справочника года
52606000,52606000,2024,1635.0,версия справочника года
52609000,52609000,2024,1636.0,версия справочника года
52612000,52612000,2024,1637.0,версия справочника года
52615000,52615000,2024,1638.0,версия справочника года
52618000,52618000,2024,1639.0,версия справочника года
52621000,52621000,2024,1640.0,версия справочника года
52623000,52623000,2024,1641.0,версия справочника года
52626000,52626000,2024,1642.0,версия справочника года
52629000,52629000,2024,1643.0,версия справочника года
52630000,52630000,2024,1644.0,версия справочника года
52632000,52632000,2024,1645.0,версия справочника года
52634000,52634000,2024,1646.0,версия справочника года
52636000,52636000,2024,1647.0,версия справочника года
52639000,52639000,2024,1648.0,версия справочника года
52641000,52641000,2024,1649.0,версия справочника года
52642000,52642000,2024,1650.0,версия справочника года
52643000,52643000,2024,1651.0,версия справочника года
52644000,52644000,2024,1652.0,версия справочника года
52646000,52646000,2024,1653.0,версия справочника года
52648000,52648000,2024,1654.0,версия справочника года
52650000,52650000,2024,1655.0,версия справочника года
52651000,52651000,2024,1656.0,версия справочника года
52652000,52652000,2024,1657.0,версия справочника года
52653000,52653000,2024,1658.0,версия справочника года
52654000,52654000,2024,1659.0,версия справочника года
52655000,52655000,2024,1660.0,версия справочника года
52656000,52656000,2024,1661.0,версия справочника года
52657000,52657000,2024,1662.0,версия справочника года
52658000,52658000,2024,1663.0,версия справочника года
52659000,52659000,2024,1664.0,версия справочника года
52701000,52701000,2024,1632.0,версия справочника года
53604000,53604000,2024,1678.0,версия справочника года
53605000,53605000,2024,1679.0,версия справочника года
53606000,53606000,2024,1680.0,версия справочника года
53607000,53607000,2024,1681.0,версия справочника года
53610000,53610000,2024,1682.0,версия справочника года
53611000,53611000,2024,1683.0,версия справочника года
53612000,53612000,2024,1684.0,версия справочника года
53615000,53615000,2024,1685.0,версия справочника года
53617000,53617000,2024,1686.0,версия справочника года
53619000,53619000,2024,1687.0,версия справочника года
53622000,53622000,2024,1688.0,версия справочника года
53623000,53623000,2024,1689.0,версия справочника года
53625000,53625000,2024,1690.0,версия справочника года
53627000,53627000,2024,1691.0,версия справочника года
53630000,53630000,2024,1692.0,версия справочника года
53631000,53631000,2024,1693.0,версия справочника года
53633000,53633000,2024,1694.0,версия справочника года
53634000,53634000,2024,1695.0,версия справочника года
53636000,53636000,2024,1696.0,версия справочника года
53637000,53637000,2024,1697.0,версия справочника года
53638000,53638000,2024,1698.0,версия справочника года
53640000,53640000,2024,1699.0,версия справочника года
53641000,53641000,2024,1700.0,версия справочника года
53642000,53642000,2024,1701.0,версия справочника года
53643000,53643000,2024,1702.0,версия справочника года
53651000,53651000,2024,1703.0,версия справочника года
53652000,53652000,2024,1704.0,версия справочника года
53653000,53653000,2024,1705.0,версия справочника года
53656000,53656000,2024,1706.0,версия справочника года
53701000,53701000,2024,1665.0,версия справочника года
53704000,53502000,2024,1666.0,версия справочника года
53708000,53708000,2024,1667.0,версия справочника года
53712000,53712000,2024,1668.0,версия справочника года
53713000,53503000,2024,1669.0,версия справочника года
53714000,53504000,2024,1670.0,версия справочника года
53715000,53715000,2024,1671.0,версия справочника года
53720000,53720000,2024,1672.0,версия справочника года
53723000,53723000,2024,1673.0,версия справочника года
53725000,53505000,2024,1674.0,версия справочника года
53727000,53506000,2024,1675.0,версия справочника года
53732000,53507000,2024,1676.0,версия справочника года
54501000,54501000,2024,1726.0,версия справочника года
54604000,54604000,2024,1710.0,версия справочника года
54608000,54608000,2024,1711.0,версия справочника года
54610000,54610000,2024,1712.0,версия справочника года
54612000,54612000,2024,1713.0,версия справочника года
54615000,54615000,2024,1714.0,версия справочника года
54618000,54618000,2024,1715.0,версия справочника года
54620000,54620000,2024,1716.0,версия справочника года
54623000,54623000,2024,1717.0,версия справочника года
54624000,54624000,2024,1718.0,версия справочника года
54625000,54625000,2024,1719.0,версия справочника года
54626000,54626000,2024,1720.0,версия справочника года
54629000,54629000,2024,1721.0,версия справочника года
54632000,54632000,2024,1722.0,версия справочника года
54636000,54636000,2024,1723.0,версия справочника года
54639000,54639000,2024,1724.0,версия справочника года
54643000,54643000,2024,1725.0,версия справочника года
54650000,54650000,2024,1727.0,версия справочника года
54652000,54652000,2024,1728.0,версия справочника года
54653000,54653000,2024,1729.0,версия справочника года
54654000,54654000,2024,1730.0,версия справочника года
54655000,54655000,2024,1731.0,версия справочника года
54657000,54657000,2024,1732.0,версия справочника года
54659000,54659000,2024,1733.0,версия справочника года
54701000,54701000,2024,1707.0,версия справочника года
54705000,54705000,2024,1708.0,версия справочника года
54710000,54710000,2024,1709.0,версия справочника года
56603000,56603000,2024,1737.0,версия справочника года
56606000,56606000,2024,1761.0,версия справочника года
56609000,56609000,2024,1738.0,версия справочника года
56612000,56612000,2024,1739.0,версия справочника года
56613000,56613000,2024,1740.0,версия справочника года
56615000,56615000,2024,1741.0,версия справочника года
56618000,56618000,2024,1742.0,версия справочника года
56623000,56623000,2024,1743.0,версия справочника года
56626000,56626000,2024,1744.0,версия справочника года
56629000,56629000,2024,1745.0,версия справочника года
56631000,56631000,2024,1746.0,версия справочника года
56633000,56633000,2024,1747.0,версия справочника года
56640000,56640000,2024,1748.0,версия справочника года
56642000,56642000,2024,1749.0,версия справочника года
56643000,56643000,2024,1750.0,версия справочника года
56644000,56644000,2024,1751.0,версия справочника года
56645000,56645000,2024,1752.0,версия справочника года
56647000,56647000,2024,1753.0,версия справочника года
56649000,56649000,2024,1754.0,версия справочника года
56651000,56651000,2024,1755.0,версия справочника года
56653000,56653000,2024,1756.0,версия справочника года
56654000,56654000,2024,1757.0,версия справочника года
56655000,56655000,2024,1758.0,версия справочника года
56656000,56656000,2024,1759.0,версия справочника года
56657000,56657000,2024,1760.0,версия справочника года
56658000,56658000,2024,1762.0,версия справочника года
56659000,56659000,2024,1763.0,версия справочника года
56701000,56701000,2024,1734.0,версия справочника года
56705000,56705000,2024,1735.0,версия справочника года
56734000,56734000,2024,1736.0,версия справочника года
57502000,57502000,2024,734.0,версия справочника года
57503000,57503000,2024,735.0,версия справочника года
57506000,57506000,2024,736.0,версия справочника года
57508000,57508000,2024,737.0,версия справочника года
57513000,57513000,2024,769.0,версия справочника года
57516000,57516000,2024,2886.0,версия справочника года
57518000,57518000,2024,742.0,версия справочника года
57522000,57522000,2024,744.0,версия справочника года
57524000,57524000,2024,746.0,версия справочника года
57525000,57525000,2024,770.0,версия справочника года
57526000,57526000,2024,771.0,версия справочника года
57528000,57528000,2024,2885.0,версия справочника года
57529000,57529000,2024,749.0,версия справочника года
57530000,57530000,2024,2809.0,версия справочника года
57538000,57538000,2024,753.0,версия справочника года
57546000,57546000,2024,757.0,версия справочника года
57548000,57548000,2024,758.0,версия справочника года
57552000,57552000,2024,761.0,версия справочника года
57555000,57555000,2024,764.0,версия справочника года
57559000,57559000,2024,773.0,версия справочника года
57560000,57560000,2024,774.0,версия справочника года
57701000,57701000,2024,727.0,версия справочника года
57708000,57504000,2024,2621.0,версия справочника года
57712000,57512000,2024,738.0,версия справочника года
57714000,57514000,2024,739.0,версия справочника года
57718000,57517000,2024,741.0,версия справочника года
57719000,57523000,2024,745.0,версия справочника года
57720000,57531000,2024,748.0,версия справочника года
57726000,57532000,2024,731.0,версия справочника года
57727000,57534000,2024,751.0,версия справочника года
57728000,57540000,2024,754.0,версия справочника года
57729000,57542000,2024,755.0,версия справочника года
57730000,57550000,2024,2620.0,версия справочника года
57731000,57551000,2024,760.0,версия справочника года
57735000,57735000,2024,763.0,версия справочника года
57756000,57556000,2024,765.0,версия справочника года
57757000,57557000,2024,766.0,версия справочника года
57758000,57558000,2024,767.0,версия справочника года
57759000,57520000,2024,743.0,версия справочника года
57760000,57527000,2024,747.0,версия справочника года
57761000,57536000,2024,752.0,версия справочника года
57762000,57544000,2024,756.0,версия справочника года
57763000,57763000,2024,733.0,версия справочника года
58514000,58514000,2024,1771.0,версия справочника года
58518000,58518000,2024,1773.0,версия справочника года
58520000,58520000,2024,1774.0,версия справочника года
58523000,58523000,2024,1775.0,версия справочника года
58529000,58529000,2024,1777.0,версия справочника года
58540000,58540000,2024,1780.0,версия справочника года
58553000,58553000,2024,1786.0,версия справочника года
58556000,58556000,2024,1788.0,версия справочника года
58604000,58504000,2024,1766.0,версия справочника года
58606000,58606000,2024,1767.0,версия справочника года
58608000,58608000,2024,1768.0,версия справочника года
58610000,58610000,2024,1769.0,версия справочника года
58612000,58512000,2024,1770.0,версия справочника года
58616000,58616000,2024,1772.0,версия справочника года
58626000,58626000,2024,1776.0,версия справочника года
58633000,58633000,2024,1778.0,версия справочника года
58637000,58637000,2024,1779.0,версия справочника года
58643000,58543000,2024,1781.0,версия справочника года
58647000,58547000,2024,1782.0,версия справочника года
58649000,58649000,2024,1783.0,версия справочника года
58650000,58650000,2024,1784.0,версия справочника года
58651000,58651000,2024,1785.0,версия справочника года
58654000,58654000,2024,1787.0,версия справочника года
58658000,58558000,2024,1789.0,версия справочника года
58701000,58701000,2024,1764.0,версия справочника года
58710000,58710000,2024,1765.0,версия справочника года
60601000,60601000,2024,1802.0,версия справочника года
60602000,60602000,2024,1803.0,версия справочника года
60605000,60605000,2024,1804.0,версия справочника года
60606000,60606000,2024,1805.0,версия справочника года
60607000,60607000,2024,1806.0,версия справочника года
60608000,60608000,2024,1807.0,версия справочника года
60609000,60609000,2024,1808.0,версия справочника года
60612000,60612000,2024,1809.0,версия справочника года
60613000,60613000,2024,1810.0,версия справочника года
60615000,60615000,2024,1811.0,версия справочника года
60617000,60617000,2024,1812.0,версия справочника года
60618000,60618000,2024,1813.0,версия справочника года
60619000,60619000,2024,1814.0,версия справочника года
60622000,60622000,2024,1815.0,версия справочника года
60623000,60623000,2024,1816.0,версия справочника года
60624000,60624000,2024,1817.0,версия справочника года
60625000,60625000,2024,1818.0,версия справочника года
60626000,60626000,2024,1819.0,версия справочника года
60627000,60627000,2024,1820.0,версия справочника года
60630000,60630000,2024,1821.0,версия справочника года
60631000,60631000,2024,1822.0,версия справочника года
60632000,60632000,2024,1823.0,версия справочника года
60633000,60633000,2024,1824.0,версия справочника года
60634000,60634000,2024,1825.0,версия справочника года
60635000,60635000,2024,1826.0,версия справочника года
60636000,60636000,2024,1827.0,версия справочника года
60640000,60640000,2024,1828.0,версия справочника года
60641000,60641000,2024,1829.0,версия справочника года
60642000,60642000,2024,1830.0,версия справочника года
60644000,60644000,2024,1831.0,версия справочника года
60645000,60645000,2024,1832.0,версия справочника года
60647000,60647000,2024,1833.0,версия справочника года
60648000,60648000,2024,1834.0,версия справочника года
60650000,60650000,2024,1835.0,версия справочника года
60651000,60651000,2024,1836.0,версия справочника года
60652000,60652000,2024,1837.0,версия справочника года
60653000,60653000,2024,1838.0,версия справочника года
60654000,60654000,2024,1839.0,версия справочника года
60655000,60655000,2024,1840.0,версия справочника года
60656000,60656000,2024,1841.0,версия справочника года
60657000,60657000,2024,1842.0,версия справочника года
60658000,60658000,2024,1843.0,версия справочника года
60659000,60659000,2024,1844.0,версия справочника года
60701000,60701000,2024,1790.0,версия справочника года
60704000,60704000,2024,1791.0,версия справочника года
60707000,60707000,2024,1792.0,версия справочника года
60712000,60712000,2024,1793.0,версия справочника года
60715000,60715000,2024,1794.0,версия справочника года
60717000,60717000,2024,1795.0,версия справочника года
60718000,60718000,2024,1796.0,версия справочника года
60719000,60719000,2024,1797.0,версия справочника года
60727000,60727000,2024,1798.0,версия справочника года
60730000,60730000,2024,1799.0,версия справочника года
60737000,60737000,2024,1800.0,версия справочника года
60740000,60740000,2024,1801.0,версия справочника года
61602000,61602000,2024,1849.0,версия справочника года
61604000,61604000,2024,1850.0,версия справочника года
61606000,61606000,2024,1851.0,версия справочника года
61608000,61608000,2024,1852.0,версия справочника года
61610000,61610000,2024,1853.0,версия справочника года
61612000,61612000,2024,1854.0,версия справочника года
61615000,61615000,2024,1855.0,версия справочника года
61617000,61617000,2024,1856.0,версия справочника года
61620000,61620000,2024,1857.0,версия справочника года
61623000,61623000,2024,1858.0,версия справочника года
61625000,61625000,2024,1859.0,версия справочника года
61627000,61627000,2024,1861.0,версия справочника года
61634000,61634000,2024,1863.0,версия справочника года
61637000,61637000,2024,1864.0,версия справочника года
61640000,61640000,2024,1865.0,версия справочника года
61644000,61644000,2024,1867.0,версия справочника года
61646000,61646000,2024,1868.0,версия справочника года
61648000,61648000,2024,1869.0,версия справочника года
61650000,61650000,2024,1870.0,версия справочника года
61653000,61653000,2024,1871.0,версия справочника года
61656000,61656000,2024,1872.0,версия справочника года
61658000,61658000,2024,1873.0,версия справочника года
61701000,61701000,2024,1845.0,версия справочника года
61705000,61705000,2024,1846.0,версия справочника года
61715000,61715000,2024,1848.0,версия справочника года
63602000,63602000,2024,1915.0,версия справочника года
63603000,63603000,2024,1916.0,версия справочника года
63604000,63604000,2024,1917.0,версия справочника года
63606000,63606000,2024,1918.0,версия справочника года
63607000,63607000,2024,1919.0,версия справочника года
63608000,63608000,2024,1920.0,версия справочника года
63609000,63609000,2024,1921.0,версия справочника года
63611000,63611000,2024,1922.0,версия справочника года
63612000,63612000,2024,1923.0,версия справочника года
63613000,63613000,2024,1924.0,версия справочника года
63614000,63614000,2024,1925.0,версия справочника года
63616000,63616000,2024,1926.0,версия справочника года
63617000,63617000,2024,1927.0,версия справочника года
63619000,63619000,2024,1928.0,версия справочника года
63621000,63621000,2024,1929.0,версия справочника года
63622000,63622000,2024,1930.0,версия справочника года
63623000,63623000,2024,1931.0,версия справочника года
63624000,63624000,2024,1932.0,версия справочника года
63625000,63625000,2024,1933.0,версия справочника года
63626000,63626000,2024,1934.0,версия справочника года
63629000,63629000,2024,1935.0,версия справочника года
63630000,63630000,2024,1936.0,версия справочника года
63632000,63632000,2024,1937.0,версия справочника года
63634000,63634000,2024,1938.0,версия справочника года
63635000,63635000,2024,1939.0,версия справочника года
63636000,63636000,2024,1940.0,версия справочника года
63637000,63637000,2024,1941.0,версия справочника года
63639000,63639000,2024,1942.0,версия справочника года
63640000,63640000,2024,1943.0,версия справочника года
63641000,63641000,2024,1944.0,версия справочника года
63642000,63642000,2024,1945.0,версия справочника года
63644000,63644000,2024,1947.0,версия справочника года
63646000,63646000,2024,1948.0,версия справочника года
63647000,63647000,2024,1949.0,версия справочника года
63648000,63648000,2024,1950.0,версия справочника года
63649000,63649000,2024,1951.0,версия справочника года
63650000,63650000,2024,1952.0,версия справочника года
63701000,63701000,2024,2887.0,версия справочника года
63746000,63746000,2024,1912.0,версия справочника года
63760000,63550000,2024,1913.0,версия справочника года
64701000,64701000,2024,1953.0,версия справочника года
64704000,64504000,2024,1954.0,версия справочника года
64708000,64508000,2024,1955.0,версия справочника года
64712000,64512000,2024,1956.0,версия справочника года
64716000,64516000,2024,1957.0,версия справочника года
64720000,64520000,2024,1958.0,версия справочника года
64724000,64524000,2024,1959.0,версия справочника года
64728000,64528000,2024,1960.0,версия справочника года
64732000,64532000,2024,1961.0,версия справочника года
64736000,64536000,2024,1962.0,версия справочника года
64740000,64540000,2024,1963.0,версия справочника года
64743000,64543000,2024,1964.0,версия справочника года
64746000,64546000,2024,1965.0,версия справочника года
64748000,64548000,2024,1966.0,версия справочника года
64750000,64550000,2024,1967.0,версия справочника года
64752000,64552000,2024,1968.0,версия справочника года
64754000,64554000,2024,1969.0,версия справочника года
64756000,64556000,2024,1970.0,версия справочника года
65608000,65608000,2024,2039.0,версия справочника года
65623000,65623000,2024,2040.0,версия справочника года
65628000,65628000,2024,2042.0,версия справочника года
65639000,65639000,2024,2041.0,версия справочника года
65645000,65645000,2024,2043.0,версия справочника года
65701000,65701000,2024,1971.0,версия справочника года
65703000,65502000,2024,1973.0,версия справочника года
65704000,65503000,2024,2017.0,версия справочника года
65705000,65505000,2024,2018.0,версия справочника года
65706000,65506000,2024,2019.0,версия справочника года
65707000,65514000,2024,1978.0,версия справочника года
65708000,65509000,2024,1981.0,версия справочника года
65709000,65516000,2024,2021.0,версия справочника года
65710000,65511000,2024,2022.0,версия справочника года
65711000,65530000,2024,2023.0,версия справочника года
65712000,65531000,2024,2024.0,версия справочника года
65713000,65539000,2024,2025.0,версия справочника года
65714000,65541000,2024,1999.0,версия справочника года
65715000,65543000,2024,2002.0,версия справочника года
65716000,65544000,2024,2028.0,версия справочника года
65717000,65512000,2024,2029.0,версия справочника года
65718000,65546000,2024,2030.0,версия справочника года
65719000,65525000,2024,2006.0,версия справочника года
65720000,65547000,2024,2008.0,версия справочника года
65721000,65551000,2024,2031.0,версия справочника года
65722000,65552000,2024,2032.0,версия справочника года
65723000,65553000,2024,2012.0,версия справочника года
65724000,65554000,2024,2034.0,версия справочника года
65725000,65555000,2024,2035.0,версия справочника года
65726000,65556000,2024,2036.0,версия справочника года
65727000,65557000,2024,2037.0,версия справочника года
65728000,65538000,2024,1972.0,версия справочника года
65729000,65729000,2024,2033.0,версия справочника года
65730000,65504000,2024,1974.0,версия справочника года
65731000,65507000,2024,1977.0,версия справочника года
65732000,65732000,2024,1979.0,версия справочника года
65733000,65515000,2024,1992.0,версия справочника года
65734000,65734000,2024,1997.0,версия справочника года
65735000,65510000,2024,1989.0,версия справочника года
65736000,65517000,2024,2007.0,версия справочника года
65737000,65518000,2024,1982.0,версия справочника года
65738000,65529000,2024,1983.0,версия справочника года
65739000,65739000,2024,1985.0,версия справочника года
65740000,65740000,2024,1986.0,версия справочника года
65741000,65741000,2024,1987.0,версия справочника года
65742000,65519000,2024,1988.0,версия справочника года
65743000,65532000,2024,1990.0,версия справочника года
65744000,65533000,2024,1991.0,версия справочника года
65745000,65520000,2024,1993.0,версия справочника года
65746000,65521000,2024,1994.0,версия справочника года
65747000,65747000,2024,1995.0,версия справочника года
65748000,65534000,2024,1996.0,версия справочника года
65749000,65749000,2024,1998.0,версия справочника года
65750000,65522000,2024,2001.0,версия справочника года
65751000,65513000,2024,2000.0,версия справочника года
65752000,65752000,2024,2003.0,версия справочника года
65753000,65524000,2024,2004.0,версия справочника года
65754000,65545000,2024,2005.0,версия справочника года
65755000,65548000,2024,2009.0,версия справочника года
65756000,65549000,2024,2010.0,версия справочника года
65757000,65526000,2024,1980.0,версия справочника года
65758000,65528000,2024,2011.0,версия справочника года
65759000,65508000,2024,2027.0,версия справочника года
65760000,65760000,2024,2020.0,версия справочника года
65761000,65761000,2024,2026.0,версия справочника года
65762000,65535000,2024,1975.0,версия справочника года
65763000,65763000,2024,1976.0,версия справочника года
65764000,65523000,2024,1984.0,версия справочника года
65765000,65765000,2024,2013.0,версия справочника года
65766000,65527000,2024,2038.0,версия справочника года
65767000,65767000,2024,2014.0,версия справочника года
65769000,65536000,2024,2016.0,версия справочника года
65771000,65537000,2024,2015.0,версия справочника года
66603000,66503000,2024,2046.0,версия справочника года
66605000,66505000,2024,2047.0,версия справочника года
66608000,66508000,2024,2048.0,версия справочника года
66609000,66509000,2024,2049.0,версия справочника года
66611000,66511000,2024,2050.0,версия справочника года
66614000,66514000,2024,2051.0,версия справочника года
66616000,66516000,2024,2052.0,версия справочника года
66619000,66519000,2024,2053.0,версия справочника года
66621000,66521000,2024,2054.0,версия справочника года
66623000,66523000,2024,2055.0,версия справочника года
66624000,66524000,2024,2056.0,версия справочника года
66627000,66527000,2024,2057.0,версия справочника года
66630000,66530000,2024,2058.0,версия справочника года
66633000,66533000,2024,2059.0,версия справочника года
66636000,66536000,2024,2060.0,версия справочника года
66638000,66538000,2024,2061.0,версия справочника года
66641000,66541000,2024,2062.0,версия справочника года
66644000,66544000,2024,2063.0,версия справочника года
66646000,66546000,2024,2064.0,версия справочника года
66648000,66548000,2024,2065.0,версия справочника года
66650000,66550000,2024,2066.0,версия справочника года
66652000,66552000,2024,2067.0,версия справочника года
66654000,66554000,2024,2068.0,версия справочника года
66656000,66556000,2024,2069.0,версия справочника года
66658000,66558000,2024,2070.0,версия справочника года
66701000,66701000,2024,2044.0,версия справочника года
66710000,66710000,2024,2045.0,версия справочника года
67312000,67312000,2024,2613.0,версия справочника года
68502000,68502000,2024,2078.0,версия справочника года
68503000,68503000,2024,2079.0,версия справочника года
68504000,68504000,2024,2080.0,версия справочника года
68506000,68506000,2024,2081.0,версия справочника года
68508000,68508000,2024,2082.0,версия справочника года
68510000,68510000,2024,2083.0,версия справочника года
68512000,68512000,2024,2084.0,версия справочника года
68514000,68514000,2024,2085.0,версия справочника года
68516000,68516000,2024,2086.0,версия справочника года
68518000,68518000,2024,2087.0,версия справочника года
68520000,68520000,2024,2088.0,версия справочника года
68522000,68522000,2024,2089.0,версия справочника года
68524000,68524000,2024,2090.0,версия справочника года
68526000,68526000,2024,2091.0,версия справочника года
68528000,68528000,2024,2092.0,версия справочника года
68530000,68530000,2024,2093.0,версия справочника года
68532000,68532000,2024,2094.0,версия справочника года
68534000,68534000,2024,2095.0,версия справочника года
68536000,68536000,2024,2096.0,версия справочника года
68540000,68540000,2024,3010.0,версия справочника года
68542000,68542000,2024,2098.0,версия справочника года
68544000,68544000,2024,2099.0,версия справочника года
68546000,68546000,2024,2100.0,версия справочника года
68701000,68701000,2024,3009.0,версия справочника года
68705000,68705000,2024,2072.0,версия справочника года
68710000,68710000,2024,2073.0,версия справочника года
68715000,68715000,2024,2074.0,версия справочника года
68720000,68720000,2024,2075.0,версия справочника года
68725000,68725000,2024,2076.0,версия справочника года
68730000,68730000,2024,2077.0,версия справочника года
69604000,69604000,2024,2148.0,версия справочника года
69608000,69608000,2024,2149.0,версия справочника года
69612000,69612000,2024,2150.0,версия справочника года
69616000,69616000,2024,2151.0,версия справочника года
69620000,69620000,2024,2152.0,версия справочника года
69624000,69624000,2024,2153.0,версия справочника года
69628000,69628000,2024,2154.0,версия справочника года
69632000,69632000,2024,2155.0,версия справочника года
69636000,69636000,2024,2156.0,версия справочника года
69640000,69640000,2024,2157.0,версия справочника года
69644000,69644000,2024,2158.0,версия справочника года
69648000,69648000,2024,2159.0,версия справочника года
69652000,69652000,2024,2160.0,версия справочника года
69654000,69654000,2024,2161.0,версия справочника года
69656000,69656000,2024,2162.0,версия справочника года
69658000,69658000,2024,2163.0,версия справочника года
69701000,69701000,2024,2144.0,версия справочника года
69707000,69707000,2024,2145.0,версия справочника года
69710000,69710000,2024,2146.0,версия справочника года
70604000,70604000,2024,2171.0,версия справочника года
70606000,70606000,2024,2172.0,версия справочника года
70608000,70608000,2024,2173.0,версия справочника года
70612000,70612000,2024,2174.0,версия справочника года
70616000,70616000,2024,2175.0,версия справочника года
70618000,70618000,2024,2176.0,версия справочника года
70622000,70622000,2024,2177.0,версия справочника года
70624000,70624000,2024,2178.0,версия справочника года
70626000,70626000,2024,2179.0,версия справочника года
70628000,70628000,2024,2180.0,версия справочника года
70630000,70630000,2024,2181.0,версия справочника года
70636000,70636000,2024,2182.0,версия справочника года
70638000,70638000,2024,2183.0,версия справочника года
70640000,70640000,2024,2184.0,версия справочника года
70642000,70642000,2024,2185.0,версия справочника года
70644000,70644000,2024,2186.0,версия справочника года
70646000,70646000,2024,2187.0,версия справочника года
70648000,70648000,2024,2188.0,версия справочника года
70650000,70650000,2024,2189.0,версия справочника года
70701000,70701000,2024,2164.0,версия справочника года
70702000,70702000,2024,2166.0,версия справочника года
70706000,70706000,2024,2165.0,версия справочника года
70712000,70712000,2024,2167.0,версия справочника года
70714000,70714000,2024,2168.0,версия справочника года
70724000,70724000,2024,2169.0,версия справочника года
70730000,70730000,2024,2170.0,версия справочника года
71603000,71603000,2024,2195.0,версия справочника года
71605000,71605000,2024,2196.0,версия справочника года
71607000,71607000,2024,2197.0,версия справочника года
71610000,71610000,2024,2198.0,версия справочника года
71613000,71613000,2024,2199.0,версия справочника года
71615000,71615000,2024,2200.0,версия справочника года
71624000,71624000,2024,2202.0,версия справочника года
71626000,71626000,2024,2203.0,версия справочника года
71630000,71630000,2024,2204.0,версия справочника года
71632000,71632000,2024,2205.0,версия справочника года
71634000,71634000,2024,2206.0,версия справочника года
71636000,71636000,2024,2207.0,версия справочника года
71638000,71638000,2024,2208.0,версия справочника года
71642000,71642000,2024,2209.0,версия справочника года
71644000,71644000,2024,2210.0,версия справочника года
71648000,71648000,2024,2211.0,версия справочника года
71650000,71650000,2024,2212.0,версия справочника года
71653000,71653000,2024,2213.0,версия справочника года
71656000,71656000,2024,2214.0,версия справочника года
71658000,71658000,2024,2215.0,версия справочника года
71701000,71701000,2024,2190.0,версия справочника года
71702000,71518000,2024,2201.0,версия справочника года
71703000,71522000,2024,2191.0,версия справочника года
71705000,71705000,2024,2192.0,версия справочника года
71710000,71710000,2024,2193.0,версия справочника года
71715000,71715000,2024,2194.0,версия справочника года
71811000,71811000,2024,2229.0,версия справочника года
71812000,71812000,2024,2230.0,версия справочника года
71816000,71816000,2024,2231.0,версия справочника года
71818000,71818000,2024,2232.0,версия справочника года
71819000,71819000,2024,2233.0,версия справочника года
71821000,71821000,2024,2234.0,версия справочника года
71824000,71824000,2024,2235.0,версия справочника года
71826000,71826000,2024,2236.0,версия справочника года
71829000,71829000,2024,2237.0,версия справочника года
71871000,71871000,2024,2216.0,версия справочника года
71872000,71872000,2024,2218.0,версия справочника года
71873000,71873000,2024,2219.0,версия справочника года
71874000,71874000,2024,2220.0,версия справочника года
71875000,71875000,2024,2221.0,версия справочника года
71876000,71876000,2024,2226.0,версия справочника года
71877000,71877000,2024,2225.0,версия справочника года
71878000,71878000,2024,2227.0,версия справочника года
71879000,71879000,2024,2222.0,версия справочника года
71883000,71883000,2024,2217.0,версия справочника года
71884000,71884000,2024,2223.0,версия справочника года
71885000,71885000,2024,2224.0,версия справочника года
71887000,71887000,2024,2228.0,версия справочника года
71933000,71933000,2024,2244.0,версия справочника года
71936000,71936000,2024,2245.0,версия справочника года
71938000,71938000,2024,2872.0,версия справочника года
71940000,71940000,2024,2882.0,версия справочника года
71943000,71943000,2024,2248.0,версия справочника года
71946000,71946000,2024,2249.0,версия справочника года
71948000,71948000,2024,2250.0,версия справочника года
71951000,71951000,2024,2238.0,версия справочника года
71952000,71952000,2024,2879.0,версия справочника года
71953000,71953000,2024,2880.0,версия справочника года
71955000,71955000,2024,2241.0,версия справочника года
71956000,71956000,2024,2242.0,версия справочника года
71958000,71958000,2024,2243.0,версия справочника года
73602000,73602000,2024,2254.0,версия справочника года
73604000,73604000,2024,2255.0,версия справочника года
73607000,73607000,2024,2256.0,версия справочника года
73610000,73610000,2024,2257.0,версия справочника года
73614000,73614000,2024,2258.0,версия справочника года
73616000,73616000,2024,2259.0,версия справочника года
73620000,73620000,2024,2260.0,версия справочника года
73622000,73622000,2024,2261.0,версия справочника года
73625000,73625000,2024,2262.0,версия справочника года
73627000,73627000,2024,2263.0,версия справочника года
73629000,73629000,2024,2264.0,версия справочника года
73632000,73632000,2024,2265.0,версия справочника года
73634000,73634000,2024,2266.0,версия справочника года
73636000,73636000,2024,2267.0,версия справочника года
73639000,73639000,2024,2268.0,версия справочника года
73642000,73642000,2024,2269.0,версия справочника года
73644000,73644000,2024,2270.0,версия справочника года
73648000,73648000,2024,2271.0,версия справочника года
73652000,73652000,2024,2272.0,версия справочника года
73654000,73654000,2024,2273.0,версия справочника года
73656000,73656000,2024,2274.0,версия справочника года
73701000,73701000,2024,2251.0,версия справочника года
73705000,73705000,2024,2252.0,версия справочника года
73715000,73715000,2024,2253.0,версия справочника года
75533000,75533000,2024,2303.0,версия справочника года
75603000,75603000,2024,2291.0,версия справочника года
75606000,75606000,2024,2292.0,версия справочника года
75609000,75609000,2024,2293.0,версия справочника года
75612000,75612000,2024,2294.0,версия справочника года
75614000,75614000,2024,2295.0,версия справочника года
75617000,75617000,2024,2296.0,версия справочника года
75619000,75619000,2024,2297.0,версия справочника года
75620000,75620000,2024,2298.0,версия справочника года
75623000,75623000,2024,2299.0,версия справочника года
75626000,75626000,2024,2300.0,версия справочника года
75629000,75629000,2024,2301.0,версия справочника года
75632000,75632000,2024,2302.0,версия справочника года
75634000,75634000,2024,2304.0,версия справочника года
75636000,75636000,2024,2305.0,версия справочника года
75638000,75638000,2024,3012.0,версия справочника года
75642000,75642000,2024,2307.0,версия справочника года
75644000,75544000,2024,2308.0,версия справочника года
75647000,75647000,2024,2309.0,версия справочника года
75648000,75548000,2024,2310.0,версия справочника года
75649000,75549000,2024,2311.0,версия справочника года
75652000,75652000,2024,2312.0,версия справочника года
75654000,75654000,2024,2313.0,версия справочника года
75655000,75655000,2024,2314.0,версия справочника года
75656000,75656000,2024,2315.0,версия справочника года
75657000,75657000,2024,2316.0,версия справочника года
75659000,75659000,2024,2317.0,версия справочника года
75701000,75701000,2024,2275.0,версия справочника года
75706000,75706000,2024,2276.0,версия справочника года
75707000,75707000,2024,2285.0,версия справочника года
75712000,75712000,2024,3011.0,версия справочника года
75715000,75715000,2024,2278.0,версия справочника года
75728000,75728000,2024,2279.0,версия справочника года
75734000,75734000,2024,2280.0,версия справочника года
75738000,75738000,2024,2281.0,версия справочника года
75742000,75742000,2024,2282.0,версия справочника года
75743000,75743000,2024,2283.0,версия справочника года
75746000,75746000,2024,2284.0,версия справочника года
75752000,75752000,2024,2286.0,версия справочника года
75755000,75755000,2024,2287.0,версия справочника года
75758000,75758000,2024,2288.0,версия справочника года
75759000,75759000,2024,2290.0,версия справочника года
75764000,75764000,2024,2289.0,версия справочника года
76503000,76503000,2024,,не привязано
76504000,76504000,2024,,не привязано
76510000,76510000,2024,580.0,версия справочника года
76515000,76515000,2024,582.0,версия справочника года
76518000,76518000,2024,583.0,версия справочника года
76526000,76526000,2024,588.0,версия справочника года
76530000,76530000,2024,,не привязано
76534000,76534000,2024,592.0,версия справочника года
76538000,76538000,2024,594.0,версия справочника года
76544000,76544000,2024,,не привязано
76602000,76602000,2024,605.0,версия справочника года
76606000,76506000,2024,578.0,версия справочника года
76609000,76609000,2024,579.0,версия справочника года
76611000,76611000,2024,606.0,версия справочника года
76612000,76512000,2024,581.0,версия справочника года
76620000,76620000,2024,584.0,версия справочника года
76621000,76521000,2024,585.0,версия справочника года
76622000,76622000,2024,586.0,версия справочника года
76624000,76624000,2024,587.0,версия справочника года
76625000,76625000,2024,607.0,версия справочника года
76628000,76628000,2024,589.0,версия справочника года
76632000,76632000,2024,591.0,версия справочника года
76636000,76536000,2024,593.0,версия справочника года
76640000,76640000,2024,595.0,версия справочника года
76642000,76642000,2024,596.0,версия справочника года
76646000,76546000,2024,598.0,версия справочника года
76647000,76647000,2024,599.0,версия справочника года
76648000,76648000,2024,600.0,версия справочника года
76650000,76650000,2024,601.0,версия справочника года
76652000,76552000,2024,602.0,версия справочника года
76654000,76654000,2024,603.0,версия справочника года
76701000,76701000,2024,573.0,версия справочника года
76702000,76702000,2024,604.0,версия справочника года
76715000,76715000,2024,574.0,версия справочника года
76785000,76785000,2024,575.0,версия справочника года
77603000,77603000,2024,2348.0,версия справочника года
77609000,77609000,2024,2349.0,версия справочника года
77633000,77633000,2024,2350.0,версия справочника года
77701000,77701000,2024,2344.0,версия справочника года
77705000,77505000,2024,2347.0,версия справочника года
77710000,77510000,2024,2346.0,версия справочника года
77715000,77515000,2024,2345.0,версия справочника года
78603000,78603000,2024,2321.0,версия справочника года
78606000,78606000,2024,2322.0,версия справочника года
78609000,78609000,2024,2323.0,версия справочника года
78612000,78612000,2024,2324.0,версия справочника года
78615000,78615000,2024,2325.0,версия справочника года
78618000,78618000,2024,2326.0,версия справочника года
78621000,78621000,2024,2327.0,версия справочника года
78623000,78623000,2024,2328.0,версия справочника года
78626000,78626000,2024,2329.0,версия справочника года
78629000,78629000,2024,2330.0,версия справочника года
78634000,78634000,2024,2332.0,версия справочника года
78637000,78637000,2024,2333.0,версия справочника года
78640000,78640000,2024,2334.0,версия справочника года
78643000,78643000,2024,2335.0,версия справочника года
78646000,78646000,2024,2336.0,версия справочника года
78650000,78650000,2024,2337.0,версия справочника года
78701000,78701000,2024,2318.0,версия справочника года
78705000,78532000,2024,2619.0,версия справочника года
78715000,78715000,2024,2320.0,версия справочника года
79605000,79605000,2024,3.0,версия справочника года
79615000,79615000,2024,4.0,версия справочника года
79618000,79618000,2024,5.0,версия справочника года
79622000,79622000,2024,6.0,версия справочника года
79630000,79630000,2024,7.0,версия справочника года
79633000,79633000,2024,8.0,версия справочника года
79640000,79640000,2024,9.0,версия справочника года
79701000,79701000,2024,1.0,версия справочника года
79703000,79703000,2024,2.0,версия справочника года
80601000,80601000,2024,30.0,версия справочника года
80602000,80602000,2024,31.0,версия справочника года
80603000,80603000,2024,32.0,версия справочника года
80604000,80604000,2024,33.0,версия справочника года
80605000,80605000,2024,34.0,версия справочника года
80606000,80606000,2024,35.0,версия справочника года
80607000,80607000,2024,36.0,версия справочника года
80608000,80608000,2024,37.0,версия справочника года
80609000,80609000,2024,38.0,версия справочника года
80610000,80610000,2024,39.0,версия справочника года
80611000,80611000,2024,40.0,версия справочника года
80612000,80612000,2024,41.0,версия справочника года
80613000,80613000,2024,42.0,версия справочника года
80614000,80614000,2024,43.0,версия справочника года
80615000,80615000,2024,44.0,версия справочника года
80617000,80617000,2024,45.0,версия справочника года
80618000,80618000,2024,46.0,версия справочника года
80619000,80619000,2024,47.0,версия справочника года
80621000,80621000,2024,48.0,версия справочника года
80622000,80622000,2024,49.0,версия справочника года
80623000,80623000,2024,50.0,версия справочника года
80624000,80624000,2024,51.0,версия справочника года
80625000,80625000,2024,52.0,версия справочника года
80626000,80626000,2024,53.0,версия справочника года
80627000,80627000,2024,54.0,версия справочника года
80628000,80628000,2024,55.0,версия справочника года
80630000,80630000,2024,56.0,версия справочника года
80631000,80631000,2024,57.0,версия справочника года
80633000,80633000,2024,58.0,версия справочника года
80634000,80634000,2024,59.0,версия справочника года
80635000,80635000,2024,60.0,версия справочника года
80636000,80636000,2024,61.0,версия справочника года
80637000,80637000,2024,62.0,версия справочника года
80638000,80638000,2024,63.0,версия справочника года
80639000,80639000,2024,64.0,версия справочника года
80640000,80640000,2024,65.0,версия справочника года
80641000,80641000,2024,66.0,версия справочника года
80642000,80642000,2024,67.0,версия справочника года
80643000,80643000,2024,68.0,версия справочника года
80644000,80644000,2024,69.0,версия справочника года
80645000,80645000,2024,70.0,версия справочника года
80647000,80647000,2024,71.0,версия справочника года
80648000,80648000,2024,72.0,версия справочника года
80649000,80649000,2024,73.0,версия справочника года
80650000,80650000,2024,74.0,версия справочника года
80651000,80651000,2024,75.0,версия справочника года
80652000,80652000,2024,76.0,версия справочника года
80653000,80653000,2024,77.0,версия справочника года
80654000,80654000,2024,78.0,версия справочника года
80655000,80655000,2024,79.0,версия справочника года
80656000,80656000,2024,80.0,версия справочника года
80657000,80657000,2024,81.0,версия справочника года
80658000,80658000,2024,82.0,версия справочника года
80659000,80659000,2024,83.0,версия справочника года
80701000,80701000,2024,21.0,версия справочника года
80703000,80703000,2024,22.0,версия справочника года
80723000,80723000,2024,23.0,версия справочника года
80727000,80727000,2024,25.0,версия справочника года
80735000,80735000,2024,26.0,версия справочника года
80739000,80739000,2024,27.0,версия справочника года
80743000,80743000,2024,28.0,версия справочника года
80745000,80745000,2024,29.0,версия справочника года
81603000,81603000,2024,86.0,версия справочника года
81606000,81606000,2024,87.0,версия справочника года
81609000,81609000,2024,88.0,версия справочника года
81612000,81612000,2024,89.0,версия справочника года
81615000,81615000,2024,90.0,версия справочника года
81618000,81618000,2024,91.0,версия справочника года
81621000,81621000,2024,92.0,версия справочника года
81622000,81622000,2024,93.0,версия справочника года
81624000,81624000,2024,94.0,версия справочника года
81627000,81627000,2024,95.0,версия справочника года
81630000,81630000,2024,96.0,версия справочника года
81633000,81633000,2024,97.0,версия справочника года
81635000,81635000,2024,98.0,версия справочника года
81636000,81636000,2024,99.0,версия справочника года
81639000,81639000,2024,100.0,версия справочника года
81642000,81642000,2024,101.0,версия справочника года
81645000,81645000,2024,102.0,версия справочника года
81648000,81648000,2024,103.0,версия справочника года
81650000,81650000,2024,104.0,версия справочника года
81651000,81651000,2024,105.0,версия справочника года
81657000,81657000,2024,106.0,версия справочника года
81701000,81701000,2024,84.0,версия справочника года
81720000,81720000,2024,85.0,версия справочника года
82601000,82601000,2024,117.0,версия справочника года
82603000,82603000,2024,118.0,версия справочника года
82605000,82605000,2024,119.0,версия справочника года
82606000,82606000,2024,120.0,версия справочника года
82607000,82607000,2024,121.0,версия справочника года
82609000,82609000,2024,122.0,версия справочника года
82611000,82611000,2024,123.0,версия справочника года
82613000,82613000,2024,124.0,версия справочника года
82615000,82615000,2024,125.0,версия справочника года
82616000,82616000,2024,126.0,версия справочника года
82618000,82618000,2024,127.0,версия справочника года
82620000,82620000,2024,128.0,версия справочника года
82621000,82621000,2024,129.0,версия справочника года
82622000,82622000,2024,130.0,версия справочника года
82623000,82623000,2024,131.0,версия справочника года
82624000,82624000,2024,132.0,версия справочника года
82626000,82626000,2024,133.0,версия справочника года
82627000,82627000,2024,134.0,версия справочника года
82629000,82629000,2024,135.0,версия справочника года
82630000,82630000,2024,136.0,версия справочника года
82632000,82632000,2024,137.0,версия справочника года
82634000,82634000,2024,138.0,версия справочника года
82635000,82635000,2024,139.0,версия справочника года
82636000,82636000,2024,140.0,версия справочника года
82637000,82637000,2024,141.0,версия справочника года
82639000,82639000,2024,142.0,версия справочника года
82640000,82640000,2024,143.0,версия справочника года
82642000,82642000,2024,144.0,версия справочника года
82644000,82644000,2024,145.0,версия справочника года
82646000,82646000,2024,146.0,версия справочника года
82647000,82647000,2024,147.0,версия справочника года
82648000,82648000,2024,148.0,версия справочника года
82649000,82649000,2024,149.0,версия справочника года
82651000,82651000,2024,150.0,версия справочника года
82653000,82653000,2024,151.0,версия справочника года
82654000,82654000,2024,152.0,версия справочника года
82655000,82655000,2024,153.0,версия справочника года
82656000,82656000,2024,154.0,версия справочника года
82657000,82657000,2024,155.0,версия справочника года
82658000,82658000,2024,156.0,версия справочника года
82659000,82659000,2024,157.0,версия справочника года
82701000,82701000,2024,107.0,версия справочника года
82705000,82705000,2024,108.0,версия справочника года
82708000,82708000,2024,109.0,версия справочника года
82710000,82710000,2024,110.0,версия справочника года
82715000,82715000,2024,111.0,версия справочника года
82720000,82720000,2024,112.0,версия справочника года
82725000,82725000,2024,113.0,версия справочника года
82730000,82730000,2024,114.0,версия справочника года
82735000,82735000,2024,115.0,версия справочника года
82738000,82738000,2024,116.0,версия справочника года
83610000,83610000,2024,170.0,версия справочника года
83615000,83615000,2024,171.0,версия справочника года
83618000,83618000,2024,172.0,версия справочника года
83620000,83620000,2024,173.0,версия справочника года
83625000,83625000,2024,174.0,версия справочника года
83630000,83630000,2024,175.0,версия справочника года
83635000,83635000,2024,176.0,версия справочника года
83640000,83640000,2024,177.0,версия справочника года
83645000,83645000,2024,178.0,версия справочника года
83648000,83648000,2024,179.0,версия справочника года
83701000,83701000,2024,167.0,версия справочника года
83703000,83703000,2024,168.0,версия справочника года
83710000,83710000,2024,169.0,версия справочника года
84610000,84610000,2024,11.0,версия справочника года
84615000,84615000,2024,12.0,версия справочника года
84620000,84620000,2024,13.0,версия справочника года
84625000,84625000,2024,14.0,версия справочника года
84630000,84630000,2024,15.0,версия справочника года
84635000,84635000,2024,16.0,версия справочника года
84640000,84640000,2024,17.0,версия справочника года
84643000,84643000,2024,18.0,версия справочника года
84645000,84645000,2024,19.0,версия справочника года
84650000,84650000,2024,20.0,версия справочника года
84701000,84701000,2024,10.0,версия справочника года
85605000,85605000,2024,181.0,версия справочника года
85610000,85610000,2024,182.0,версия справочника года
85615000,85615000,2024,184.0,версия справочника года
85620000,85620000,2024,185.0,версия справочника года
85623000,85623000,2024,186.0,версия справочника года
85625000,85625000,2024,183.0,версия справочника года
85628000,85628000,2024,187.0,версия справочника года
85632000,85632000,2024,188.0,версия справочника года
85637000,85637000,2024,189.0,версия справочника года
85642000,85642000,2024,190.0,версия справочника года
85646000,85646000,2024,191.0,версия справочника года
85650000,85650000,2024,192.0,версия справочника года
85654000,85654000,2024,193.0,версия справочника года
85701000,85701000,2024,180.0,версия справочника года
86504000,86504000,2024,208.0,версия справочника года
86533000,86533000,2024,217.0,версия справочника года
86545000,86545000,2024,221.0,версия справочника года
86550000,86550000,2024,223.0,версия справочника года
86609000,86609000,2024,209.0,версия справочника года
86610000,86510000,2024,222.0,версия справочника года
86612000,86612000,2024,210.0,версия справочника года
86615000,86615000,2024,211.0,версия справочника года
86618000,86618000,2024,212.0,версия справочника года
86621000,86621000,2024,213.0,версия справочника года
86624000,86624000,2024,214.0,версия справочника года
86627000,86627000,2024,215.0,версия справочника года
86630000,86630000,2024,216.0,версия справочника года
86636000,86636000,2024,218.0,версия справочника года
86639000,86639000,2024,219.0,версия справочника года
86642000,86642000,2024,220.0,версия справочника года
86701000,86701000,2024,206.0,версия справочника года
86706000,86706000,2024,207.0,версия справочника года
87512000,87512000,2024,226.0,версия справочника года
87523000,87523000,2024,228.0,версия справочника года
87525000,87525000,2024,,не привязано
87604000,87604000,2024,230.0,версия справочника года
87608000,87508000,2024,231.0,версия справочника года
87612000,87612000,2024,232.0,версия справочника года
87616000,87616000,2024,233.0,версия справочника года
87620000,87620000,2024,234.0,версия справочника года
87624000,87624000,2024,235.0,версия справочника года
87626000,87626000,2024,236.0,версия справочника года
87628000,87628000,2024,237.0,версия справочника года
87632000,87632000,2024,238.0,версия справочника года
87636000,87636000,2024,239.0,версия справочника года
87640000,87640000,2024,240.0,версия справочника года
87644000,87644000,2024,241.0,версия справочника года
87648000,87648000,2024,242.0,версия справочника года
87652000,87652000,2024,243.0,версия справочника года
87701000,87701000,2024,224.0,версия справочника года
87710000,87510000,2024,225.0,версия справочника года
87715000,87515000,2024,227.0,версия справочника года
88604000,88604000,2024,272.0,версия справочника года
88608000,88608000,2024,273.0,версия справочника года
88612000,88612000,2024,274.0,версия справочника года
88616000,88516000,2024,275.0,версия справочника года
88620000,88620000,2024,276.0,версия справочника года
88624000,88624000,2024,277.0,версия справочника года
88628000,88628000,2024,278.0,версия справочника года
88632000,88632000,2024,279.0,версия справочника года
88636000,88636000,2024,280.0,версия справочника года
88640000,88640000,2024,281.0,версия справочника года
88644000,88644000,2024,282.0,версия справочника года
88648000,88648000,2024,283.0,версия справочника года
88652000,88652000,2024,284.0,версия справочника года
88656000,88656000,2024,285.0,версия справочника года
88701000,88701000,2024,269.0,версия справочника года
88705000,88705000,2024,270.0,версия справочника года
88715000,88715000,2024,271.0,версия справочника года
89603000,89603000,2024,287.0,версия справочника года
89605000,89605000,2024,288.0,версия справочника года
89607000,89607000,2024,289.0,версия справочника года
89610000,89610000,2024,290.0,версия справочника года
89613000,89613000,2024,291.0,версия справочника года
89616000,89616000,2024,292.0,версия справочника года
89618000,89618000,2024,293.0,версия справочника года
89621000,89621000,2024,294.0,версия справочника года
89624000,89624000,2024,295.0,версия справочника года
89626000,89626000,2024,296.0,версия справочника года
89628000,89628000,2024,297.0,версия справочника года
89629000,89629000,2024,298.0,версия справочника года
89631000,89631000,2024,299.0,версия справочника года
89634000,89634000,2024,300.0,версия справочника года
89637000,89637000,2024,301.0,версия справочника года
89640000,89640000,2024,302.0,версия справочника года
89643000,89643000,2024,303.0,версия справочника года
89646000,89646000,2024,304.0,версия справочника года
89649000,89649000,2024,305.0,версия справочника года
89651000,89651000,2024,306.0,версия справочника года
89654000,89654000,2024,307.0,версия справочника года
89657000,89657000,2024,308.0,версия справочника года
89701000,89701000,2024,286.0,версия справочника года
90605000,90605000,2024,346.0,версия справочника года
90610000,90610000,2024,347.0,версия справочника года
90615000,90615000,2024,348.0,версия справочника года
90620000,90620000,2024,349.0,версия справочника года
90625000,90625000,2024,350.0,версия справочника года
90630000,90630000,2024,351.0,версия справочника года
90635000,90635000,2024,352.0,версия справочника года
90640000,90640000,2024,353.0,версия справочника года
90701000,90701000,2024,345.0,версия справочника года
91601000,91601000,2024,196.0,версия справочника года
91603000,91603000,2024,197.0,версия справочника года
91610000,91610000,2024,198.0,версия справочника года
91615000,91615000,2024,199.0,версия справочника года
91620000,91620000,2024,200.0,версия справочника года
91623000,91623000,2024,201.0,версия справочника года
91625000,91625000,2024,202.0,версия справочника года
91630000,91630000,2024,203.0,версия справочника года
91635000,91635000,2024,204.0,версия справочника года
91640000,91640000,2024,205.0,версия справочника года
91701000,91701000,2024,194.0,версия справочника года
91705000,91705000,2024,195.0,версия справочника года
92601000,92601000,2024,356.0,версия справочника года
92602000,92602000,2024,357.0,версия справочника года
92604000,92604000,2024,358.0,версия справочника года
92605000,92605000,2024,359.0,версия справочника года
92606000,92606000,2024,360.0,версия справочника года
92607000,92607000,2024,361.0,версия справочника года
92608000,92608000,2024,362.0,версия справочника года
92610000,92610000,2024,363.0,версия справочника года
92612000,92612000,2024,364.0,версия справочника года
92613000,92613000,2024,365.0,версия справочника года
92614000,92614000,2024,366.0,версия справочника года
92615000,92615000,2024,367.0,версия справочника года
92617000,92617000,2024,368.0,версия справочника года
92618000,92618000,2024,369.0,версия справочника года
92620000,92620000,2024,370.0,версия справочника года
92622000,92622000,2024,371.0,версия справочника года
92624000,92624000,2024,372.0,версия справочника года
92626000,92626000,2024,373.0,версия справочника года
92627000,92627000,2024,374.0,версия справочника года
92628000,92628000,2024,375.0,версия справочника года
92629000,92629000,2024,376.0,версия справочника года
92630000,92630000,2024,377.0,версия справочника года
92632000,92632000,2024,392.0,версия справочника года
92633000,92633000,2024,378.0,версия справочника года
92634000,92634000,2024,379.0,версия справочника года
92636000,92636000,2024,380.0,версия справочника года
92638000,92638000,2024,381.0,версия справочника года
92639000,92639000,2024,382.0,версия справочника года
92640000,92640000,2024,383.0,версия справочника года
92642000,92642000,2024,384.0,версия справочника года
92644000,92644000,2024,385.0,версия справочника года
92645000,92645000,2024,386.0,версия справочника года
92646000,92646000,2024,387.0,версия справочника года
92648000,92648000,2024,388.0,версия справочника года
92650000,92650000,2024,389.0,версия справочника года
92652000,92652000,2024,390.0,версия справочника года
92653000,92653000,2024,391.0,версия справочника года
92654000,92654000,2024,398.0,версия справочника года
92655000,92655000,2024,393.0,версия справочника года
92656000,92656000,2024,395.0,версия справочника года
92657000,92657000,2024,394.0,версия справочника года
92658000,92658000,2024,396.0,версия справочника года
92659000,92659000,2024,397.0,версия справочника года
92701000,92701000,2024,354.0,версия справочника года
92730000,92730000,2024,355.0,версия справочника года
93605000,93605000,2024,401.0,версия справочника года
93610000,93610000,2024,402.0,версия справочника года
93615000,93615000,2024,403.0,версия справочника года
93620000,93620000,2024,404.0,версия справочника года
93622000,93622000,2024,405.0,версия справочника года
93625000,93625000,2024,406.0,версия справочника года
93630000,93630000,2024,407.0,версия справочника года
93635000,93635000,2024,408.0,версия справочника года
93638000,93638000,2024,409.0,версия справочника года
93640000,93640000,2024,410.0,версия справочника года
93643000,93643000,2024,411.0,версия справочника года
93645000,93645000,2024,412.0,версия справочника года
93650000,93650000,2024,413.0,версия справочника года
93654000,93654000,2024,414.0,версия справочника года
93656000,93656000,2024,415.0,версия справочника года
93657000,93657000,2024,416.0,версия справочника года
93658000,93658000,2024,417.0,версия справочника года
93701000,93701000,2024,399.0,версия справочника года
93703000,93703000,2024,400.0,версия справочника года
94502000,94502000,2024,423.0,версия справочника года
94504000,94504000,2024,424.0,версия справочника года
94506000,94506000,2024,425.0,версия справочника года
94508000,94508000,2024,426.0,версия справочника года
94510000,94510000,2024,427.0,версия справочника года
94512000,94512000,2024,428.0,версия справочника года
94514000,94514000,2024,429.0,версия справочника года
94516000,94516000,2024,430.0,версия справочника года
94518000,94518000,2024,431.0,версия справочника года
94520000,94520000,2024,432.0,версия справочника года
94522000,94522000,2024,433.0,версия справочника года
94524000,94524000,2024,434.0,версия справочника года
94526000,94526000,2024,435.0,версия справочника года
94528000,94528000,2024,436.0,версия справочника года
94530000,94530000,2024,437.0,версия справочника года
94533000,94533000,2024,438.0,версия справочника года
94535000,94535000,2024,439.0,версия справочника года
94537000,94537000,2024,440.0,версия справочника года
94539000,94539000,2024,441.0,версия справочника года
94541000,94541000,2024,442.0,версия справочника года
94544000,94544000,2024,443.0,версия справочника года
94546000,94546000,2024,444.0,версия справочника года
94548000,94548000,2024,445.0,версия справочника года
94550000,94550000,2024,446.0,версия справочника года
94552000,94552000,2024,447.0,версия справочника года
94701000,94701000,2024,418.0,версия справочника года
94710000,94710000,2024,419.0,версия справочника года
94720000,94720000,2024,420.0,версия справочника года
94730000,94730000,2024,421.0,версия справочника года
94740000,94740000,2024,422.0,версия справочника года
95605000,95605000,2024,453.0,версия справочника года
95608000,95608000,2024,454.0,версия справочника года
95612000,95612000,2024,455.0,версия справочника года
95615000,95615000,2024,456.0,версия справочника года
95620000,95620000,2024,457.0,версия справочника года
95625000,95625000,2024,458.0,версия справочника года
95630000,95630000,2024,459.0,версия справочника года
95635000,95635000,2024,460.0,версия справочника года
95701000,95701000,2024,448.0,версия справочника года
95702000,95702000,2024,449.0,версия справочника года
95708000,95708000,2024,450.0,версия справочника года
95709000,95709000,2024,451.0,версия справочника года
95715000,95715000,2024,452.0,версия справочника года
96602000,96602000,2024,463.0,версия справочника года
96604000,96604000,2024,464.0,версия справочника года
96607000,96607000,2024,465.0,версия справочника года
96610000,96610000,2024,466.0,версия справочника года
96611000,96611000,2024,467.0,версия справочника года
96612000,96612000,2024,468.0,версия справочника года
96616000,96616000,2024,469.0,версия справочника года
96622000,96622000,2024,470.0,версия справочника года
96625000,96625000,2024,471.0,версия справочника года
96628000,96628000,2024,472.0,версия справочника года
96631000,96631000,2024,473.0,версия справочника года
96634000,96634000,2024,474.0,версия справочника года
96637000,96637000,2024,475.0,версия справочника года
96640000,96640000,2024,476.0,версия справочника года
96691000,96691000,2024,477.0,версия справочника года
96701000,96701000,2024,461.0,версия справочника года
96702000,96702000,2024,462.0,версия справочника года
97503000,97503000,2024,483.0,версия справочника года
97505000,97505000,2024,484.0,версия справочника года
97507000,97507000,2024,485.0,версия справочника года
97510000,97510000,2024,486.0,версия справочника года
97513000,97513000,2024,487.0,версия справочника года
97516000,97516000,2024,488.0,версия справочника года
97519000,97519000,2024,489.0,версия справочника года
97521000,97521000,2024,490.0,версия справочника года
97524000,97524000,2024,491.0,версия справочника года
97526000,97526000,2024,492.0,версия справочника года
97529000,97529000,2024,493.0,версия справочника года
97532000,97532000,2024,494.0,версия справочника года
97535000,97535000,2024,495.0,версия справочника года
97538000,97538000,2024,496.0,версия справочника года
97541000,97541000,2024,497.0,версия справочника года
97544000,97544000,2024,498.0,версия справочника года
97547000,97547000,2024,499.0,версия справочника года
97550000,97550000,2024,500.0,версия справочника года
97553000,97553000,2024,501.0,версия справочника года
97555000,97555000,2024,502.0,версия справочника года
97558000,97558000,2024,503.0,версия справочника года
97701000,97701000,2024,478.0,версия справочника года
97704000,97704000,2024,479.0,версия справочника года
97707000,97707000,2024,480.0,версия справочника года
97710000,97710000,2024,481.0,версия справочника года
97713000,97713000,2024,482.0,версия справочника года
98601000,98601000,2024,311.0,версия справочника года
98603000,98603000,2024,312.0,версия справочника года
98604000,98604000,2024,337.0,версия справочника года
98606000,98606000,2024,313.0,версия справочника года
98608000,98608000,2024,314.0,версия справочника года
98610000,98610000,2024,315.0,версия справочника года
98612000,98612000,2024,316.0,версия справочника года
98614000,98614000,2024,317.0,версия справочника года
98615000,98615000,2024,318.0,версия справочника года
98616000,98616000,2024,319.0,версия справочника года
98618000,98618000,2024,320.0,версия справочника года
98620000,98620000,2024,321.0,версия справочника года
98622000,98622000,2024,322.0,версия справочника года
98624000,98624000,2024,323.0,версия справочника года
98626000,98626000,2024,324.0,версия справочника года
98627000,98627000,2024,325.0,версия справочника года
98629000,98629000,2024,326.0,версия справочника года
98631000,98631000,2024,327.0,версия справочника года
98633000,98633000,2024,328.0,версия справочника года
98635000,98635000,2024,329.0,версия справочника года
98637000,98637000,2024,331.0,версия справочника года
98639000,98639000,2024,332.0,версия справочника года
98641000,98641000,2024,333.0,версия справочника года
98642000,98642000,2024,334.0,версия справочника года
98644000,98644000,2024,342.0,версия справочника года
98646000,98646000,2024,335.0,версия справочника года
98648000,98648000,2024,336.0,версия справочника года
98650000,98650000,2024,338.0,версия справочника года
98652000,98652000,2024,339.0,версия справочника года
98654000,98654000,2024,340.0,версия справочника года
98656000,98656000,2024,341.0,версия справочника года
98658000,98658000,2024,343.0,версия справочника года
98659000,98659000,2024,344.0,версия справочника года
98660000,98660000,2024,330.0,версия справочника года
98701000,98701000,2024,309.0,версия справочника года
98702000,98702000,2024,310.0,версия справочника года
99605000,99605000,2024,2339.0,версия справочника года
99610000,99610000,2024,2340.0,версия справочника года
99620000,99620000,2024,2341.0,версия справочника года
99625000,99625000,2024,2342.0,версия справочника года
99630000,99630000,2024,2343.0,версия справочника года
99701000,99701000,2024,2338.0,версия справочника года
01601000,01601000,2021,514.0,версия справочника года
01602000,01602000,2021,515.0,версия справочника года
01603000,01603000,2021,516.0,версия справочника года
01604000,01604000,2021,517.0,версия справочника года
01605000,01605000,2021,518.0,версия справочника года
01606000,01606000,2021,519.0,версия справочника года
01607000,01607000,2021,520.0,версия справочника года
01608000,01608000,2021,521.0,версия справочника года
01609000,01609000,2021,522.0,версия справочника года
01610000,01610000,2021,523.0,версия справочника года
01611000,01611000,2021,524.0,версия справочника года
01612000,01512000,2021,525.0,версия справочника года
01613000,01613000,2021,526.0,версия справочника года
01614000,01514000,2021,527.0,версия справочника года
01615000,01615000,2021,528.0,версия справочника года
01616000,01616000,2021,529.0,версия справочника года
01617000,01617000,2021,530.0,версия справочника года
01618000,01618000,2021,531.0,версия справочника года
01619000,01619000,2021,532.0,версия справочника года
01620000,01620000,2021,533.0,версия справочника года
01621000,01621000,2021,534.0,версия справочника года
01622000,01622000,2021,535.0,версия справочника года
01623000,01623000,2021,536.0,версия справочника года
01624000,01624000,2021,537.0,версия справочника года
01625000,01625000,2021,538.0,версия справочника года
01626000,01626000,2021,539.0,версия справочника года
01627000,01627000,2021,540.0,версия справочника года
01628000,01628000,2021,541.0,версия справочника года
01629000,01629000,2021,542.0,версия справочника года
01630000,01630000,2021,543.0,версия справочника года
01631000,01631000,2021,544.0,версия справочника года
01632000,01632000,2021,545.0,версия справочника года
01633000,01633000,2021,546.0,версия справочника года
01634000,01634000,2021,547.0,версия справочника года
01635000,01635000,2021,548.0,версия справочника года
01636000,01636000,2021,549.0,версия справочника года
01637000,01637000,2021,550.0,версия справочника года
01638000,01638000,2021,551.0,версия справочника года
01640000,01640000,2021,552.0,версия справочника года
01641000,01541000,2021,553.0,версия справочника года
01642000,01642000,2021,554.0,версия справочника года
01643000,01643000,2021,555.0,версия справочника года
01644000,01644000,2021,556.0,версия справочника года
01645000,01645000,2021,557.0,версия справочника года
01646000,01646000,2021,558.0,версия справочника года
01647000,01647000,2021,559.0,версия справочника года
01648000,01648000,2021,560.0,версия справочника года
01649000,01649000,2021,561.0,версия справочника года
01650000,01650000,2021,562.0,версия справочника года
01651000,01651000,2021,563.0,версия справочника года
01652000,01652000,2021,564.0,версия справочника года
01653000,01653000,2021,565.0,версия справочника года
01654000,01654000,2021,566.0,версия справочника года
01655000,01655000,2021,567.0,версия справочника года
01656000,01656000,2021,568.0,версия справочника года
01657000,01657000,2021,569.0,версия справочника года
01658000,01558000,2021,570.0,версия справочника года
01659000,01659000,2021,571.0,версия справочника года
01660000,01660000,2021,572.0,версия справочника года
01701000,01701000,2021,504.0,версия справочника года
01703000,01703000,2021,505.0,версия справочника года
01704000,01704000,2021,506.0,версия справочника года
01705000,01705000,2021,507.0,версия справочника года
01706000,01706000,2021,508.0,версия справочника года
01713000,01713000,2021,509.0,версия справочника года
01716000,01716000,2021,510.0,версия справочника года
01719000,01539000,2021,511.0,версия справочника года
01730000,01730000,2021,512.0,версия справочника года
01755000,01755000,2021,513.0,версия справочника года
03601000,03601000,2021,629.0,версия справочника года
03605000,03605000,2021,630.0,версия справочника года
03607000,03607000,2021,631.0,версия справочника года
03608000,03608000,2021,632.0,версия справочника года
03610000,03610000,2021,633.0,версия справочника года
03612000,03612000,2021,634.0,версия справочника года
03613000,03613000,2021,635.0,версия справочника года
03614000,03614000,2021,636.0,версия справочника года
03616000,03616000,2021,637.0,версия справочника года
03618000,03618000,2021,638.0,версия справочника года
03619000,03619000,2021,639.0,версия справочника года
03620000,03620000,2021,640.0,версия справочника года
03621000,03621000,2021,641.0,версия справочника года
03623000,03623000,2021,642.0,версия справочника года
03624000,03624000,2021,643.0,версия справочника года
03625000,03625000,2021,644.0,версия справочника года
03627000,03627000,2021,645.0,версия справочника года
03628000,03628000,2021,646.0,версия справочника года
03630000,03630000,2021,647.0,версия справочника года
03632000,03532000,2021,648.0,версия справочника года
03633000,03633000,2021,649.0,версия справочника года
03634000,03634000,2021,650.0,версия справочника года
03635000,03635000,2021,651.0,версия справочника года
03637000,03637000,2021,652.0,версия справочника года
03639000,03639000,2021,653.0,версия справочника года
03641000,03541000,2021,654.0,версия справочника года
03643000,03643000,2021,655.0,версия справочника года
03645000,03645000,2021,656.0,версия справочника года
03647000,03647000,2021,657.0,версия справочника года
03649000,03649000,2021,658.0,версия справочника года
03651000,03651000,2021,659.0,версия справочника года
03653000,03653000,2021,660.0,версия справочника года
03654000,03654000,2021,661.0,версия справочника года
03655000,03555000,2021,662.0,версия справочника года
03656000,03656000,2021,663.0,версия справочника года
03657000,03657000,2021,664.0,версия справочника года
03659000,03659000,2021,665.0,версия справочника года
03701000,03701000,2021,622.0,версия справочника года
03703000,03501000,2021,623.0,версия справочника года
03705000,03705000,2021,624.0,версия справочника года
03708000,03708000,2021,625.0,версия справочника года
03709000,03504000,2021,626.0,версия справочника года
03720000,03720000,2021,627.0,версия справочника года
03726000,03726000,2021,2812.0,версия справочника года
04545000,04545000,2021,713.0,версия справочника года
04555000,04555000,2021,721.0,версия справочника года
04558000,04558000,2021,724.0,версия справочника года
04601000,04601000,2021,683.0,версия справочника года
04603000,04603000,2021,684.0,версия справочника года
04604000,04604000,2021,685.0,версия справочника года
04605000,04605000,2021,686.0,версия справочника года
04606000,04606000,2021,687.0,версия справочника года
04608000,04608000,2021,688.0,версия справочника года
04609000,04609000,2021,689.0,версия справочника года
04610000,04610000,2021,690.0,версия справочника года
04611000,04611000,2021,691.0,версия справочника года
04613000,04613000,2021,692.0,версия справочника года
04614000,04614000,2021,693.0,версия справочника года
04615000,04615000,2021,694.0,версия справочника года
04616000,04616000,2021,695.0,версия справочника года
04617000,04617000,2021,696.0,версия справочника года
04618000,04618000,2021,697.0,версия справочника года
04619000,04619000,2021,698.0,версия справочника года
04620000,04620000,2021,699.0,версия справочника года
04621000,04621000,2021,700.0,версия справочника года
04622000,04622000,2021,701.0,версия справочника года
04624000,04624000,2021,702.0,версия справочника года
04626000,04626000,2021,703.0,версия справочника года
04628000,04628000,2021,704.0,версия справочника года
04630000,04630000,2021,705.0,версия справочника года
04631000,04631000,2021,706.0,версия справочника года
04633000,04633000,2021,707.0,версия справочника года
04635000,04635000,2021,708.0,версия справочника года
04637000,04637000,2021,709.0,версия справочника года
04639000,04639000,2021,710.0,версия справочника года
04641000,04641000,2021,711.0,версия справочника года
04643000,04643000,2021,712.0,версия справочника года
04647000,04647000,2021,714.0,версия справочника года
04648000,04648000,2021,715.0,версия справочника года
04649000,04649000,2021,716.0,версия справочника года
04650000,04650000,2021,726.0,версия справочника года
04651000,04651000,2021,717.0,версия справочника года
04652000,04652000,2021,719.0,версия справочника года
04653000,04653000,2021,718.0,версия справочника года
04654000,04654000,2021,720.0,версия справочника года
04656000,04656000,2021,722.0,версия справочника года
04657000,04657000,2021,723.0,версия справочника года
04659000,04659000,2021,725.0,версия справочника года
04701000,04701000,2021,666.0,версия справочника года
04703000,04703000,2021,667.0,версия справочника года
04706000,04706000,2021,668.0,версия справочника года
04707000,04707000,2021,669.0,версия справочника года
04709000,04709000,2021,670.0,версия справочника года
04712000,04712000,2021,671.0,версия справочника года
04720000,04720000,2021,674.0,версия справочника года
04722000,04722000,2021,675.0,версия справочника года
04723000,04723000,2021,676.0,версия справочника года
04726000,04726000,2021,677.0,версия справочника года
04729000,04729000,2021,678.0,версия справочника года
04733000,04733000,2021,679.0,версия справочника года
04740000,04740000,2021,680.0,версия справочника года
04775000,04775000,2021,681.0,версия справочника года
05502000,05502000,2021,787.0,версия справочника года
05517000,05517000,2021,792.0,версия справочника года
05526000,05526000,2021,795.0,версия справочника года
05532000,05532000,2021,798.0,версия справочника года
05540000,05540000,2021,801.0,версия справочника года
05546000,05546000,2021,802.0,версия справочника года
05550000,05550000,2021,804.0,версия справочника года
05555000,05555000,2021,806.0,версия справочника года
05607000,05607000,2021,788.0,версия справочника года
05610000,05510000,2021,789.0,версия справочника года
05612000,05612000,2021,790.0,версия справочника года
05614000,05514000,2021,791.0,версия справочника года
05620000,05520000,2021,793.0,версия справочника года
05623000,05623000,2021,794.0,версия справочника года
05628000,05528000,2021,796.0,версия справочника года
05630000,05530000,2021,797.0,версия справочника года
05634000,05534000,2021,799.0,версия справочника года
05637000,05637000,2021,800.0,версия справочника года
05648000,05548000,2021,803.0,версия справочника года
05653000,05553000,2021,805.0,версия справочника года
05657000,05557000,2021,807.0,версия справочника года
05659000,05559000,2021,808.0,версия справочника года
05701000,05701000,2021,775.0,версия справочника года
05703000,05703000,2021,776.0,версия справочника года
05705000,05705000,2021,777.0,версия справочника года
05706000,05706000,2021,778.0,версия справочника года
05707000,05707000,2021,779.0,версия справочника года
05708000,05708000,2021,780.0,версия справочника года
05711000,05711000,2021,781.0,версия справочника года
05714000,05714000,2021,782.0,версия справочника года
05717000,05717000,2021,783.0,версия справочника года
05720000,05720000,2021,784.0,версия справочника года
05723000,05723000,2021,785.0,версия справочника года
05747000,05747000,2021,786.0,версия справочника года
07502000,07502000,2021,826.0,версия справочника года
07503000,07503000,2021,827.0,версия справочника года
07505000,07505000,2021,828.0,версия справочника года
07507000,07507000,2021,829.0,версия справочника года
07512000,07512000,2021,830.0,версия справочника года
07517000,07517000,2021,831.0,версия справочника года
07528000,07528000,2021,832.0,версия справочника года
07530000,07530000,2021,833.0,версия справочника года
07533000,07533000,2021,834.0,версия справочника года
07536000,07536000,2021,835.0,версия справочника года
07544000,07544000,2021,836.0,версия справочника года
07548000,07548000,2021,837.0,версия справочника года
07552000,07552000,2021,838.0,версия справочника года
07554000,07554000,2021,839.0,версия справочника года
07556000,07556000,2021,840.0,версия справочника года
07558000,07558000,2021,841.0,версия справочника года
07701000,07701000,2021,809.0,версия справочника года
07705000,07510000,2021,810.0,версия справочника года
07707000,07515000,2021,811.0,версия справочника года
07710000,07710000,2021,812.0,версия справочника года
07712000,07712000,2021,813.0,версия справочника года
07713000,07520000,2021,814.0,версия справочника года
07714000,07522000,2021,815.0,версия справочника года
07715000,07715000,2021,816.0,версия справочника года
07716000,07525000,2021,817.0,версия справочника года
07718000,07718000,2021,818.0,версия справочника года
07721000,07539000,2021,819.0,версия справочника года
07724000,07724000,2021,820.0,версия справочника года
07725000,07541000,2021,821.0,версия справочника года
07726000,07543000,2021,822.0,версия справочника года
07727000,07727000,2021,824.0,версия справочника года
07731000,07546000,2021,823.0,версия справочника года
07735000,07550000,2021,825.0,версия справочника года
08603000,08603000,2021,844.0,версия справочника года
08606000,08606000,2021,845.0,версия справочника года
08609000,08509000,2021,846.0,версия справочника года
08612000,08612000,2021,847.0,версия справочника года
08614000,08614000,2021,848.0,версия справочника года
08617000,08617000,2021,849.0,версия справочника года
08620000,08620000,2021,850.0,версия справочника года
08624000,08624000,2021,851.0,версия справочника года
08628000,08628000,2021,852.0,версия справочника года
08631000,08631000,2021,853.0,версия справочника года
08634000,08534000,2021,854.0,версия справочника года
08637000,08637000,2021,855.0,версия справочника года
08642000,08642000,2021,856.0,версия справочника года
08644000,08644000,2021,857.0,версия справочника года
08646000,08646000,2021,858.0,версия справочника года
08650000,08650000,2021,859.0,версия справочника года
08655000,08655000,2021,860.0,версия справочника года
08701000,08701000,2021,842.0,версия справочника года
08709000,08709000,2021,843.0,версия справочника года
10508000,10508000,2021,871.0,версия справочника года
10540000,10540000,2021,882.0,версия справочника года
10605000,10505000,2021,870.0,версия справочника года
10611000,10511000,2021,872.0,версия справочника года
10615000,10515000,2021,873.0,ОКТМО из другой версии
10621000,10521000,2021,874.0,ОКТМО из другой версии
10625000,10525000,2021,875.0,версия справочника года
10628000,10528000,2021,876.0,ОКТМО из другой версии
10630000,10630000,2021,877.0,версия справочника года
10631000,10531000,2021,878.0,версия справочника года
10632000,10532000,2021,879.0,версия справочника года
10635000,10635000,2021,880.0,версия справочника года
10638000,10638000,2021,881.0,версия справочника года
10642000,10642000,2021,883.0,версия справочника года
10645000,10645000,2021,884.0,версия справочника года
10647000,10547000,2021,885.0,версия справочника года
10649000,10549000,2021,886.0,версия справочника года
10651000,10551000,2021,887.0,версия справочника года
10654000,10554000,2021,888.0,ОКТМО из другой версии
10655000,10555000,2021,889.0,версия справочника года
10701000,10701000,2021,861.0,версия справочника года
10710000,10710000,2021,862.0,версия справочника года
10712000,10712000,2021,863.0,версия справочника года
10720000,10720000,2021,864.0,версия справочника года
10730000,10730000,2021,865.0,версия справочника года
10732000,10732000,2021,866.0,версия справочника года
10740000,10740000,2021,867.0,версия справочника года
10775000,10775000,2021,868.0,версия справочника года
11511000,11511000,2021,899.0,версия справочника года
11518000,11518000,2021,901.0,версия справочника года
11605000,11605000,2021,897.0,версия справочника года
11608000,11508000,2021,898.0,версия справочника года
11614000,11514000,2021,900.0,версия справочника года
11622000,11622000,2021,902.0,версия справочника года
11627000,11527000,2021,903.0,версия справочника года
11630000,11530000,2021,904.0,версия справочника года
11635000,11635000,2021,905.0,версия справочника года
11638000,11538000,2021,906.0,версия справочника года
11642000,11542000,2021,907.0,версия справочника года
11644000,11544000,2021,908.0,версия справочника года
11646000,11546000,2021,909.0,версия справочника года
11648000,11548000,2021,910.0,версия справочника года
11650000,11550000,2021,911.0,версия справочника года
11652000,11552000,2021,912.0,версия справочника года
11654000,11554000,2021,913.0,версия справочника года
11656000,11556000,2021,914.0,версия справочника года
11658000,11558000,2021,915.0,версия справочника года
11701000,11701000,2021,890.0,версия справочника года
11708000,11708000,2021,891.0,версия справочника года
11710000,11710000,2021,892.0,версия справочника года
11712000,11712000,2021,894.0,версия справочника года
11715000,11715000,2021,895.0,версия справочника года
11730000,11503000,2021,896.0,версия справочника года
11811000,11811000,2021,917.0,версия справочника года
11851000,11851000,2021,916.0,версия справочника года
12605000,12605000,2021,920.0,версия справочника года
12610000,12610000,2021,921.0,версия справочника года
12615000,12615000,2021,922.0,версия справочника года
12620000,12620000,2021,923.0,версия справочника года
12625000,12625000,2021,924.0,версия справочника года
12630000,12530000,2021,925.0,версия справочника года
12635000,12635000,2021,926.0,версия справочника года
12640000,12640000,2021,927.0,версия справочника года
12642000,12642000,2021,928.0,версия справочника года
12645000,12645000,2021,929.0,версия справочника года
12650000,12550000,2021,930.0,версия справочника года
12701000,12701000,2021,918.0,версия справочника года
12719000,12719000,2021,919.0,версия справочника года
14610000,14610000,2021,935.0,версия справочника года
14615000,14615000,2021,936.0,версия справочника года
14625000,14625000,2021,938.0,версия справочника года
14630000,14630000,2021,939.0,версия справочника года
14638000,14638000,2021,941.0,версия справочника года
14640000,14640000,2021,942.0,версия справочника года
14641000,14641000,2021,943.0,версия справочника года
14642000,14642000,2021,944.0,версия справочника года
14643000,14643000,2021,945.0,версия справочника года
14646000,14646000,2021,947.0,версия справочника года
14648000,14648000,2021,948.0,версия справочника года
14650000,14650000,2021,949.0,версия справочника года
14654000,14654000,2021,950.0,версия справочника года
14701000,14701000,2021,931.0,версия справочника года
14710000,14510000,2021,934.0,версия справочника года
14720000,14520000,2021,937.0,версия справочника года
14725000,14725000,2021,940.0,версия справочника года
14730000,14730000,2021,932.0,версия справочника года
14735000,14535000,2021,946.0,версия справочника года
14740000,14740000,2021,933.0,версия справочника года
14750000,14550000,2021,951.0,версия справочника года
14755000,14555000,2021,952.0,версия справочника года
15501000,15501000,2021,2714.0,версия справочника года
15502000,15502000,2021,966.0,версия справочника года
15604000,15604000,2021,959.0,версия справочника года
15608000,15608000,2021,960.0,версия справочника года
15610000,15610000,2021,961.0,версия справочника года
15611000,15611000,2021,962.0,версия справочника года
15612000,15612000,2021,963.0,версия справочника года
15616000,15616000,2021,964.0,версия справочника года
15620000,15620000,2021,965.0,версия справочника года
15623000,15623000,2021,967.0,версия справочника года
15624000,15624000,2021,968.0,версия справочника года
15626000,15626000,2021,969.0,версия справочника года
15628000,15628000,2021,970.0,версия справочника года
15630000,15630000,2021,971.0,версия справочника года
15632000,15632000,2021,972.0,версия справочника года
15634000,15634000,2021,973.0,версия справочника года
15636000,15636000,2021,974.0,версия справочника года
15638000,15638000,2021,975.0,версия справочника года
15642000,15642000,2021,977.0,версия справочника года
15644000,15644000,2021,978.0,версия справочника года
15646000,15646000,2021,979.0,версия справочника года
15648000,15648000,2021,980.0,версия справочника года
15652000,15652000,2021,982.0,версия справочника года
15654000,15654000,2021,983.0,версия справочника года
15656000,15656000,2021,984.0,версия справочника года
15658000,15658000,2021,985.0,версия справочника года
15701000,15701000,2021,953.0,версия справочника года
15710000,15710000,2021,957.0,версия справочника года
15715000,15715000,2021,954.0,версия справочника года
15720000,15720000,2021,2650.0,версия справочника года
15725000,15725000,2021,956.0,версия справочника года
17605000,17605000,2021,991.0,версия справочника года
17610000,17610000,2021,992.0,версия справочника года
17615000,17615000,2021,993.0,версия справочника года
17620000,17620000,2021,994.0,версия справочника года
17625000,17625000,2021,995.0,версия справочника года
17630000,17630000,2021,996.0,версия справочника года
17635000,17635000,2021,997.0,версия справочника года
17640000,17640000,2021,998.0,версия справочника года
17642000,17542000,2021,999.0,версия справочника года
17644000,17644000,2021,1000.0,версия справочника года
17646000,17646000,2021,1001.0,версия справочника года
17648000,17648000,2021,1002.0,версия справочника года
17650000,17550000,2021,1003.0,версия справочника года
17652000,17652000,2021,1004.0,версия справочника года
17654000,17654000,2021,1005.0,версия справочника года
17656000,17656000,2021,1006.0,версия справочника года
17701000,17701000,2021,986.0,версия справочника года
17720000,17720000,2021,987.0,версия справочника года
17725000,17725000,2021,988.0,версия справочника года
17735000,17735000,2021,989.0,версия справочника года
18602000,18602000,2021,1013.0,версия справочника года
18604000,18604000,2021,1014.0,версия справочника года
18605000,18605000,2021,1015.0,версия справочника года
18606000,18606000,2021,1016.0,версия справочника года
18608000,18608000,2021,1017.0,версия справочника года
18610000,18610000,2021,1018.0,версия справочника года
18612000,18612000,2021,1019.0,версия справочника года
18614000,18614000,2021,1020.0,версия справочника года
18616000,18616000,2021,1021.0,версия справочника года
18618000,18618000,2021,1022.0,версия справочника года
18620000,18620000,2021,1023.0,версия справочника года
18622000,18622000,2021,1024.0,версия справочника года
18624000,18624000,2021,1025.0,версия справочника года
18626000,18626000,2021,1026.0,версия справочника года
18630000,18630000,2021,1028.0,версия справочника года
18634000,18634000,2021,1029.0,версия справочника года
18636000,18636000,2021,1030.0,версия справочника года
18638000,18638000,2021,1031.0,версия справочника года
18640000,18640000,2021,1032.0,версия справочника года
18642000,18642000,2021,1033.0,версия справочника года
18643000,18643000,2021,1034.0,версия справочника года
18645000,18645000,2021,1035.0,версия справочника года
18646000,18646000,2021,1027.0,версия справочника года
18647000,18647000,2021,1036.0,версия справочника года
18649000,18649000,2021,1037.0,версия справочника года
18650000,18650000,2021,1038.0,версия справочника года
18651000,18651000,2021,1039.0,версия справочника года
18652000,18652000,2021,1040.0,версия справочника года
18653000,18653000,2021,1041.0,версия справочника года
18654000,18654000,2021,1042.0,версия справочника года
18656000,18656000,2021,1043.0,версия справочника года
18658000,18658000,2021,1044.0,версия справочника года
18701000,18701000,2021,1007.0,версия справочника года
18710000,18710000,2021,1008.0,версия справочника года
18715000,18715000,2021,1009.0,версия справочника года
18720000,18520000,2021,1010.0,версия справочника года
18725000,18725000,2021,1011.0,версия справочника года
18728000,18728000,2021,1012.0,версия справочника года
19605000,19505000,2021,1047.0,версия справочника года
19608000,19508000,2021,1048.0,версия справочника года
19610000,19510000,2021,1049.0,версия справочника года
19612000,19512000,2021,1050.0,версия справочника года
19614000,19514000,2021,1051.0,версия справочника года
19616000,19516000,2021,1052.0,версия справочника года
19618000,19518000,2021,1053.0,версия справочника года
19620000,19520000,2021,1054.0,версия справочника года
19622000,19622000,2021,1055.0,версия справочника года
19624000,19524000,2021,1056.0,версия справочника года
19626000,19526000,2021,1057.0,версия справочника года
19628000,19528000,2021,1058.0,версия справочника года
19630000,19530000,2021,1059.0,версия справочника года
19632000,19532000,2021,1060.0,версия справочника года
19634000,19534000,2021,1061.0,версия справочника года
19636000,19536000,2021,1062.0,версия справочника года
19638000,19538000,2021,1063.0,версия справочника года
19640000,19540000,2021,1064.0,версия справочника года
19642000,19542000,2021,1065.0,версия справочника года
19646000,19546000,2021,1066.0,версия справочника года
19648000,19548000,2021,1067.0,версия справочника года
19650000,19550000,2021,1068.0,версия справочника года
19652000,19552000,2021,1069.0,версия справочника года
19654000,19554000,2021,1070.0,версия справочника года
19656000,19656000,2021,1071.0,версия справочника года
19658000,19658000,2021,1072.0,версия справочника года
19701000,19701000,2021,1045.0,версия справочника года
19730000,19730000,2021,1046.0,версия справочника года
20602000,20602000,2021,1076.0,версия справочника года
20604000,20604000,2021,1077.0,версия справочника года
20605000,20605000,2021,1078.0,версия справочника года
20608000,20608000,2021,1079.0,версия справочника года
20610000,20610000,2021,1080.0,версия справочника года
20611000,20611000,2021,1081.0,версия справочника года
20612000,20612000,2021,1082.0,версия справочника года
20613000,20613000,2021,1083.0,версия справочника года
20615000,20615000,2021,1084.0,версия справочника года
20617000,20617000,2021,1085.0,версия справочника года
20619000,20619000,2021,1086.0,версия справочника года
20620000,20620000,2021,1087.0,версия справочника года
20621000,20621000,2021,1088.0,версия справочника года
20623000,20623000,2021,1089.0,версия справочника года
20625000,20625000,2021,1090.0,версия справочника года
20627000,20627000,2021,1091.0,версия справочника года
20629000,20629000,2021,1092.0,версия справочника года
20631000,20631000,2021,1093.0,версия справочника года
20633000,20633000,2021,1094.0,версия справочника года
20635000,20635000,2021,1095.0,версия справочника года
20637000,20637000,2021,1096.0,версия справочника года
20639000,20639000,2021,1097.0,версия справочника года
20641000,20641000,2021,1098.0,версия справочника года
20643000,20643000,2021,1099.0,версия справочника года
20645000,20645000,2021,1100.0,версия справочника года
20647000,20647000,2021,1101.0,версия справочника года
20649000,20649000,2021,1102.0,версия справочника года
20651000,20651000,2021,1103.0,версия справочника года
20654000,20654000,2021,1104.0,версия справочника года
20656000,20656000,2021,1105.0,версия справочника года
20658000,20658000,2021,1106.0,версия справочника года
20701000,20701000,2021,1073.0,версия справочника года
20710000,20710000,2021,1074.0,версия справочника года
20727000,20727000,2021,1075.0,версия справочника года
22505000,22505000,2021,1539.0,версия справочника года
22507000,22507000,2021,1540.0,версия справочника года
22512000,22512000,2021,1543.0,версия справочника года
22514000,22514000,2021,1544.0,версия справочника года
22532000,22532000,2021,1555.0,версия справочника года
22534000,22534000,2021,1557.0,версия справочника года
22540000,22540000,2021,1562.0,версия справочника года
22542000,22542000,2021,1563.0,версия справочника года
22546000,22546000,2021,1565.0,версия справочника года
22553000,22553000,2021,1571.0,версия справочника года
22554000,22554000,2021,1572.0,версия справочника года
22602000,22502000,2021,1537.0,версия справочника года
22603000,22703000,2021,1538.0,версия справочника года
22609000,22509000,2021,1541.0,версия справочника года
22610000,22510000,2021,1542.0,версия справочника года
22615000,22515000,2021,1545.0,версия справочника года
22617000,22517000,2021,1546.0,версия справочника года
22618000,22518000,2021,1547.0,версия справочника года
22619000,22519000,2021,1548.0,версия справочника года
22622000,22522000,2021,1551.0,версия справочника года
22626000,22526000,2021,1552.0,версия справочника года
22628000,22528000,2021,1553.0,версия справочника года
22630000,22530000,2021,1554.0,версия справочника года
22631000,22520000,2021,1549.0,версия справочника года
22633000,22533000,2021,1556.0,версия справочника года
22635000,22535000,2021,1558.0,версия справочника года
22636000,22536000,2021,1559.0,версия справочника года
22637000,22537000,2021,1560.0,версия справочника года
22639000,22539000,2021,1561.0,версия справочника года
22645000,22545000,2021,1564.0,версия справочника года
22648000,22548000,2021,1566.0,версия справочника года
22649000,22549000,2021,1567.0,версия справочника года
22650000,22550000,2021,1568.0,версия справочника года
22651000,22551000,2021,1569.0,версия справочника года
22652000,22552000,2021,1570.0,версия справочника года
22656000,22556000,2021,1573.0,версия справочника года
22657000,22557000,2021,1574.0,версия справочника года
22701000,22701000,2021,1523.0,версия справочника года
22703000,22703000,2021,1524.0,версия справочника года
22704000,22704000,2021,1531.0,версия справочника года
22712000,22712000,2021,1525.0,версия справочника года
22715000,22715000,2021,1526.0,версия справочника года
22719000,22719000,2021,1550.0,версия справочника года
22721000,22721000,2021,1527.0,версия справочника года
22727000,22727000,2021,1528.0,версия справочника года
22730000,22730000,2021,1529.0,версия справочника года
22734000,22734000,2021,1534.0,версия справочника года
22737000,22737000,2021,1532.0,версия справочника года
22739000,22739000,2021,1530.0,версия справочника года
22749000,22749000,2021,1535.0,версия справочника года
22755000,22755000,2021,1536.0,версия справочника года
22758000,22758000,2021,1533.0,версия справочника года
24601000,24601000,2021,1113.0,версия справочника года
24602000,24602000,2021,1114.0,версия справочника года
24603000,24603000,2021,1115.0,версия справочника года
24605000,24605000,2021,1116.0,версия справочника года
24607000,24607000,2021,1117.0,версия справочника года
24609000,24609000,2021,1118.0,версия справочника года
24611000,24611000,2021,1119.0,версия справочника года
24613000,24613000,2021,1120.0,версия справочника года
24614000,24614000,2021,1121.0,версия справочника года
24615000,24615000,2021,1122.0,версия справочника года
24617000,24617000,2021,1123.0,версия справочника года
24619000,24619000,2021,1124.0,версия справочника года
24620000,24620000,2021,1125.0,версия справочника года
24621000,24621000,2021,1126.0,версия справочника года
24623000,24623000,2021,1127.0,версия справочника года
24625000,24625000,2021,1128.0,версия справочника года
24629000,24629000,2021,1129.0,версия справочника года
24631000,24631000,2021,1130.0,версия справочника года
24633000,24633000,2021,1131.0,версия справочника года
24635000,24635000,2021,1132.0,версия справочника года
24637000,24637000,2021,1133.0,версия справочника года
24701000,24701000,2021,1107.0,версия справочника года
24703000,24703000,2021,1108.0,версия справочника года
24705000,24705000,2021,1109.0,версия справочника года
24706000,24706000,2021,1110.0,версия справочника года
24707000,24707000,2021,1111.0,версия справочника года
24711000,24711000,2021,1112.0,версия справочника года
25601000,25601000,2021,1144.0,версия справочника года
25602000,25602000,2021,1145.0,версия справочника года
25604000,25604000,2021,1146.0,версия справочника года
25605000,25605000,2021,1170.0,версия справочника года
25606000,25606000,2021,1147.0,версия справочника года
25607000,25607000,2021,1171.0,версия справочника года
25608000,25608000,2021,1148.0,версия справочника года
25609000,25609000,2021,1172.0,версия справочника года
25610000,25610000,2021,1149.0,версия справочника года
25612000,25612000,2021,1150.0,версия справочника года
25614000,25614000,2021,1151.0,версия справочника года
25616000,25616000,2021,1152.0,версия справочника года
25618000,25618000,2021,1153.0,версия справочника года
25620000,25620000,2021,1154.0,версия справочника года
25622000,25622000,2021,1155.0,версия справочника года
25624000,25624000,2021,1156.0,версия справочника года
25626000,25626000,2021,1157.0,версия справочника года
25628000,25628000,2021,1158.0,версия справочника года
25629000,25629000,2021,1173.0,версия справочника года
25630000,25630000,2021,1159.0,версия справочника года
25631000,25631000,2021,1174.0,версия справочника года
25634000,25634000,2021,1160.0,версия справочника года
25636000,25636000,2021,1161.0,версия справочника года
25638000,25638000,2021,1162.0,версия справочника года
25640000,25640000,2021,1163.0,версия справочника года
25642000,25542000,2021,1164.0,версия справочника года
25644000,25644000,2021,1165.0,версия справочника года
25646000,25646000,2021,1166.0,версия справочника года
25648000,25648000,2021,1167.0,версия справочника года
25650000,25550000,2021,1168.0,версия справочника года
25655000,25655000,2021,1169.0,версия справочника года
25657000,25657000,2021,1175.0,версия справочника года
25701000,25701000,2021,1134.0,версия справочника года
25703000,25703000,2021,1135.0,версия справочника года
25714000,25714000,2021,1136.0,версия справочника года
25720000,25720000,2021,1137.0,версия справочника года
25726000,25726000,2021,1138.0,версия справочника года
25732000,25732000,2021,1139.0,версия справочника года
25736000,25736000,2021,1140.0,версия справочника года
25738000,25738000,2021,1141.0,версия справочника года
25745000,25745000,2021,1142.0,версия справочника года
25746000,25746000,2021,1143.0,версия справочника года
26605000,26605000,2021,165.0,версия справочника года
26610000,26610000,2021,166.0,версия справочника года
26615000,26615000,2021,164.0,версия справочника года
26620000,26620000,2021,163.0,версия справочника года
26701000,26701000,2021,158.0,версия справочника года
26706000,26706000,2021,160.0,версия справочника года
26710000,26710000,2021,161.0,версия справочника года
26715000,26715000,2021,159.0,версия справочника года
26720000,26610000,2021,162.0,версия справочника года
27701000,27701000,2021,1176.0,версия справочника года
27703000,27503000,2021,1183.0,ОКТМО из другой версии
27705000,27705000,2021,1184.0,версия справочника года
27706000,27506000,2021,1185.0,ОКТМО из другой версии
27707000,27507000,2021,1186.0,ОКТМО из другой версии
27709000,27709000,2021,1187.0,версия справочника года
27710000,27510000,2021,1188.0,ОКТМО из другой версии
27711000,27711000,2021,1177.0,версия справочника года
27712000,27712000,2021,1178.0,версия справочника года
27713000,27513000,2021,1189.0,ОКТМО из другой версии
27714000,27514000,2021,1191.0,ОКТМО из другой версии
27715000,27515000,2021,1192.0,ОКТМО из другой версии
27716000,27516000,2021,1193.0,ОКТМО из другой версии
27717000,27717000,2021,1179.0,версия справочника года
27718000,27518000,2021,1194.0,ОКТМО из другой версии
27719000,27519000,2021,1195.0,ОКТМО из другой версии
27725000,27725000,2021,1180.0,версия справочника года
27727000,27527000,2021,1196.0,ОКТМО из другой версии
27730000,27730000,2021,1181.0,версия справочника года
27734000,27734000,2021,1190.0,версия справочника года
27739000,27539000,2021,1197.0,ОКТМО из другой версии
27740000,27740000,2021,1182.0,версия справочника года
28502000,28502000,2021,2110.0,версия справочника года
28510000,28510000,2021,2114.0,версия справочника года
28516000,28516000,2021,2117.0,версия справочника года
28532000,28532000,2021,2125.0,версия справочника года
28536000,28536000,2021,2127.0,версия справочника года
28544000,28544000,2021,2132.0,версия справочника года
28546000,28546000,2021,2133.0,версия справочника года
28549000,28549000,2021,2136.0,версия справочника года
28550000,28550000,2021,2137.0,версия справочника года
28604000,28504000,2021,2111.0,версия справочника года
28606000,28506000,2021,2112.0,версия справочника года
28608000,28508000,2021,2113.0,версия справочника года
28614000,28514000,2021,2116.0,версия справочника года
28618000,28518000,2021,2118.0,версия справочника года
28620000,28520000,2021,2119.0,версия справочника года
28622000,28522000,2021,2120.0,версия справочника года
28626000,28526000,2021,2122.0,версия справочника года
28628000,28528000,2021,2123.0,версия справочника года
28630000,28530000,2021,2124.0,версия справочника года
28634000,28534000,2021,2126.0,версия справочника года
28638000,28538000,2021,2128.0,версия справочника года
28640000,28540000,2021,2129.0,версия справочника года
28642000,28542000,2021,2130.0,версия справочника года
28647000,28547000,2021,2134.0,версия справочника года
28648000,28548000,2021,2135.0,версия справочника года
28651000,28551000,2021,2138.0,версия справочника года
28652000,28552000,2021,2139.0,версия справочника года
28653000,28553000,2021,2140.0,версия справочника года
28654000,28654000,2021,2141.0,версия справочника года
28655000,28555000,2021,2142.0,версия справочника года
28657000,28557000,2021,2143.0,версия справочника года
28701000,28701000,2021,2101.0,версия справочника года
28714000,28714000,2021,2710.0,версия справочника года
28726000,28528000,2021,2103.0,версия справочника года
28745000,28548000,2021,2106.0,версия справочника года
28750000,28750000,2021,2108.0,версия справочника года
28751000,28751000,2021,2109.0,версия справочника года
28752000,28752000,2021,2105.0,версия справочника года
28758000,28758000,2021,2121.0,версия справочника года
28759000,28759000,2021,2131.0,версия справочника года
29602000,29602000,2021,1200.0,версия справочника года
29604000,29604000,2021,1201.0,версия справочника года
29606000,29606000,2021,2647.0,версия справочника года
29608000,29608000,2021,1203.0,версия справочника года
29610000,29610000,2021,1204.0,версия справочника года
29612000,29612000,2021,1205.0,версия справочника года
29613000,29613000,2021,1206.0,версия справочника года
29614000,29614000,2021,1207.0,версия справочника года
29615000,29615000,2021,1208.0,версия справочника года
29616000,29616000,2021,1209.0,версия справочника года
29618000,29618000,2021,1210.0,версия справочника года
29620000,29620000,2021,1211.0,версия справочника года
29623000,29623000,2021,1212.0,версия справочника года
29625000,29625000,2021,1213.0,версия справочника года
29627000,29627000,2021,1214.0,версия справочника года
29629000,29629000,2021,1215.0,версия справочника года
29632000,29632000,2021,1216.0,версия справочника года
29634000,29634000,2021,1217.0,версия справочника года
29636000,29636000,2021,1218.0,версия справочника года
29638000,29638000,2021,1219.0,версия справочника года
29642000,29642000,2021,1220.0,версия справочника года
29644000,29644000,2021,1221.0,версия справочника года
29646000,29646000,2021,1222.0,версия справочника года
29650000,29650000,2021,1223.0,версия справочника года
29701000,29701000,2021,1198.0,версия справочника года
29715000,29715000,2021,2646.0,версия справочника года
30501000,30501000,2021,610.0,версия справочника года
30604000,30504000,2021,611.0,версия справочника года
30607000,30607000,2021,612.0,версия справочника года
30610000,30510000,2021,613.0,версия справочника года
30613000,30613000,2021,614.0,версия справочника года
30616000,30616000,2021,615.0,версия справочника года
30619000,30519000,2021,616.0,версия справочника года
30701000,30701000,2021,608.0,версия справочника года
30735000,30735000,2021,609.0,версия справочника года
30824000,30824000,2021,618.0,версия справочника года
30827000,30827000,2021,619.0,версия справочника года
30829000,30829000,2021,620.0,версия справочника года
30851000,30851000,2021,617.0,версия справочника года
32502000,32502000,2021,1241.0,версия справочника года
32504000,32504000,2021,1242.0,версия справочника года
32507000,32507000,2021,1243.0,версия справочника года
32510000,32510000,2021,1244.0,версия справочника года
32513000,32513000,2021,1245.0,версия справочника года
32522000,32522000,2021,1248.0,версия справочника года
32525000,32525000,2021,1249.0,версия справочника года
32531000,32531000,2021,1252.0,версия справочника года
32534000,32534000,2021,1253.0,версия справочника года
32537000,32537000,2021,1254.0,версия справочника года
32540000,32540000,2021,1255.0,версия справочника года
32543000,32543000,2021,1256.0,версия справочника года
32546000,32546000,2021,1257.0,версия справочника года
32601000,32501000,2021,1240.0,версия справочника года
32616000,32516000,2021,1246.0,версия справочника года
32619000,32519000,2021,1247.0,версия справочника года
32627000,32627000,2021,1250.0,версия справочника года
32701000,32701000,2021,1224.0,версия справочника года
32704000,32704000,2021,1225.0,версия справочника года
32707000,32707000,2021,1226.0,версия справочника года
32710000,32710000,2021,1227.0,версия справочника года
32715000,32715000,2021,1228.0,версия справочника года
32716000,32716000,2021,1229.0,версия справочника года
32719000,32719000,2021,1230.0,версия справочника года
32725000,32725000,2021,1231.0,версия справочника года
32728000,32728000,2021,1232.0,версия справочника года
32731000,32731000,2021,1233.0,версия справочника года
32732000,32732000,2021,1235.0,версия справочника года
32734000,32734000,2021,1234.0,версия справочника года
32737000,32737000,2021,1236.0,версия справочника года
32740000,32740000,2021,1237.0,версия справочника года
32749000,32749000,2021,1238.0,версия справочника года
32751000,32522000,2021,1239.0,версия справочника года
33502000,33502000,2021,1264.0,версия справочника года
33506000,33506000,2021,1267.0,версия справочника года
33516000,33516000,2021,1273.0,версия справочника года
33533000,33533000,2021,1291.0,версия справочника года
33534000,33534000,2021,1292.0,версия справочника года
33543000,33543000,2021,1299.0,версия справочника года
33603000,33503000,2021,1265.0,версия справочника года
33605000,33605000,2021,1266.0,версия справочника года
33607000,33507000,2021,1268.0,версия справочника года
33608000,33608000,2021,1269.0,версия справочника года
33610000,33610000,2021,1270.0,версия справочника года
33612000,33612000,2021,1271.0,версия справочника года
33614000,33614000,2021,1272.0,версия справочника года
33617000,33617000,2021,1274.0,версия справочника года
33618000,33618000,2021,1275.0,версия справочника года
33619000,33619000,2021,1276.0,версия справочника года
33620000,33620000,2021,1277.0,версия справочника года
33621000,33521000,2021,1278.0,версия справочника года
33622000,33522000,2021,1279.0,версия справочника года
33623000,33623000,2021,1280.0,версия справочника года
33624000,33524000,2021,1281.0,версия справочника года
33625000,33625000,2021,1282.0,версия справочника года
33626000,33526000,2021,1283.0,версия справочника года
33627000,33627000,2021,1284.0,версия справочника года
33628000,33628000,2021,1285.0,версия справочника года
33629000,33529000,2021,1286.0,версия справочника года
33630000,33630000,2021,1287.0,версия справочника года
33631000,33531000,2021,1289.0,версия справочника года
33632000,33632000,2021,1290.0,версия справочника года
33635000,33635000,2021,1293.0,версия справочника года
33636000,33636000,2021,1294.0,версия справочника года
33637000,33637000,2021,1295.0,версия справочника года
33638000,33638000,2021,1296.0,версия справочника года
33640000,33540000,2021,1297.0,версия справочника года
33641000,33641000,2021,1298.0,версия справочника года
33645000,33645000,2021,1288.0,версия справочника года
33647000,33647000,2021,1300.0,версия справочника года
33649000,33649000,2021,1301.0,версия справочника года
33650000,33650000,2021,1302.0,версия справочника года
33701000,33701000,2021,1258.0,версия справочника года
33704000,33704000,2021,1259.0,версия справочника года
33707000,33707000,2021,1260.0,версия справочника года
33710000,33710000,2021,1261.0,версия справочника года
33713000,33713000,2021,1262.0,версия справочника года
33787000,33787000,2021,1263.0,версия справочника года
35604000,35604000,2021,255.0,версия справочника года
35607000,35607000,2021,256.0,версия справочника года
35611000,35611000,2021,257.0,версия справочника года
35616000,35616000,2021,258.0,версия справочника года
35620000,35620000,2021,259.0,версия справочника года
35623000,35623000,2021,260.0,версия справочника года
35627000,35627000,2021,261.0,версия справочника года
35631000,35631000,2021,262.0,версия справочника года
35635000,35635000,2021,263.0,версия справочника года
35639000,35639000,2021,264.0,версия справочника года
35643000,35643000,2021,265.0,версия справочника года
35647000,35647000,2021,266.0,версия справочника года
35652000,35652000,2021,267.0,версия справочника года
35656000,35656000,2021,268.0,версия справочника года
35701000,35701000,2021,244.0,версия справочника года
35703000,35703000,2021,245.0,версия справочника года
35706000,35706000,2021,246.0,версия справочника года
35709000,35709000,2021,247.0,версия справочника года
35712000,35712000,2021,248.0,версия справочника года
35715000,35715000,2021,249.0,версия справочника года
35718000,35718000,2021,250.0,версия справочника года
35721000,35721000,2021,251.0,версия справочника года
35723000,35723000,2021,252.0,версия справочника года
35726000,35726000,2021,253.0,версия справочника года
35729000,35729000,2021,254.0,версия справочника года
36602000,36602000,2021,1884.0,версия справочника года
36604000,36604000,2021,1885.0,версия справочника года
36606000,36606000,2021,1886.0,версия справочника года
36608000,36608000,2021,1887.0,версия справочника года
36610000,36610000,2021,1888.0,версия справочника года
36612000,36612000,2021,1889.0,версия справочника года
36614000,36614000,2021,1890.0,версия справочника года
36615000,36615000,2021,1891.0,версия справочника года
36616000,36616000,2021,1892.0,версия справочника года
36617000,36617000,2021,1893.0,версия справочника года
36618000,36618000,2021,1894.0,версия справочника года
36620000,36620000,2021,1895.0,версия справочника года
36622000,36622000,2021,1896.0,версия справочника года
36624000,36624000,2021,1897.0,версия справочника года
36626000,36626000,2021,1898.0,версия справочника года
36628000,36628000,2021,1899.0,версия справочника года
36630000,36630000,2021,1900.0,версия справочника года
36632000,36632000,2021,1901.0,версия справочника года
36634000,36634000,2021,1902.0,версия справочника года
36636000,36636000,2021,1903.0,версия справочника года
36638000,36638000,2021,1904.0,версия справочника года
36640000,36640000,2021,1905.0,версия справочника года
36642000,36642000,2021,1906.0,версия справочника года
36644000,36644000,2021,1907.0,версия справочника года
36646000,36646000,2021,1908.0,версия справочника года
36648000,36648000,2021,1909.0,версия справочника года
36650000,36650000,2021,1910.0,версия справочника года
36701000,36701000,2021,1874.0,версия справочника года
36704000,36704000,2021,1875.0,версия справочника года
36708000,36708000,2021,1876.0,версия справочника года
36713000,36713000,2021,1877.0,версия справочника года
36718000,36718000,2021,1878.0,версия справочника года
36724000,36724000,2021,1879.0,версия справочника года
36727000,36727000,2021,1880.0,версия справочника года
36735000,36735000,2021,1881.0,версия справочника года
36740000,36740000,2021,1882.0,версия справочника года
36750000,36750000,2021,1883.0,версия справочника года
37520000,37520000,2021,1345.0,версия справочника года
37542000,37542000,2021,1356.0,версия справочника года
37602000,37502000,2021,1335.0,версия справочника года
37604000,37504000,2021,1336.0,версия справочника года
37606000,37506000,2021,1337.0,версия справочника года
37608000,37508000,2021,1338.0,версия справочника года
37609000,37509000,2021,1339.0,версия справочника года
37610000,37510000,2021,1340.0,версия справочника года
37612000,37512000,2021,1341.0,версия справочника года
37614000,37514000,2021,1342.0,версия справочника года
37616000,37516000,2021,1343.0,версия справочника года
37618000,37518000,2021,1344.0,версия справочника года
37622000,37522000,2021,1346.0,версия справочника года
37624000,37524000,2021,1347.0,версия справочника года
37626000,37526000,2021,1348.0,версия справочника года
37628000,37528000,2021,1349.0,версия справочника года
37630000,37530000,2021,1350.0,версия справочника года
37632000,37532000,2021,1351.0,версия справочника года
37634000,37534000,2021,1352.0,версия справочника года
37636000,37536000,2021,1353.0,версия справочника года
37638000,37538000,2021,1354.0,версия справочника года
37640000,37540000,2021,1355.0,версия справочника года
37644000,37544000,2021,1357.0,версия справочника года
37646000,37546000,2021,1358.0,версия справочника года
37701000,37701000,2021,1333.0,версия справочника года
37705000,37705000,2021,1334.0,версия справочника года
38602000,38602000,2021,1364.0,версия справочника года
38603000,38603000,2021,1365.0,версия справочника года
38604000,38604000,2021,1366.0,версия справочника года
38606000,38606000,2021,1367.0,версия справочника года
38608000,38608000,2021,1368.0,версия справочника года
38610000,38610000,2021,1369.0,версия справочника года
38612000,38612000,2021,1370.0,версия справочника года
38614000,38614000,2021,1371.0,версия справочника года
38616000,38616000,2021,1372.0,версия справочника года
38618000,38618000,2021,1373.0,версия справочника года
38620000,38620000,2021,1374.0,версия справочника года
38621000,38621000,2021,1375.0,версия справочника года
38622000,38622000,2021,1376.0,версия справочника года
38623000,38623000,2021,1377.0,версия справочника года
38624000,38624000,2021,1378.0,версия справочника года
38626000,38626000,2021,1379.0,версия справочника года
38628000,38628000,2021,1380.0,версия справочника года
38630000,38630000,2021,1381.0,версия справочника года
38632000,38632000,2021,1382.0,версия справочника года
38634000,38634000,2021,1383.0,версия справочника года
38636000,38636000,2021,1384.0,версия справочника года
38638000,38638000,2021,1385.0,версия справочника года
38640000,38640000,2021,1386.0,версия справочника года
38642000,38642000,2021,1387.0,версия справочника года
38644000,38644000,2021,1388.0,версия справочника года
38646000,38646000,2021,1389.0,версия справочника года
38648000,38648000,2021,1390.0,версия справочника года
38650000,38650000,2021,1391.0,версия справочника года
38701000,38701000,2021,1359.0,версия справочника года
38705000,38705000,2021,1360.0,версия справочника года
38708000,38708000,2021,1361.0,версия справочника года
38710000,38710000,2021,1362.0,версия справочника года
38715000,38715000,2021,1363.0,версия справочника года
41603000,41603000,2021,1392.0,версия справочника года
41606000,41606000,2021,1393.0,версия справочника года
41609000,41609000,2021,1394.0,версия справочника года
41612000,41612000,2021,1395.0,версия справочника года
41615000,41615000,2021,1396.0,версия справочника года
41618000,41518000,2021,1397.0,версия справочника года
41621000,41621000,2021,1398.0,версия справочника года
41624000,41624000,2021,1399.0,версия справочника года
41625000,41625000,2021,1400.0,версия справочника года
41627000,41627000,2021,1401.0,версия справочника года
41630000,41630000,2021,1402.0,версия справочника года
41633000,41633000,2021,1403.0,версия справочника года
41636000,41636000,2021,1404.0,версия справочника года
41639000,41639000,2021,1405.0,версия справочника года
41642000,41642000,2021,1406.0,версия справочника года
41645000,41645000,2021,1407.0,версия справочника года
41648000,41648000,2021,1408.0,версия справочника года
41754000,41754000,2021,1409.0,версия справочника года
42603000,42503000,2021,1412.0,версия справочника года
42606000,42606000,2021,1413.0,версия справочника года
42609000,42609000,2021,1414.0,версия справочника года
42612000,42612000,2021,1415.0,версия справочника года
42615000,42515000,2021,1416.0,версия справочника года
42618000,42618000,2021,1417.0,версия справочника года
42621000,42621000,2021,1418.0,версия справочника года
42624000,42624000,2021,1419.0,версия справочника года
42627000,42527000,2021,1420.0,версия справочника года
42630000,42630000,2021,1421.0,версия справочника года
42633000,42633000,2021,1422.0,версия справочника года
42636000,42636000,2021,1423.0,версия справочника года
42640000,42540000,2021,1424.0,версия справочника года
42642000,42542000,2021,1425.0,версия справочника года
42645000,42645000,2021,1426.0,версия справочника года
42648000,42648000,2021,1427.0,версия справочника года
42652000,42652000,2021,1428.0,версия справочника года
42656000,42656000,2021,1429.0,версия справочника года
42701000,42701000,2021,1410.0,версия справочника года
42715000,42715000,2021,1411.0,версия справочника года
44701000,44701000,2021,1430.0,версия справочника года
44702000,44502000,2021,1431.0,версия справочника года
44704000,44504000,2021,1432.0,версия справочника года
44707000,44507000,2021,1433.0,версия справочника года
44710000,44510000,2021,1434.0,версия справочника года
44713000,44513000,2021,1435.0,версия справочника года
44716000,44516000,2021,1436.0,версия справочника года
44719000,44519000,2021,1437.0,версия справочника года
44722000,44522000,2021,1438.0,версия справочника года
45301000,45301000,2021,2462.0,версия справочника года
45302000,45302000,2021,2463.0,версия справочника года
45303000,45303000,2021,2464.0,версия справочника года
45304000,45304000,2021,2465.0,версия справочника года
45305000,45305000,2021,2466.0,версия справочника года
45306000,45306000,2021,2467.0,версия справочника года
45307000,45307000,2021,2468.0,версия справочника года
45308000,45308000,2021,2469.0,версия справочника года
45309000,45309000,2021,2470.0,версия справочника года
45310000,45310000,2021,2471.0,версия справочника года
45311000,45311000,2021,2472.0,версия справочника года
45312000,45312000,2021,2473.0,версия справочника года
45313000,45313000,2021,2474.0,версия справочника года
45314000,45314000,2021,2475.0,версия справочника года
45315000,45315000,2021,2476.0,версия справочника года
45316000,45316000,2021,2477.0,версия справочника года
45317000,45317000,2021,2478.0,версия справочника года
45318000,45318000,2021,2479.0,версия справочника года
45319000,45319000,2021,2480.0,версия справочника года
45320000,45320000,2021,2481.0,версия справочника года
45321000,45321000,2021,2482.0,версия справочника года
45322000,45322000,2021,2483.0,версия справочника года
45323000,45323000,2021,2484.0,версия справочника года
45324000,45324000,2021,2485.0,версия справочника года
45325000,45325000,2021,2486.0,версия справочника года
45326000,45326000,2021,2487.0,версия справочника года
45327000,45327000,2021,2488.0,версия справочника года
45328000,45328000,2021,2489.0,версия справочника года
45329000,45329000,2021,2490.0,версия справочника года
45330000,45330000,2021,2491.0,версия справочника года
45331000,45331000,2021,2492.0,версия справочника года
45332000,45332000,2021,2493.0,версия справочника года
45333000,45333000,2021,2494.0,версия справочника года
45334000,45334000,2021,2495.0,версия справочника года
45335000,45335000,2021,2496.0,версия справочника года
45336000,45336000,2021,2497.0,версия справочника года
45337000,45337000,2021,2498.0,версия справочника года
45338000,45338000,2021,2499.0,версия справочника года
45339000,45339000,2021,2500.0,версия справочника года
45340000,45340000,2021,2501.0,версия справочника года
45341000,45341000,2021,2502.0,версия справочника года
45342000,45342000,2021,2503.0,версия справочника года
45343000,45343000,2021,2504.0,версия справочника года
45344000,45344000,2021,2505.0,версия справочника года
45345000,45345000,2021,2506.0,версия справочника года
45346000,45346000,2021,2507.0,версия справочника года
45348000,45348000,2021,2509.0,версия справочника года
45349000,45349000,2021,2510.0,версия справочника года
45350000,45350000,2021,2511.0,версия справочника года
45351000,45351000,2021,2512.0,версия справочника года
45352000,45352000,2021,2513.0,версия справочника года
45353000,45353000,2021,2514.0,версия справочника года
45354000,45354000,2021,2515.0,версия справочника года
45355000,45355000,2021,2516.0,версия справочника года
45356000,45356000,2021,2517.0,версия справочника года
45357000,45357000,2021,2518.0,версия справочника года
45358000,45358000,2021,2519.0,версия справочника года
45359000,45359000,2021,2520.0,версия справочника года
45360000,45360000,2021,2521.0,версия справочника года
45361000,45361000,2021,2522.0,версия справочника года
45362000,45362000,2021,2523.0,версия справочника года
45363000,45363000,2021,2524.0,версия справочника года
45364000,45364000,2021,2525.0,версия справочника года
45365000,45365000,2021,2526.0,версия справочника года
45366000,45366000,2021,2527.0,версия справочника года
45367000,45367000,2021,2528.0,версия справочника года
45368000,45368000,2021,2529.0,версия справочника года
45369000,45369000,2021,2530.0,версия справочника года
45370000,45370000,2021,2531.0,версия справочника года
45371000,45371000,2021,2532.0,версия справочника года
45372000,45372000,2021,2533.0,версия справочника года
45373000,45373000,2021,2534.0,версия справочника года
45374000,45374000,2021,2535.0,версия справочника года
45375000,45375000,2021,2536.0,версия справочника года
45376000,45376000,2021,2537.0,версия справочника года
45377000,45377000,2021,2538.0,версия справочника года
45378000,45378000,2021,2539.0,версия справочника года
45379000,45379000,2021,2540.0,версия справочника года
45380000,45380000,2021,2541.0,версия справочника года
45381000,45381000,2021,2542.0,версия справочника года
45382000,45382000,2021,2543.0,версия справочника года
45383000,45383000,2021,2544.0,версия справочника года
45384000,45384000,2021,2545.0,версия справочника года
45385000,45385000,2021,2546.0,версия справочника года
45386000,45386000,2021,2547.0,версия справочника года
45387000,45387000,2021,2548.0,версия справочника года
45388000,45388000,2021,2549.0,версия справочника года
45389000,45389000,2021,2550.0,версия справочника года
45390000,45390000,2021,2551.0,версия справочника года
45391000,45391000,2021,2552.0,версия справочника года
45392000,45392000,2021,2553.0,версия справочника года
45393000,45393000,2021,2554.0,версия справочника года
45394000,45394000,2021,2555.0,версия справочника года
45395000,45395000,2021,2556.0,версия справочника года
45396000,45396000,2021,2557.0,версия справочника года
45397000,45397000,2021,2558.0,версия справочника года
45398000,45398000,2021,2559.0,версия справочника года
45901000,45901000,2021,2560.0,версия справочника года
45902000,45902000,2021,2561.0,версия справочника года
45903000,45903000,2021,2562.0,версия справочника года
45904000,45904000,2021,2563.0,версия справочника года
45905000,45905000,2021,2564.0,версия справочника года
45906000,45906000,2021,2565.0,версия справочника года
45907000,45907000,2021,2566.0,версия справочника года
45908000,45908000,2021,2567.0,версия справочника года
45909000,45909000,2021,2568.0,версия справочника года
45910000,45910000,2021,2569.0,версия справочника года
45911000,45911000,2021,2570.0,версия справочника года
45912000,45912000,2021,2571.0,версия справочника года
45913000,45913000,2021,2572.0,версия справочника года
45914000,45914000,2021,2573.0,версия справочника года
45915000,45915000,2021,2574.0,версия справочника года
45916000,45916000,2021,2575.0,версия справочника года
45917000,45917000,2021,2576.0,версия справочника года
45918000,45918000,2021,2577.0,версия справочника года
45919000,45919000,2021,2578.0,версия справочника года
45920000,45920000,2021,2579.0,версия справочника года
45921000,45921000,2021,2580.0,версия справочника года
45922000,45922000,2021,2581.0,версия справочника года
45923000,45923000,2021,2582.0,версия справочника года
45924000,45924000,2021,2583.0,версия справочника года
45925000,45925000,2021,2584.0,версия справочника года
45926000,45926000,2021,2585.0,версия справочника года
45927000,45927000,2021,2586.0,версия справочника года
45931000,45931000,2021,2587.0,версия справочника года
45932000,45932000,2021,2588.0,версия справочника года
45941000,45941000,2021,2589.0,версия справочника года
45942000,45942000,2021,2590.0,версия справочника года
45943000,45943000,2021,2591.0,версия справочника года
45944000,45944000,2021,2592.0,версия справочника года
45945000,45945000,2021,2593.0,версия справочника года
45946000,45946000,2021,2594.0,версия справочника года
45947000,45947000,2021,2595.0,версия справочника года
45948000,45948000,2021,2596.0,версия справочника года
45949000,45949000,2021,2597.0,версия справочника года
45951000,45951000,2021,2598.0,версия справочника года
45952000,45952000,2021,2599.0,версия справочника года
45953000,45953000,2021,2600.0,версия справочника года
45954000,45954000,2021,2601.0,версия справочника года
45955000,45955000,2021,2602.0,версия справочника года
45956000,45956000,2021,2603.0,версия справочника года
45957000,45957000,2021,2604.0,версия справочника года
45958000,45958000,2021,2605.0,версия справочника года
45959000,45959000,2021,2606.0,версия справочника года
45961000,45961000,2021,2607.0,версия справочника года
46704000,46704000,2021,1439.0,версия справочника года
46705000,46705000,2021,1440.0,версия справочника года
46706000,46706000,2021,1460.0,версия справочника года
46707000,46707000,2021,1493.0,версия справочника года
46708000,46708000,2021,1489.0,версия справочника года
46709000,46709000,2021,1445.0,версия справочника года
46710000,46710000,2021,1490.0,версия справочника года
46711000,46711000,2021,1443.0,версия справочника года
46715000,46715000,2021,1491.0,версия справочника года
46716000,46716000,2021,1444.0,версия справочника года
46718000,46718000,2021,1446.0,версия справочника года
46722000,46722000,2021,1447.0,версия справочника года
46725000,46725000,2021,1448.0,версия справочника года
46728000,46728000,2021,1501.0,версия справочника года
46729000,46729000,2021,1449.0,версия справочника года
46733000,46733000,2021,1453.0,версия справочника года
46734000,46734000,2021,1456.0,версия справочника года
46735000,46735000,2021,1454.0,версия справочника года
46737000,46737000,2021,1492.0,версия справочника года
46738000,46738000,2021,2808.0,версия справочника года
46739000,46739000,2021,1457.0,версия справочника года
46740000,46740000,2021,1461.0,версия справочника года
46741000,46741000,2021,1464.0,версия справочника года
46742000,46742000,2021,2648.0,версия справочника года
46744000,46744000,2021,1459.0,версия справочника года
46745000,46745000,2021,1495.0,версия справочника года
46746000,46746000,2021,1467.0,версия справочника года
46747000,46747000,2021,1463.0,версия справочника года
46748000,46748000,2021,1465.0,версия справочника года
46750000,46750000,2021,1468.0,версия справочника года
46751000,46751000,2021,1496.0,версия справочника года
46752000,46752000,2021,1494.0,версия справочника года
46755000,46755000,2021,2651.0,версия справочника года
46757000,46757000,2021,2652.0,версия справочника года
46758000,46758000,2021,2814.0,версия справочника года
46759000,46759000,2021,1471.0,версия справочника года
46760000,46760000,2021,1472.0,версия справочника года
46761000,46761000,2021,1466.0,версия справочника года
46762000,46762000,2021,1474.0,версия справочника года
46763000,46763000,2021,1442.0,версия справочника года
46764000,46764000,2021,1475.0,версия справочника года
46766000,46766000,2021,1477.0,версия справочника года
46767000,46767000,2021,1473.0,версия справочника года
46768000,46768000,2021,1500.0,версия справочника года
46770000,46770000,2021,2644.0,версия справочника года
46771000,46771000,2021,1503.0,версия справочника года
46772000,46772000,2021,1478.0,версия справочника года
46773000,46773000,2021,1441.0,версия справочника года
46776000,46776000,2021,1480.0,версия справочника года
46778000,46778000,2021,1504.0,версия справочника года
46780000,46780000,2021,1481.0,версия справочника года
46781000,46781000,2021,1483.0,версия справочника года
46783000,46783000,2021,1482.0,версия справочника года
46784000,46784000,2021,1484.0,версия справочника года
46786000,46786000,2021,2813.0,версия справочника года
46787000,46787000,2021,1486.0,версия справочника года
46788000,46659000,2021,2649.0,версия справочника года
46790000,46790000,2021,1488.0,версия справочника года
46791000,46759000,2021,1487.0,версия справочника года
47515000,47515000,2021,1521.0,версия справочника года
47605000,47605000,2021,1519.0,версия справочника года
47608000,47608000,2021,1518.0,версия справочника года
47610000,47610000,2021,1520.0,версия справочника года
47620000,47620000,2021,1522.0,версия справочника года
47701000,47701000,2021,1506.0,версия справочника года
47703000,47517000,2021,1512.0,ОКТМО из другой версии
47705000,47519000,2021,1507.0,ОКТМО из другой версии
47712000,47522000,2021,1508.0,ОКТМО из другой версии
47715000,47524000,2021,1509.0,ОКТМО из другой версии
47717000,47526000,2021,1510.0,ОКТМО из другой версии
47719000,47528000,2021,1511.0,ОКТМО из другой версии
47730000,47730000,2021,1517.0,версия справочника года
47731000,47731000,2021,1516.0,версия справочника года
47733000,47733000,2021,1515.0,версия справочника года
47735000,47735000,2021,1514.0,версия справочника года
47737000,47737000,2021,1513.0,версия справочника года
49510000,49510000,2021,1579.0,версия справочника года
49523000,49523000,2021,1584.0,версия справочника года
49538000,49538000,2021,1591.0,версия справочника года
49545000,49545000,2021,1593.0,версия справочника года
49603000,49503000,2021,1576.0,версия справочника года
49606000,49606000,2021,1577.0,версия справочника года
49608000,49608000,2021,1578.0,версия справочника года
49612000,49512000,2021,1580.0,версия справочника года
49614000,49514000,2021,1581.0,версия справочника года
49616000,49616000,2021,1582.0,версия справочника года
49620000,49620000,2021,1583.0,версия справочника года
49624000,49524000,2021,1585.0,версия справочника года
49625000,49625000,2021,1586.0,версия справочника года
49628000,49628000,2021,1587.0,версия справочника года
49630000,49630000,2021,1588.0,версия справочника года
49632000,49532000,2021,1589.0,версия справочника года
49634000,49634000,2021,1590.0,версия справочника года
49639000,49639000,2021,1592.0,версия справочника года
49647000,49547000,2021,1594.0,версия справочника года
49650000,49650000,2021,1595.0,версия справочника года
49655000,49655000,2021,1596.0,версия справочника года
49701000,49701000,2021,1575.0,версия справочника года
50603000,50603000,2021,1602.0,версия справочника года
50604000,50604000,2021,1603.0,версия справочника года
50606000,50606000,2021,1604.0,версия справочника года
50608000,50608000,2021,1605.0,версия справочника года
50610000,50610000,2021,1606.0,версия справочника года
50613000,50613000,2021,1607.0,версия справочника года
50615000,50615000,2021,1608.0,версия справочника года
50617000,50617000,2021,1609.0,версия справочника года
50619000,50619000,2021,1610.0,версия справочника года
50621000,50621000,2021,1611.0,версия справочника года
50623000,50623000,2021,1612.0,версия справочника года
50625000,50625000,2021,1613.0,версия справочника года
50627000,50627000,2021,1614.0,версия справочника года
50630000,50630000,2021,1615.0,версия справочника года
50632000,50632000,2021,1616.0,версия справочника года
50634000,50634000,2021,1617.0,версия справочника года
50636000,50636000,2021,1618.0,версия справочника года
50638000,50638000,2021,1619.0,версия справочника года
50640000,50640000,2021,1620.0,версия справочника года
50642000,50642000,2021,1621.0,версия справочника года
50644000,50644000,2021,1622.0,версия справочника года
50648000,50648000,2021,1623.0,версия справочника года
50650000,50650000,2021,1624.0,версия справочника года
50652000,50652000,2021,1625.0,версия справочника года
50654000,50654000,2021,1626.0,версия справочника года
50655000,50655000,2021,1627.0,версия справочника года
50656000,50656000,2021,1628.0,версия справочника года
50657000,50657000,2021,1629.0,версия справочника года
50658000,50658000,2021,1630.0,версия справочника года
50659000,50659000,2021,1631.0,версия справочника года
50701000,50701000,2021,1597.0,версия справочника года
50708000,50708000,2021,1598.0,версия справочника года
50712000,50712000,2021,1599.0,версия справочника года
50717000,50717000,2021,1600.0,версия справочника года
50740000,50740000,2021,1601.0,версия справочника года
52601000,52601000,2021,1633.0,версия справочника года
52603000,52603000,2021,1634.0,версия справочника года
52606000,52606000,2021,1635.0,версия справочника года
52609000,52609000,2021,1636.0,версия справочника года
52612000,52612000,2021,1637.0,версия справочника года
52615000,52615000,2021,1638.0,версия справочника года
52618000,52618000,2021,1639.0,версия справочника года
52621000,52621000,2021,1640.0,версия справочника года
52623000,52623000,2021,1641.0,версия справочника года
52626000,52626000,2021,1642.0,версия справочника года
52629000,52629000,2021,1643.0,версия справочника года
52630000,52630000,2021,1644.0,версия справочника года
52632000,52632000,2021,1645.0,версия справочника года
52634000,52634000,2021,1646.0,версия справочника года
52636000,52636000,2021,1647.0,версия справочника года
52639000,52639000,2021,1648.0,версия справочника года
52641000,52641000,2021,1649.0,версия справочника года
52642000,52642000,2021,1650.0,версия справочника года
52643000,52643000,2021,1651.0,версия справочника года
52644000,52644000,2021,1652.0,версия справочника года
52646000,52646000,2021,1653.0,версия справочника года
52648000,52648000,2021,1654.0,версия справочника года
52650000,52650000,2021,1655.0,версия справочника года
52651000,52651000,2021,1656.0,версия справочника года
52652000,52652000,2021,1657.0,версия справочника года
52653000,52653000,2021,1658.0,версия справочника года
52654000,52654000,2021,1659.0,версия справочника года
52655000,52655000,2021,1660.0,версия справочника года
52656000,52656000,2021,1661.0,версия справочника года
52657000,52657000,2021,1662.0,версия справочника года
52658000,52658000,2021,1663.0,версия справочника года
52659000,52659000,2021,1664.0,версия справочника года
52701000,52701000,2021,1632.0,версия справочника года
53604000,53604000,2021,1678.0,версия справочника года
53605000,53605000,2021,1679.0,версия справочника года
53606000,53606000,2021,1680.0,версия справочника года
53607000,53607000,2021,1681.0,версия справочника года
53610000,53610000,2021,1682.0,версия справочника года
53611000,53611000,2021,1683.0,версия справочника года
53612000,53612000,2021,1684.0,версия справочника года
53615000,53615000,2021,1685.0,версия справочника года
53617000,53617000,2021,1686.0,версия справочника года
53619000,53619000,2021,1687.0,версия справочника года
53622000,53622000,2021,1688.0,версия справочника года
53623000,53623000,2021,1689.0,версия справочника года
53625000,53625000,2021,1690.0,версия справочника года
53627000,53627000,2021,1691.0,версия справочника года
53630000,53630000,2021,1692.0,версия справочника года
53631000,53631000,2021,1693.0,версия справочника года
53633000,53633000,2021,1694.0,версия справочника года
53634000,53634000,2021,1695.0,версия справочника года
53636000,53636000,2021,1696.0,версия справочника года
53637000,53637000,2021,1697.0,версия справочника года
53638000,53638000,2021,1698.0,версия справочника года
53640000,53640000,2021,1699.0,версия справочника года
53641000,53641000,2021,1700.0,версия справочника года
53642000,53642000,2021,1701.0,версия справочника года
53643000,53643000,2021,1702.0,версия справочника года
53651000,53651000,2021,1703.0,версия справочника года
53652000,53652000,2021,1704.0,версия справочника года
53653000,53653000,2021,1705.0,версия справочника года
53656000,53656000,2021,1706.0,версия справочника года
53701000,53701000,2021,1665.0,версия справочника года
53704000,53502000,2021,1666.0,версия справочника года
53708000,53708000,2021,1667.0,версия справочника года
53712000,53712000,2021,1668.0,версия справочника года
53713000,53503000,2021,1669.0,версия справочника года
53714000,53504000,2021,1670.0,версия справочника года
53715000,53715000,2021,1671.0,версия справочника года
53720000,53720000,2021,1672.0,версия справочника года
53723000,53723000,2021,1673.0,версия справочника года
53725000,53505000,2021,1674.0,версия справочника года
53727000,53506000,2021,1675.0,версия справочника года
53732000,53507000,2021,1676.0,версия справочника года
53755000,53755000,2021,1677.0,версия справочника года
54604000,54604000,2021,1710.0,версия справочника года
54608000,54608000,2021,1711.0,версия справочника года
54610000,54610000,2021,1712.0,версия справочника года
54612000,54612000,2021,1713.0,версия справочника года
54615000,54615000,2021,1714.0,версия справочника года
54618000,54618000,2021,1715.0,версия справочника года
54620000,54620000,2021,1716.0,версия справочника года
54623000,54623000,2021,1717.0,версия справочника года
54624000,54624000,2021,1718.0,версия справочника года
54625000,54625000,2021,1719.0,версия справочника года
54626000,54626000,2021,1720.0,версия справочника года
54629000,54629000,2021,1721.0,версия справочника года
54632000,54632000,2021,1722.0,версия справочника года
54636000,54636000,2021,1723.0,версия справочника года
54639000,54639000,2021,1724.0,версия справочника года
54643000,54643000,2021,1725.0,версия справочника года
54647000,54501000,2021,1726.0,версия справочника года
54650000,54650000,2021,1727.0,версия справочника года
54652000,54652000,2021,1728.0,версия справочника года
54653000,54653000,2021,1729.0,версия справочника года
54654000,54654000,2021,1730.0,версия справочника года
54655000,54655000,2021,1731.0,версия справочника года
54657000,54657000,2021,1732.0,версия справочника года
54659000,54659000,2021,1733.0,версия справочника года
54701000,54701000,2021,1707.0,версия справочника года
54705000,54705000,2021,1708.0,версия справочника года
54710000,54710000,2021,1709.0,версия справочника года
56603000,56603000,2021,1737.0,версия справочника года
56606000,56606000,2021,1761.0,версия справочника года
56609000,56609000,2021,1738.0,версия справочника года
56612000,56612000,2021,1739.0,версия справочника года
56613000,56613000,2021,1740.0,версия справочника года
56615000,56615000,2021,1741.0,версия справочника года
56618000,56618000,2021,1742.0,версия справочника года
56623000,56623000,2021,1743.0,версия справочника года
56626000,56626000,2021,1744.0,версия справочника года
56629000,56629000,2021,1745.0,версия справочника года
56631000,56631000,2021,1746.0,версия справочника года
56633000,56633000,2021,1747.0,версия справочника года
56640000,56640000,2021,1748.0,версия справочника года
56642000,56642000,2021,1749.0,версия справочника года
56643000,56643000,2021,1750.0,версия справочника года
56644000,56644000,2021,1751.0,версия справочника года
56645000,56645000,2021,1752.0,версия справочника года
56647000,56647000,2021,1753.0,версия справочника года
56649000,56649000,2021,1754.0,версия справочника года
56651000,56651000,2021,1755.0,версия справочника года
56653000,56653000,2021,1756.0,версия справочника года
56654000,56654000,2021,1757.0,версия справочника года
56655000,56655000,2021,1758.0,версия справочника года
56656000,56656000,2021,1759.0,версия справочника года
56657000,56657000,2021,1760.0,версия справочника года
56658000,56658000,2021,1762.0,версия справочника года
56659000,56659000,2021,1763.0,версия справочника года
56701000,56701000,2021,1734.0,версия справочника года
56705000,56705000,2021,1735.0,версия справочника года
56734000,56734000,2021,1736.0,версия справочника года
57502000,57502000,2021,734.0,версия справочника года
57503000,57503000,2021,735.0,версия справочника года
57506000,57506000,2021,736.0,версия справочника года
57513000,57513000,2021,769.0,версия справочника года
57518000,57518000,2021,742.0,версия справочника года
57522000,57522000,2021,744.0,версия справочника года
57524000,57524000,2021,746.0,версия справочника года
57525000,57525000,2021,770.0,версия справочника года
57526000,57526000,2021,771.0,версия справочника года
57528000,57528000,2021,772.0,версия справочника года
57529000,57529000,2021,749.0,версия справочника года
57538000,57538000,2021,753.0,версия справочника года
57548000,57548000,2021,758.0,версия справочника года
57552000,57552000,2021,761.0,версия справочника года
57555000,57555000,2021,764.0,версия справочника года
57559000,57559000,2021,773.0,версия справочника года
57560000,57560000,2021,774.0,версия справочника года
57608000,57508000,2021,737.0,версия справочника года
57630000,57530000,2021,750.0,ОКТМО из другой версии
57646000,57546000,2021,757.0,версия справочника года
57701000,57701000,2021,727.0,версия справочника года
57708000,57504000,2021,2621.0,версия справочника года
57712000,57512000,2021,738.0,версия справочника года
57714000,57514000,2021,739.0,версия справочника года
57715000,57516000,2021,740.0,версия справочника года
57717000,57516000,2021,729.0,версия справочника года
57718000,57517000,2021,741.0,версия справочника года
57719000,57523000,2021,745.0,версия справочника года
57720000,57531000,2021,748.0,версия справочника года
57721000,57528000,2021,768.0,версия справочника года
57722000,57530000,2021,730.0,ОКТМО из другой версии
57726000,57532000,2021,731.0,версия справочника года
57727000,57534000,2021,751.0,версия справочника года
57728000,57540000,2021,754.0,версия справочника года
57729000,57542000,2021,755.0,версия справочника года
57730000,57550000,2021,2620.0,версия справочника года
57731000,57551000,2021,760.0,версия справочника года
57735000,57735000,2021,763.0,версия справочника года
57756000,57556000,2021,765.0,версия справочника года
57757000,57557000,2021,766.0,версия справочника года
57758000,57558000,2021,767.0,версия справочника года
57759000,57520000,2021,743.0,версия справочника года
57760000,57527000,2021,747.0,версия справочника года
57761000,57536000,2021,752.0,версия справочника года
57762000,57544000,2021,756.0,версия справочника года
57763000,57763000,2021,733.0,версия справочника года
58604000,58504000,2021,1766.0,версия справочника года
58606000,58606000,2021,1767.0,версия справочника года
58608000,58608000,2021,1768.0,версия справочника года
58610000,58610000,2021,1769.0,версия справочника года
58612000,58512000,2021,1770.0,версия справочника года
58614000,58514000,2021,1771.0,версия справочника года
58616000,58616000,2021,1772.0,версия справочника года
58618000,58518000,2021,1773.0,версия справочника года
58620000,58520000,2021,1774.0,версия справочника года
58623000,58523000,2021,1775.0,версия справочника года
58626000,58626000,2021,1776.0,версия справочника года
58629000,58529000,2021,1777.0,версия справочника года
58633000,58633000,2021,1778.0,версия справочника года
58637000,58637000,2021,1779.0,версия справочника года
58640000,58540000,2021,1780.0,версия справочника года
58643000,58543000,2021,1781.0,версия справочника года
58647000,58547000,2021,1782.0,версия справочника года
58649000,58649000,2021,1783.0,версия справочника года
58650000,58650000,2021,1784.0,версия справочника года
58651000,58651000,2021,1785.0,версия справочника года
58653000,58553000,2021,1786.0,версия справочника года
58654000,58654000,2021,1787.0,версия справочника года
58656000,58556000,2021,1788.0,версия справочника года
58658000,58558000,2021,1789.0,версия справочника года
58701000,58701000,2021,1764.0,версия справочника года
58710000,58710000,2021,1765.0,версия справочника года
60601000,60601000,2021,1802.0,версия справочника года
60602000,60602000,2021,1803.0,версия справочника года
60605000,60605000,2021,1804.0,версия справочника года
60606000,60606000,2021,1805.0,версия справочника года
60607000,60607000,2021,1806.0,версия справочника года
60608000,60608000,2021,1807.0,версия справочника года
60609000,60609000,2021,1808.0,версия справочника года
60612000,60612000,2021,1809.0,версия справочника года
60613000,60613000,2021,1810.0,версия справочника года
60615000,60615000,2021,1811.0,версия справочника года
60617000,60617000,2021,1812.0,версия справочника года
60618000,60618000,2021,1813.0,версия справочника года
60619000,60619000,2021,1814.0,версия справочника года
60622000,60622000,2021,1815.0,версия справочника года
60623000,60623000,2021,1816.0,версия справочника года
60624000,60624000,2021,1817.0,версия справочника года
60625000,60625000,2021,1818.0,версия справочника года
60626000,60626000,2021,1819.0,версия справочника года
60627000,60627000,2021,1820.0,версия справочника года
60630000,60630000,2021,1821.0,версия справочника года
60631000,60631000,2021,1822.0,версия справочника года
60632000,60632000,2021,1823.0,версия справочника года
60633000,60633000,2021,1824.0,версия справочника года
60634000,60634000,2021,1825.0,версия справочника года
60635000,60635000,2021,1826.0,версия справочника года
60636000,60636000,2021,1827.0,версия справочника года
60640000,60640000,2021,1828.0,версия справочника года
60641000,60641000,2021,1829.0,версия справочника года
60642000,60642000,2021,1830.0,версия справочника года
60644000,60644000,2021,1831.0,версия справочника года
60645000,60645000,2021,1832.0,версия справочника года
60647000,60647000,2021,1833.0,версия справочника года
60648000,60648000,2021,1834.0,версия справочника года
60650000,60650000,2021,1835.0,версия справочника года
60651000,60651000,2021,1836.0,версия справочника года
60652000,60652000,2021,1837.0,версия справочника года
60653000,60653000,2021,1838.0,версия справочника года
60654000,60654000,2021,1839.0,версия справочника года
60655000,60655000,2021,1840.0,версия справочника года
60656000,60656000,2021,1841.0,версия справочника года
60657000,60657000,2021,1842.0,версия справочника года
60658000,60658000,2021,1843.0,версия справочника года
60659000,60659000,2021,1844.0,версия справочника года
60701000,60701000,2021,1790.0,версия справочника года
60704000,60704000,2021,1791.0,версия справочника года
60707000,60707000,2021,1792.0,версия справочника года
60712000,60712000,2021,1793.0,версия справочника года
60715000,60715000,2021,1794.0,версия справочника года
60717000,60717000,2021,1795.0,версия справочника года
60718000,60718000,2021,1796.0,версия справочника года
60719000,60719000,2021,1797.0,версия справочника года
60727000,60727000,2021,1798.0,версия справочника года
60730000,60730000,2021,1799.0,версия справочника года
60737000,60737000,2021,1800.0,версия справочника года
60740000,60740000,2021,1801.0,версия справочника года
61602000,61602000,2021,1849.0,версия справочника года
61604000,61604000,2021,1850.0,версия справочника года
61606000,61606000,2021,1851.0,версия справочника года
61608000,61608000,2021,1852.0,версия справочника года
61610000,61610000,2021,1853.0,версия справочника года
61612000,61612000,2021,1854.0,версия справочника года
61615000,61615000,2021,1855.0,версия справочника года
61617000,61617000,2021,1856.0,версия справочника года
61620000,61620000,2021,1857.0,версия справочника года
61623000,61623000,2021,1858.0,версия справочника года
61625000,61625000,2021,1859.0,версия справочника года
61626000,61526000,2021,1860.0,версия справочника года
61627000,61627000,2021,1861.0,версия справочника года
61630000,61530000,2021,1862.0,версия справочника года
61634000,61634000,2021,1863.0,версия справочника года
61637000,61637000,2021,1864.0,версия справочника года
61640000,61640000,2021,1865.0,версия справочника года
61642000,61542000,2021,1866.0,версия справочника года
61644000,61644000,2021,1867.0,версия справочника года
61646000,61646000,2021,1868.0,версия справочника года
61648000,61648000,2021,1869.0,версия справочника года
61650000,61650000,2021,1870.0,версия справочника года
61653000,61653000,2021,1871.0,версия справочника года
61656000,61656000,2021,1872.0,версия справочника года
61658000,61658000,2021,1873.0,версия справочника года
61701000,61701000,2021,1845.0,версия справочника года
61705000,61705000,2021,1846.0,версия справочника года
61710000,61710000,2021,1847.0,версия справочника года
61715000,61715000,2021,1848.0,версия справочника года
63602000,63602000,2021,1915.0,версия справочника года
63603000,63603000,2021,1916.0,версия справочника года
63604000,63604000,2021,1917.0,версия справочника года
63606000,63606000,2021,1918.0,версия справочника года
63607000,63607000,2021,1919.0,версия справочника года
63608000,63608000,2021,1920.0,версия справочника года
63609000,63609000,2021,1921.0,версия справочника года
63611000,63611000,2021,1922.0,версия справочника года
63612000,63612000,2021,1923.0,версия справочника года
63613000,63613000,2021,1924.0,версия справочника года
63614000,63614000,2021,1925.0,версия справочника года
63616000,63616000,2021,1926.0,версия справочника года
63617000,63617000,2021,1927.0,версия справочника года
63619000,63619000,2021,1928.0,версия справочника года
63621000,63621000,2021,1929.0,версия справочника года
63622000,63622000,2021,1930.0,версия справочника года
63623000,63623000,2021,1931.0,версия справочника года
63624000,63624000,2021,1932.0,версия справочника года
63625000,63625000,2021,1933.0,версия справочника года
63626000,63626000,2021,1934.0,версия справочника года
63629000,63629000,2021,1935.0,версия справочника года
63630000,63630000,2021,1936.0,версия справочника года
63632000,63632000,2021,1937.0,версия справочника года
63634000,63634000,2021,1938.0,версия справочника года
63635000,63635000,2021,1939.0,версия справочника года
63636000,63636000,2021,1940.0,версия справочника года
63637000,63637000,2021,1941.0,версия справочника года
63639000,63639000,2021,1942.0,версия справочника года
63640000,63640000,2021,1943.0,версия справочника года
63641000,63641000,2021,1944.0,версия справочника года
63642000,63642000,2021,1945.0,версия справочника года
63643000,63701000,2021,1946.0,версия справочника года
63644000,63644000,2021,1947.0,версия справочника года
63646000,63646000,2021,1948.0,версия справочника года
63647000,63647000,2021,1949.0,версия справочника года
63648000,63648000,2021,1950.0,версия справочника года
63649000,63649000,2021,1951.0,версия справочника года
63650000,63650000,2021,1952.0,версия справочника года
63701000,63701000,2021,1911.0,версия справочника года
63746000,63746000,2021,1912.0,версия справочника года
63760000,63550000,2021,1913.0,версия справочника года
63775000,63775000,2021,1914.0,версия справочника года
64701000,64701000,2021,1953.0,версия справочника года
64704000,64504000,2021,1954.0,версия справочника года
64708000,64508000,2021,1955.0,версия справочника года
64712000,64512000,2021,1956.0,версия справочника года
64716000,64516000,2021,1957.0,версия справочника года
64720000,64520000,2021,1958.0,версия справочника года
64724000,64524000,2021,1959.0,версия справочника года
64728000,64528000,2021,1960.0,версия справочника года
64732000,64532000,2021,1961.0,версия справочника года
64736000,64536000,2021,1962.0,версия справочника года
64740000,64540000,2021,1963.0,версия справочника года
64743000,64543000,2021,1964.0,версия справочника года
64746000,64546000,2021,1965.0,версия справочника года
64748000,64548000,2021,1966.0,версия справочника года
64750000,64550000,2021,1967.0,версия справочника года
64752000,64552000,2021,1968.0,версия справочника года
64754000,64554000,2021,1969.0,версия справочника года
64756000,64556000,2021,1970.0,версия справочника года
65608000,65608000,2021,2039.0,версия справочника года
65623000,65623000,2021,2040.0,версия справочника года
65628000,65628000,2021,2042.0,версия справочника года
65639000,65639000,2021,2041.0,версия справочника года
65645000,65645000,2021,2043.0,версия справочника года
65701000,65701000,2021,1971.0,версия справочника года
65703000,65502000,2021,1973.0,версия справочника года
65704000,65503000,2021,2017.0,версия справочника года
65705000,65505000,2021,2018.0,версия справочника года
65706000,65506000,2021,2019.0,версия справочника года
65707000,65514000,2021,1978.0,версия справочника года
65708000,65509000,2021,1981.0,версия справочника года
65709000,65516000,2021,2021.0,версия справочника года
65710000,65511000,2021,2022.0,версия справочника года
65711000,65530000,2021,2023.0,версия справочника года
65712000,65531000,2021,2024.0,версия справочника года
65713000,65539000,2021,2025.0,версия справочника года
65714000,65541000,2021,1999.0,версия справочника года
65715000,65543000,2021,2002.0,версия справочника года
65716000,65544000,2021,2028.0,версия справочника года
65717000,65512000,2021,2029.0,версия справочника года
65718000,65546000,2021,2030.0,версия справочника года
65719000,65525000,2021,2006.0,версия справочника года
65720000,65547000,2021,2008.0,версия справочника года
65721000,65551000,2021,2031.0,версия справочника года
65722000,65552000,2021,2032.0,версия справочника года
65723000,65553000,2021,2012.0,версия справочника года
65724000,65554000,2021,2034.0,версия справочника года
65725000,65555000,2021,2035.0,версия справочника года
65726000,65556000,2021,2036.0,версия справочника года
65727000,65557000,2021,2037.0,версия справочника года
65728000,65538000,2021,1972.0,версия справочника года
65729000,65729000,2021,2033.0,версия справочника года
65730000,65504000,2021,1974.0,версия справочника года
65731000,65507000,2021,1977.0,версия справочника года
65732000,65732000,2021,1979.0,версия справочника года
65733000,65515000,2021,1992.0,версия справочника года
65734000,65734000,2021,1997.0,версия справочника года
65735000,65510000,2021,1989.0,версия справочника года
65736000,65517000,2021,2007.0,версия справочника года
65737000,65518000,2021,1982.0,версия справочника года
65738000,65529000,2021,1983.0,версия справочника года
65739000,65739000,2021,1985.0,версия справочника года
65740000,65740000,2021,1986.0,версия справочника года
65741000,65741000,2021,1987.0,версия справочника года
65742000,65519000,2021,1988.0,версия справочника года
65743000,65532000,2021,1990.0,версия справочника года
65744000,65533000,2021,1991.0,версия справочника года
65745000,65520000,2021,1993.0,версия справочника года
65746000,65521000,2021,1994.0,версия справочника года
65747000,65747000,2021,1995.0,версия справочника года
65748000,65534000,2021,1996.0,версия справочника года
65750000,65522000,2021,2001.0,версия справочника года
65751000,65513000,2021,2000.0,версия справочника года
65753000,65524000,2021,2004.0,версия справочника года
65754000,65545000,2021,2005.0,версия справочника года
65755000,65548000,2021,2009.0,версия справочника года
65756000,65549000,2021,2010.0,версия справочника года
65757000,65526000,2021,1980.0,версия справочника года
65758000,65528000,2021,2011.0,версия справочника года
65759000,65508000,2021,2027.0,версия справочника года
65760000,65760000,2021,2020.0,версия справочника года
65761000,65761000,2021,2026.0,версия справочника года
65762000,65535000,2021,1975.0,версия справочника года
65763000,65763000,2021,1976.0,версия справочника года
65764000,65523000,2021,1984.0,версия справочника года
65766000,65527000,2021,2038.0,версия справочника года
65769000,65536000,2021,2016.0,версия справочника года
65771000,65537000,2021,2015.0,версия справочника года
66603000,66503000,2021,2046.0,версия справочника года
66605000,66505000,2021,2047.0,версия справочника года
66608000,66508000,2021,2048.0,версия справочника года
66609000,66509000,2021,2049.0,версия справочника года
66611000,66511000,2021,2050.0,версия справочника года
66614000,66514000,2021,2051.0,версия справочника года
66616000,66516000,2021,2052.0,версия справочника года
66619000,66519000,2021,2053.0,версия справочника года
66621000,66521000,2021,2054.0,версия справочника года
66623000,66523000,2021,2055.0,версия справочника года
66624000,66524000,2021,2056.0,версия справочника года
66627000,66527000,2021,2057.0,версия справочника года
66630000,66530000,2021,2058.0,версия справочника года
66633000,66533000,2021,2059.0,версия справочника года
66636000,66536000,2021,2060.0,версия справочника года
66638000,66538000,2021,2061.0,версия справочника года
66641000,66541000,2021,2062.0,версия справочника года
66644000,66544000,2021,2063.0,версия справочника года
66646000,66546000,2021,2064.0,версия справочника года
66648000,66548000,2021,2065.0,версия справочника года
66650000,66550000,2021,2066.0,версия справочника года
66652000,66552000,2021,2067.0,версия справочника года
66654000,66554000,2021,2068.0,версия справочника года
66656000,66556000,2021,2069.0,версия справочника года
66658000,66558000,2021,2070.0,версия справочника года
66701000,66701000,2021,2044.0,версия справочника года
66710000,66710000,2021,2045.0,версия справочника года
67304000,67304000,2021,2609.0,версия справочника года
67308000,67308000,2021,2611.0,версия справочника года
67316000,67316000,2021,2615.0,версия справочника года
68602000,68502000,2021,2078.0,версия справочника года
68603000,68503000,2021,2079.0,версия справочника года
68604000,68504000,2021,2080.0,версия справочника года
68606000,68506000,2021,2081.0,версия справочника года
68608000,68508000,2021,2082.0,версия справочника года
68610000,68510000,2021,2083.0,версия справочника года
68612000,68512000,2021,2084.0,версия справочника года
68614000,68514000,2021,2085.0,версия справочника года
68616000,68516000,2021,2086.0,версия справочника года
68618000,68518000,2021,2087.0,версия справочника года
68620000,68520000,2021,2088.0,версия справочника года
68622000,68522000,2021,2089.0,версия справочника года
68624000,68524000,2021,2090.0,версия справочника года
68626000,68526000,2021,2091.0,версия справочника года
68628000,68528000,2021,2092.0,версия справочника года
68630000,68530000,2021,2093.0,версия справочника года
68632000,68532000,2021,2094.0,версия справочника года
68634000,68534000,2021,2095.0,версия справочника года
68636000,68536000,2021,2096.0,версия справочника года
68640000,68540000,2021,2097.0,версия справочника года
68642000,68542000,2021,2098.0,версия справочника года
68644000,68544000,2021,2099.0,версия справочника года
68646000,68546000,2021,2100.0,версия справочника года
68701000,68701000,2021,2071.0,версия справочника года
68705000,68705000,2021,2072.0,версия справочника года
68710000,68710000,2021,2073.0,версия справочника года
68715000,68715000,2021,2074.0,версия справочника года
68720000,68720000,2021,2075.0,версия справочника года
68725000,68725000,2021,2076.0,версия справочника года
68730000,68730000,2021,2077.0,версия справочника года
69604000,69604000,2021,2148.0,версия справочника года
69608000,69608000,2021,2149.0,версия справочника года
69612000,69612000,2021,2150.0,версия справочника года
69616000,69616000,2021,2151.0,версия справочника года
69620000,69620000,2021,2152.0,версия справочника года
69624000,69624000,2021,2153.0,версия справочника года
69628000,69628000,2021,2154.0,версия справочника года
69632000,69632000,2021,2155.0,версия справочника года
69636000,69636000,2021,2156.0,версия справочника года
69640000,69640000,2021,2157.0,версия справочника года
69644000,69644000,2021,2158.0,версия справочника года
69648000,69648000,2021,2159.0,версия справочника года
69652000,69652000,2021,2160.0,версия справочника года
69654000,69654000,2021,2161.0,версия справочника года
69656000,69656000,2021,2162.0,версия справочника года
69658000,69658000,2021,2163.0,версия справочника года
69701000,69701000,2021,2144.0,версия справочника года
69707000,69707000,2021,2145.0,версия справочника года
69710000,69710000,2021,2146.0,версия справочника года
69741000,69741000,2021,2147.0,версия справочника года
70604000,70604000,2021,2171.0,версия справочника года
70606000,70606000,2021,2172.0,версия справочника года
70608000,70608000,2021,2173.0,версия справочника года
70612000,70612000,2021,2174.0,версия справочника года
70616000,70616000,2021,2175.0,версия справочника года
70618000,70618000,2021,2176.0,версия справочника года
70622000,70622000,2021,2177.0,версия справочника года
70624000,70624000,2021,2178.0,версия справочника года
70626000,70626000,2021,2179.0,версия справочника года
70628000,70628000,2021,2180.0,версия справочника года
70630000,70630000,2021,2181.0,версия справочника года
70636000,70636000,2021,2182.0,версия справочника года
70638000,70638000,2021,2183.0,версия справочника года
70640000,70640000,2021,2184.0,версия справочника года
70642000,70642000,2021,2185.0,версия справочника года
70644000,70644000,2021,2186.0,версия справочника года
70646000,70646000,2021,2187.0,версия справочника года
70648000,70648000,2021,2188.0,версия справочника года
70650000,70650000,2021,2189.0,версия справочника года
70701000,70701000,2021,2164.0,версия справочника года
70702000,70702000,2021,2166.0,версия справочника года
70706000,70706000,2021,2165.0,версия справочника года
70712000,70712000,2021,2167.0,версия справочника года
70714000,70714000,2021,2168.0,версия справочника года
70724000,70724000,2021,2169.0,версия справочника года
70730000,70730000,2021,2170.0,версия справочника года
71603000,71603000,2021,2195.0,версия справочника года
71605000,71605000,2021,2196.0,версия справочника года
71607000,71607000,2021,2197.0,версия справочника года
71610000,71610000,2021,2198.0,версия справочника года
71613000,71613000,2021,2199.0,версия справочника года
71615000,71615000,2021,2200.0,версия справочника года
71624000,71624000,2021,2202.0,версия справочника года
71626000,71626000,2021,2203.0,версия справочника года
71630000,71630000,2021,2204.0,версия справочника года
71632000,71632000,2021,2205.0,версия справочника года
71634000,71634000,2021,2206.0,версия справочника года
71636000,71636000,2021,2207.0,версия справочника года
71638000,71638000,2021,2208.0,версия справочника года
71642000,71642000,2021,2209.0,версия справочника года
71644000,71644000,2021,2210.0,версия справочника года
71648000,71648000,2021,2211.0,версия справочника года
71650000,71650000,2021,2212.0,версия справочника года
71653000,71653000,2021,2213.0,версия справочника года
71656000,71656000,2021,2214.0,версия справочника года
71658000,71658000,2021,2215.0,версия справочника года
71701000,71701000,2021,2190.0,версия справочника года
71702000,71518000,2021,2201.0,версия справочника года
71703000,71522000,2021,2191.0,версия справочника года
71705000,71705000,2021,2192.0,версия справочника года
71710000,71710000,2021,2193.0,версия справочника года
71715000,71715000,2021,2194.0,версия справочника года
71811000,71811000,2021,2229.0,версия справочника года
71812000,71812000,2021,2230.0,версия справочника года
71816000,71816000,2021,2231.0,версия справочника года
71818000,71818000,2021,2232.0,версия справочника года
71819000,71819000,2021,2233.0,версия справочника года
71821000,71821000,2021,2234.0,версия справочника года
71824000,71824000,2021,2235.0,версия справочника года
71826000,71826000,2021,2236.0,версия справочника года
71829000,71829000,2021,2237.0,версия справочника года
71871000,71871000,2021,2216.0,версия справочника года
71872000,71872000,2021,2218.0,версия справочника года
71873000,71873000,2021,2219.0,версия справочника года
71874000,71874000,2021,2220.0,версия справочника года
71875000,71875000,2021,2221.0,версия справочника года
71876000,71876000,2021,2226.0,версия справочника года
71877000,71877000,2021,2225.0,версия справочника года
71878000,71878000,2021,2227.0,версия справочника года
71879000,71879000,2021,2222.0,версия справочника года
71883000,71883000,2021,2217.0,версия справочника года
71884000,71884000,2021,2223.0,версия справочника года
71885000,71885000,2021,2224.0,версия справочника года
71887000,71887000,2021,2228.0,версия справочника года
71913000,71933000,2021,2244.0,версия справочника года
71918000,71938000,2021,2246.0,версия справочника года
71926000,71946000,2021,2249.0,версия справочника года
71928000,71948000,2021,2250.0,версия справочника года
71936000,71936000,2021,2245.0,версия справочника года
71940000,71940000,2021,2247.0,версия справочника года
71943000,71943000,2021,2248.0,версия справочника года
71951000,71951000,2021,2238.0,версия справочника года
71952000,71952000,2021,2239.0,версия справочника года
71953000,71953000,2021,2240.0,версия справочника года
71955000,71955000,2021,2241.0,версия справочника года
71956000,71956000,2021,2242.0,версия справочника года
71958000,71958000,2021,2243.0,версия справочника года
73602000,73602000,2021,2254.0,версия справочника года
73604000,73604000,2021,2255.0,версия справочника года
73607000,73607000,2021,2256.0,версия справочника года
73610000,73610000,2021,2257.0,версия справочника года
73614000,73614000,2021,2258.0,версия справочника года
73616000,73616000,2021,2259.0,версия справочника года
73620000,73620000,2021,2260.0,версия справочника года
73622000,73622000,2021,2261.0,версия справочника года
73625000,73625000,2021,2262.0,версия справочника года
73627000,73627000,2021,2263.0,версия справочника года
73629000,73629000,2021,2264.0,версия справочника года
73632000,73632000,2021,2265.0,версия справочника года
73634000,73634000,2021,2266.0,версия справочника года
73636000,73636000,2021,2267.0,версия справочника года
73639000,73639000,2021,2268.0,версия справочника года
73642000,73642000,2021,2269.0,версия справочника года
73644000,73644000,2021,2270.0,версия справочника года
73648000,73648000,2021,2271.0,версия справочника года
73652000,73652000,2021,2272.0,версия справочника года
73654000,73654000,2021,2273.0,версия справочника года
73656000,73656000,2021,2274.0,версия справочника года
73701000,73701000,2021,2251.0,версия справочника года
73705000,73705000,2021,2252.0,версия справочника года
73715000,73715000,2021,2253.0,версия справочника года
75603000,75603000,2021,2291.0,версия справочника года
75606000,75606000,2021,2292.0,версия справочника года
75609000,75609000,2021,2293.0,версия справочника года
75612000,75612000,2021,2294.0,версия справочника года
75614000,75614000,2021,2295.0,версия справочника года
75617000,75617000,2021,2296.0,версия справочника года
75619000,75619000,2021,2297.0,версия справочника года
75620000,75620000,2021,2298.0,версия справочника года
75623000,75623000,2021,2299.0,версия справочника года
75626000,75626000,2021,2300.0,версия справочника года
75629000,75629000,2021,2301.0,версия справочника года
75632000,75632000,2021,2302.0,версия справочника года
75633000,75533000,2021,2303.0,версия справочника года
75634000,75634000,2021,2304.0,версия справочника года
75636000,75636000,2021,2305.0,версия справочника года
75638000,75638000,2021,2306.0,версия справочника года
75642000,75642000,2021,2307.0,версия справочника года
75644000,75544000,2021,2308.0,версия справочника года
75647000,75647000,2021,2309.0,версия справочника года
75648000,75548000,2021,2310.0,версия справочника года
75649000,75549000,2021,2311.0,версия справочника года
75652000,75652000,2021,2312.0,версия справочника года
75654000,75654000,2021,2313.0,версия справочника года
75655000,75655000,2021,2314.0,версия справочника года
75656000,75656000,2021,2315.0,версия справочника года
75657000,75657000,2021,2316.0,версия справочника года
75659000,75659000,2021,2317.0,версия справочника года
75701000,75701000,2021,2275.0,версия справочника года
75706000,75706000,2021,2276.0,версия справочника года
75707000,75707000,2021,2285.0,версия справочника года
75712000,75712000,2021,2277.0,версия справочника года
75715000,75715000,2021,2278.0,версия справочника года
75728000,75728000,2021,2279.0,версия справочника года
75734000,75734000,2021,2280.0,версия справочника года
75738000,75738000,2021,2281.0,версия справочника года
75742000,75742000,2021,2282.0,версия справочника года
75743000,75743000,2021,2283.0,версия справочника года
75746000,75746000,2021,2284.0,версия справочника года
75752000,75752000,2021,2286.0,версия справочника года
75755000,75755000,2021,2287.0,версия справочника года
75758000,75758000,2021,2288.0,версия справочника года
75759000,75759000,2021,2290.0,версия справочника года
75764000,75764000,2021,2289.0,версия справочника года
76515000,76515000,2021,582.0,версия справочника года
76538000,76538000,2021,594.0,версия справочника года
76602000,76602000,2021,605.0,версия справочника года
76603000,76503000,2021,576.0,версия справочника года
76604000,76504000,2021,577.0,версия справочника года
76606000,76506000,2021,578.0,версия справочника года
76609000,76609000,2021,579.0,версия справочника года
76610000,76510000,2021,580.0,версия справочника года
76611000,76611000,2021,606.0,версия справочника года
76612000,76512000,2021,581.0,версия справочника года
76618000,76518000,2021,583.0,версия справочника года
76620000,76620000,2021,584.0,версия справочника года
76621000,76521000,2021,585.0,версия справочника года
76622000,76622000,2021,586.0,версия справочника года
76624000,76624000,2021,587.0,версия справочника года
76625000,76625000,2021,607.0,версия справочника года
76626000,76526000,2021,588.0,версия справочника года
76628000,76628000,2021,589.0,версия справочника года
76630000,76530000,2021,590.0,версия справочника года
76632000,76632000,2021,591.0,версия справочника года
76634000,76534000,2021,592.0,версия справочника года
76636000,76536000,2021,593.0,версия справочника года
76640000,76640000,2021,595.0,версия справочника года
76642000,76642000,2021,596.0,версия справочника года
76644000,76544000,2021,597.0,версия справочника года
76646000,76546000,2021,598.0,версия справочника года
76647000,76647000,2021,599.0,версия справочника года
76648000,76648000,2021,600.0,версия справочника года
76650000,76650000,2021,601.0,версия справочника года
76652000,76552000,2021,602.0,версия справочника года
76654000,76654000,2021,603.0,версия справочника года
76701000,76701000,2021,573.0,версия справочника года
76702000,76702000,2021,604.0,версия справочника года
76715000,76715000,2021,574.0,версия справочника года
76785000,76785000,2021,575.0,версия справочника года
77603000,77603000,2021,2348.0,версия справочника года
77609000,77609000,2021,2349.0,версия справочника года
77633000,77633000,2021,2350.0,версия справочника года
77701000,77701000,2021,2344.0,версия справочника года
77705000,77505000,2021,2347.0,версия справочника года
77710000,77510000,2021,2346.0,версия справочника года
77715000,77515000,2021,2345.0,версия справочника года
78603000,78603000,2021,2321.0,версия справочника года
78606000,78606000,2021,2322.0,версия справочника года
78609000,78609000,2021,2323.0,версия справочника года
78612000,78612000,2021,2324.0,версия справочника года
78615000,78615000,2021,2325.0,версия справочника года
78618000,78618000,2021,2326.0,версия справочника года
78621000,78621000,2021,2327.0,версия справочника года
78623000,78623000,2021,2328.0,версия справочника года
78626000,78626000,2021,2329.0,версия справочника года
78629000,78629000,2021,2330.0,версия справочника года
78634000,78634000,2021,2332.0,версия справочника года
78637000,78637000,2021,2333.0,версия справочника года
78640000,78640000,2021,2334.0,версия справочника года
78643000,78643000,2021,2335.0,версия справочника года
78646000,78646000,2021,2336.0,версия справочника года
78650000,78650000,2021,2337.0,версия справочника года
78701000,78701000,2021,2318.0,версия справочника года
78705000,78532000,2021,2619.0,версия справочника года
78715000,78715000,2021,2320.0,версия справочника года
79605000,79605000,2021,3.0,версия справочника года
79615000,79615000,2021,4.0,версия справочника года
79618000,79618000,2021,5.0,версия справочника года
79622000,79622000,2021,6.0,версия справочника года
79630000,79630000,2021,7.0,версия справочника года
79633000,79633000,2021,8.0,версия справочника года
79640000,79640000,2021,9.0,версия справочника года
79701000,79701000,2021,1.0,версия справочника года
79703000,79703000,2021,2.0,версия справочника года
80601000,80601000,2021,30.0,версия справочника года
80602000,80602000,2021,31.0,версия справочника года
80603000,80603000,2021,32.0,версия справочника года
80604000,80604000,2021,33.0,версия справочника года
80605000,80605000,2021,34.0,версия справочника года
80606000,80606000,2021,35.0,версия справочника года
80607000,80607000,2021,36.0,версия справочника года
80608000,80608000,2021,37.0,версия справочника года
80609000,80609000,2021,38.0,версия справочника года
80610000,80610000,2021,39.0,версия справочника года
80611000,80611000,2021,40.0,версия справочника года
80612000,80612000,2021,41.0,версия справочника года
80613000,80613000,2021,42.0,версия справочника года
80614000,80614000,2021,43.0,версия справочника года
80615000,80615000,2021,44.0,версия справочника года
80617000,80617000,2021,45.0,версия справочника года
80618000,80618000,2021,46.0,версия справочника года
80619000,80619000,2021,47.0,версия справочника года
80621000,80621000,2021,48.0,версия справочника года
80622000,80622000,2021,49.0,версия справочника года
80623000,80623000,2021,50.0,версия справочника года
80624000,80624000,2021,51.0,версия справочника года
80625000,80625000,2021,52.0,версия справочника года
80626000,80626000,2021,53.0,версия справочника года
80627000,80627000,2021,54.0,версия справочника года
80628000,80628000,2021,55.0,версия справочника года
80630000,80630000,2021,56.0,версия справочника года
80631000,80631000,2021,57.0,версия справочника года
80633000,80633000,2021,58.0,версия справочника года
80634000,80634000,2021,59.0,версия справочника года
80635000,80635000,2021,60.0,версия справочника года
80636000,80636000,2021,61.0,версия справочника года
80637000,80637000,2021,62.0,версия справочника года
80638000,80638000,2021,63.0,версия справочника года
80639000,80639000,2021,64.0,версия справочника года
80640000,80640000,2021,65.0,версия справочника года
80641000,80641000,2021,66.0,версия справочника года
80642000,80642000,2021,67.0,версия справочника года
80643000,80643000,2021,68.0,версия справочника года
80644000,80644000,2021,69.0,версия справочника года
80645000,80645000,2021,70.0,версия справочника года
80647000,80647000,2021,71.0,версия справочника года
80648000,80648000,2021,72.0,версия справочника года
80649000,80649000,2021,73.0,версия справочника года
80650000,80650000,2021,74.0,версия справочника года
80651000,80651000,2021,75.0,версия справочника года
80652000,80652000,2021,76.0,версия справочника года
80653000,80653000,2021,77.0,версия справочника года
80654000,80654000,2021,78.0,версия справочника года
80655000,80655000,2021,79.0,версия справочника года
80656000,80656000,2021,80.0,версия справочника года
80657000,80657000,2021,81.0,версия справочника года
80658000,80658000,2021,82.0,версия справочника года
80659000,80659000,2021,83.0,версия справочника года
80701000,80701000,2021,21.0,версия справочника года
80703000,80703000,2021,22.0,версия справочника года
80723000,80723000,2021,23.0,версия справочника года
80727000,80727000,2021,25.0,версия справочника года
80735000,80735000,2021,26.0,версия справочника года
80739000,80739000,2021,27.0,версия справочника года
80743000,80743000,2021,28.0,версия справочника года
80745000,80745000,2021,29.0,версия справочника года
81603000,81603000,2021,86.0,версия справочника года
81609000,81609000,2021,88.0,версия справочника года
81612000,81612000,2021,89.0,версия справочника года
81615000,81615000,2021,90.0,версия справочника года
81618000,81618000,2021,91.0,версия справочника года
81621000,81621000,2021,92.0,версия справочника года
81622000,81622000,2021,93.0,версия справочника года
81624000,81624000,2021,94.0,версия справочника года
81627000,81627000,2021,95.0,версия справочника года
81630000,81630000,2021,96.0,версия справочника года
81633000,81633000,2021,97.0,версия справочника года
81635000,81635000,2021,98.0,версия справочника года
81636000,81636000,2021,99.0,версия справочника года
81639000,81639000,2021,100.0,версия справочника года
81642000,81642000,2021,101.0,версия справочника года
81645000,81645000,2021,102.0,версия справочника года
81648000,81648000,2021,103.0,версия справочника года
81650000,81650000,2021,104.0,версия справочника года
81651000,81651000,2021,105.0,версия справочника года
81657000,81657000,2021,106.0,версия справочника года
81701000,81701000,2021,84.0,версия справочника года
81720000,81720000,2021,85.0,версия справочника года
82601000,82601000,2021,117.0,версия справочника года
82603000,82603000,2021,118.0,версия справочника года
82605000,82605000,2021,119.0,версия справочника года
82606000,82606000,2021,120.0,версия справочника года
82609000,82609000,2021,122.0,версия справочника года
82611000,82611000,2021,123.0,версия справочника года
82613000,82613000,2021,124.0,версия справочника года
82615000,82615000,2021,125.0,версия справочника года
82616000,82616000,2021,126.0,версия справочника года
82618000,82618000,2021,127.0,версия справочника года
82620000,82620000,2021,128.0,версия справочника года
82621000,82621000,2021,129.0,версия справочника года
82622000,82622000,2021,130.0,версия справочника года
82623000,82623000,2021,131.0,версия справочника года
82624000,82624000,2021,132.0,версия справочника года
82626000,82626000,2021,133.0,версия справочника года
82627000,82627000,2021,134.0,версия справочника года
82629000,82629000,2021,135.0,версия справочника года
82630000,82630000,2021,136.0,версия справочника года
82632000,82632000,2021,137.0,версия справочника года
82634000,82634000,2021,138.0,версия справочника года
82635000,82635000,2021,139.0,версия справочника года
82636000,82636000,2021,140.0,версия справочника года
82637000,82637000,2021,141.0,версия справочника года
82639000,82639000,2021,142.0,версия справочника года
82640000,82640000,2021,143.0,версия справочника года
82642000,82642000,2021,144.0,версия справочника года
82644000,82644000,2021,145.0,версия справочника года
82646000,82646000,2021,146.0,версия справочника года
82647000,82647000,2021,147.0,версия справочника года
82648000,82648000,2021,148.0,версия справочника года
82649000,82649000,2021,149.0,версия справочника года
82651000,82651000,2021,150.0,версия справочника года
82653000,82653000,2021,151.0,версия справочника года
82654000,82654000,2021,152.0,версия справочника года
82655000,82655000,2021,153.0,версия справочника года
82656000,82656000,2021,154.0,версия справочника года
82657000,82657000,2021,155.0,версия справочника года
82658000,82658000,2021,156.0,версия справочника года
82659000,82659000,2021,157.0,версия справочника года
82701000,82701000,2021,107.0,версия справочника года
82705000,82705000,2021,108.0,версия справочника года
82708000,82708000,2021,109.0,версия справочника года
82710000,82710000,2021,110.0,версия справочника года
82715000,82715000,2021,111.0,версия справочника года
82720000,82720000,2021,112.0,версия справочника года
82725000,82725000,2021,113.0,версия справочника года
82730000,82730000,2021,114.0,версия справочника года
82735000,82735000,2021,115.0,версия справочника года
82738000,82738000,2021,116.0,версия справочника года
83610000,83610000,2021,170.0,версия справочника года
83615000,83615000,2021,171.0,версия справочника года
83618000,83618000,2021,172.0,версия справочника года
83620000,83620000,2021,173.0,версия справочника года
83625000,83625000,2021,174.0,версия справочника года
83630000,83630000,2021,175.0,версия справочника года
83635000,83635000,2021,176.0,версия справочника года
83640000,83640000,2021,177.0,версия справочника года
83645000,83645000,2021,178.0,версия справочника года
83648000,83648000,2021,179.0,версия справочника года
83701000,83701000,2021,167.0,версия справочника года
83703000,83703000,2021,168.0,версия справочника года
83710000,83710000,2021,169.0,версия справочника года
84610000,84610000,2021,11.0,версия справочника года
84615000,84615000,2021,12.0,версия справочника года
84620000,84620000,2021,13.0,версия справочника года
84625000,84625000,2021,14.0,версия справочника года
84630000,84630000,2021,15.0,версия справочника года
84635000,84635000,2021,16.0,версия справочника года
84640000,84640000,2021,17.0,версия справочника года
84643000,84643000,2021,18.0,версия справочника года
84645000,84645000,2021,19.0,версия справочника года
84650000,84650000,2021,20.0,версия справочника года
84701000,84701000,2021,10.0,версия справочника года
85605000,85605000,2021,181.0,версия справочника года
85610000,85610000,2021,182.0,версия справочника года
85615000,85615000,2021,184.0,версия справочника года
85620000,85620000,2021,185.0,версия справочника года
85623000,85623000,2021,186.0,версия справочника года
85625000,85625000,2021,183.0,версия справочника года
85628000,85628000,2021,187.0,версия справочника года
85632000,85632000,2021,188.0,версия справочника года
85637000,85637000,2021,189.0,версия справочника года
85642000,85642000,2021,190.0,версия справочника года
85646000,85646000,2021,191.0,версия справочника года
85650000,85650000,2021,192.0,версия справочника года
85654000,85654000,2021,193.0,версия справочника года
85701000,85701000,2021,180.0,версия справочника года
86604000,86504000,2021,208.0,версия справочника года
86609000,86609000,2021,209.0,версия справочника года
86610000,86510000,2021,222.0,версия справочника года
86612000,86612000,2021,210.0,версия справочника года
86615000,86615000,2021,211.0,версия справочника года
86618000,86618000,2021,212.0,версия справочника года
86621000,86621000,2021,213.0,версия справочника года
86624000,86624000,2021,214.0,версия справочника года
86627000,86627000,2021,215.0,версия справочника года
86630000,86630000,2021,216.0,версия справочника года
86633000,86533000,2021,217.0,версия справочника года
86636000,86636000,2021,218.0,версия справочника года
86639000,86639000,2021,219.0,версия справочника года
86642000,86642000,2021,220.0,версия справочника года
86645000,86545000,2021,221.0,версия справочника года
86650000,86550000,2021,223.0,версия справочника года
86701000,86701000,2021,206.0,версия справочника года
86706000,86706000,2021,207.0,версия справочника года
87604000,87604000,2021,230.0,версия справочника года
87608000,87508000,2021,231.0,версия справочника года
87612000,87612000,2021,232.0,версия справочника года
87616000,87616000,2021,233.0,версия справочника года
87620000,87620000,2021,234.0,версия справочника года
87624000,87624000,2021,235.0,версия справочника года
87626000,87626000,2021,236.0,версия справочника года
87628000,87628000,2021,237.0,версия справочника года
87632000,87632000,2021,238.0,версия справочника года
87636000,87636000,2021,239.0,версия справочника года
87640000,87640000,2021,240.0,версия справочника года
87644000,87644000,2021,241.0,версия справочника года
87648000,87648000,2021,242.0,версия справочника года
87652000,87652000,2021,243.0,версия справочника года
87701000,87701000,2021,224.0,версия справочника года
87710000,87510000,2021,225.0,версия справочника года
87712000,87512000,2021,226.0,версия справочника года
87715000,87515000,2021,227.0,версия справочника года
87723000,87523000,2021,228.0,версия справочника года
87725000,87525000,2021,229.0,версия справочника года
88604000,88604000,2021,272.0,версия справочника года
88608000,88608000,2021,273.0,версия справочника года
88612000,88612000,2021,274.0,версия справочника года
88616000,88516000,2021,275.0,версия справочника года
88620000,88620000,2021,276.0,версия справочника года
88624000,88624000,2021,277.0,версия справочника года
88628000,88628000,2021,278.0,версия справочника года
88632000,88632000,2021,279.0,версия справочника года
88636000,88636000,2021,280.0,версия справочника года
88640000,88640000,2021,281.0,версия справочника года
88644000,88644000,2021,282.0,версия справочника года
88648000,88648000,2021,283.0,версия справочника года
88652000,88652000,2021,284.0,версия справочника года
88656000,88656000,2021,285.0,версия справочника года
88701000,88701000,2021,269.0,версия справочника года
88705000,88705000,2021,270.0,версия справочника года
88715000,88715000,2021,271.0,версия справочника года
89603000,89603000,2021,287.0,версия справочника года
89605000,89605000,2021,288.0,версия справочника года
89607000,89607000,2021,289.0,версия справочника года
89610000,89610000,2021,290.0,версия справочника года
89613000,89613000,2021,291.0,версия справочника года
89616000,89616000,2021,292.0,версия справочника года
89618000,89618000,2021,293.0,версия справочника года
89621000,89621000,2021,294.0,версия справочника года
89624000,89624000,2021,295.0,версия справочника года
89626000,89626000,2021,296.0,версия справочника года
89628000,89628000,2021,297.0,версия справочника года
89629000,89629000,2021,298.0,версия справочника года
89631000,89631000,2021,299.0,версия справочника года
89634000,89634000,2021,300.0,версия справочника года
89637000,89637000,2021,301.0,версия справочника года
89640000,89640000,2021,302.0,версия справочника года
89643000,89643000,2021,303.0,версия справочника года
89646000,89646000,2021,304.0,версия справочника года
89649000,89649000,2021,305.0,версия справочника года
89651000,89651000,2021,306.0,версия справочника года
89654000,89654000,2021,307.0,версия справочника года
89657000,89657000,2021,308.0,версия справочника года
89701000,89701000,2021,286.0,версия справочника года
90605000,90605000,2021,346.0,версия справочника года
90610000,90610000,2021,347.0,версия справочника года
90615000,90615000,2021,348.0,версия справочника года
90620000,90620000,2021,349.0,версия справочника года
90625000,90625000,2021,350.0,версия справочника года
90630000,90630000,2021,351.0,версия справочника года
90635000,90635000,2021,352.0,версия справочника года
90640000,90640000,2021,353.0,версия справочника года
90701000,90701000,2021,345.0,версия справочника года
91601000,91601000,2021,196.0,версия справочника года
91603000,91603000,2021,197.0,версия справочника года
91610000,91610000,2021,198.0,версия справочника года
91615000,91615000,2021,199.0,версия справочника года
91620000,91620000,2021,200.0,версия справочника года
91623000,91623000,2021,201.0,версия справочника года
91625000,91625000,2021,202.0,версия справочника года
91630000,91630000,2021,203.0,версия справочника года
91635000,91635000,2021,204.0,версия справочника года
91640000,91640000,2021,205.0,версия справочника года
91701000,91701000,2021,194.0,версия справочника года
91705000,91705000,2021,195.0,версия справочника года
92601000,92601000,2021,356.0,версия справочника года
92602000,92602000,2021,357.0,версия справочника года
92604000,92604000,2021,358.0,версия справочника года
92605000,92605000,2021,359.0,версия справочника года
92606000,92606000,2021,360.0,версия справочника года
92607000,92607000,2021,361.0,версия справочника года
92608000,92608000,2021,362.0,версия справочника года
92610000,92610000,2021,363.0,версия справочника года
92612000,92612000,2021,364.0,версия справочника года
92613000,92613000,2021,365.0,версия справочника года
92614000,92614000,2021,366.0,версия справочника года
92615000,92615000,2021,367.0,версия справочника года
92617000,92617000,2021,368.0,версия справочника года
92618000,92618000,2021,369.0,версия справочника года
92620000,92620000,2021,370.0,версия справочника года
92622000,92622000,2021,371.0,версия справочника года
92624000,92624000,2021,372.0,версия справочника года
92626000,92626000,2021,373.0,версия справочника года
92627000,92627000,2021,374.0,версия справочника года
92628000,92628000,2021,375.0,версия справочника года
92629000,92629000,2021,376.0,версия справочника года
92630000,92630000,2021,377.0,версия справочника года
92632000,92632000,2021,392.0,версия справочника года
92633000,92633000,2021,378.0,версия справочника года
92634000,92634000,2021,379.0,версия справочника года
92636000,92636000,2021,380.0,версия справочника года
92638000,92638000,2021,381.0,версия справочника года
92639000,92639000,2021,382.0,версия справочника года
92640000,92640000,2021,383.0,версия справочника года
92642000,92642000,2021,384.0,версия справочника года
92644000,92644000,2021,385.0,версия справочника года
92645000,92645000,2021,386.0,версия справочника года
92646000,92646000,2021,387.0,версия справочника года
92648000,92648000,2021,388.0,версия справочника года
92650000,92650000,2021,389.0,версия справочника года
92652000,92652000,2021,390.0,версия справочника года
92653000,92653000,2021,391.0,версия справочника года
92654000,92654000,2021,398.0,версия справочника года
92655000,92655000,2021,393.0,версия справочника года
92656000,92656000,2021,395.0,версия справочника года
92657000,92657000,2021,394.0,версия справочника года
92658000,92658000,2021,396.0,версия справочника года
92659000,92659000,2021,397.0,версия справочника года
92701000,92701000,2021,354.0,версия справочника года
92730000,92730000,2021,355.0,версия справочника года
93605000,93605000,2021,401.0,версия справочника года
93610000,93610000,2021,402.0,версия справочника года
93615000,93615000,2021,403.0,версия справочника года
93620000,93620000,2021,404.0,версия справочника года
93622000,93622000,2021,405.0,версия справочника года
93625000,93625000,2021,406.0,версия справочника года
93630000,93630000,2021,407.0,версия справочника года
93635000,93635000,2021,408.0,версия справочника года
93638000,93638000,2021,409.0,версия справочника года
93640000,93640000,2021,410.0,версия справочника года
93643000,93643000,2021,411.0,версия справочника года
93645000,93645000,2021,412.0,версия справочника года
93650000,93650000,2021,413.0,версия справочника года
93654000,93654000,2021,414.0,версия справочника года
93656000,93656000,2021,415.0,версия справочника года
93657000,93657000,2021,416.0,версия справочника года
93658000,93658000,2021,417.0,версия справочника года
93701000,93701000,2021,399.0,версия справочника года
93703000,93703000,2021,400.0,версия справочника года
94602000,94502000,2021,423.0,версия справочника года
94604000,94504000,2021,424.0,версия справочника года
94606000,94506000,2021,425.0,версия справочника года
94608000,94508000,2021,426.0,версия справочника года
94610000,94510000,2021,427.0,версия справочника года
94612000,94512000,2021,428.0,версия справочника года
94614000,94514000,2021,429.0,версия справочника года
94616000,94516000,2021,430.0,версия справочника года
94618000,94518000,2021,431.0,версия справочника года
94620000,94520000,2021,432.0,версия справочника года
94622000,94522000,2021,433.0,версия справочника года
94624000,94524000,2021,434.0,версия справочника года
94626000,94526000,2021,435.0,версия справочника года
94628000,94528000,2021,436.0,версия справочника года
94630000,94530000,2021,437.0,версия справочника года
94633000,94533000,2021,438.0,версия справочника года
94635000,94535000,2021,439.0,версия справочника года
94637000,94537000,2021,440.0,версия справочника года
94639000,94539000,2021,441.0,версия справочника года
94641000,94541000,2021,442.0,версия справочника года
94644000,94544000,2021,443.0,версия справочника года
94646000,94546000,2021,444.0,версия справочника года
94648000,94548000,2021,445.0,версия справочника года
94650000,94550000,2021,446.0,версия справочника года
94652000,94552000,2021,447.0,версия справочника года
94701000,94701000,2021,418.0,версия справочника года
94710000,94710000,2021,419.0,версия справочника года
94720000,94720000,2021,420.0,версия справочника года
94730000,94730000,2021,421.0,версия справочника года
94740000,94740000,2021,422.0,версия справочника года
95605000,95605000,2021,453.0,версия справочника года
95608000,95608000,2021,454.0,версия справочника года
95612000,95612000,2021,455.0,версия справочника года
95615000,95615000,2021,456.0,версия справочника года
95620000,95620000,2021,457.0,версия справочника года
95625000,95625000,2021,458.0,версия справочника года
95630000,95630000,2021,459.0,версия справочника года
95635000,95635000,2021,460.0,версия справочника года
95701000,95701000,2021,448.0,версия справочника года
95702000,95702000,2021,449.0,версия справочника года
95708000,95708000,2021,450.0,версия справочника года
95709000,95709000,2021,451.0,версия справочника года
95715000,95715000,2021,452.0,версия справочника года
96602000,96602000,2021,463.0,версия справочника года
96604000,96604000,2021,464.0,версия справочника года
96607000,96607000,2021,465.0,версия справочника года
96610000,96610000,2021,466.0,версия справочника года
96611000,96611000,2021,467.0,версия справочника года
96612000,96612000,2021,468.0,версия справочника года
96616000,96616000,2021,469.0,версия справочника года
96622000,96622000,2021,470.0,версия справочника года
96625000,96625000,2021,471.0,версия справочника года
96628000,96628000,2021,472.0,версия справочника года
96631000,96631000,2021,473.0,версия справочника года
96634000,96634000,2021,474.0,версия справочника года
96637000,96637000,2021,475.0,версия справочника года
96640000,96640000,2021,476.0,версия справочника года
96691000,96691000,2021,477.0,версия справочника года
96701000,96701000,2021,461.0,версия справочника года
96702000,96702000,2021,462.0,версия справочника года
97603000,97503000,2021,483.0,версия справочника года
97605000,97505000,2021,484.0,версия справочника года
97607000,97507000,2021,485.0,версия справочника года
97610000,97510000,2021,486.0,версия справочника года
97613000,97513000,2021,487.0,версия справочника года
97616000,97516000,2021,488.0,версия справочника года
97619000,97519000,2021,489.0,версия справочника года
97621000,97521000,2021,490.0,версия справочника года
97624000,97524000,2021,491.0,версия справочника года
97626000,97526000,2021,492.0,версия справочника года
97629000,97529000,2021,493.0,версия справочника года
97632000,97532000,2021,494.0,версия справочника года
97635000,97535000,2021,495.0,версия справочника года
97638000,97538000,2021,496.0,версия справочника года
97641000,97541000,2021,497.0,версия справочника года
97644000,97544000,2021,498.0,версия справочника года
97647000,97547000,2021,499.0,версия справочника года
97650000,97550000,2021,500.0,версия справочника года
97653000,97553000,2021,501.0,версия справочника года
97655000,97555000,2021,502.0,версия справочника года
97658000,97558000,2021,503.0,версия справочника года
97701000,97701000,2021,478.0,версия справочника года
97704000,97704000,2021,479.0,версия справочника года
97707000,97707000,2021,480.0,версия справочника года
97710000,97710000,2021,481.0,версия справочника года
97713000,97713000,2021,482.0,версия справочника года
98601000,98601000,2021,311.0,версия справочника года
98603000,98603000,2021,312.0,версия справочника года
98604000,98604000,2021,337.0,версия справочника года
98606000,98606000,2021,313.0,версия справочника года
98608000,98608000,2021,314.0,версия справочника года
98610000,98610000,2021,315.0,версия справочника года
98612000,98612000,2021,316.0,версия справочника года
98614000,98614000,2021,317.0,версия справочника года
98615000,98615000,2021,318.0,версия справочника года
98616000,98616000,2021,319.0,версия справочника года
98618000,98618000,2021,320.0,версия справочника года
98620000,98620000,2021,321.0,версия справочника года
98622000,98622000,2021,322.0,версия справочника года
98624000,98624000,2021,323.0,версия справочника года
98626000,98626000,2021,324.0,версия справочника года
98627000,98627000,2021,325.0,версия справочника года
98629000,98629000,2021,326.0,версия справочника года
98631000,98631000,2021,327.0,версия справочника года
98633000,98633000,2021,328.0,версия справочника года
98635000,98635000,2021,329.0,версия справочника года
98637000,98637000,2021,331.0,версия справочника года
98639000,98639000,2021,332.0,версия справочника года
98641000,98641000,2021,333.0,версия справочника года
98642000,98642000,2021,334.0,версия справочника года
98644000,98644000,2021,342.0,версия справочника года
98646000,98646000,2021,335.0,версия справочника года
98648000,98648000,2021,336.0,версия справочника года
98650000,98650000,2021,338.0,версия справочника года
98652000,98652000,2021,339.0,версия справочника года
98654000,98654000,2021,340.0,версия справочника года
98656000,98656000,2021,341.0,версия справочника года
98658000,98658000,2021,343.0,версия справочника года
98659000,98659000,2021,344.0,версия справочника года
98660000,98660000,2021,330.0,версия справочника года
98701000,98701000,2021,309.0,версия справочника года
98702000,98702000,2021,310.0,версия справочника года
99605000,99605000,2021,2339.0,версия справочника года
99610000,99610000,2021,2340.0,версия справочника года
99620000,99620000,2021,2341.0,версия справочника года
99625000,99625000,2021,2342.0,версия справочника года
99630000,99630000,2021,2343.0,версия справочника года
99701000,99701000,2021,2338.0,версия справочника года
32751000,32522000,2022,1239.0,версия справочника года
34612000,34512000,2022,1314.0,ОКТМО из другой версии
34622000,34522000,2022,1319.0,ОКТМО из другой версии
34624000,34524000,2022,1320.0,ОКТМО из другой версии
34634000,34534000,2022,1325.0,ОКТМО из другой версии
37602000,37502000,2022,1335.0,ОКТМО из другой версии
37616000,37516000,2022,1343.0,ОКТМО из другой версии
37618000,37518000,2022,1344.0,ОКТМО из другой версии
37626000,37526000,2022,1348.0,ОКТМО из другой версии
37634000,37534000,2022,1352.0,ОКТМО из другой версии
37640000,37540000,2022,1355.0,ОКТМО из другой версии
54647000,54501000,2022,1726.0,ОКТМО из другой версии
63643000,63701000,2022,2878.0,версия справочника года
97624000,97524000,2022,491.0,ОКТМО из другой версии
97650000,97550000,2022,500.0,ОКТМО из другой версии
98700000,CD,2022,,не привязано
05610000,05510000,2023,789.0,ОКТМО из другой версии
05628000,05528000,2023,796.0,ОКТМО из другой версии
05634000,05534000,2023,799.0,ОКТМО из другой версии
05648000,05548000,2023,803.0,ОКТМО из другой версии
07500000,CD,2023,,не привязано
19605000,19505000,2023,1047.0,ОКТМО из другой версии
19608000,19508000,2023,1048.0,ОКТМО из другой версии
19610000,19510000,2023,1049.0,ОКТМО из другой версии
19614000,19514000,2023,1051.0,ОКТМО из другой версии
19616000,19516000,2023,1052.0,ОКТМО из другой версии
19618000,19518000,2023,1053.0,ОКТМО из другой версии
19620000,19520000,2023,1054.0,ОКТМО из другой версии
19624000,19524000,2023,1056.0,ОКТМО из другой версии
19626000,19526000,2023,1057.0,ОКТМО из другой версии
19630000,19530000,2023,1059.0,ОКТМО из другой версии
19632000,19532000,2023,1060.0,ОКТМО из другой версии
19636000,19536000,2023,1062.0,ОКТМО из другой версии
19638000,19538000,2023,1063.0,ОКТМО из другой версии
19640000,19540000,2023,1064.0,ОКТМО из другой версии
19642000,19542000,2023,1065.0,ОКТМО из другой версии
19646000,19546000,2023,1066.0,ОКТМО из другой версии
19648000,19548000,2023,1067.0,ОКТМО из другой версии
19650000,19550000,2023,1068.0,ОКТМО из другой версии
19652000,19552000,2023,1069.0,ОКТМО из другой версии
19654000,19554000,2023,1070.0,ОКТМО из другой версии
34636000,34536000,2023,1326.0,ОКТМО из другой версии
34638000,34538000,2023,1327.0,ОКТМО из другой версии
37604000,37504000,2023,1336.0,ОКТМО из другой версии
37609000,37509000,2023,1339.0,ОКТМО из другой версии
37610000,37510000,2023,1340.0,ОКТМО из другой версии
37614000,37514000,2023,1342.0,ОКТМО из другой версии
37622000,37522000,2023,1346.0,ОКТМО из другой версии
37624000,37524000,2023,1347.0,ОКТМО из другой версии
37628000,37528000,2023,1349.0,ОКТМО из другой версии
37632000,37532000,2023,1351.0,ОКТМО из другой версии
37636000,37536000,2023,1353.0,ОКТМО из другой версии
37638000,37538000,2023,1354.0,ОКТМО из другой версии
37644000,37544000,2023,1357.0,ОКТМО из другой версии
37646000,37546000,2023,1358.0,ОКТМО из другой версии
44702000,44502000,2023,1431.0,ОКТМО из другой версии
44704000,44504000,2023,1432.0,ОКТМО из другой версии
44707000,44507000,2023,1433.0,ОКТМО из другой версии
44710000,44510000,2023,1434.0,ОКТМО из другой версии
44713000,44513000,2023,1435.0,ОКТМО из другой версии
44716000,44516000,2023,1436.0,ОКТМО из другой версии
44719000,44519000,2023,1437.0,ОКТМО из другой версии
44722000,44522000,2023,1438.0,ОКТМО из другой версии
76603000,76503000,2023,576.0,версия справочника года
76604000,76504000,2023,577.0,версия справочника года
76630000,76530000,2023,590.0,версия справочника года
76644000,76544000,2023,597.0,версия справочника года
86650000,86550000,2023,223.0,ОКТМО из другой версии
91600000,CD,2023,,не привязано
05614000,05514000,2024,791.0,ОКТМО из другой версии
05630000,05530000,2024,797.0,ОКТМО из другой версии
05653000,05553000,2024,805.0,ОКТМО из другой версии
05657000,05557000,2024,807.0,ОКТМО из другой версии
05659000,05559000,2024,808.0,ОКТМО из другой версии
10500000,CD,2024,,не привязано
10625000,10525000,2024,875.0,ОКТМО из другой версии
19500000,CD,2024,,не привязано
19600000,CD,2024,,не привязано
19612000,19512000,2024,1050.0,ОКТМО из другой версии
19628000,19528000,2024,1058.0,ОКТМО из другой версии
19634000,19534000,2024,1061.0,ОКТМО из другой версии
30610000,30510000,2024,613.0,ОКТМО из другой версии
34520000,34520000,2024,2618.0,версия справочника года
42603000,42503000,2024,1412.0,версия справочника года
42615000,42515000,2024,1416.0,версия справочника года
42627000,42527000,2024,1420.0,версия справочника года
42642000,42542000,2024,1425.0,версия справочника года
46762000,46762000,2024,1474.0,версия справочника года
46767000,46767000,2024,1473.0,версия справочника года
68602000,68502000,2024,2078.0,ОКТМО из другой версии
68603000,68503000,2024,2079.0,ОКТМО из другой версии
68604000,68504000,2024,2080.0,ОКТМО из другой версии
68606000,68506000,2024,2081.0,ОКТМО из другой версии
68608000,68508000,2024,2082.0,ОКТМО из другой версии
68610000,68510000,2024,2083.0,ОКТМО из другой версии
68612000,68512000,2024,2084.0,ОКТМО из другой версии
68614000,68514000,2024,2085.0,ОКТМО из другой версии
68616000,68516000,2024,2086.0,ОКТМО из другой версии
68618000,68518000,2024,2087.0,ОКТМО из другой версии
68620000,68520000,2024,2088.0,ОКТМО из другой версии
68622000,68522000,2024,2089.0,ОКТМО из другой версии
68624000,68524000,2024,2090.0,ОКТМО из другой версии
68626000,68526000,2024,2091.0,ОКТМО из другой версии
68628000,68528000,2024,2092.0,ОКТМО из другой версии
68630000,68530000,2024,2093.0,ОКТМО из другой версии
68632000,68532000,2024,2094.0,ОКТМО из другой версии
68634000,68534000,2024,2095.0,ОКТМО из другой версии
68636000,68536000,2024,2096.0,ОКТМО из другой версии
68640000,68540000,2024,2097.0,ОКТМО из другой версии
68642000,68542000,2024,2098.0,ОКТМО из другой версии
68644000,68544000,2024,2099.0,ОКТМО из другой версии
68646000,68546000,2024,2100.0,ОКТМО из другой версии
76610000,76510000,2024,580.0,ОКТМО из другой версии
76618000,76518000,2024,583.0,ОКТМО из другой версии
76626000,76526000,2024,588.0,ОКТМО из другой версии
76634000,76534000,2024,592.0,ОКТМО из другой версии
87712000,87512000,2024,226.0,ОКТМО из другой версии
87723000,87523000,2024,228.0,ОКТМО из другой версии
87725000,87525000,2024,229.0,версия справочника года
91600000,CD,2024,,не привязано
03731000,03726000,2021,2748.0,версия справочника года
04655000,04555000,2021,721.0,ОКТМО из другой версии
05617000,05517000,2021,792.0,ОКТМО из другой версии
05626000,05526000,2021,795.0,ОКТМО из другой версии
05640000,05540000,2021,801.0,ОКТМО из другой версии
05646000,05546000,2021,802.0,ОКТМО из другой версии
05650000,05550000,2021,804.0,ОКТМО из другой версии
10608000,10508000,2021,871.0,ОКТМО из другой версии
10640000,10540000,2021,882.0,ОКТМО из другой версии
22605000,22505000,2021,1539.0,ОКТМО из другой версии
22607000,22507000,2021,1540.0,ОКТМО из другой версии
22612000,22512000,2021,1543.0,ОКТМО из другой версии
22614000,22514000,2021,1544.0,ОКТМО из другой версии
22632000,22532000,2021,1555.0,ОКТМО из другой версии
22634000,22534000,2021,1557.0,ОКТМО из другой версии
22640000,22540000,2021,1562.0,ОКТМО из другой версии
22642000,22542000,2021,1563.0,ОКТМО из другой версии
22646000,22546000,2021,1565.0,ОКТМО из другой версии
22653000,22553000,2021,1571.0,ОКТМО из другой версии
22654000,22554000,2021,1572.0,ОКТМО из другой версии
30601000,30501000,2021,610.0,ОКТМО из другой версии
32528000,32528000,2021,1251.0,версия справочника года
34602000,34502000,2021,1309.0,версия справочника года
34604000,34604000,2021,1310.0,версия справочника года
34606000,34606000,2021,1311.0,версия справочника года
34608000,34608000,2021,1312.0,версия справочника года
34610000,34510000,2021,1313.0,версия справочника года
34612000,34512000,2021,1314.0,версия справочника года
34614000,34614000,2021,1315.0,версия справочника года
34616000,34616000,2021,1316.0,версия справочника года
34618000,34518000,2021,1317.0,версия справочника года
34622000,34522000,2021,1319.0,версия справочника года
34624000,34524000,2021,1320.0,версия справочника года
34626000,34626000,2021,1321.0,версия справочника года
34628000,34528000,2021,1322.0,версия справочника года
34630000,34530000,2021,1323.0,версия справочника года
34632000,34532000,2021,1324.0,версия справочника года
34634000,34534000,2021,1325.0,версия справочника года
34636000,34536000,2021,1326.0,версия справочника года
34638000,34538000,2021,1327.0,версия справочника года
34640000,34540000,2021,1328.0,версия справочника года
34642000,34642000,2021,1329.0,версия справочника года
34644000,34644000,2021,1330.0,версия справочника года
34646000,34646000,2021,1331.0,версия справочника года
34648000,34648000,2021,1332.0,версия справочника года
34701000,34701000,2021,1303.0,версия справочника года
34705000,34705000,2021,1304.0,версия справочника года
34706000,34706000,2021,1305.0,версия справочника года
34708000,34708000,2021,1306.0,версия справочника года
34714000,34520000,2021,2618.0,версия справочника года
34730000,34730000,2021,1308.0,версия справочника года
37620000,37520000,2021,1345.0,ОКТМО из другой версии
37642000,37542000,2021,1356.0,ОКТМО из другой версии
46732000,46758000,2021,1452.0,ОКТМО из другой версии
46743000,46758000,2021,1458.0,ОКТМО из другой версии
46756000,46738000,2021,1469.0,ОКТМО из другой версии
57604000,57503000,2021,735.0,ОКТМО из другой версии
57618000,57518000,2021,742.0,ОКТМО из другой версии
57622000,57522000,2021,744.0,ОКТМО из другой версии
57624000,57524000,2021,746.0,ОКТМО из другой версии
57628000,57529000,2021,749.0,ОКТМО из другой версии
57648000,57548000,2021,758.0,ОКТМО из другой версии
57655000,57555000,2021,764.0,ОКТМО из другой версии
76600000,CD,2021,,не привязано
76615000,76515000,2021,582.0,ОКТМО из другой версии
76638000,76538000,2021,594.0,ОКТМО из другой версии
81606000,81606000,2021,87.0,версия справочника года
82607000,82607000,2021,121.0,версия справочника года
91600000,CD,2021,,не привязано
99700000,CD,2021,,не привязано
07500000,CD,2022,,не привязано
22537000,22537000,2022,1560.0,версия справочника года
26600000,CD,2022,,не привязано
32500000,CD,2022,,не привязано
32600000,CD,2022,,не привязано
36600000,CD,2022,,не привязано
40301000,40301000,2022,2351.0,версия справочника года
40302000,40302000,2022,2352.0,версия справочника года
40303000,40303000,2022,2353.0,версия справочника года
40304000,40304000,2022,2354.0,версия справочника года
40305000,40305000,2022,2355.0,версия справочника года
40306000,40306000,2022,2356.0,версия справочника года
40307000,40307000,2022,2357.0,версия справочника года
40308000,40308000,2022,2358.0,версия справочника года
40309000,40309000,2022,2359.0,версия справочника года
40310000,40310000,2022,2360.0,версия справочника года
40311000,40311000,2022,2361.0,версия справочника года
40312000,40312000,2022,2362.0,версия справочника года
40313000,40313000,2022,2363.0,версия справочника года
40314000,40314000,2022,2364.0,версия справочника года
40315000,40315000,2022,2365.0,версия справочника года
40316000,40316000,2022,2366.0,версия справочника года
40317000,40317000,2022,2367.0,версия справочника года
40318000,40318000,2022,2368.0,версия справочника года
40319000,40319000,2022,2369.0,версия справочника года
40320000,40320000,2022,2370.0,версия справочника года
40321000,40321000,2022,2371.0,версия справочника года
40322000,40322000,2022,2372.0,версия справочника года
40323000,40323000,2022,2373.0,версия справочника года
40324000,40324000,2022,2374.0,версия справочника года
40325000,40325000,2022,2375.0,версия справочника года
40326000,40326000,2022,2376.0,версия справочника года
40327000,40327000,2022,2377.0,версия справочника года
40328000,40328000,2022,2378.0,версия справочника года
40329000,40329000,2022,2379.0,версия справочника года
40330000,40330000,2022,2380.0,версия справочника года
40331000,40331000,2022,2381.0,версия справочника года
40332000,40332000,2022,2382.0,версия справочника года
40333000,40333000,2022,2383.0,версия справочника года
40334000,40334000,2022,2384.0,версия справочника года
40335000,40335000,2022,2385.0,версия справочника года
40336000,40336000,2022,2386.0,версия справочника года
40337000,40337000,2022,2387.0,версия справочника года
40338000,40338000,2022,2388.0,версия справочника года
40339000,40339000,2022,2389.0,версия справочника года
40340000,40340000,2022,2390.0,версия справочника года
40341000,40341000,2022,2391.0,версия справочника года
40342000,40342000,2022,2392.0,версия справочника года
40343000,40343000,2022,2393.0,версия справочника года
40344000,40344000,2022,2394.0,версия справочника года
40345000,40345000,2022,2395.0,версия справочника года
40346000,40346000,2022,2396.0,версия справочника года
40347000,40347000,2022,2397.0,версия справочника года
40348000,40348000,2022,2398.0,версия справочника года
40349000,40349000,2022,2399.0,версия справочника года
40350000,40350000,2022,2400.0,версия справочника года
40351000,40351000,2022,2401.0,версия справочника года
40352000,40352000,2022,2402.0,версия справочника года
40353000,40353000,2022,2403.0,версия справочника года
40354000,40354000,2022,2404.0,версия справочника года
40355000,40355000,2022,2405.0,версия справочника года
40356000,40356000,2022,2406.0,версия справочника года
40357000,40357000,2022,2407.0,версия справочника года
40358000,40358000,2022,2408.0,версия справочника года
40359000,40359000,2022,2409.0,версия справочника года
40360000,40360000,2022,2410.0,версия справочника года
40361000,40361000,2022,2411.0,версия справочника года
40362000,40362000,2022,2412.0,версия справочника года
40363000,40363000,2022,2413.0,версия справочника года
40364000,40364000,2022,2414.0,версия справочника года
40365000,40365000,2022,2415.0,версия справочника года
40366000,40366000,2022,2416.0,версия справочника года
40367000,40367000,2022,2417.0,версия справочника года
40368000,40368000,2022,2418.0,версия справочника года
40369000,40369000,2022,2419.0,версия справочника года
40370000,40370000,2022,2420.0,версия справочника года
40371000,40371000,2022,2421.0,версия справочника года
40372000,40372000,2022,2422.0,версия справочника года
40373000,40373000,2022,2423.0,версия справочника года
40374000,40374000,2022,2424.0,версия справочника года
40375000,40375000,2022,2425.0,версия справочника года
40376000,40376000,2022,2426.0,версия справочника года
40377000,40377000,2022,2427.0,версия справочника года
40378000,40378000,2022,2428.0,версия справочника года
40379000,40379000,2022,2429.0,версия справочника года
40380000,40380000,2022,2430.0,версия справочника года
40381000,40381000,2022,2431.0,версия справочника года
40382000,40382000,2022,2432.0,версия справочника года
40383000,40383000,2022,2433.0,версия справочника года
40384000,40384000,2022,2434.0,версия справочника года
40385000,40385000,2022,2435.0,версия справочника года
40386000,40386000,2022,2436.0,версия справочника года
40387000,40387000,2022,2437.0,версия справочника года
40388000,40388000,2022,2438.0,версия справочника года
40389000,40389000,2022,2439.0,версия справочника года
40390000,40390000,2022,2440.0,версия справочника года
40391000,40391000,2022,2441.0,версия справочника года
40392000,40392000,2022,2442.0,версия справочника года
40393000,40393000,2022,2443.0,версия справочника года
40394000,40394000,2022,2444.0,версия справочника года
40395000,40395000,2022,2445.0,версия справочника года
40396000,40396000,2022,2446.0,версия справочника года
40397000,40397000,2022,2447.0,версия справочника года
40398000,40398000,2022,2448.0,версия справочника года
40901000,40901000,2022,2449.0,версия справочника года
40902000,40902000,2022,2450.0,версия справочника года
40903000,40903000,2022,2451.0,версия справочника года
40904000,40904000,2022,2452.0,версия справочника года
40905000,40905000,2022,2453.0,версия справочника года
40906000,40906000,2022,2454.0,версия справочника года
40907000,40907000,2022,2455.0,версия справочника года
40908000,40908000,2022,2456.0,версия справочника года
40909000,40909000,2022,2457.0,версия справочника года
40910000,40910000,2022,2458.0,версия справочника года
40911000,40911000,2022,2459.0,версия справочника года
40912000,40912000,2022,2460.0,версия справочника года
40913000,40913000,2022,2461.0,версия справочника года
45312000,45312000,2022,2473.0,версия справочника года
45347000,45347000,2022,2508.0,версия справочника года
45384000,45384000,2022,2545.0,версия справочника года
67302000,67302000,2022,2608.0,версия справочника года
67304000,67304000,2022,2609.0,версия справочника года
67306000,67306000,2022,2610.0,версия справочника года
67308000,67308000,2022,2611.0,версия справочника года
67310000,67310000,2022,2612.0,версия справочника года
67312000,67312000,2022,2613.0,версия справочника года
67314000,67314000,2022,2614.0,версия справочника года
67316000,67316000,2022,2615.0,версия справочника года
67318000,67318000,2022,2616.0,версия справочника года
67320000,67320000,2022,2617.0,версия справочника года
79600000,CD,2022,,не привязано
85600000,CD,2022,,не привязано
91600000,CD,2022,,не привязано
94502000,94502000,2022,423.0,версия справочника года
94504000,94504000,2022,424.0,версия справочника года
94506000,94506000,2022,425.0,версия справочника года
94508000,94508000,2022,426.0,версия справочника года
94510000,94510000,2022,427.0,версия справочника года
94512000,94512000,2022,428.0,версия справочника года
94514000,94514000,2022,429.0,версия справочника года
94516000,94516000,2022,430.0,версия справочника года
94518000,94518000,2022,431.0,версия справочника года
94520000,94520000,2022,432.0,версия справочника года
94522000,94522000,2022,433.0,версия справочника года
94524000,94524000,2022,434.0,версия справочника года
94526000,94526000,2022,435.0,версия справочника года
94528000,94528000,2022,436.0,версия справочника года
94530000,94530000,2022,437.0,версия справочника года
94533000,94533000,2022,438.0,версия справочника года
94535000,94535000,2022,439.0,версия справочника года
94537000,94537000,2022,440.0,версия справочника года
94539000,94539000,2022,441.0,версия справочника года
94541000,94541000,2022,442.0,версия справочника года
94544000,94544000,2022,443.0,версия справочника года
94546000,94546000,2022,444.0,версия справочника года
94548000,94548000,2022,445.0,версия справочника года
94550000,94550000,2022,446.0,версия справочника года
94552000,94552000,2022,447.0,версия справочника года
19500000,CD,2023,,не привязано
19600000,CD,2023,,не привязано
22500000,CD,2023,,не привязано
36600000,CD,2023,,не привязано
40301000,40301000,2023,2351.0,версия справочника года
40302000,40302000,2023,2352.0,версия справочника года
40303000,40303000,2023,2353.0,версия справочника года
40304000,40304000,2023,2354.0,версия справочника года
40305000,40305000,2023,2355.0,версия справочника года
40306000,40306000,2023,2356.0,версия справочника года
40307000,40307000,2023,2357.0,версия справочника года
40308000,40308000,2023,2358.0,версия справочника года
40309000,40309000,2023,2359.0,версия справочника года
40310000,40310000,2023,2360.0,версия справочника года
40311000,40311000,2023,2361.0,версия справочника года
40312000,40312000,2023,2362.0,версия справочника года
40313000,40313000,2023,2363.0,версия справочника года
40314000,40314000,2023,2364.0,версия справочника года
40315000,40315000,2023,2365.0,версия справочника года
40316000,40316000,2023,2366.0,версия справочника года
40317000,40317000,2023,2367.0,версия справочника года
40318000,40318000,2023,2368.0,версия справочника года
40319000,40319000,2023,2369.0,версия справочника года
40320000,40320000,2023,2370.0,версия справочника года
40321000,40321000,2023,2371.0,версия справочника года
40322000,40322000,2023,2372.0,версия справочника года
40323000,40323000,2023,2373.0,версия справочника года
40324000,40324000,2023,2374.0,версия справочника года
40325000,40325000,2023,2375.0,версия справочника года
40326000,40326000,2023,2376.0,версия справочника года
40327000,40327000,2023,2377.0,версия справочника года
40328000,40328000,2023,2378.0,версия справочника года
40329000,40329000,2023,2379.0,версия справочника года
40330000,40330000,2023,2380.0,версия справочника года
40331000,40331000,2023,2381.0,версия справочника года
40332000,40332000,2023,2382.0,версия справочника года
40333000,40333000,2023,2383.0,версия справочника года
40334000,40334000,2023,2384.0,версия справочника года
40335000,40335000,2023,2385.0,версия справочника года
40336000,40336000,2023,2386.0,версия справочника года
40337000,40337000,2023,2387.0,версия справочника года
40338000,40338000,2023,2388.0,версия справочника года
40339000,40339000,2023,2389.0,версия справочника года
40340000,40340000,2023,2390.0,версия справочника года
40341000,40341000,2023,2391.0,версия справочника года
40342000,40342000,2023,2392.0,версия справочника года
40343000,40343000,2023,2393.0,версия справочника года
40344000,40344000,2023,2394.0,версия справочника года
40345000,40345000,2023,2395.0,версия справочника года
40346000,40346000,2023,2396.0,версия справочника года
40347000,40347000,2023,2397.0,версия справочника года
40348000,40348000,2023,2398.0,версия справочника года
40349000,40349000,2023,2399.0,версия справочника года
40350000,40350000,2023,2400.0,версия справочника года
40351000,40351000,2023,2401.0,версия справочника года
40352000,40352000,2023,2402.0,версия справочника года
40353000,40353000,2023,2403.0,версия справочника года
40354000,40354000,2023,2404.0,версия справочника года
40355000,40355000,2023,2405.0,версия справочника года
40356000,40356000,2023,2406.0,версия справочника года
40357000,40357000,2023,2407.0,версия справочника года
40358000,40358000,2023,2408.0,версия справочника года
40359000,40359000,2023,2409.0,версия справочника года
40360000,40360000,2023,2410.0,версия справочника года
40361000,40361000,2023,2411.0,версия справочника года
40362000,40362000,2023,2412.0,версия справочника года
40363000,40363000,2023,2413.0,версия справочника года
40364000,40364000,2023,2414.0,версия справочника года
40365000,40365000,2023,2415.0,версия справочника года
40366000,40366000,2023,2416.0,версия справочника года
40367000,40367000,2023,2417.0,версия справочника года
40368000,40368000,2023,2418.0,версия справочника года
40369000,40369000,2023,2419.0,версия справочника года
40370000,40370000,2023,2420.0,версия справочника года
40371000,40371000,2023,2421.0,версия справочника года
40372000,40372000,2023,2422.0,версия справочника года
40373000,40373000,2023,2423.0,версия справочника года
40374000,40374000,2023,2424.0,версия справочника года
40375000,40375000,2023,2425.0,версия справочника года
40376000,40376000,2023,2426.0,версия справочника года
40377000,40377000,2023,2427.0,версия справочника года
40378000,40378000,2023,2428.0,версия справочника года
40379000,40379000,2023,2429.0,версия справочника года
40380000,40380000,2023,2430.0,версия справочника года
40381000,40381000,2023,2431.0,версия справочника года
40382000,40382000,2023,2432.0,версия справочника года
40383000,40383000,2023,2433.0,версия справочника года
40384000,40384000,2023,2434.0,версия справочника года
40385000,40385000,2023,2435.0,версия справочника года
40386000,40386000,2023,2436.0,версия справочника года
40387000,40387000,2023,2437.0,версия справочника года
40388000,40388000,2023,2438.0,версия справочника года
40389000,40389000,2023,2439.0,версия справочника года
40390000,40390000,2023,2440.0,версия справочника года
40391000,40391000,2023,2441.0,версия справочника года
40392000,40392000,2023,2442.0,версия справочника года
40393000,40393000,2023,2443.0,версия справочника года
40394000,40394000,2023,2444.0,версия справочника года
40395000,40395000,2023,2445.0,версия справочника года
40396000,40396000,2023,2446.0,версия справочника года
40397000,40397000,2023,2447.0,версия справочника года
40398000,40398000,2023,2448.0,версия справочника года
40901000,40901000,2023,2449.0,версия справочника года
40902000,40902000,2023,2450.0,версия справочника года
40903000,40903000,2023,2451.0,версия справочника года
40904000,40904000,2023,2452.0,версия справочника года
40905000,40905000,2023,2453.0,версия справочника года
40906000,40906000,2023,2454.0,версия справочника года
40907000,40907000,2023,2455.0,версия справочника года
40908000,40908000,2023,2456.0,версия справочника года
40909000,40909000,2023,2457.0,версия справочника года
40910000,40910000,2023,2458.0,версия справочника года
40911000,40911000,2023,2459.0,версия справочника года
40912000,40912000,2023,2460.0,версия справочника года
40913000,40913000,2023,2461.0,версия справочника года
67302000,67302000,2023,2608.0,версия справочника года
67304000,67304000,2023,2609.0,версия справочника года
67306000,67306000,2023,2610.0,версия справочника года
67308000,67308000,2023,2611.0,версия справочника года
67310000,67310000,2023,2612.0,версия справочника года
67312000,67312000,2023,2613.0,версия справочника года
67314000,67314000,2023,2614.0,версия справочника года
67316000,67316000,2023,2615.0,версия справочника года
67318000,67318000,2023,2616.0,версия справочника года
67320000,67320000,2023,2617.0,версия справочника года
71600000,CD,2023,,не привязано
71700000,CD,2023,,не привязано
71810000,CD,2023,,не привязано
79600000,CD,2023,,не привязано
85600000,CD,2023,,не привязано
96700000,CD,2023,,не привязано
10515000,10515000,2021,873.0,версия справочника года
10521000,10521000,2021,874.0,версия справочника года
10528000,10528000,2021,876.0,версия справочника года
10554000,10554000,2021,888.0,версия справочника года
26600000,CD,2021,,не привязано
36600000,CD,2021,,не привязано
40301000,40301000,2021,2351.0,версия справочника года
40302000,40302000,2021,2352.0,версия справочника года
40303000,40303000,2021,2353.0,версия справочника года
40304000,40304000,2021,2354.0,версия справочника года
40305000,40305000,2021,2355.0,версия справочника года
40306000,40306000,2021,2356.0,версия справочника года
40307000,40307000,2021,2357.0,версия справочника года
40308000,40308000,2021,2358.0,версия справочника года
40309000,40309000,2021,2359.0,версия справочника года
40310000,40310000,2021,2360.0,версия справочника года
40311000,40311000,2021,2361.0,версия справочника года
40312000,40312000,2021,2362.0,версия справочника года
40313000,40313000,2021,2363.0,версия справочника года
40314000,40314000,2021,2364.0,версия справочника года
40315000,40315000,2021,2365.0,версия справочника года
40316000,40316000,2021,2366.0,версия справочника года
40317000,40317000,2021,2367.0,версия справочника года
40318000,40318000,2021,2368.0,версия справочника года
40319000,40319000,2021,2369.0,версия справочника года
40320000,40320000,2021,2370.0,версия справочника года
40321000,40321000,2021,2371.0,версия справочника года
40322000,40322000,2021,2372.0,версия справочника года
40323000,40323000,2021,2373.0,версия справочника года
40324000,40324000,2021,2374.0,версия справочника года
40325000,40325000,2021,2375.0,версия справочника года
40326000,40326000,2021,2376.0,версия справочника года
40327000,40327000,2021,2377.0,версия справочника года
40328000,40328000,2021,2378.0,версия справочника года
40329000,40329000,2021,2379.0,версия справочника года
40330000,40330000,2021,2380.0,версия справочника года
40331000,40331000,2021,2381.0,версия справочника года
40332000,40332000,2021,2382.0,версия справочника года
40333000,40333000,2021,2383.0,версия справочника года
40334000,40334000,2021,2384.0,версия справочника года
40335000,40335000,2021,2385.0,версия справочника года
40336000,40336000,2021,2386.0,версия справочника года
40337000,40337000,2021,2387.0,версия справочника года
40338000,40338000,2021,2388.0,версия справочника года
40339000,40339000,2021,2389.0,версия справочника года
40340000,40340000,2021,2390.0,версия справочника года
40341000,40341000,2021,2391.0,версия справочника года
40342000,40342000,2021,2392.0,версия справочника года
40343000,40343000,2021,2393.0,версия справочника года
40344000,40344000,2021,2394.0,версия справочника года
40345000,40345000,2021,2395.0,версия справочника года
40346000,40346000,2021,2396.0,версия справочника года
40347000,40347000,2021,2397.0,версия справочника года
40348000,40348000,2021,2398.0,версия справочника года
40349000,40349000,2021,2399.0,версия справочника года
40350000,40350000,2021,2400.0,версия справочника года
40351000,40351000,2021,2401.0,версия справочника года
40352000,40352000,2021,2402.0,версия справочника года
40353000,40353000,2021,2403.0,версия справочника года
40354000,40354000,2021,2404.0,версия справочника года
40355000,40355000,2021,2405.0,версия справочника года
40356000,40356000,2021,2406.0,версия справочника года
40357000,40357000,2021,2407.0,версия справочника года
40358000,40358000,2021,2408.0,версия справочника года
40359000,40359000,2021,2409.0,версия справочника года
40360000,40360000,2021,2410.0,версия справочника года
40361000,40361000,2021,2411.0,версия справочника года
40362000,40362000,2021,2412.0,версия справочника года
40363000,40363000,2021,2413.0,версия справочника года
40364000,40364000,2021,2414.0,версия справочника года
40365000,40365000,2021,2415.0,версия справочника года
40366000,40366000,2021,2416.0,версия справочника года
40367000,40367000,2021,2417.0,версия справочника года
40368000,40368000,2021,2418.0,версия справочника года
40369000,40369000,2021,2419.0,версия справочника года
40370000,40370000,2021,2420.0,версия справочника года
40371000,40371000,2021,2421.0,версия справочника года
40372000,40372000,2021,2422.0,версия справочника года
40373000,40373000,2021,2423.0,версия справочника года
40374000,40374000,2021,2424.0,версия справочника года
40375000,40375000,2021,2425.0,версия справочника года
40376000,40376000,2021,2426.0,версия справочника года
40377000,40377000,2021,2427.0,версия справочника года
40378000,40378000,2021,2428.0,версия справочника года
40379000,40379000,2021,2429.0,версия справочника года
40380000,40380000,2021,2430.0,версия справочника года
40381000,40381000,2021,2431.0,версия справочника года
40382000,40382000,2021,2432.0,версия справочника года
40383000,40383000,2021,2433.0,версия справочника года
40384000,40384000,2021,2434.0,версия справочника года
40385000,40385000,2021,2435.0,версия справочника года
40386000,40386000,2021,2436.0,версия справочника года
40387000,40387000,2021,2437.0,версия справочника года
40388000,40388000,2021,2438.0,версия справочника года
40389000,40389000,2021,2439.0,версия справочника года
40390000,40390000,2021,2440.0,версия справочника года
40391000,40391000,2021,2441.0,версия справочника года
40392000,40392000,2021,2442.0,версия справочника года
40393000,40393000,2021,2443.0,версия справочника года
40394000,40394000,2021,2444.0,версия справочника года
40395000,40395000,2021,2445.0,версия справочника года
40396000,40396000,2021,2446.0,версия справочника года
40397000,40397000,2021,2447.0,версия справочника года
40398000,40398000,2021,2448.0,версия справочника года
40901000,40901000,2021,2449.0,версия справочника года
40902000,40902000,2021,2450.0,версия справочника года
40903000,40903000,2021,2451.0,версия справочника года
40904000,40904000,2021,2452.0,версия справочника года
40905000,40905000,2021,2453.0,версия справочника года
40906000,40906000,2021,2454.0,версия справочника года
40907000,40907000,2021,2455.0,версия справочника года
40908000,40908000,2021,2456.0,версия справочника года
40909000,40909000,2021,2457.0,версия справочника года
40910000,40910000,2021,2458.0,версия справочника года
40911000,40911000,2021,2459.0,версия справочника года
40912000,40912000,2021,2460.0,версия справочника года
40913000,40913000,2021,2461.0,версия справочника года
45347000,45347000,2021,2508.0,версия справочника года
67302000,67302000,2021,2608.0,версия справочника года
67306000,67306000,2021,2610.0,версия справочника года
67310000,67310000,2021,2612.0,версия справочника года
67312000,67312000,2021,2613.0,версия справочника года
67314000,67314000,2021,2614.0,версия справочника года
67318000,67318000,2021,2616.0,версия справочника года
67320000,67320000,2021,2617.0,версия справочника года
85600000,CD,2021,,не привязано
96700000,CD,2021,,не привязано
05510000,05510000,2022,789.0,ОКТМО из другой версии
05528000,05528000,2022,796.0,ОКТМО из другой версии
05534000,05534000,2022,799.0,ОКТМО из другой версии
05548000,05548000,2022,803.0,ОКТМО из другой версии
36700000,CD,2022,,не привязано
63700000,CD,2022,,не привязано
94750000,94750000,2022,,не привязано
36700000,CD,2023,,не привязано
22704000,22704000,2024,1531.0,версия справочника года
26605000,26605000,2024,165.0,версия справочника года
36600000,CD,2024,,не привязано
36700000,CD,2024,,не привязано
40301000,40301000,2024,2351.0,версия справочника года
40302000,40302000,2024,2352.0,версия справочника года
40303000,40303000,2024,2353.0,версия справочника года
40304000,40304000,2024,2354.0,версия справочника года
40305000,40305000,2024,2355.0,версия справочника года
40306000,40306000,2024,2356.0,версия справочника года
40307000,40307000,2024,2357.0,версия справочника года
40308000,40308000,2024,2358.0,версия справочника года
40309000,40309000,2024,2359.0,версия справочника года
40310000,40310000,2024,2360.0,версия справочника года
40311000,40311000,2024,2361.0,версия справочника года
40312000,40312000,2024,2362.0,версия справочника года
40313000,40313000,2024,2363.0,версия справочника года
40314000,40314000,2024,2364.0,версия справочника года
40315000,40315000,2024,2365.0,версия справочника года
40316000,40316000,2024,2366.0,версия справочника года
40317000,40317000,2024,2367.0,версия справочника года
40318000,40318000,2024,2368.0,версия справочника года
40319000,40319000,2024,2369.0,версия справочника года
40320000,40320000,2024,2370.0,версия справочника года
40321000,40321000,2024,2371.0,версия справочника года
40322000,40322000,2024,2372.0,версия справочника года
40323000,40323000,2024,2373.0,версия справочника года
40324000,40324000,2024,2374.0,версия справочника года
40325000,40325000,2024,2375.0,версия справочника года
40326000,40326000,2024,2376.0,версия справочника года
40327000,40327000,2024,2377.0,версия справочника года
40328000,40328000,2024,2378.0,версия справочника года
40329000,40329000,2024,2379.0,версия справочника года
40330000,40330000,2024,2380.0,версия справочника года
40331000,40331000,2024,2381.0,версия справочника года
40332000,40332000,2024,2382.0,версия справочника года
40333000,40333000,2024,2383.0,версия справочника года
40334000,40334000,2024,2384.0,версия справочника года
40335000,40335000,2024,2385.0,версия справочника года
40336000,40336000,2024,2386.0,версия справочника года
40337000,40337000,2024,2387.0,версия справочника года
40338000,40338000,2024,2388.0,версия справочника года
40339000,40339000,2024,2389.0,версия справочника года
40340000,40340000,2024,2390.0,версия справочника года
40341000,40341000,2024,2391.0,версия справочника года
40342000,40342000,2024,2392.0,версия справочника года
40343000,40343000,2024,2393.0,версия справочника года
40344000,40344000,2024,2394.0,версия справочника года
40345000,40345000,2024,2395.0,версия справочника года
40346000,40346000,2024,2396.0,версия справочника года
40347000,40347000,2024,2397.0,версия справочника года
40348000,40348000,2024,2398.0,версия справочника года
40349000,40349000,2024,2399.0,версия справочника года
40350000,40350000,2024,2400.0,версия справочника года
40351000,40351000,2024,2401.0,версия справочника года
40352000,40352000,2024,2402.0,версия справочника года
40353000,40353000,2024,2403.0,версия справочника года
40354000,40354000,2024,2404.0,версия справочника года
40355000,40355000,2024,2405.0,версия справочника года
40356000,40356000,2024,2406.0,версия справочника года
40357000,40357000,2024,2407.0,версия справочника года
40358000,40358000,2024,2408.0,версия справочника года
40359000,40359000,2024,2409.0,версия справочника года
40360000,40360000,2024,2410.0,версия справочника года
40361000,40361000,2024,2411.0,версия справочника года
40362000,40362000,2024,2412.0,версия справочника года
40363000,40363000,2024,2413.0,версия справочника года
40364000,40364000,2024,2414.0,версия справочника года
40365000,40365000,2024,2415.0,версия справочника года
40366000,40366000,2024,2416.0,версия справочника года
40367000,40367000,2024,2417.0,версия справочника года
40368000,40368000,2024,2418.0,версия справочника года
40369000,40369000,2024,2419.0,версия справочника года
40370000,40370000,2024,2420.0,версия справочника года
40371000,40371000,2024,2421.0,версия справочника года
40372000,40372000,2024,2422.0,версия справочника года
40373000,40373000,2024,2423.0,версия справочника года
40374000,40374000,2024,2424.0,версия справочника года
40375000,40375000,2024,2425.0,версия справочника года
40376000,40376000,2024,2426.0,версия справочника года
40377000,40377000,2024,2427.0,версия справочника года
40378000,40378000,2024,2428.0,версия справочника года
40379000,40379000,2024,2429.0,версия справочника года
40380000,40380000,2024,2430.0,версия справочника года
40381000,40381000,2024,2431.0,версия справочника года
40382000,40382000,2024,2432.0,версия справочника года
40383000,40383000,2024,2433.0,версия справочника года
40384000,40384000,2024,2434.0,версия справочника года
40385000,40385000,2024,2435.0,версия справочника года
40386000,40386000,2024,2436.0,версия справочника года
40387000,40387000,2024,2437.0,версия справочника года
40388000,40388000,2024,2438.0,версия справочника года
40389000,40389000,2024,2439.0,версия справочника года
40390000,40390000,2024,2440.0,версия справочника года
40391000,40391000,2024,2441.0,версия справочника года
40392000,40392000,2024,2442.0,версия справочника года
40393000,40393000,2024,2443.0,версия справочника года
40394000,40394000,2024,2444.0,версия справочника года
40395000,40395000,2024,2445.0,версия справочника года
40396000,40396000,2024,2446.0,версия справочника года
40397000,40397000,2024,2447.0,версия справочника года
40398000,40398000,2024,2448.0,версия справочника года
40901000,40901000,2024,2449.0,версия справочника года
40902000,40902000,2024,2450.0,версия справочника года
40903000,40903000,2024,2451.0,версия справочника года
40904000,40904000,2024,2452.0,версия справочника года
40905000,40905000,2024,2453.0,версия справочника года
40906000,40906000,2024,2454.0,версия справочника года
40907000,40907000,2024,2455.0,версия справочника года
40908000,40908000,2024,2456.0,версия справочника года
40909000,40909000,2024,2457.0,версия справочника года
40910000,40910000,2024,2458.0,версия справочника года
40911000,40911000,2024,2459.0,версия справочника года
40912000,40912000,2024,2460.0,версия справочника года
40913000,40913000,2024,2461.0,версия справочника года
63643000,63701000,2024,1946.0,ОКТМО из другой версии
63775000,63775000,2024,1914.0,версия справочника года
67302000,67302000,2024,2608.0,версия справочника года
67304000,67304000,2024,2609.0,версия справочника года
67306000,67306000,2024,2610.0,версия справочника года
67308000,67308000,2024,2611.0,версия справочника года
67310000,67310000,2024,2612.0,версия справочника года
67314000,67314000,2024,2614.0,версия справочника года
67316000,67316000,2024,2615.0,версия справочника года
67318000,67318000,2024,2616.0,версия справочника года
67320000,67320000,2024,2617.0,версия справочника года
69741000,69741000,2024,2147.0,версия справочника года
79600000,CD,2024,,не привязано
79700000,CD,2024,,не привязано
01512000,01512000,2025,525.0,версия справочника года
01514000,01514000,2025,,не привязано
01539000,01539000,2025,511.0,версия справочника года
01541000,01541000,2025,553.0,версия справочника года
01558000,01558000,2025,570.0,версия справочника года
01601000,01601000,2025,514.0,версия справочника года
01602000,01602000,2025,515.0,версия справочника года
01603000,01603000,2025,516.0,версия справочника года
01604000,01604000,2025,517.0,версия справочника года
01605000,01605000,2025,518.0,версия справочника года
01606000,01606000,2025,519.0,версия справочника года
01607000,01607000,2025,520.0,версия справочника года
01608000,01608000,2025,521.0,версия справочника года
01609000,01609000,2025,522.0,версия справочника года
01610000,01610000,2025,523.0,версия справочника года
01611000,01611000,2025,524.0,версия справочника года
01613000,01613000,2025,526.0,версия справочника года
01615000,01615000,2025,528.0,версия справочника года
01616000,01616000,2025,529.0,версия справочника года
01617000,01617000,2025,530.0,версия справочника года
01618000,01618000,2025,531.0,версия справочника года
01619000,01619000,2025,532.0,версия справочника года
01620000,01620000,2025,533.0,версия справочника года
01621000,01621000,2025,534.0,версия справочника года
01622000,01622000,2025,535.0,версия справочника года
01623000,01623000,2025,536.0,версия справочника года
01624000,01624000,2025,537.0,версия справочника года
01625000,01625000,2025,538.0,версия справочника года
01626000,01626000,2025,539.0,версия справочника года
01627000,01627000,2025,540.0,версия справочника года
01628000,01628000,2025,541.0,версия справочника года
01629000,01629000,2025,542.0,версия справочника года
01630000,01630000,2025,543.0,версия справочника года
01631000,01631000,2025,544.0,версия справочника года
01632000,01632000,2025,545.0,версия справочника года
01633000,01633000,2025,546.0,версия справочника года
01634000,01634000,2025,547.0,версия справочника года
01635000,01635000,2025,548.0,версия справочника года
01636000,01636000,2025,549.0,версия справочника года
01637000,01637000,2025,550.0,версия справочника года
01638000,01638000,2025,551.0,версия справочника года
01640000,01640000,2025,552.0,версия справочника года
01642000,01642000,2025,554.0,версия справочника года
01643000,01643000,2025,555.0,версия справочника года
01644000,01644000,2025,556.0,версия справочника года
01645000,01645000,2025,557.0,версия справочника года
01646000,01646000,2025,558.0,версия справочника года
01647000,01647000,2025,559.0,версия справочника года
01648000,01648000,2025,560.0,версия справочника года
01649000,01649000,2025,561.0,версия справочника года
01650000,01650000,2025,562.0,версия справочника года
01651000,01651000,2025,563.0,версия справочника года
01652000,01652000,2025,564.0,версия справочника года
01653000,01653000,2025,565.0,версия справочника года
01654000,01654000,2025,566.0,версия справочника года
01655000,01655000,2025,567.0,версия справочника года
01656000,01656000,2025,568.0,версия справочника года
01657000,01657000,2025,569.0,версия справочника года
01659000,01659000,2025,571.0,версия справочника года
01660000,01660000,2025,572.0,версия справочника года
01701000,01701000,2025,504.0,версия справочника года
01703000,01703000,2025,505.0,версия справочника года
01704000,01704000,2025,506.0,версия справочника года
01705000,01705000,2025,507.0,версия справочника года
01706000,01706000,2025,508.0,версия справочника года
01713000,01713000,2025,509.0,версия справочника года
01716000,01716000,2025,510.0,версия справочника года
01730000,01730000,2025,512.0,версия справочника года
03501000,03501000,2025,,не привязано
03504000,03504000,2025,,не привязано
03532000,03532000,2025,,не привязано
03541000,03541000,2025,,не привязано
03555000,03555000,2025,,не привязано
03601000,03601000,2025,629.0,версия справочника года
03605000,03605000,2025,630.0,версия справочника года
03607000,03607000,2025,631.0,версия справочника года
03608000,03608000,2025,632.0,версия справочника года
03610000,03610000,2025,633.0,версия справочника года
03612000,03612000,2025,634.0,версия справочника года
03613000,03613000,2025,635.0,версия справочника года
03614000,03614000,2025,636.0,версия справочника года
03616000,03616000,2025,637.0,версия справочника года
03618000,03618000,2025,638.0,версия справочника года
03619000,03619000,2025,639.0,версия справочника года
03620000,03620000,2025,640.0,версия справочника года
03621000,03621000,2025,641.0,версия справочника года
03623000,03623000,2025,642.0,версия справочника года
03624000,03624000,2025,643.0,версия справочника года
03625000,03625000,2025,644.0,версия справочника года
03627000,03627000,2025,645.0,версия справочника года
03628000,03628000,2025,646.0,версия справочника года
03630000,03630000,2025,647.0,версия справочника года
03633000,03633000,2025,649.0,версия справочника года
03634000,03634000,2025,650.0,версия справочника года
03635000,03635000,2025,651.0,версия справочника года
03637000,03637000,2025,652.0,версия справочника года
03639000,03639000,2025,653.0,версия справочника года
03643000,03643000,2025,655.0,версия справочника года
03645000,03645000,2025,656.0,версия справочника года
03647000,03647000,2025,657.0,версия справочника года
03649000,03649000,2025,658.0,версия справочника года
03651000,03651000,2025,659.0,версия справочника года
03653000,03653000,2025,660.0,версия справочника года
03654000,03654000,2025,661.0,версия справочника года
03656000,03656000,2025,663.0,версия справочника года
03657000,03657000,2025,664.0,версия справочника года
03659000,03659000,2025,665.0,версия справочника года
03701000,03701000,2025,622.0,версия справочника года
03705000,03705000,2025,624.0,версия справочника года
03708000,03708000,2025,625.0,версия справочника года
03720000,03720000,2025,627.0,версия справочника года
03726000,03726000,2025,2812.0,версия справочника года
03731000,03726000,2025,2748.0,версия справочника года
04601000,04601000,2025,683.0,версия справочника года
04603000,04603000,2025,684.0,версия справочника года
04604000,04604000,2025,685.0,версия справочника года
04605000,04605000,2025,686.0,версия справочника года
04606000,04606000,2025,687.0,версия справочника года
04608000,04608000,2025,688.0,версия справочника года
04609000,04609000,2025,689.0,версия справочника года
04610000,04610000,2025,690.0,версия справочника года
04611000,04611000,2025,691.0,версия справочника года
04613000,04613000,2025,692.0,версия справочника года
04614000,04614000,2025,693.0,версия справочника года
04615000,04615000,2025,694.0,версия справочника года
04616000,04616000,2025,695.0,версия справочника года
04617000,04617000,2025,696.0,версия справочника года
04618000,04618000,2025,697.0,версия справочника года
04619000,04619000,2025,698.0,версия справочника года
04620000,04620000,2025,699.0,версия справочника года
04621000,04621000,2025,700.0,версия справочника года
04622000,04622000,2025,701.0,версия справочника года
04624000,04624000,2025,702.0,версия справочника года
04626000,04626000,2025,703.0,версия справочника года
04628000,04628000,2025,704.0,версия справочника года
04630000,04630000,2025,705.0,версия справочника года
04631000,04631000,2025,706.0,версия справочника года
04633000,04633000,2025,707.0,версия справочника года
04635000,04635000,2025,708.0,версия справочника года
04637000,04637000,2025,709.0,версия справочника года
04639000,04639000,2025,710.0,версия справочника года
04641000,04641000,2025,711.0,версия справочника года
04643000,04643000,2025,712.0,версия справочника года
04647000,04647000,2025,714.0,версия справочника года
04648000,04648000,2025,715.0,версия справочника года
04649000,04649000,2025,716.0,версия справочника года
04650000,04650000,2025,726.0,версия справочника года
04651000,04651000,2025,717.0,версия справочника года
04652000,04652000,2025,719.0,версия справочника года
04653000,04653000,2025,718.0,версия справочника года
04654000,04654000,2025,720.0,версия справочника года
04656000,04656000,2025,722.0,версия справочника года
04657000,04657000,2025,723.0,версия справочника года
04659000,04659000,2025,725.0,версия справочника года
04701000,04701000,2025,666.0,версия справочника года
04703000,04703000,2025,667.0,версия справочника года
04706000,04706000,2025,668.0,версия справочника года
04707000,04707000,2025,669.0,версия справочника года
04709000,04709000,2025,670.0,версия справочника года
04712000,04712000,2025,671.0,версия справочника года
04720000,04720000,2025,674.0,версия справочника года
04722000,04722000,2025,675.0,версия справочника года
04723000,04723000,2025,676.0,версия справочника года
04726000,04726000,2025,677.0,версия справочника года
04729000,04729000,2025,678.0,версия справочника года
04733000,04733000,2025,679.0,версия справочника года
04740000,04740000,2025,680.0,версия справочника года
04775000,04775000,2025,681.0,версия справочника года
05502000,05502000,2025,787.0,версия справочника года
05510000,05510000,2025,789.0,версия справочника года
05514000,05514000,2025,791.0,версия справочника года
05517000,05517000,2025,792.0,версия справочника года
05520000,05520000,2025,,не привязано
05526000,05526000,2025,795.0,версия справочника года
05528000,05528000,2025,796.0,версия справочника года
05530000,05530000,2025,797.0,версия справочника года
05532000,05532000,2025,798.0,версия справочника года
05534000,05534000,2025,799.0,версия справочника года
05540000,05540000,2025,801.0,версия справочника года
05546000,05546000,2025,802.0,версия справочника года
05548000,05548000,2025,803.0,версия справочника года
05550000,05550000,2025,804.0,версия справочника года
05553000,05553000,2025,805.0,версия справочника года
05555000,05555000,2025,806.0,версия справочника года
05557000,05557000,2025,807.0,версия справочника года
05559000,05559000,2025,808.0,версия справочника года
05607000,05607000,2025,788.0,версия справочника года
05612000,05612000,2025,790.0,версия справочника года
05623000,05623000,2025,794.0,версия справочника года
05637000,05637000,2025,800.0,версия справочника года
05701000,05701000,2025,775.0,версия справочника года
05703000,05703000,2025,776.0,версия справочника года
05705000,05705000,2025,777.0,версия справочника года
05706000,05706000,2025,778.0,версия справочника года
05707000,05707000,2025,779.0,версия справочника года
05708000,05708000,2025,780.0,версия справочника года
05711000,05711000,2025,781.0,версия справочника года
05714000,05714000,2025,782.0,версия справочника года
05717000,05717000,2025,783.0,версия справочника года
05720000,05720000,2025,784.0,версия справочника года
05723000,05723000,2025,785.0,версия справочника года
08509000,08509000,2025,,не привязано
08534000,08534000,2025,854.0,версия справочника года
08603000,08603000,2025,844.0,версия справочника года
08606000,08606000,2025,845.0,версия справочника года
08612000,08612000,2025,847.0,версия справочника года
08614000,08614000,2025,848.0,версия справочника года
08617000,08617000,2025,849.0,версия справочника года
08620000,08620000,2025,850.0,версия справочника года
08624000,08624000,2025,851.0,версия справочника года
08628000,08628000,2025,852.0,версия справочника года
08631000,08631000,2025,853.0,версия справочника года
08637000,08637000,2025,855.0,версия справочника года
08642000,08642000,2025,856.0,версия справочника года
08644000,08644000,2025,857.0,версия справочника года
08646000,08646000,2025,858.0,версия справочника года
08650000,08650000,2025,859.0,версия справочника года
08655000,08655000,2025,860.0,версия справочника года
08701000,08701000,2025,842.0,версия справочника года
08709000,08709000,2025,843.0,версия справочника года
10505000,10505000,2025,870.0,версия справочника года
10508000,10508000,2025,871.0,версия справочника года
10511000,10511000,2025,872.0,версия справочника года
10515000,10515000,2025,873.0,версия справочника года
10521000,10521000,2025,874.0,версия справочника года
10525000,10525000,2025,875.0,версия справочника года
10528000,10528000,2025,876.0,версия справочника года
10531000,10531000,2025,,не привязано
10532000,10532000,2025,,не привязано
10540000,10540000,2025,882.0,версия справочника года
10547000,10547000,2025,885.0,версия справочника года
10549000,10549000,2025,886.0,версия справочника года
10551000,10551000,2025,887.0,версия справочника года
10554000,10554000,2025,888.0,версия справочника года
10555000,10555000,2025,889.0,версия справочника года
10630000,10630000,2025,877.0,версия справочника года
10635000,10635000,2025,880.0,версия справочника года
10638000,10638000,2025,881.0,версия справочника года
10642000,10642000,2025,883.0,версия справочника года
10645000,10645000,2025,884.0,версия справочника года
10701000,10701000,2025,861.0,версия справочника года
10710000,10710000,2025,862.0,версия справочника года
10712000,10712000,2025,863.0,версия справочника года
10720000,10720000,2025,864.0,версия справочника года
10730000,10730000,2025,865.0,версия справочника года
10732000,10732000,2025,866.0,версия справочника года
10740000,10740000,2025,867.0,версия справочника года
10775000,10775000,2025,868.0,версия справочника года
11503000,11503000,2025,,не привязано
11508000,11508000,2025,898.0,версия справочника года
11511000,11511000,2025,899.0,версия справочника года
11514000,11514000,2025,900.0,версия справочника года
11518000,11518000,2025,901.0,версия справочника года
11527000,11527000,2025,903.0,версия справочника года
11530000,11530000,2025,904.0,версия справочника года
11538000,11538000,2025,906.0,версия справочника года
11542000,11542000,2025,907.0,версия справочника года
11544000,11544000,2025,908.0,версия справочника года
11546000,11546000,2025,,не привязано
11548000,11548000,2025,910.0,версия справочника года
11550000,11550000,2025,911.0,версия справочника года
11552000,11552000,2025,912.0,версия справочника года
11554000,11554000,2025,913.0,версия справочника года
11556000,11556000,2025,914.0,версия справочника года
11558000,11558000,2025,915.0,версия справочника года
11605000,11605000,2025,897.0,версия справочника года
11622000,11622000,2025,902.0,версия справочника года
11635000,11635000,2025,905.0,версия справочника года
11701000,11701000,2025,890.0,версия справочника года
11708000,11708000,2025,891.0,версия справочника года
11710000,11710000,2025,892.0,версия справочника года
11712000,11712000,2025,894.0,версия справочника года
11715000,11715000,2025,895.0,версия справочника года
11725000,11725000,2025,893.0,версия справочника года
11811000,11811000,2025,917.0,версия справочника года
11851000,11851000,2025,916.0,версия справочника года
12530000,12530000,2025,,не привязано
12550000,12550000,2025,,не привязано
12605000,12605000,2025,920.0,версия справочника года
12610000,12610000,2025,921.0,версия справочника года
12615000,12615000,2025,922.0,версия справочника года
12620000,12620000,2025,923.0,версия справочника года
12625000,12625000,2025,924.0,версия справочника года
12635000,12635000,2025,926.0,версия справочника года
12640000,12640000,2025,927.0,версия справочника года
12642000,12642000,2025,928.0,версия справочника года
12645000,12645000,2025,929.0,версия справочника года
14510000,14510000,2025,,не привязано
14520000,14520000,2025,,не привязано
14525000,14525000,2025,,не привязано
14535000,14535000,2025,,не привязано
14550000,14550000,2025,,не привязано
14555000,14555000,2025,,не привязано
14610000,14610000,2025,935.0,версия справочника года
14615000,14615000,2025,936.0,версия справочника года
14625000,14625000,2025,938.0,версия справочника года
14630000,14630000,2025,939.0,версия справочника года
14638000,14638000,2025,941.0,версия справочника года
14640000,14640000,2025,942.0,версия справочника года
14641000,14641000,2025,943.0,версия справочника года
14642000,14642000,2025,944.0,версия справочника года
14643000,14643000,2025,945.0,версия справочника года
14646000,14646000,2025,947.0,версия справочника года
14648000,14648000,2025,948.0,версия справочника года
14650000,14650000,2025,949.0,версия справочника года
14654000,14654000,2025,950.0,версия справочника года
14701000,14701000,2025,931.0,версия справочника года
14730000,14730000,2025,932.0,версия справочника года
14740000,14740000,2025,933.0,версия справочника года
15501000,15501000,2025,2714.0,версия справочника года
15502000,15502000,2025,966.0,версия справочника года
15604000,15604000,2025,959.0,версия справочника года
15608000,15608000,2025,960.0,версия справочника года
15610000,15610000,2025,961.0,версия справочника года
15611000,15611000,2025,962.0,версия справочника года
15612000,15612000,2025,963.0,версия справочника года
15616000,15616000,2025,964.0,версия справочника года
15620000,15620000,2025,965.0,версия справочника года
15623000,15623000,2025,967.0,версия справочника года
15624000,15624000,2025,968.0,версия справочника года
15626000,15626000,2025,969.0,версия справочника года
15628000,15628000,2025,970.0,версия справочника года
15630000,15630000,2025,971.0,версия справочника года
15632000,15632000,2025,972.0,версия справочника года
15634000,15634000,2025,973.0,версия справочника года
15636000,15636000,2025,974.0,версия справочника года
15638000,15638000,2025,975.0,версия справочника года
15642000,15642000,2025,977.0,версия справочника года
15644000,15644000,2025,978.0,версия справочника года
15646000,15646000,2025,979.0,версия справочника года
15648000,15648000,2025,980.0,версия справочника года
15652000,15652000,2025,982.0,версия справочника года
15654000,15654000,2025,983.0,версия справочника года
15656000,15656000,2025,984.0,версия справочника года
15658000,15658000,2025,985.0,версия справочника года
15701000,15701000,2025,953.0,версия справочника года
15710000,15710000,2025,957.0,версия справочника года
15715000,15715000,2025,954.0,версия справочника года
15720000,15720000,2025,2650.0,версия справочника года
15725000,15725000,2025,956.0,версия справочника года
17542000,17542000,2025,,не привязано
17550000,17550000,2025,,не привязано
17605000,17605000,2025,991.0,версия справочника года
17610000,17610000,2025,992.0,версия справочника года
17615000,17615000,2025,993.0,версия справочника года
17620000,17620000,2025,994.0,версия справочника года
17625000,17625000,2025,995.0,версия справочника года
17630000,17630000,2025,996.0,версия справочника года
17635000,17635000,2025,997.0,версия справочника года
17640000,17640000,2025,998.0,версия справочника года
17646000,17646000,2025,1001.0,версия справочника года
17648000,17648000,2025,1002.0,версия справочника года
17652000,17652000,2025,1004.0,версия справочника года
17654000,17654000,2025,1005.0,версия справочника года
17656000,17656000,2025,1006.0,версия справочника года
17701000,17701000,2025,986.0,версия справочника года
17720000,17720000,2025,987.0,версия справочника года
17725000,17725000,2025,988.0,версия справочника года
17735000,17735000,2025,989.0,версия справочника года
18602000,18602000,2025,1013.0,версия справочника года
18604000,18604000,2025,1014.0,версия справочника года
18605000,18605000,2025,1015.0,версия справочника года
18606000,18606000,2025,1016.0,версия справочника года
18608000,18608000,2025,1017.0,версия справочника года
18610000,18610000,2025,1018.0,версия справочника года
18612000,18612000,2025,1019.0,версия справочника года
18614000,18614000,2025,1020.0,версия справочника года
18616000,18616000,2025,1021.0,версия справочника года
18618000,18618000,2025,1022.0,версия справочника года
18620000,18620000,2025,1023.0,версия справочника года
18622000,18622000,2025,1024.0,версия справочника года
18624000,18624000,2025,1025.0,версия справочника года
18626000,18626000,2025,1026.0,версия справочника года
18630000,18630000,2025,1028.0,версия справочника года
18634000,18634000,2025,1029.0,версия справочника года
18636000,18636000,2025,1030.0,версия справочника года
18638000,18638000,2025,1031.0,версия справочника года
18640000,18640000,2025,1032.0,версия справочника года
18642000,18642000,2025,1033.0,версия справочника года
18643000,18643000,2025,1034.0,версия справочника года
18645000,18645000,2025,1035.0,версия справочника года
18646000,18646000,2025,1027.0,версия справочника года
18647000,18647000,2025,1036.0,версия справочника года
18649000,18649000,2025,1037.0,версия справочника года
18650000,18650000,2025,1038.0,версия справочника года
18651000,18651000,2025,1039.0,версия справочника года
18652000,18652000,2025,1040.0,версия справочника года
18653000,18653000,2025,1041.0,версия справочника года
18654000,18654000,2025,1042.0,версия справочника года
18656000,18656000,2025,1043.0,версия справочника года
18658000,18658000,2025,1044.0,версия справочника года
18701000,18701000,2025,1007.0,версия справочника года
18710000,18710000,2025,1008.0,версия справочника года
18715000,18715000,2025,1009.0,версия справочника года
18720000,18520000,2025,1010.0,версия справочника года
18725000,18725000,2025,1011.0,версия справочника года
18728000,18728000,2025,1012.0,версия справочника года
19505000,19505000,2025,1047.0,версия справочника года
19508000,19508000,2025,1048.0,версия справочника года
19510000,19510000,2025,1049.0,версия справочника года
19512000,19512000,2025,1050.0,версия справочника года
19514000,19514000,2025,1051.0,версия справочника года
19516000,19516000,2025,1052.0,версия справочника года
19518000,19518000,2025,1053.0,версия справочника года
19520000,19520000,2025,1054.0,версия справочника года
19524000,19524000,2025,1056.0,версия справочника года
19526000,19526000,2025,1057.0,версия справочника года
19528000,19528000,2025,1058.0,версия справочника года
19530000,19530000,2025,1059.0,версия справочника года
19532000,19532000,2025,1060.0,версия справочника года
19534000,19534000,2025,1061.0,версия справочника года
19536000,19536000,2025,1062.0,версия справочника года
19538000,19538000,2025,1063.0,версия справочника года
19540000,19540000,2025,1064.0,версия справочника года
19542000,19542000,2025,1065.0,версия справочника года
19546000,19546000,2025,1066.0,версия справочника года
19548000,19548000,2025,1067.0,версия справочника года
19550000,19550000,2025,1068.0,версия справочника года
19552000,19552000,2025,1069.0,версия справочника года
19554000,19554000,2025,1070.0,версия справочника года
19622000,19622000,2025,1055.0,версия справочника года
19656000,19656000,2025,1071.0,версия справочника года
19658000,19658000,2025,1072.0,версия справочника года
19701000,19701000,2025,1045.0,версия справочника года
19730000,19730000,2025,1046.0,версия справочника года
20602000,20602000,2025,1076.0,версия справочника года
20604000,20604000,2025,1077.0,версия справочника года
20605000,20605000,2025,1078.0,версия справочника года
20608000,20608000,2025,1079.0,версия справочника года
20610000,20610000,2025,1080.0,версия справочника года
20611000,20611000,2025,1081.0,версия справочника года
20612000,20612000,2025,1082.0,версия справочника года
20613000,20613000,2025,1083.0,версия справочника года
20615000,20615000,2025,1084.0,версия справочника года
20617000,20617000,2025,1085.0,версия справочника года
20619000,20619000,2025,1086.0,версия справочника года
20620000,20620000,2025,1087.0,версия справочника года
20621000,20621000,2025,1088.0,версия справочника года
20623000,20623000,2025,1089.0,версия справочника года
20625000,20625000,2025,1090.0,версия справочника года
20627000,20627000,2025,1091.0,версия справочника года
20629000,20629000,2025,1092.0,версия справочника года
20631000,20631000,2025,1093.0,версия справочника года
20633000,20633000,2025,1094.0,версия справочника года
20635000,20635000,2025,1095.0,версия справочника года
20637000,20637000,2025,1096.0,версия справочника года
20639000,20639000,2025,1097.0,версия справочника года
20641000,20641000,2025,1098.0,версия справочника года
20643000,20643000,2025,1099.0,версия справочника года
20645000,20645000,2025,1100.0,версия справочника года
20647000,20647000,2025,1101.0,версия справочника года
20649000,20649000,2025,1102.0,версия справочника года
20651000,20651000,2025,1103.0,версия справочника года
20654000,20654000,2025,1104.0,версия справочника года
20656000,20656000,2025,1105.0,версия справочника года
20658000,20658000,2025,1106.0,версия справочника года
20701000,20701000,2025,1073.0,версия справочника года
20710000,20710000,2025,1074.0,версия справочника года
20727000,20727000,2025,1075.0,версия справочника года
22502000,22502000,2025,1537.0,версия справочника года
22505000,22505000,2025,1539.0,версия справочника года
22507000,22507000,2025,1540.0,версия справочника года
22509000,22509000,2025,1541.0,версия справочника года
22510000,22510000,2025,1542.0,версия справочника года
22512000,22512000,2025,1543.0,версия справочника года
22514000,22514000,2025,1544.0,версия справочника года
22515000,22515000,2025,1545.0,версия справочника года
22517000,22517000,2025,1546.0,версия справочника года
22518000,22518000,2025,1547.0,версия справочника года
22519000,22519000,2025,1548.0,версия справочника года
22520000,22520000,2025,1549.0,версия справочника года
22522000,22522000,2025,1551.0,версия справочника года
22526000,22526000,2025,1552.0,версия справочника года
22528000,22528000,2025,1553.0,версия справочника года
22530000,22530000,2025,1554.0,версия справочника года
22532000,22532000,2025,1555.0,версия справочника года
22533000,22533000,2025,1556.0,версия справочника года
22534000,22534000,2025,1557.0,версия справочника года
22535000,22535000,2025,1558.0,версия справочника года
22536000,22536000,2025,1559.0,версия справочника года
22537000,22537000,2025,1560.0,версия справочника года
22539000,22539000,2025,1561.0,версия справочника года
22540000,22540000,2025,1562.0,версия справочника года
22542000,22542000,2025,1563.0,версия справочника года
22545000,22545000,2025,1564.0,версия справочника года
22546000,22546000,2025,1565.0,версия справочника года
22548000,22548000,2025,1566.0,версия справочника года
22549000,22549000,2025,1567.0,версия справочника года
22550000,22550000,2025,1568.0,версия справочника года
22551000,22551000,2025,1569.0,версия справочника года
22552000,22552000,2025,1570.0,версия справочника года
22553000,22553000,2025,1571.0,версия справочника года
22554000,22554000,2025,1572.0,версия справочника года
22556000,22556000,2025,1573.0,версия справочника года
22557000,22557000,2025,1574.0,версия справочника года
22701000,22701000,2025,1523.0,версия справочника года
22703000,22703000,2025,3005.0,версия справочника года
22712000,22712000,2025,1525.0,версия справочника года
22715000,22715000,2025,1526.0,версия справочника года
22719000,22719000,2025,1550.0,версия справочника года
22721000,22721000,2025,1527.0,версия справочника года
22727000,22727000,2025,1528.0,версия справочника года
22730000,22730000,2025,1529.0,версия справочника года
22734000,22734000,2025,1534.0,версия справочника года
22737000,22737000,2025,1532.0,версия справочника года
22739000,22739000,2025,1530.0,версия справочника года
22749000,22749000,2025,1535.0,версия справочника года
22755000,22755000,2025,1536.0,версия справочника года
22758000,22758000,2025,1533.0,версия справочника года
24601000,24601000,2025,1113.0,версия справочника года
24602000,24602000,2025,1114.0,версия справочника года
24603000,24603000,2025,1115.0,версия справочника года
24605000,24605000,2025,1116.0,версия справочника года
24607000,24607000,2025,1117.0,версия справочника года
24609000,24609000,2025,1118.0,версия справочника года
24611000,24611000,2025,1119.0,версия справочника года
24613000,24613000,2025,1120.0,версия справочника года
24614000,24614000,2025,1121.0,версия справочника года
24615000,24615000,2025,1122.0,версия справочника года
24617000,24617000,2025,1123.0,версия справочника года
24619000,24619000,2025,1124.0,версия справочника года
24620000,24620000,2025,1125.0,версия справочника года
24621000,24621000,2025,1126.0,версия справочника года
24623000,24623000,2025,1127.0,версия справочника года
24625000,24625000,2025,1128.0,версия справочника года
24629000,24629000,2025,1129.0,версия справочника года
24631000,24631000,2025,1130.0,версия справочника года
24633000,24633000,2025,1131.0,версия справочника года
24635000,24635000,2025,1132.0,версия справочника года
24637000,24637000,2025,1133.0,версия справочника года
24701000,24701000,2025,1107.0,версия справочника года
24703000,24703000,2025,1108.0,версия справочника года
24705000,24705000,2025,1109.0,версия справочника года
24706000,24706000,2025,1110.0,версия справочника года
24707000,24707000,2025,1111.0,версия справочника года
24711000,24711000,2025,1112.0,версия справочника года
25542000,25542000,2025,,не привязано
25550000,25550000,2025,,не привязано
25601000,25601000,2025,1144.0,версия справочника года
25602000,25602000,2025,1145.0,версия справочника года
25604000,25604000,2025,1146.0,версия справочника года
25605000,25605000,2025,1170.0,версия справочника года
25606000,25606000,2025,1147.0,версия справочника года
25607000,25607000,2025,1171.0,версия справочника года
25608000,25608000,2025,1148.0,версия справочника года
25609000,25609000,2025,1172.0,версия справочника года
25610000,25610000,2025,1149.0,версия справочника года
25612000,25612000,2025,1150.0,версия справочника года
25614000,25614000,2025,1151.0,версия справочника года
25616000,25616000,2025,1152.0,версия справочника года
25618000,25618000,2025,1153.0,версия справочника года
25620000,25620000,2025,1154.0,версия справочника года
25622000,25622000,2025,1155.0,версия справочника года
25624000,25624000,2025,1156.0,версия справочника года
25626000,25626000,2025,1157.0,версия справочника года
25628000,25628000,2025,1158.0,версия справочника года
25629000,25629000,2025,1173.0,версия справочника года
25630000,25630000,2025,1159.0,версия справочника года
25631000,25631000,2025,1174.0,версия справочника года
25634000,25634000,2025,1160.0,версия справочника года
25636000,25636000,2025,1161.0,версия справочника года
25638000,25638000,2025,1162.0,версия справочника года
25640000,25640000,2025,1163.0,версия справочника года
25644000,25644000,2025,1165.0,версия справочника года
25646000,25646000,2025,1166.0,версия справочника года
25648000,25648000,2025,1167.0,версия справочника года
25655000,25655000,2025,1169.0,версия справочника года
25657000,25657000,2025,1175.0,версия справочника года
25701000,25701000,2025,1134.0,версия справочника года
25703000,25703000,2025,1135.0,версия справочника года
25714000,25714000,2025,1136.0,версия справочника года
25720000,25720000,2025,1137.0,версия справочника года
25726000,25726000,2025,1138.0,версия справочника года
25732000,25732000,2025,1139.0,версия справочника года
25736000,25736000,2025,1140.0,версия справочника года
25738000,25738000,2025,1141.0,версия справочника года
25745000,25745000,2025,1142.0,версия справочника года
25746000,25746000,2025,1143.0,версия справочника года
27503000,27503000,2025,1183.0,версия справочника года
27506000,27506000,2025,1185.0,версия справочника года
27507000,27507000,2025,1186.0,версия справочника года
27510000,27510000,2025,1188.0,версия справочника года
27513000,27513000,2025,1189.0,версия справочника года
27514000,27514000,2025,1191.0,версия справочника года
27515000,27515000,2025,1192.0,версия справочника года
27516000,27516000,2025,1193.0,версия справочника года
27518000,27518000,2025,1194.0,версия справочника года
27519000,27519000,2025,1195.0,версия справочника года
27527000,27527000,2025,1196.0,версия справочника года
27539000,27539000,2025,1197.0,версия справочника года
27701000,27701000,2025,1176.0,версия справочника года
27705000,27705000,2025,1184.0,версия справочника года
27709000,27709000,2025,1187.0,версия справочника года
27711000,27711000,2025,1177.0,версия справочника года
27712000,27712000,2025,1178.0,версия справочника года
27717000,27717000,2025,1179.0,версия справочника года
27725000,27725000,2025,1180.0,версия справочника года
27730000,27730000,2025,1181.0,версия справочника года
27734000,27734000,2025,1190.0,версия справочника года
27740000,27740000,2025,1182.0,версия справочника года
29602000,29602000,2025,1200.0,версия справочника года
29604000,29604000,2025,1201.0,версия справочника года
29606000,29606000,2025,2647.0,версия справочника года
29608000,29608000,2025,1203.0,версия справочника года
29610000,29610000,2025,1204.0,версия справочника года
29612000,29612000,2025,1205.0,версия справочника года
29613000,29613000,2025,1206.0,версия справочника года
29614000,29614000,2025,1207.0,версия справочника года
29615000,29615000,2025,1208.0,версия справочника года
29616000,29616000,2025,1209.0,версия справочника года
29618000,29618000,2025,1210.0,версия справочника года
29620000,29620000,2025,1211.0,версия справочника года
29623000,29623000,2025,1212.0,версия справочника года
29625000,29625000,2025,1213.0,версия справочника года
29627000,29627000,2025,1214.0,версия справочника года
29629000,29629000,2025,1215.0,версия справочника года
29632000,29632000,2025,1216.0,версия справочника года
29634000,29634000,2025,1217.0,версия справочника года
29636000,29636000,2025,1218.0,версия справочника года
29638000,29638000,2025,1219.0,версия справочника года
29642000,29642000,2025,1220.0,версия справочника года
29644000,29644000,2025,1221.0,версия справочника года
29646000,29646000,2025,1222.0,версия справочника года
29650000,29650000,2025,1223.0,версия справочника года
29701000,29701000,2025,1198.0,версия справочника года
29715000,29715000,2025,2646.0,версия справочника года
30501000,30501000,2025,610.0,версия справочника года
30504000,30504000,2025,,не привязано
30510000,30510000,2025,613.0,версия справочника года
30519000,30519000,2025,,не привязано
30532000,30532000,2025,,не привязано
30607000,30607000,2025,612.0,версия справочника года
30613000,30613000,2025,614.0,версия справочника года
30616000,30616000,2025,615.0,версия справочника года
30701000,30701000,2025,608.0,версия справочника года
30824000,30824000,2025,618.0,версия справочника года
30827000,30827000,2025,619.0,версия справочника года
30829000,30829000,2025,620.0,версия справочника года
30851000,30851000,2025,617.0,версия справочника года
33502000,33502000,2025,1264.0,версия справочника года
33503000,33503000,2025,1265.0,версия справочника года
33506000,33506000,2025,1267.0,версия справочника года
33507000,33507000,2025,1268.0,версия справочника года
33516000,33516000,2025,1273.0,версия справочника года
33521000,33521000,2025,1278.0,версия справочника года
33522000,33522000,2025,1279.0,версия справочника года
33524000,33524000,2025,1281.0,версия справочника года
33526000,33526000,2025,1283.0,версия справочника года
33529000,33529000,2025,1286.0,версия справочника года
33531000,33531000,2025,1289.0,версия справочника года
33533000,33533000,2025,1291.0,версия справочника года
33534000,33534000,2025,1292.0,версия справочника года
33540000,33540000,2025,1297.0,версия справочника года
33543000,33543000,2025,1299.0,версия справочника года
33605000,33605000,2025,1266.0,версия справочника года
33608000,33608000,2025,1269.0,версия справочника года
33610000,33610000,2025,1270.0,версия справочника года
33612000,33612000,2025,1271.0,версия справочника года
33614000,33614000,2025,1272.0,версия справочника года
33617000,33617000,2025,1274.0,версия справочника года
33618000,33618000,2025,1275.0,версия справочника года
33619000,33619000,2025,1276.0,версия справочника года
33620000,33620000,2025,1277.0,версия справочника года
33623000,33623000,2025,1280.0,версия справочника года
33625000,33625000,2025,1282.0,версия справочника года
33627000,33627000,2025,1284.0,версия справочника года
33628000,33628000,2025,1285.0,версия справочника года
33630000,33630000,2025,1287.0,версия справочника года
33632000,33632000,2025,1290.0,версия справочника года
33635000,33635000,2025,1293.0,версия справочника года
33636000,33636000,2025,1294.0,версия справочника года
33637000,33637000,2025,1295.0,версия справочника года
33638000,33638000,2025,1296.0,версия справочника года
33641000,33641000,2025,1298.0,версия справочника года
33645000,33645000,2025,1288.0,версия справочника года
33647000,33647000,2025,1300.0,версия справочника года
33649000,33649000,2025,1301.0,версия справочника года
33650000,33650000,2025,1302.0,версия справочника года
33701000,33701000,2025,1258.0,версия справочника года
33704000,33704000,2025,1259.0,версия справочника года
33707000,33707000,2025,1260.0,версия справочника года
33710000,33710000,2025,1261.0,версия справочника года
33713000,33713000,2025,1262.0,версия справочника года
34502000,34502000,2025,,не привязано
34510000,34510000,2025,,не привязано
34512000,34512000,2025,1314.0,версия справочника года
34518000,34518000,2025,,не привязано
34520000,34520000,2025,2618.0,версия справочника года
34522000,34522000,2025,1319.0,версия справочника года
34524000,34524000,2025,1320.0,версия справочника года
34528000,34528000,2025,,не привязано
34530000,34530000,2025,1323.0,версия справочника года
34532000,34532000,2025,1324.0,версия справочника года
34534000,34534000,2025,1325.0,версия справочника года
34536000,34536000,2025,1326.0,версия справочника года
34538000,34538000,2025,1327.0,версия справочника года
34540000,34540000,2025,1328.0,версия справочника года
34604000,34604000,2025,1310.0,версия справочника года
34606000,34606000,2025,1311.0,версия справочника года
34608000,34608000,2025,1312.0,версия справочника года
34614000,34614000,2025,1315.0,версия справочника года
34616000,34616000,2025,1316.0,версия справочника года
34626000,34626000,2025,1321.0,версия справочника года
34642000,34642000,2025,1329.0,версия справочника года
34644000,34644000,2025,1330.0,версия справочника года
34646000,34646000,2025,1331.0,версия справочника года
34648000,34648000,2025,1332.0,версия справочника года
34701000,34701000,2025,1303.0,версия справочника года
34705000,34705000,2025,1304.0,версия справочника года
34706000,34706000,2025,1305.0,версия справочника года
34708000,34708000,2025,1306.0,версия справочника года
34730000,34730000,2025,1308.0,версия справочника года
35604000,35604000,2025,255.0,версия справочника года
35607000,35607000,2025,256.0,версия справочника года
35611000,35611000,2025,257.0,версия справочника года
35616000,35616000,2025,258.0,версия справочника года
35620000,35620000,2025,259.0,версия справочника года
35623000,35623000,2025,260.0,версия справочника года
35627000,35627000,2025,261.0,версия справочника года
35631000,35631000,2025,262.0,версия справочника года
35635000,35635000,2025,263.0,версия справочника года
35639000,35639000,2025,264.0,версия справочника года
35643000,35643000,2025,265.0,версия справочника года
35647000,35647000,2025,266.0,версия справочника года
35652000,35652000,2025,267.0,версия справочника года
35656000,35656000,2025,268.0,версия справочника года
35701000,35701000,2025,244.0,версия справочника года
35703000,35703000,2025,245.0,версия справочника года
35706000,35706000,2025,246.0,версия справочника года
35709000,35709000,2025,247.0,версия справочника года
35712000,35712000,2025,248.0,версия справочника года
35715000,35715000,2025,249.0,версия справочника года
35718000,35718000,2025,250.0,версия справочника года
35721000,35721000,2025,251.0,версия справочника года
35723000,35723000,2025,252.0,версия справочника года
35726000,35726000,2025,253.0,версия справочника года
35729000,35729000,2025,254.0,версия справочника года
36600000,CD,2025,,не привязано
36602000,36602000,2025,1884.0,версия справочника года
36604000,36604000,2025,1885.0,версия справочника года
36606000,36606000,2025,1886.0,версия справочника года
36608000,36608000,2025,1887.0,версия справочника года
36610000,36610000,2025,1888.0,версия справочника года
36612000,36612000,2025,1889.0,версия справочника года
36614000,36614000,2025,1890.0,версия справочника года
36615000,36615000,2025,1891.0,версия справочника года
36616000,36616000,2025,1892.0,версия справочника года
36617000,36617000,2025,1893.0,версия справочника года
36618000,36618000,2025,1894.0,версия справочника года
36620000,36620000,2025,1895.0,версия справочника года
36622000,36622000,2025,1896.0,версия справочника года
36624000,36624000,2025,1897.0,версия справочника года
36626000,36626000,2025,1898.0,версия справочника года
36628000,36628000,2025,1899.0,версия справочника года
36630000,36630000,2025,1900.0,версия справочника года
36632000,36632000,2025,1901.0,версия справочника года
36634000,36634000,2025,1902.0,версия справочника года
36636000,36636000,2025,1903.0,версия справочника года
36638000,36638000,2025,1904.0,версия справочника года
36640000,36640000,2025,1905.0,версия справочника года
36642000,36642000,2025,1906.0,версия справочника года
36644000,36644000,2025,1907.0,версия справочника года
36646000,36646000,2025,1908.0,версия справочника года
36648000,36648000,2025,1909.0,версия справочника года
36650000,36650000,2025,1910.0,версия справочника года
36700000,CD,2025,,не привязано
36701000,36701000,2025,1874.0,версия справочника года
36704000,36704000,2025,1875.0,версия справочника года
36708000,36708000,2025,1876.0,версия справочника года
36713000,36713000,2025,1877.0,версия справочника года
36718000,36718000,2025,1878.0,версия справочника года
36724000,36724000,2025,1879.0,версия справочника года
36727000,36727000,2025,1880.0,версия справочника года
36735000,36735000,2025,1881.0,версия справочника года
36740000,36740000,2025,1882.0,версия справочника года
36750000,36750000,2025,1883.0,версия справочника года
37502000,37502000,2025,1335.0,версия справочника года
37504000,37504000,2025,1336.0,версия справочника года
37506000,37506000,2025,1337.0,версия справочника года
37508000,37508000,2025,1338.0,версия справочника года
37509000,37509000,2025,1339.0,версия справочника года
37510000,37510000,2025,1340.0,версия справочника года
37512000,37512000,2025,1341.0,версия справочника года
37514000,37514000,2025,1342.0,версия справочника года
37516000,37516000,2025,1343.0,версия справочника года
37518000,37518000,2025,1344.0,версия справочника года
37520000,37520000,2025,1345.0,версия справочника года
37522000,37522000,2025,1346.0,версия справочника года
37524000,37524000,2025,1347.0,версия справочника года
37526000,37526000,2025,1348.0,версия справочника года
37528000,37528000,2025,1349.0,версия справочника года
37530000,37530000,2025,1350.0,версия справочника года
37532000,37532000,2025,1351.0,версия справочника года
37534000,37534000,2025,1352.0,версия справочника года
37536000,37536000,2025,1353.0,версия справочника года
37538000,37538000,2025,1354.0,версия справочника года
37540000,37540000,2025,1355.0,версия справочника года
37542000,37542000,2025,1356.0,версия справочника года
37544000,37544000,2025,1357.0,версия справочника года
37546000,37546000,2025,1358.0,версия справочника года
37701000,37701000,2025,1333.0,версия справочника года
37705000,37705000,2025,1334.0,версия справочника года
38602000,38602000,2025,1364.0,версия справочника года
38603000,38603000,2025,1365.0,версия справочника года
38604000,38604000,2025,1366.0,версия справочника года
38606000,38606000,2025,1367.0,версия справочника года
38608000,38608000,2025,1368.0,версия справочника года
38610000,38610000,2025,1369.0,версия справочника года
38612000,38612000,2025,1370.0,версия справочника года
38614000,38614000,2025,1371.0,версия справочника года
38616000,38616000,2025,1372.0,версия справочника года
38618000,38618000,2025,1373.0,версия справочника года
38620000,38620000,2025,1374.0,версия справочника года
38621000,38621000,2025,1375.0,версия справочника года
38622000,38622000,2025,1376.0,версия справочника года
38623000,38623000,2025,1377.0,версия справочника года
38624000,38624000,2025,1378.0,версия справочника года
38626000,38626000,2025,1379.0,версия справочника года
38628000,38628000,2025,1380.0,версия справочника года
38630000,38630000,2025,1381.0,версия справочника года
38632000,38632000,2025,1382.0,версия справочника года
38634000,38634000,2025,1383.0,версия справочника года
38636000,38636000,2025,1384.0,версия справочника года
38638000,38638000,2025,1385.0,версия справочника года
38640000,38640000,2025,1386.0,версия справочника года
38642000,38642000,2025,1387.0,версия справочника года
38644000,38644000,2025,1388.0,версия справочника года
38646000,38646000,2025,1389.0,версия справочника года
38648000,38648000,2025,1390.0,версия справочника года
38650000,38650000,2025,1391.0,версия справочника года
38701000,38701000,2025,1359.0,версия справочника года
38705000,38705000,2025,1360.0,версия справочника года
38708000,38708000,2025,1361.0,версия справочника года
38710000,38710000,2025,1362.0,версия справочника года
38715000,38715000,2025,1363.0,версия справочника года
40301000,40301000,2025,2351.0,версия справочника года
40302000,40302000,2025,2352.0,версия справочника года
40303000,40303000,2025,2353.0,версия справочника года
40304000,40304000,2025,2354.0,версия справочника года
40305000,40305000,2025,2355.0,версия справочника года
40306000,40306000,2025,2356.0,версия справочника года
40307000,40307000,2025,2357.0,версия справочника года
40308000,40308000,2025,2358.0,версия справочника года
40309000,40309000,2025,2359.0,версия справочника года
40310000,40310000,2025,2360.0,версия справочника года
40311000,40311000,2025,2361.0,версия справочника года
40312000,40312000,2025,2362.0,версия справочника года
40313000,40313000,2025,2363.0,версия справочника года
40314000,40314000,2025,2364.0,версия справочника года
40315000,40315000,2025,2365.0,версия справочника года
40316000,40316000,2025,2366.0,версия справочника года
40317000,40317000,2025,2367.0,версия справочника года
40318000,40318000,2025,2368.0,версия справочника года
40319000,40319000,2025,2369.0,версия справочника года
40320000,40320000,2025,2370.0,версия справочника года
40321000,40321000,2025,2371.0,версия справочника года
40322000,40322000,2025,2372.0,версия справочника года
40323000,40323000,2025,2373.0,версия справочника года
40324000,40324000,2025,2374.0,версия справочника года
40325000,40325000,2025,2375.0,версия справочника года
40326000,40326000,2025,2376.0,версия справочника года
40327000,40327000,2025,2377.0,версия справочника года
40328000,40328000,2025,2378.0,версия справочника года
40329000,40329000,2025,2379.0,версия справочника года
40330000,40330000,2025,2380.0,версия справочника года
40331000,40331000,2025,2381.0,версия справочника года
40332000,40332000,2025,2382.0,версия справочника года
40333000,40333000,2025,2383.0,версия справочника года
40334000,40334000,2025,2384.0,версия справочника года
40335000,40335000,2025,2385.0,версия справочника года
40336000,40336000,2025,2386.0,версия справочника года
40337000,40337000,2025,2387.0,версия справочника года
40338000,40338000,2025,2388.0,версия справочника года
40339000,40339000,2025,2389.0,версия справочника года
40340000,40340000,2025,2390.0,версия справочника года
40341000,40341000,2025,2391.0,версия справочника года
40342000,40342000,2025,2392.0,версия справочника года
40343000,40343000,2025,2393.0,версия справочника года
40344000,40344000,2025,2394.0,версия справочника года
40345000,40345000,2025,2395.0,версия справочника года
40346000,40346000,2025,2396.0,версия справочника года
40347000,40347000,2025,2397.0,версия справочника года
40348000,40348000,2025,2398.0,версия справочника года
40349000,40349000,2025,2399.0,версия справочника года
40350000,40350000,2025,2400.0,версия справочника года
40351000,40351000,2025,2401.0,версия справочника года
40352000,40352000,2025,2402.0,версия справочника года
40353000,40353000,2025,2403.0,версия справочника года
40354000,40354000,2025,2404.0,версия справочника года
40355000,40355000,2025,2405.0,версия справочника года
40356000,40356000,2025,2406.0,версия справочника года
40357000,40357000,2025,2407.0,версия справочника года
40358000,40358000,2025,2408.0,версия справочника года
40359000,40359000,2025,2409.0,версия справочника года
40360000,40360000,2025,2410.0,версия справочника года
40361000,40361000,2025,2411.0,версия справочника года
40362000,40362000,2025,2412.0,версия справочника года
40363000,40363000,2025,2413.0,версия справочника года
40364000,40364000,2025,2414.0,версия справочника года
40365000,40365000,2025,2415.0,версия справочника года
40366000,40366000,2025,2416.0,версия справочника года
40367000,40367000,2025,2417.0,версия справочника года
40368000,40368000,2025,2418.0,версия справочника года
40369000,40369000,2025,2419.0,версия справочника года
40370000,40370000,2025,2420.0,версия справочника года
40371000,40371000,2025,2421.0,версия справочника года
40372000,40372000,2025,2422.0,версия справочника года
40373000,40373000,2025,2423.0,версия справочника года
40374000,40374000,2025,2424.0,версия справочника года
40375000,40375000,2025,2425.0,версия справочника года
40376000,40376000,2025,2426.0,версия справочника года
40377000,40377000,2025,2427.0,версия справочника года
40378000,40378000,2025,2428.0,версия справочника года
40379000,40379000,2025,2429.0,версия справочника года
40380000,40380000,2025,2430.0,версия справочника года
40381000,40381000,2025,2431.0,версия справочника года
40382000,40382000,2025,2432.0,версия справочника года
40383000,40383000,2025,2433.0,версия справочника года
40384000,40384000,2025,2434.0,версия справочника года
40385000,40385000,2025,2435.0,версия справочника года
40386000,40386000,2025,2436.0,версия справочника года
40387000,40387000,2025,2437.0,версия справочника года
40388000,40388000,2025,2438.0,версия справочника года
40389000,40389000,2025,2439.0,версия справочника года
40390000,40390000,2025,2440.0,версия справочника года
40391000,40391000,2025,2441.0,версия справочника года
40392000,40392000,2025,2442.0,версия справочника года
40393000,40393000,2025,2443.0,версия справочника года
40394000,40394000,2025,2444.0,версия справочника года
40395000,40395000,2025,2445.0,версия справочника года
40396000,40396000,2025,2446.0,версия справочника года
40397000,40397000,2025,2447.0,версия справочника года
40398000,40398000,2025,2448.0,версия справочника года
40901000,40901000,2025,2449.0,версия справочника года
40902000,40902000,2025,2450.0,версия справочника года
40903000,40903000,2025,2451.0,версия справочника года
40904000,40904000,2025,2452.0,версия справочника года
40905000,40905000,2025,2453.0,версия справочника года
40906000,40906000,2025,2454.0,версия справочника года
40907000,40907000,2025,2455.0,версия справочника года
40908000,40908000,2025,2456.0,версия справочника года
40909000,40909000,2025,2457.0,версия справочника года
40910000,40910000,2025,2458.0,версия справочника года
40911000,40911000,2025,2459.0,версия справочника года
40912000,40912000,2025,2460.0,версия справочника года
40913000,40913000,2025,2461.0,версия справочника года
41518000,41518000,2025,,не привязано
41603000,41603000,2025,1392.0,версия справочника года
41606000,41606000,2025,1393.0,версия справочника года
41609000,41609000,2025,1394.0,версия справочника года
41612000,41612000,2025,1395.0,версия справочника года
41615000,41615000,2025,1396.0,версия справочника года
41621000,41621000,2025,1398.0,версия справочника года
41624000,41624000,2025,1399.0,версия справочника года
41625000,41625000,2025,1400.0,версия справочника года
41627000,41627000,2025,1401.0,версия справочника года
41630000,41630000,2025,1402.0,версия справочника года
41633000,41633000,2025,1403.0,версия справочника года
41636000,41636000,2025,1404.0,версия справочника года
41639000,41639000,2025,1405.0,версия справочника года
41642000,41642000,2025,1406.0,версия справочника года
41645000,41645000,2025,1407.0,версия справочника года
41648000,41648000,2025,1408.0,версия справочника года
41754000,41754000,2025,1409.0,версия справочника года
42503000,42503000,2025,,не привязано
42515000,42515000,2025,,не привязано
42527000,42527000,2025,,не привязано
42540000,42540000,2025,,не привязано
42542000,42542000,2025,,не привязано
42606000,42606000,2025,1413.0,версия справочника года
42609000,42609000,2025,1414.0,версия справочника года
42612000,42612000,2025,1415.0,версия справочника года
42618000,42618000,2025,1417.0,версия справочника года
42621000,42621000,2025,1418.0,версия справочника года
42624000,42624000,2025,1419.0,версия справочника года
42630000,42630000,2025,1421.0,версия справочника года
42633000,42633000,2025,1422.0,версия справочника года
42636000,42636000,2025,1423.0,версия справочника года
42645000,42645000,2025,1426.0,версия справочника года
42648000,42648000,2025,1427.0,версия справочника года
42652000,42652000,2025,1428.0,версия справочника года
42656000,42656000,2025,1429.0,версия справочника года
42701000,42701000,2025,1410.0,версия справочника года
42715000,42715000,2025,1411.0,версия справочника года
44701000,44701000,2025,1430.0,версия справочника года
45301000,45301000,2025,2462.0,версия справочника года
45302000,45302000,2025,2463.0,версия справочника года
45303000,45303000,2025,2464.0,версия справочника года
45304000,45304000,2025,2465.0,версия справочника года
45305000,45305000,2025,2466.0,версия справочника года
45306000,45306000,2025,2467.0,версия справочника года
45307000,45307000,2025,2468.0,версия справочника года
45308000,45308000,2025,2469.0,версия справочника года
45309000,45309000,2025,2470.0,версия справочника года
45310000,45310000,2025,2471.0,версия справочника года
45311000,45311000,2025,2472.0,версия справочника года
45312000,45312000,2025,2473.0,версия справочника года
45313000,45313000,2025,2474.0,версия справочника года
45314000,45314000,2025,2475.0,версия справочника года
45315000,45315000,2025,2476.0,версия справочника года
45316000,45316000,2025,2477.0,версия справочника года
45318000,45318000,2025,2479.0,версия справочника года
45319000,45319000,2025,2480.0,версия справочника года
45320000,45320000,2025,2481.0,версия справочника года
45321000,45321000,2025,2482.0,версия справочника года
45322000,45322000,2025,2483.0,версия справочника года
45323000,45323000,2025,2484.0,версия справочника года
45324000,45324000,2025,2485.0,версия справочника года
45325000,45325000,2025,2486.0,версия справочника года
45326000,45326000,2025,2487.0,версия справочника года
45327000,45327000,2025,2488.0,версия справочника года
45328000,45328000,2025,2489.0,версия справочника года
45329000,45329000,2025,2490.0,версия справочника года
45330000,45330000,2025,2491.0,версия справочника года
45331000,45331000,2025,2492.0,версия справочника года
45332000,45332000,2025,2493.0,версия справочника года
45333000,45333000,2025,2494.0,версия справочника года
45334000,45334000,2025,2495.0,версия справочника года
45335000,45335000,2025,2496.0,версия справочника года
45336000,45336000,2025,2497.0,версия справочника года
45337000,45337000,2025,2498.0,версия справочника года
45338000,45338000,2025,2499.0,версия справочника года
45339000,45339000,2025,2500.0,версия справочника года
45340000,45340000,2025,2501.0,версия справочника года
45341000,45341000,2025,2502.0,версия справочника года
45342000,45342000,2025,2503.0,версия справочника года
45343000,45343000,2025,2504.0,версия справочника года
45344000,45344000,2025,2505.0,версия справочника года
45345000,45345000,2025,2506.0,версия справочника года
45346000,45346000,2025,2507.0,версия справочника года
45347000,45347000,2025,2508.0,версия справочника года
45348000,45348000,2025,2509.0,версия справочника года
45349000,45349000,2025,2510.0,версия справочника года
45350000,45350000,2025,2511.0,версия справочника года
45351000,45351000,2025,2512.0,версия справочника года
45352000,45352000,2025,2513.0,версия справочника года
45353000,45353000,2025,2514.0,версия справочника года
45354000,45354000,2025,2515.0,версия справочника года
45355000,45355000,2025,2516.0,версия справочника года
45356000,45356000,2025,2517.0,версия справочника года
45357000,45357000,2025,2518.0,версия справочника года
45358000,45358000,2025,2519.0,версия справочника года
45359000,45359000,2025,2520.0,версия справочника года
45360000,45360000,2025,2521.0,версия справочника года
45361000,45361000,2025,2522.0,версия справочника года
45362000,45362000,2025,2523.0,версия справочника года
45363000,45363000,2025,2524.0,версия справочника года
45364000,45364000,2025,2525.0,версия справочника года
45365000,45365000,2025,2526.0,версия справочника года
45366000,45366000,2025,2527.0,версия справочника года
45367000,45367000,2025,2528.0,версия справочника года
45368000,45368000,2025,2529.0,версия справочника года
45369000,45369000,2025,2530.0,версия справочника года
45370000,45370000,2025,2531.0,версия справочника года
45371000,45371000,2025,2532.0,версия справочника года
45372000,45372000,2025,2533.0,версия справочника года
45373000,45373000,2025,2534.0,версия справочника года
45374000,45374000,2025,2535.0,версия справочника года
45375000,45375000,2025,2536.0,версия справочника года
45376000,45376000,2025,2537.0,версия справочника года
45377000,45377000,2025,2538.0,версия справочника года
45378000,45378000,2025,2539.0,версия справочника года
45379000,45379000,2025,2540.0,версия справочника года
45380000,45380000,2025,2541.0,версия справочника года
45381000,45381000,2025,2542.0,версия справочника года
45382000,45382000,2025,2543.0,версия справочника года
45383000,45383000,2025,2544.0,версия справочника года
45384000,45384000,2025,2545.0,версия справочника года
45385000,45385000,2025,2546.0,версия справочника года
45386000,45386000,2025,2547.0,версия справочника года
45387000,45387000,2025,2548.0,версия справочника года
45388000,45388000,2025,2549.0,версия справочника года
45389000,45389000,2025,2550.0,версия справочника года
45390000,45390000,2025,2551.0,версия справочника года
45391000,45391000,2025,2552.0,версия справочника года
45392000,45392000,2025,2553.0,версия справочника года
45393000,45393000,2025,2554.0,версия справочника года
45394000,45394000,2025,2555.0,версия справочника года
45395000,45395000,2025,2556.0,версия справочника года
45396000,45396000,2025,2557.0,версия справочника года
45397000,45397000,2025,2558.0,версия справочника года
45398000,45398000,2025,2559.0,версия справочника года
45901000,45901000,2025,2560.0,версия справочника года
45902000,45902000,2025,2561.0,версия справочника года
45903000,45903000,2025,2562.0,версия справочника года
45904000,45904000,2025,2563.0,версия справочника года
45905000,45905000,2025,2564.0,версия справочника года
45906000,45906000,2025,2565.0,версия справочника года
45907000,45907000,2025,2566.0,версия справочника года
45908000,45908000,2025,2567.0,версия справочника года
45909000,45909000,2025,2568.0,версия справочника года
45910000,45910000,2025,2569.0,версия справочника года
45911000,45911000,2025,2570.0,версия справочника года
45912000,45912000,2025,2571.0,версия справочника года
45913000,45913000,2025,2572.0,версия справочника года
45914000,45914000,2025,2573.0,версия справочника года
45915000,45915000,2025,2574.0,версия справочника года
45916000,45916000,2025,2575.0,версия справочника года
45917000,45917000,2025,2576.0,версия справочника года
45918000,45918000,2025,2577.0,версия справочника года
45919000,45919000,2025,2578.0,версия справочника года
45920000,45920000,2025,2579.0,версия справочника года
45921000,45921000,2025,2580.0,версия справочника года
45922000,45922000,2025,2581.0,версия справочника года
45923000,45923000,2025,2582.0,версия справочника года
45924000,45924000,2025,2583.0,версия справочника года
45925000,45925000,2025,2584.0,версия справочника года
45926000,45926000,2025,2585.0,версия справочника года
45927000,45927000,2025,2586.0,версия справочника года
45931000,45931000,2025,2587.0,версия справочника года
45932000,45932000,2025,2588.0,версия справочника года
45941000,45941000,2025,2589.0,версия справочника года
45943000,45943000,2025,2591.0,версия справочника года
45948000,45948000,2025,2596.0,версия справочника года
45959000,45959000,2025,2606.0,версия справочника года
45963000,45963000,2025,,не привязано
45966000,45966000,2025,,не привязано
46704000,46704000,2025,1439.0,версия справочника года
46705000,46705000,2025,1440.0,версия справочника года
46706000,46706000,2025,1460.0,версия справочника года
46707000,46707000,2025,1493.0,версия справочника года
46708000,46708000,2025,1489.0,версия справочника года
46709000,46709000,2025,1445.0,версия справочника года
46710000,46710000,2025,1490.0,версия справочника года
46711000,46711000,2025,1443.0,версия справочника года
46715000,46715000,2025,1491.0,версия справочника года
46716000,46716000,2025,1444.0,версия справочника года
46718000,46718000,2025,1446.0,версия справочника года
46722000,46722000,2025,1447.0,версия справочника года
46725000,46725000,2025,1448.0,версия справочника года
46728000,46728000,2025,1501.0,версия справочника года
46729000,46729000,2025,1449.0,версия справочника года
46733000,46733000,2025,1453.0,версия справочника года
46734000,46734000,2025,1456.0,версия справочника года
46735000,46735000,2025,1454.0,версия справочника года
46737000,46737000,2025,1492.0,версия справочника года
46738000,46738000,2025,2808.0,версия справочника года
46739000,46739000,2025,1457.0,версия справочника года
46740000,46740000,2025,1461.0,версия справочника года
46741000,46741000,2025,1464.0,версия справочника года
46742000,46742000,2025,2648.0,версия справочника года
46744000,46744000,2025,1459.0,версия справочника года
46745000,46745000,2025,1495.0,версия справочника года
46746000,46746000,2025,1467.0,версия справочника года
46747000,46747000,2025,1463.0,версия справочника года
46748000,46748000,2025,1465.0,версия справочника года
46750000,46750000,2025,1468.0,версия справочника года
46751000,46751000,2025,1496.0,версия справочника года
46752000,46752000,2025,1494.0,версия справочника года
46755000,46755000,2025,2651.0,версия справочника года
46757000,46757000,2025,2652.0,версия справочника года
46758000,46758000,2025,2814.0,версия справочника года
46759000,46759000,2025,3014.0,версия справочника года
46760000,46760000,2025,1472.0,версия справочника года
46761000,46761000,2025,1466.0,версия справочника года
46763000,46763000,2025,1442.0,версия справочника года
46764000,46764000,2025,1475.0,версия справочника года
46766000,46766000,2025,1477.0,версия справочника года
46768000,46768000,2025,1500.0,версия справочника года
46770000,46770000,2025,2644.0,версия справочника года
46771000,46771000,2025,3013.0,версия справочника года
46772000,46772000,2025,1478.0,версия справочника года
46773000,46773000,2025,1441.0,версия справочника года
46776000,46776000,2025,1480.0,версия справочника года
46778000,46778000,2025,1504.0,версия справочника года
46780000,46780000,2025,1481.0,версия справочника года
46781000,46781000,2025,1483.0,версия справочника года
46783000,46783000,2025,3008.0,версия справочника года
46784000,46784000,2025,1484.0,версия справочника года
46786000,46786000,2025,2813.0,версия справочника года
46787000,46787000,2025,1486.0,версия справочника года
46788000,46659000,2025,2649.0,версия справочника года
46790000,46790000,2025,1488.0,версия справочника года
47515000,47515000,2025,1521.0,версия справочника года
47517000,47517000,2025,1512.0,версия справочника года
47519000,47519000,2025,1507.0,версия справочника года
47522000,47522000,2025,1508.0,версия справочника года
47524000,47524000,2025,1509.0,версия справочника года
47526000,47526000,2025,1510.0,версия справочника года
47528000,47528000,2025,1511.0,версия справочника года
47605000,47605000,2025,1519.0,версия справочника года
47608000,47608000,2025,1518.0,версия справочника года
47610000,47610000,2025,1520.0,версия справочника года
47620000,47620000,2025,1522.0,версия справочника года
47701000,47701000,2025,1506.0,версия справочника года
49503000,49503000,2025,,не привязано
49510000,49510000,2025,1579.0,версия справочника года
49512000,49512000,2025,1580.0,версия справочника года
49514000,49514000,2025,1581.0,версия справочника года
49523000,49523000,2025,1584.0,версия справочника года
49524000,49524000,2025,1585.0,версия справочника года
49532000,49532000,2025,1589.0,версия справочника года
49538000,49538000,2025,1591.0,версия справочника года
49545000,49545000,2025,1593.0,версия справочника года
49547000,49547000,2025,,не привязано
49606000,49606000,2025,1577.0,версия справочника года
49608000,49608000,2025,1578.0,версия справочника года
49616000,49616000,2025,1582.0,версия справочника года
49620000,49620000,2025,1583.0,версия справочника года
49625000,49625000,2025,1586.0,версия справочника года
49628000,49628000,2025,1587.0,версия справочника года
49630000,49630000,2025,1588.0,версия справочника года
49634000,49634000,2025,1590.0,версия справочника года
49639000,49639000,2025,1592.0,версия справочника года
49650000,49650000,2025,1595.0,версия справочника года
49655000,49655000,2025,1596.0,версия справочника года
49701000,49701000,2025,1575.0,версия справочника года
52601000,52601000,2025,1633.0,версия справочника года
52603000,52603000,2025,1634.0,версия справочника года
52606000,52606000,2025,1635.0,версия справочника года
52609000,52609000,2025,1636.0,версия справочника года
52612000,52612000,2025,1637.0,версия справочника года
52615000,52615000,2025,1638.0,версия справочника года
52618000,52618000,2025,1639.0,версия справочника года
52621000,52621000,2025,1640.0,версия справочника года
52623000,52623000,2025,1641.0,версия справочника года
52626000,52626000,2025,1642.0,версия справочника года
52629000,52629000,2025,1643.0,версия справочника года
52630000,52630000,2025,1644.0,версия справочника года
52632000,52632000,2025,1645.0,версия справочника года
52634000,52634000,2025,1646.0,версия справочника года
52636000,52636000,2025,1647.0,версия справочника года
52639000,52639000,2025,1648.0,версия справочника года
52641000,52641000,2025,1649.0,версия справочника года
52642000,52642000,2025,1650.0,версия справочника года
52643000,52643000,2025,1651.0,версия справочника года
52644000,52644000,2025,1652.0,версия справочника года
52646000,52646000,2025,1653.0,версия справочника года
52648000,52648000,2025,1654.0,версия справочника года
52650000,52650000,2025,1655.0,версия справочника года
52651000,52651000,2025,1656.0,версия справочника года
52652000,52652000,2025,1657.0,версия справочника года
52653000,52653000,2025,1658.0,версия справочника года
52654000,52654000,2025,1659.0,версия справочника года
52655000,52655000,2025,1660.0,версия справочника года
52656000,52656000,2025,1661.0,версия справочника года
52657000,52657000,2025,1662.0,версия справочника года
52658000,52658000,2025,1663.0,версия справочника года
52659000,52659000,2025,1664.0,версия справочника года
52701000,52701000,2025,1632.0,версия справочника года
53502000,53502000,2025,,не привязано
53503000,53503000,2025,,не привязано
53504000,53504000,2025,,не привязано
53505000,53505000,2025,,не привязано
53506000,53506000,2025,,не привязано
53507000,53507000,2025,,не привязано
53604000,53604000,2025,1678.0,версия справочника года
53605000,53605000,2025,1679.0,версия справочника года
53606000,53606000,2025,1680.0,версия справочника года
53607000,53607000,2025,1681.0,версия справочника года
53610000,53610000,2025,1682.0,версия справочника года
53611000,53611000,2025,1683.0,версия справочника года
53612000,53612000,2025,1684.0,версия справочника года
53615000,53615000,2025,1685.0,версия справочника года
53617000,53617000,2025,1686.0,версия справочника года
53619000,53619000,2025,1687.0,версия справочника года
53622000,53622000,2025,1688.0,версия справочника года
53623000,53623000,2025,1689.0,версия справочника года
53625000,53625000,2025,1690.0,версия справочника года
53627000,53627000,2025,1691.0,версия справочника года
53630000,53630000,2025,1692.0,версия справочника года
53631000,53631000,2025,1693.0,версия справочника года
53633000,53633000,2025,1694.0,версия справочника года
53634000,53634000,2025,1695.0,версия справочника года
53636000,53636000,2025,1696.0,версия справочника года
53637000,53637000,2025,1697.0,версия справочника года
53638000,53638000,2025,1698.0,версия справочника года
53640000,53640000,2025,1699.0,версия справочника года
53641000,53641000,2025,1700.0,версия справочника года
53642000,53642000,2025,1701.0,версия справочника года
53643000,53643000,2025,1702.0,версия справочника года
53651000,53651000,2025,1703.0,версия справочника года
53652000,53652000,2025,1704.0,версия справочника года
53653000,53653000,2025,1705.0,версия справочника года
53656000,53656000,2025,1706.0,версия справочника года
53701000,53701000,2025,1665.0,версия справочника года
53708000,53708000,2025,1667.0,версия справочника года
53712000,53712000,2025,1668.0,версия справочника года
53715000,53715000,2025,1671.0,версия справочника года
53720000,53720000,2025,1672.0,версия справочника года
53723000,53723000,2025,1673.0,версия справочника года
54501000,54501000,2025,1726.0,версия справочника года
54604000,54604000,2025,1710.0,версия справочника года
54608000,54608000,2025,1711.0,версия справочника года
54610000,54610000,2025,1712.0,версия справочника года
54612000,54612000,2025,1713.0,версия справочника года
54615000,54615000,2025,1714.0,версия справочника года
54618000,54618000,2025,1715.0,версия справочника года
54620000,54620000,2025,1716.0,версия справочника года
54623000,54623000,2025,1717.0,версия справочника года
54624000,54624000,2025,1718.0,версия справочника года
54625000,54625000,2025,1719.0,версия справочника года
54626000,54626000,2025,1720.0,версия справочника года
54629000,54629000,2025,1721.0,версия справочника года
54632000,54632000,2025,1722.0,версия справочника года
54636000,54636000,2025,1723.0,версия справочника года
54639000,54639000,2025,1724.0,версия справочника года
54643000,54643000,2025,1725.0,версия справочника года
54650000,54650000,2025,1727.0,версия справочника года
54652000,54652000,2025,1728.0,версия справочника года
54653000,54653000,2025,1729.0,версия справочника года
54654000,54654000,2025,1730.0,версия справочника года
54655000,54655000,2025,1731.0,версия справочника года
54657000,54657000,2025,1732.0,версия справочника года
54659000,54659000,2025,1733.0,версия справочника года
54701000,54701000,2025,1707.0,версия справочника года
54705000,54705000,2025,1708.0,версия справочника года
54710000,54710000,2025,1709.0,версия справочника года
56603000,56603000,2025,1737.0,версия справочника года
56606000,56606000,2025,1761.0,версия справочника года
56609000,56609000,2025,1738.0,версия справочника года
56612000,56612000,2025,1739.0,версия справочника года
56613000,56613000,2025,1740.0,версия справочника года
56615000,56615000,2025,1741.0,версия справочника года
56618000,56618000,2025,1742.0,версия справочника года
56623000,56623000,2025,1743.0,версия справочника года
56626000,56626000,2025,1744.0,версия справочника года
56629000,56629000,2025,1745.0,версия справочника года
56631000,56631000,2025,1746.0,версия справочника года
56633000,56633000,2025,1747.0,версия справочника года
56640000,56640000,2025,1748.0,версия справочника года
56642000,56642000,2025,1749.0,версия справочника года
56643000,56643000,2025,1750.0,версия справочника года
56644000,56644000,2025,1751.0,версия справочника года
56645000,56645000,2025,1752.0,версия справочника года
56647000,56647000,2025,1753.0,версия справочника года
56649000,56649000,2025,1754.0,версия справочника года
56651000,56651000,2025,1755.0,версия справочника года
56653000,56653000,2025,1756.0,версия справочника года
56654000,56654000,2025,1757.0,версия справочника года
56655000,56655000,2025,1758.0,версия справочника года
56656000,56656000,2025,1759.0,версия справочника года
56657000,56657000,2025,1760.0,версия справочника года
56658000,56658000,2025,1762.0,версия справочника года
56659000,56659000,2025,1763.0,версия справочника года
56701000,56701000,2025,1734.0,версия справочника года
56705000,56705000,2025,1735.0,версия справочника года
56734000,56734000,2025,1736.0,версия справочника года
57502000,57502000,2025,734.0,версия справочника года
57503000,57503000,2025,735.0,версия справочника года
57504000,57504000,2025,,не привязано
57506000,57506000,2025,736.0,версия справочника года
57508000,57508000,2025,737.0,версия справочника года
57512000,57512000,2025,,не привязано
57513000,57513000,2025,769.0,версия справочника года
57514000,57514000,2025,,не привязано
57516000,57516000,2025,2886.0,версия справочника года
57517000,57517000,2025,,не привязано
57518000,57518000,2025,742.0,версия справочника года
57520000,57520000,2025,,не привязано
57522000,57522000,2025,744.0,версия справочника года
57523000,57523000,2025,,не привязано
57524000,57524000,2025,746.0,версия справочника года
57525000,57525000,2025,770.0,версия справочника года
57526000,57526000,2025,771.0,версия справочника года
57527000,57527000,2025,,не привязано
57528000,57528000,2025,2885.0,версия справочника года
57529000,57529000,2025,749.0,версия справочника года
57530000,57530000,2025,2809.0,версия справочника года
57531000,57531000,2025,,не привязано
57532000,57532000,2025,,не привязано
57534000,57534000,2025,,не привязано
57536000,57536000,2025,,не привязано
57538000,57538000,2025,753.0,версия справочника года
57540000,57540000,2025,,не привязано
57542000,57542000,2025,,не привязано
57544000,57544000,2025,,не привязано
57546000,57546000,2025,757.0,версия справочника года
57548000,57548000,2025,758.0,версия справочника года
57550000,57550000,2025,,не привязано
57551000,57551000,2025,,не привязано
57552000,57552000,2025,761.0,версия справочника года
57555000,57555000,2025,764.0,версия справочника года
57556000,57556000,2025,,не привязано
57557000,57557000,2025,,не привязано
57558000,57558000,2025,,не привязано
57559000,57559000,2025,773.0,версия справочника года
57560000,57560000,2025,774.0,версия справочника года
57701000,57701000,2025,727.0,версия справочника года
57735000,57735000,2025,763.0,версия справочника года
57763000,57763000,2025,733.0,версия справочника года
58504000,58504000,2025,,не привязано
58512000,58512000,2025,,не привязано
58514000,58514000,2025,1771.0,версия справочника года
58518000,58518000,2025,1773.0,версия справочника года
58520000,58520000,2025,1774.0,версия справочника года
58523000,58523000,2025,1775.0,версия справочника года
58529000,58529000,2025,1777.0,версия справочника года
58540000,58540000,2025,1780.0,версия справочника года
58543000,58543000,2025,,не привязано
58547000,58547000,2025,,не привязано
58553000,58553000,2025,1786.0,версия справочника года
58556000,58556000,2025,1788.0,версия справочника года
58558000,58558000,2025,,не привязано
58606000,58606000,2025,1767.0,версия справочника года
58608000,58608000,2025,1768.0,версия справочника года
58610000,58610000,2025,1769.0,версия справочника года
58616000,58616000,2025,1772.0,версия справочника года
58626000,58626000,2025,1776.0,версия справочника года
58633000,58633000,2025,1778.0,версия справочника года
58637000,58637000,2025,1779.0,версия справочника года
58649000,58649000,2025,1783.0,версия справочника года
58650000,58650000,2025,1784.0,версия справочника года
58651000,58651000,2025,1785.0,версия справочника года
58654000,58654000,2025,1787.0,версия справочника года
58701000,58701000,2025,1764.0,версия справочника года
58710000,58710000,2025,1765.0,версия справочника года
60601000,60601000,2025,1802.0,версия справочника года
60602000,60602000,2025,1803.0,версия справочника года
60605000,60605000,2025,1804.0,версия справочника года
60606000,60606000,2025,1805.0,версия справочника года
60607000,60607000,2025,1806.0,версия справочника года
60608000,60608000,2025,1807.0,версия справочника года
60609000,60609000,2025,1808.0,версия справочника года
60612000,60612000,2025,1809.0,версия справочника года
60613000,60613000,2025,1810.0,версия справочника года
60615000,60615000,2025,1811.0,версия справочника года
60617000,60617000,2025,1812.0,версия справочника года
60618000,60618000,2025,1813.0,версия справочника года
60619000,60619000,2025,1814.0,версия справочника года
60622000,60622000,2025,1815.0,версия справочника года
60623000,60623000,2025,1816.0,версия справочника года
60624000,60624000,2025,1817.0,версия справочника года
60625000,60625000,2025,1818.0,версия справочника года
60626000,60626000,2025,1819.0,версия справочника года
60627000,60627000,2025,1820.0,версия справочника года
60630000,60630000,2025,1821.0,версия справочника года
60631000,60631000,2025,1822.0,версия справочника года
60632000,60632000,2025,1823.0,версия справочника года
60633000,60633000,2025,1824.0,версия справочника года
60634000,60634000,2025,1825.0,версия справочника года
60635000,60635000,2025,1826.0,версия справочника года
60636000,60636000,2025,1827.0,версия справочника года
60640000,60640000,2025,1828.0,версия справочника года
60641000,60641000,2025,1829.0,версия справочника года
60642000,60642000,2025,1830.0,версия справочника года
60644000,60644000,2025,1831.0,версия справочника года
60645000,60645000,2025,1832.0,версия справочника года
60647000,60647000,2025,1833.0,версия справочника года
60648000,60648000,2025,1834.0,версия справочника года
60650000,60650000,2025,1835.0,версия справочника года
60651000,60651000,2025,1836.0,версия справочника года
60652000,60652000,2025,1837.0,версия справочника года
60653000,60653000,2025,1838.0,версия справочника года
60654000,60654000,2025,1839.0,версия справочника года
60655000,60655000,2025,1840.0,версия справочника года
60656000,60656000,2025,1841.0,версия справочника года
60657000,60657000,2025,1842.0,версия справочника года
60658000,60658000,2025,1843.0,версия справочника года
60659000,60659000,2025,1844.0,версия справочника года
60701000,60701000,2025,1790.0,версия справочника года
60704000,60704000,2025,1791.0,версия справочника года
60707000,60707000,2025,1792.0,версия справочника года
60712000,60712000,2025,1793.0,версия справочника года
60715000,60715000,2025,1794.0,версия справочника года
60717000,60717000,2025,1795.0,версия справочника года
60718000,60718000,2025,1796.0,версия справочника года
60719000,60719000,2025,1797.0,версия справочника года
60727000,60727000,2025,1798.0,версия справочника года
60730000,60730000,2025,1799.0,версия справочника года
60737000,60737000,2025,1800.0,версия справочника года
60740000,60740000,2025,1801.0,версия справочника года
63602000,63602000,2025,1915.0,версия справочника года
63603000,63603000,2025,1916.0,версия справочника года
63604000,63604000,2025,1917.0,версия справочника года
63606000,63606000,2025,1918.0,версия справочника года
63607000,63607000,2025,1919.0,версия справочника года
63608000,63608000,2025,1920.0,версия справочника года
63609000,63609000,2025,1921.0,версия справочника года
63611000,63611000,2025,1922.0,версия справочника года
63612000,63612000,2025,1923.0,версия справочника года
63613000,63613000,2025,1924.0,версия справочника года
63614000,63614000,2025,1925.0,версия справочника года
63616000,63616000,2025,1926.0,версия справочника года
63617000,63617000,2025,1927.0,версия справочника года
63619000,63619000,2025,1928.0,версия справочника года
63621000,63621000,2025,1929.0,версия справочника года
63622000,63622000,2025,1930.0,версия справочника года
63623000,63623000,2025,1931.0,версия справочника года
63624000,63624000,2025,1932.0,версия справочника года
63625000,63625000,2025,1933.0,версия справочника года
63626000,63626000,2025,1934.0,версия справочника года
63629000,63629000,2025,1935.0,версия справочника года
63630000,63630000,2025,1936.0,версия справочника года
63632000,63632000,2025,1937.0,версия справочника года
63634000,63634000,2025,1938.0,версия справочника года
63635000,63635000,2025,1939.0,версия справочника года
63636000,63636000,2025,1940.0,версия справочника года
63637000,63637000,2025,1941.0,версия справочника года
63639000,63639000,2025,1942.0,версия справочника года
63640000,63640000,2025,1943.0,версия справочника года
63641000,63641000,2025,1944.0,версия справочника года
63642000,63642000,2025,1945.0,версия справочника года
63643000,63701000,2025,1946.0,ОКТМО из другой версии
63646000,63646000,2025,1948.0,версия справочника года
63647000,63647000,2025,1949.0,версия справочника года
63648000,63648000,2025,1950.0,версия справочника года
63649000,63649000,2025,1951.0,версия справочника года
63650000,63650000,2025,1952.0,версия справочника года
63701000,63701000,2025,2887.0,версия справочника года
63746000,63746000,2025,1912.0,версия справочника года
63760000,63550000,2025,1913.0,версия справочника года
63775000,63775000,2025,1914.0,версия справочника года
64701000,64701000,2025,1953.0,версия справочника года
64704000,64504000,2025,1954.0,версия справочника года
64708000,64508000,2025,1955.0,версия справочника года
64712000,64512000,2025,1956.0,версия справочника года
64716000,64516000,2025,1957.0,версия справочника года
64720000,64520000,2025,1958.0,версия справочника года
64724000,64524000,2025,1959.0,версия справочника года
64728000,64528000,2025,1960.0,версия справочника года
64732000,64532000,2025,1961.0,версия справочника года
64736000,64536000,2025,1962.0,версия справочника года
64740000,64540000,2025,1963.0,версия справочника года
64743000,64543000,2025,1964.0,версия справочника года
64746000,64546000,2025,1965.0,версия справочника года
64748000,64548000,2025,1966.0,версия справочника года
64750000,64550000,2025,1967.0,версия справочника года
64752000,64552000,2025,1968.0,версия справочника года
64754000,64554000,2025,1969.0,версия справочника года
64756000,64556000,2025,1970.0,версия справочника года
65608000,65608000,2025,2039.0,версия справочника года
65623000,65623000,2025,2040.0,версия справочника года
65628000,65628000,2025,2042.0,версия справочника года
65639000,65639000,2025,2041.0,версия справочника года
65645000,65645000,2025,2043.0,версия справочника года
65701000,65701000,2025,1971.0,версия справочника года
65703000,65502000,2025,1973.0,версия справочника года
65704000,65503000,2025,2017.0,версия справочника года
65705000,65505000,2025,2018.0,версия справочника года
65706000,65506000,2025,2019.0,версия справочника года
65707000,65514000,2025,1978.0,версия справочника года
65708000,65509000,2025,1981.0,версия справочника года
65709000,65516000,2025,2021.0,версия справочника года
65710000,65511000,2025,2022.0,версия справочника года
65711000,65530000,2025,2023.0,версия справочника года
65712000,65531000,2025,2024.0,версия справочника года
65713000,65539000,2025,2025.0,версия справочника года
65714000,65541000,2025,1999.0,версия справочника года
65715000,65543000,2025,2002.0,версия справочника года
65716000,65544000,2025,2028.0,версия справочника года
65717000,65512000,2025,2029.0,версия справочника года
65718000,65546000,2025,2030.0,версия справочника года
65719000,65525000,2025,2006.0,версия справочника года
65720000,65547000,2025,2008.0,версия справочника года
65721000,65551000,2025,2031.0,версия справочника года
65722000,65552000,2025,2032.0,версия справочника года
65723000,65553000,2025,2012.0,версия справочника года
65724000,65554000,2025,2034.0,версия справочника года
65725000,65555000,2025,2035.0,версия справочника года
65726000,65556000,2025,2036.0,версия справочника года
65727000,65557000,2025,2037.0,версия справочника года
65728000,65538000,2025,1972.0,версия справочника года
65729000,65729000,2025,2033.0,версия справочника года
65730000,65504000,2025,1974.0,версия справочника года
65731000,65507000,2025,1977.0,версия справочника года
65732000,65732000,2025,1979.0,версия справочника года
65733000,65515000,2025,1992.0,версия справочника года
65734000,65734000,2025,1997.0,версия справочника года
65735000,65510000,2025,1989.0,версия справочника года
65736000,65517000,2025,2007.0,версия справочника года
65737000,65518000,2025,1982.0,версия справочника года
65738000,65529000,2025,1983.0,версия справочника года
65739000,65739000,2025,1985.0,версия справочника года
65740000,65740000,2025,1986.0,версия справочника года
65741000,65741000,2025,1987.0,версия справочника года
65742000,65519000,2025,1988.0,версия справочника года
65743000,65532000,2025,1990.0,версия справочника года
65744000,65533000,2025,1991.0,версия справочника года
65745000,65520000,2025,1993.0,версия справочника года
65746000,65521000,2025,1994.0,версия справочника года
65747000,65747000,2025,1995.0,версия справочника года
65748000,65534000,2025,1996.0,версия справочника года
65750000,65522000,2025,2001.0,версия справочника года
65751000,65513000,2025,2000.0,версия справочника года
65753000,65524000,2025,2004.0,версия справочника года
65754000,65545000,2025,2005.0,версия справочника года
65755000,65548000,2025,2009.0,версия справочника года
65756000,65549000,2025,2010.0,версия справочника года
65757000,65526000,2025,1980.0,версия справочника года
65758000,65528000,2025,2011.0,версия справочника года
65759000,65508000,2025,2027.0,версия справочника года
65760000,65760000,2025,2020.0,версия справочника года
65761000,65761000,2025,2026.0,версия справочника года
65762000,65535000,2025,1975.0,версия справочника года
65763000,65763000,2025,1976.0,версия справочника года
65764000,65523000,2025,1984.0,версия справочника года
65766000,65527000,2025,2038.0,версия справочника года
65769000,65536000,2025,2016.0,версия справочника года
65771000,65537000,2025,2015.0,версия справочника года
66503000,66503000,2025,,не привязано
66505000,66505000,2025,,не привязано
66508000,66508000,2025,,не привязано
66509000,66509000,2025,,не привязано
66511000,66511000,2025,,не привязано
66514000,66514000,2025,,не привязано
66516000,66516000,2025,,не привязано
66519000,66519000,2025,,не привязано
66521000,66521000,2025,,не привязано
66523000,66523000,2025,,не привязано
66524000,66524000,2025,,не привязано
66527000,66527000,2025,,не привязано
66530000,66530000,2025,,не привязано
66533000,66533000,2025,,не привязано
66536000,66536000,2025,,не привязано
66538000,66538000,2025,,не привязано
66541000,66541000,2025,,не привязано
66544000,66544000,2025,,не привязано
66546000,66546000,2025,,не привязано
66548000,66548000,2025,,не привязано
66550000,66550000,2025,,не привязано
66552000,66552000,2025,,не привязано
66554000,66554000,2025,,не привязано
66556000,66556000,2025,,не привязано
66558000,66558000,2025,,не привязано
66701000,66701000,2025,2044.0,версия справочника года
66710000,66710000,2025,2045.0,версия справочника года
67302000,67302000,2025,2608.0,версия справочника года
67304000,67304000,2025,2609.0,версия справочника года
67306000,67306000,2025,2610.0,версия справочника года
67308000,67308000,2025,2611.0,версия справочника года
67310000,67310000,2025,2612.0,версия справочника года
67312000,67312000,2025,2613.0,версия справочника года
67314000,67314000,2025,2614.0,версия справочника года
67316000,67316000,2025,2615.0,версия справочника года
67318000,67318000,2025,2616.0,версия справочника года
67320000,67320000,2025,2617.0,версия справочника года
68502000,68502000,2025,2078.0,версия справочника года
68503000,68503000,2025,2079.0,версия справочника года
68504000,68504000,2025,2080.0,версия справочника года
68506000,68506000,2025,2081.0,версия справочника года
68508000,68508000,2025,2082.0,версия справочника года
68510000,68510000,2025,2083.0,версия справочника года
68512000,68512000,2025,2084.0,версия справочника года
68514000,68514000,2025,2085.0,версия справочника года
68516000,68516000,2025,2086.0,версия справочника года
68518000,68518000,2025,2087.0,версия справочника года
68520000,68520000,2025,2088.0,версия справочника года
68522000,68522000,2025,2089.0,версия справочника года
68524000,68524000,2025,2090.0,версия справочника года
68526000,68526000,2025,2091.0,версия справочника года
68528000,68528000,2025,2092.0,версия справочника года
68530000,68530000,2025,2093.0,версия справочника года
68532000,68532000,2025,2094.0,версия справочника года
68534000,68534000,2025,2095.0,версия справочника года
68536000,68536000,2025,2096.0,версия справочника года
68540000,68540000,2025,3010.0,версия справочника года
68542000,68542000,2025,2098.0,версия справочника года
68544000,68544000,2025,2099.0,версия справочника года
68546000,68546000,2025,2100.0,версия справочника года
68701000,68701000,2025,3009.0,версия справочника года
68705000,68705000,2025,2072.0,версия справочника года
68710000,68710000,2025,2073.0,версия справочника года
68715000,68715000,2025,2074.0,версия справочника года
68720000,68720000,2025,2075.0,версия справочника года
68725000,68725000,2025,2076.0,версия справочника года
68730000,68730000,2025,2077.0,версия справочника года
69604000,69604000,2025,2148.0,версия справочника года
69608000,69608000,2025,2149.0,версия справочника года
69612000,69612000,2025,2150.0,версия справочника года
69616000,69616000,2025,2151.0,версия справочника года
69620000,69620000,2025,2152.0,версия справочника года
69624000,69624000,2025,2153.0,версия справочника года
69628000,69628000,2025,2154.0,версия справочника года
69632000,69632000,2025,2155.0,версия справочника года
69636000,69636000,2025,2156.0,версия справочника года
69640000,69640000,2025,2157.0,версия справочника года
69644000,69644000,2025,2158.0,версия справочника года
69648000,69648000,2025,2159.0,версия справочника года
69652000,69652000,2025,2160.0,версия справочника года
69654000,69654000,2025,2161.0,версия справочника года
69656000,69656000,2025,2162.0,версия справочника года
69658000,69658000,2025,2163.0,версия справочника года
69701000,69701000,2025,2144.0,версия справочника года
69707000,69707000,2025,2145.0,версия справочника года
69710000,69710000,2025,2146.0,версия справочника года
70604000,70604000,2025,2171.0,версия справочника года
70606000,70606000,2025,2172.0,версия справочника года
70608000,70608000,2025,2173.0,версия справочника года
70612000,70612000,2025,2174.0,версия справочника года
70616000,70616000,2025,2175.0,версия справочника года
70618000,70618000,2025,2176.0,версия справочника года
70622000,70622000,2025,2177.0,версия справочника года
70624000,70624000,2025,2178.0,версия справочника года
70626000,70626000,2025,2179.0,версия справочника года
70628000,70628000,2025,2180.0,версия справочника года
70630000,70630000,2025,2181.0,версия справочника года
70636000,70636000,2025,2182.0,версия справочника года
70638000,70638000,2025,2183.0,версия справочника года
70640000,70640000,2025,2184.0,версия справочника года
70642000,70642000,2025,2185.0,версия справочника года
70644000,70644000,2025,2186.0,версия справочника года
70646000,70646000,2025,2187.0,версия справочника года
70648000,70648000,2025,2188.0,версия справочника года
70650000,70650000,2025,2189.0,версия справочника года
70701000,70701000,2025,2164.0,версия справочника года
70702000,70702000,2025,2166.0,версия справочника года
70706000,70706000,2025,2165.0,версия справочника года
70712000,70712000,2025,2167.0,версия справочника года
70714000,70714000,2025,2168.0,версия справочника года
70724000,70724000,2025,2169.0,версия справочника года
70730000,70730000,2025,2170.0,версия справочника года
71518000,71518000,2025,,не привязано
71522000,71522000,2025,,не привязано
71603000,71603000,2025,2195.0,версия справочника года
71605000,71605000,2025,2196.0,версия справочника года
71607000,71607000,2025,2197.0,версия справочника года
71610000,71610000,2025,2198.0,версия справочника года
71613000,71613000,2025,2199.0,версия справочника года
71615000,71615000,2025,2200.0,версия справочника года
71624000,71624000,2025,2202.0,версия справочника года
71626000,71626000,2025,2203.0,версия справочника года
71630000,71630000,2025,2204.0,версия справочника года
71632000,71632000,2025,2205.0,версия справочника года
71634000,71634000,2025,2206.0,версия справочника года
71636000,71636000,2025,2207.0,версия справочника года
71638000,71638000,2025,2208.0,версия справочника года
71642000,71642000,2025,2209.0,версия справочника года
71644000,71644000,2025,2210.0,версия справочника года
71648000,71648000,2025,2211.0,версия справочника года
71650000,71650000,2025,2212.0,версия справочника года
71653000,71653000,2025,2213.0,версия справочника года
71656000,71656000,2025,2214.0,версия справочника года
71658000,71658000,2025,2215.0,версия справочника года
71701000,71701000,2025,2190.0,версия справочника года
71705000,71705000,2025,2192.0,версия справочника года
71710000,71710000,2025,2193.0,версия справочника года
71715000,71715000,2025,2194.0,версия справочника года
71811000,71811000,2025,2229.0,версия справочника года
71812000,71812000,2025,2230.0,версия справочника года
71816000,71816000,2025,2231.0,версия справочника года
71818000,71818000,2025,2232.0,версия справочника года
71819000,71819000,2025,2233.0,версия справочника года
71821000,71821000,2025,2234.0,версия справочника года
71824000,71824000,2025,2235.0,версия справочника года
71826000,71826000,2025,2236.0,версия справочника года
71829000,71829000,2025,2237.0,версия справочника года
71871000,71871000,2025,2216.0,версия справочника года
71872000,71872000,2025,2218.0,версия справочника года
71873000,71873000,2025,2219.0,версия справочника года
71874000,71874000,2025,2220.0,версия справочника года
71875000,71875000,2025,2221.0,версия справочника года
71876000,71876000,2025,2226.0,версия справочника года
71877000,71877000,2025,2225.0,версия справочника года
71878000,71878000,2025,2227.0,версия справочника года
71879000,71879000,2025,2222.0,версия справочника года
71883000,71883000,2025,2217.0,версия справочника года
71884000,71884000,2025,2223.0,версия справочника года
71885000,71885000,2025,2224.0,версия справочника года
71887000,71887000,2025,2228.0,версия справочника года
71933000,71933000,2025,2244.0,версия справочника года
71936000,71936000,2025,2245.0,версия справочника года
71938000,71938000,2025,2872.0,версия справочника года
71940000,71940000,2025,2882.0,версия справочника года
71943000,71943000,2025,2248.0,версия справочника года
71946000,71946000,2025,2249.0,версия справочника года
71948000,71948000,2025,2250.0,версия справочника года
71951000,71951000,2025,2238.0,версия справочника года
71952000,71952000,2025,2879.0,версия справочника года
71953000,71953000,2025,2880.0,версия справочника года
71955000,71955000,2025,2241.0,версия справочника года
71956000,71956000,2025,2242.0,версия справочника года
71958000,71958000,2025,2243.0,версия справочника года
73602000,73602000,2025,2254.0,версия справочника года
73604000,73604000,2025,2255.0,версия справочника года
73607000,73607000,2025,2256.0,версия справочника года
73610000,73610000,2025,2257.0,версия справочника года
73614000,73614000,2025,2258.0,версия справочника года
73616000,73616000,2025,2259.0,версия справочника года
73620000,73620000,2025,2260.0,версия справочника года
73622000,73622000,2025,2261.0,версия справочника года
73625000,73625000,2025,2262.0,версия справочника года
73627000,73627000,2025,2263.0,версия справочника года
73629000,73629000,2025,2264.0,версия справочника года
73632000,73632000,2025,2265.0,версия справочника года
73634000,73634000,2025,2266.0,версия справочника года
73636000,73636000,2025,2267.0,версия справочника года
73639000,73639000,2025,2268.0,версия справочника года
73642000,73642000,2025,2269.0,версия справочника года
73644000,73644000,2025,2270.0,версия справочника года
73648000,73648000,2025,2271.0,версия справочника года
73652000,73652000,2025,2272.0,версия справочника года
73654000,73654000,2025,2273.0,версия справочника года
73656000,73656000,2025,2274.0,версия справочника года
73701000,73701000,2025,2251.0,версия справочника года
73705000,73705000,2025,2252.0,версия справочника года
73715000,73715000,2025,2253.0,версия справочника года
75533000,75533000,2025,2303.0,версия справочника года
75544000,75544000,2025,,не привязано
75548000,75548000,2025,,не привязано
75549000,75549000,2025,,не привязано
75603000,75603000,2025,2291.0,версия справочника года
75606000,75606000,2025,2292.0,версия справочника года
75609000,75609000,2025,2293.0,версия справочника года
75612000,75612000,2025,2294.0,версия справочника года
75614000,75614000,2025,2295.0,версия справочника года
75617000,75617000,2025,2296.0,версия справочника года
75619000,75619000,2025,2297.0,версия справочника года
75620000,75620000,2025,2298.0,версия справочника года
75623000,75623000,2025,2299.0,версия справочника года
75626000,75626000,2025,2300.0,версия справочника года
75629000,75629000,2025,2301.0,версия справочника года
75632000,75632000,2025,2302.0,версия справочника года
75634000,75634000,2025,2304.0,версия справочника года
75636000,75636000,2025,2305.0,версия справочника года
75638000,75638000,2025,3012.0,версия справочника года
75642000,75642000,2025,2307.0,версия справочника года
75647000,75647000,2025,2309.0,версия справочника года
75652000,75652000,2025,2312.0,версия справочника года
75654000,75654000,2025,2313.0,версия справочника года
75655000,75655000,2025,2314.0,версия справочника года
75656000,75656000,2025,2315.0,версия справочника года
75657000,75657000,2025,2316.0,версия справочника года
75659000,75659000,2025,2317.0,версия справочника года
75701000,75701000,2025,2275.0,версия справочника года
75706000,75706000,2025,2276.0,версия справочника года
75712000,75712000,2025,3011.0,версия справочника года
75715000,75715000,2025,2278.0,версия справочника года
75728000,75728000,2025,2279.0,версия справочника года
75734000,75734000,2025,2280.0,версия справочника года
75738000,75738000,2025,2281.0,версия справочника года
75742000,75742000,2025,2282.0,версия справочника года
75752000,75752000,2025,2286.0,версия справочника года
75755000,75755000,2025,2287.0,версия справочника года
75758000,75758000,2025,2288.0,версия справочника года
75759000,75759000,2025,2290.0,версия справочника года
75764000,75764000,2025,2289.0,версия справочника года
76503000,76503000,2025,,не привязано
76504000,76504000,2025,,не привязано
76506000,76506000,2025,,не привязано
76510000,76510000,2025,580.0,версия справочника года
76512000,76512000,2025,,не привязано
76515000,76515000,2025,582.0,версия справочника года
76518000,76518000,2025,583.0,версия справочника года
76521000,76521000,2025,,не привязано
76526000,76526000,2025,588.0,версия справочника года
76530000,76530000,2025,,не привязано
76534000,76534000,2025,592.0,версия справочника года
76536000,76536000,2025,,не привязано
76538000,76538000,2025,594.0,версия справочника года
76544000,76544000,2025,,не привязано
76546000,76546000,2025,,не привязано
76552000,76552000,2025,,не привязано
76602000,76602000,2025,605.0,версия справочника года
76609000,76609000,2025,579.0,версия справочника года
76611000,76611000,2025,606.0,версия справочника года
76620000,76620000,2025,584.0,версия справочника года
76622000,76622000,2025,586.0,версия справочника года
76624000,76624000,2025,587.0,версия справочника года
76625000,76625000,2025,607.0,версия справочника года
76628000,76628000,2025,589.0,версия справочника года
76632000,76632000,2025,591.0,версия справочника года
76640000,76640000,2025,595.0,версия справочника года
76642000,76642000,2025,596.0,версия справочника года
76647000,76647000,2025,599.0,версия справочника года
76648000,76648000,2025,600.0,версия справочника года
76650000,76650000,2025,601.0,версия справочника года
76654000,76654000,2025,603.0,версия справочника года
76701000,76701000,2025,573.0,версия справочника года
76702000,76702000,2025,604.0,версия справочника года
77505000,77505000,2025,,не привязано
77510000,77510000,2025,,не привязано
77515000,77515000,2025,,не привязано
77603000,77603000,2025,2348.0,версия справочника года
77609000,77609000,2025,2349.0,версия справочника года
77633000,77633000,2025,2350.0,версия справочника года
77701000,77701000,2025,2344.0,версия справочника года
78603000,78603000,2025,2321.0,версия справочника года
78606000,78606000,2025,2322.0,версия справочника года
78609000,78609000,2025,2323.0,версия справочника года
78612000,78612000,2025,2324.0,версия справочника года
78615000,78615000,2025,2325.0,версия справочника года
78618000,78618000,2025,2326.0,версия справочника года
78621000,78621000,2025,2327.0,версия справочника года
78623000,78623000,2025,2328.0,версия справочника года
78626000,78626000,2025,2329.0,версия справочника года
78629000,78629000,2025,2330.0,версия справочника года
78634000,78634000,2025,2332.0,версия справочника года
78637000,78637000,2025,2333.0,версия справочника года
78640000,78640000,2025,2334.0,версия справочника года
78643000,78643000,2025,2335.0,версия справочника года
78646000,78646000,2025,2336.0,версия справочника года
78650000,78650000,2025,2337.0,версия справочника года
78701000,78701000,2025,2318.0,версия справочника года
78715000,78715000,2025,2320.0,версия справочника года
79600000,CD,2025,,не привязано
79605000,79605000,2025,3.0,версия справочника года
79615000,79615000,2025,4.0,версия справочника года
79618000,79618000,2025,5.0,версия справочника года
79622000,79622000,2025,6.0,версия справочника года
79630000,79630000,2025,7.0,версия справочника года
79633000,79633000,2025,8.0,версия справочника года
79640000,79640000,2025,9.0,версия справочника года
79700000,CD,2025,,не привязано
79701000,79701000,2025,1.0,версия справочника года
79703000,79703000,2025,2.0,версия справочника года
80601000,80601000,2025,30.0,версия справочника года
80602000,80602000,2025,31.0,версия справочника года
80603000,80603000,2025,32.0,версия справочника года
80604000,80604000,2025,33.0,версия справочника года
80605000,80605000,2025,34.0,версия справочника года
80606000,80606000,2025,35.0,версия справочника года
80607000,80607000,2025,36.0,версия справочника года
80608000,80608000,2025,37.0,версия справочника года
80609000,80609000,2025,38.0,версия справочника года
80610000,80610000,2025,39.0,версия справочника года
80611000,80611000,2025,40.0,версия справочника года
80612000,80612000,2025,41.0,версия справочника года
80613000,80613000,2025,42.0,версия справочника года
80614000,80614000,2025,43.0,версия справочника года
80615000,80615000,2025,44.0,версия справочника года
80617000,80617000,2025,45.0,версия справочника года
80618000,80618000,2025,46.0,версия справочника года
80619000,80619000,2025,47.0,версия справочника года
80621000,80621000,2025,48.0,версия справочника года
80622000,80622000,2025,49.0,версия справочника года
80623000,80623000,2025,50.0,версия справочника года
80624000,80624000,2025,51.0,версия справочника года
80625000,80625000,2025,52.0,версия справочника года
80626000,80626000,2025,53.0,версия справочника года
80627000,80627000,2025,54.0,версия справочника года
80628000,80628000,2025,55.0,версия справочника года
80630000,80630000,2025,56.0,версия справочника года
80631000,80631000,2025,57.0,версия справочника года
80633000,80633000,2025,58.0,версия справочника года
80634000,80634000,2025,59.0,версия справочника года
80635000,80635000,2025,60.0,версия справочника года
80636000,80636000,2025,61.0,версия справочника года
80637000,80637000,2025,62.0,версия справочника года
80638000,80638000,2025,63.0,версия справочника года
80639000,80639000,2025,64.0,версия справочника года
80640000,80640000,2025,65.0,версия справочника года
80641000,80641000,2025,66.0,версия справочника года
80642000,80642000,2025,67.0,версия справочника года
80643000,80643000,2025,68.0,версия справочника года
80644000,80644000,2025,69.0,версия справочника года
80645000,80645000,2025,70.0,версия справочника года
80647000,80647000,2025,71.0,версия справочника года
80648000,80648000,2025,72.0,версия справочника года
80649000,80649000,2025,73.0,версия справочника года
80650000,80650000,2025,74.0,версия справочника года
80651000,80651000,2025,75.0,версия справочника года
80652000,80652000,2025,76.0,версия справочника года
80653000,80653000,2025,77.0,версия справочника года
80654000,80654000,2025,78.0,версия справочника года
80655000,80655000,2025,79.0,версия справочника года
80656000,80656000,2025,80.0,версия справочника года
80657000,80657000,2025,81.0,версия справочника года
80658000,80658000,2025,82.0,версия справочника года
80659000,80659000,2025,83.0,версия справочника года
80701000,80701000,2025,21.0,версия справочника года
80703000,80703000,2025,22.0,версия справочника года
80723000,80723000,2025,23.0,версия справочника года
80727000,80727000,2025,25.0,версия справочника года
80735000,80735000,2025,26.0,версия справочника года
80739000,80739000,2025,27.0,версия справочника года
80743000,80743000,2025,28.0,версия справочника года
80745000,80745000,2025,29.0,версия справочника года
83610000,83610000,2025,170.0,версия справочника года
83615000,83615000,2025,171.0,версия справочника года
83618000,83618000,2025,172.0,версия справочника года
83620000,83620000,2025,173.0,версия справочника года
83625000,83625000,2025,174.0,версия справочника года
83630000,83630000,2025,175.0,версия справочника года
83635000,83635000,2025,176.0,версия справочника года
83640000,83640000,2025,177.0,версия справочника года
83645000,83645000,2025,178.0,версия справочника года
83648000,83648000,2025,179.0,версия справочника года
83701000,83701000,2025,167.0,версия справочника года
83703000,83703000,2025,168.0,версия справочника года
83710000,83710000,2025,169.0,версия справочника года
84610000,84610000,2025,11.0,версия справочника года
84615000,84615000,2025,12.0,версия справочника года
84620000,84620000,2025,13.0,версия справочника года
84625000,84625000,2025,14.0,версия справочника года
84630000,84630000,2025,15.0,версия справочника года
84635000,84635000,2025,16.0,версия справочника года
84640000,84640000,2025,17.0,версия справочника года
84643000,84643000,2025,18.0,версия справочника года
84645000,84645000,2025,19.0,версия справочника года
84650000,84650000,2025,20.0,версия справочника года
84701000,84701000,2025,10.0,версия справочника года
85605000,85605000,2025,181.0,версия справочника года
85610000,85610000,2025,182.0,версия справочника года
85615000,85615000,2025,184.0,версия справочника года
85620000,85620000,2025,185.0,версия справочника года
85623000,85623000,2025,186.0,версия справочника года
85625000,85625000,2025,183.0,версия справочника года
85628000,85628000,2025,187.0,версия справочника года
85632000,85632000,2025,188.0,версия справочника года
85637000,85637000,2025,189.0,версия справочника года
85642000,85642000,2025,190.0,версия справочника года
85646000,85646000,2025,191.0,версия справочника года
85650000,85650000,2025,192.0,версия справочника года
85654000,85654000,2025,193.0,версия справочника года
85701000,85701000,2025,180.0,версия справочника года
86504000,86504000,2025,208.0,версия справочника года
86510000,86510000,2025,,не привязано
86533000,86533000,2025,217.0,версия справочника года
86545000,86545000,2025,221.0,версия справочника года
86550000,86550000,2025,223.0,версия справочника года
86609000,86609000,2025,209.0,версия справочника года
86612000,86612000,2025,210.0,версия справочника года
86615000,86615000,2025,211.0,версия справочника года
86618000,86618000,2025,212.0,версия справочника года
86621000,86621000,2025,213.0,версия справочника года
86624000,86624000,2025,214.0,версия справочника года
86627000,86627000,2025,215.0,версия справочника года
86630000,86630000,2025,216.0,версия справочника года
86636000,86636000,2025,218.0,версия справочника года
86639000,86639000,2025,219.0,версия справочника года
86642000,86642000,2025,220.0,версия справочника года
86701000,86701000,2025,206.0,версия справочника года
86706000,86706000,2025,207.0,версия справочника года
87508000,87508000,2025,,не привязано
87510000,87510000,2025,,не привязано
87512000,87512000,2025,226.0,версия справочника года
87515000,87515000,2025,,не привязано
87523000,87523000,2025,228.0,версия справочника года
87525000,87525000,2025,,не привязано
87604000,87604000,2025,230.0,версия справочника года
87612000,87612000,2025,232.0,версия справочника года
87616000,87616000,2025,233.0,версия справочника года
87620000,87620000,2025,234.0,версия справочника года
87624000,87624000,2025,235.0,версия справочника года
87626000,87626000,2025,236.0,версия справочника года
87628000,87628000,2025,237.0,версия справочника года
87632000,87632000,2025,238.0,версия справочника года
87636000,87636000,2025,239.0,версия справочника года
87640000,87640000,2025,240.0,версия справочника года
87644000,87644000,2025,241.0,версия справочника года
87648000,87648000,2025,242.0,версия справочника года
87652000,87652000,2025,243.0,версия справочника года
87701000,87701000,2025,224.0,версия справочника года
88604000,88604000,2025,272.0,версия справочника года
88608000,88608000,2025,273.0,версия справочника года
88612000,88612000,2025,274.0,версия справочника года
88620000,88620000,2025,276.0,версия справочника года
88624000,88624000,2025,277.0,версия справочника года
88628000,88628000,2025,278.0,версия справочника года
88632000,88632000,2025,279.0,версия справочника года
88636000,88636000,2025,280.0,версия справочника года
88640000,88640000,2025,281.0,версия справочника года
88644000,88644000,2025,282.0,версия справочника года
88648000,88648000,2025,283.0,версия справочника года
88652000,88652000,2025,284.0,версия справочника года
88656000,88656000,2025,285.0,версия справочника года
88701000,88701000,2025,269.0,версия справочника года
88705000,88705000,2025,270.0,версия справочника года
88715000,88715000,2025,271.0,версия справочника года
89701000,89701000,2025,286.0,версия справочника года
91601000,91601000,2025,196.0,версия справочника года
91603000,91603000,2025,197.0,версия справочника года
91610000,91610000,2025,198.0,версия справочника года
91615000,91615000,2025,199.0,версия справочника года
91620000,91620000,2025,200.0,версия справочника года
91623000,91623000,2025,201.0,версия справочника года
91625000,91625000,2025,202.0,версия справочника года
91630000,91630000,2025,203.0,версия справочника года
91635000,91635000,2025,204.0,версия справочника года
91640000,91640000,2025,205.0,версия справочника года
91701000,91701000,2025,194.0,версия справочника года
91705000,91705000,2025,195.0,версия справочника года
92601000,92601000,2025,356.0,версия справочника года
92602000,92602000,2025,357.0,версия справочника года
92604000,92604000,2025,358.0,версия справочника года
92605000,92605000,2025,359.0,версия справочника года
92606000,92606000,2025,360.0,версия справочника года
92607000,92607000,2025,361.0,версия справочника года
92608000,92608000,2025,362.0,версия справочника года
92610000,92610000,2025,363.0,версия справочника года
92612000,92612000,2025,364.0,версия справочника года
92613000,92613000,2025,365.0,версия справочника года
92614000,92614000,2025,366.0,версия справочника года
92615000,92615000,2025,367.0,версия справочника года
92617000,92617000,2025,368.0,версия справочника года
92618000,92618000,2025,369.0,версия справочника года
92620000,92620000,2025,370.0,версия справочника года
92622000,92622000,2025,371.0,версия справочника года
92624000,92624000,2025,372.0,версия справочника года
92626000,92626000,2025,373.0,версия справочника года
92627000,92627000,2025,374.0,версия справочника года
92628000,92628000,2025,375.0,версия справочника года
92629000,92629000,2025,376.0,версия справочника года
92630000,92630000,2025,377.0,версия справочника года
92632000,92632000,2025,392.0,версия справочника года
92633000,92633000,2025,378.0,версия справочника года
92634000,92634000,2025,379.0,версия справочника года
92636000,92636000,2025,380.0,версия справочника года
92638000,92638000,2025,381.0,версия справочника года
92639000,92639000,2025,382.0,версия справочника года
92640000,92640000,2025,383.0,версия справочника года
92642000,92642000,2025,384.0,версия справочника года
92644000,92644000,2025,385.0,версия справочника года
92645000,92645000,2025,386.0,версия справочника года
92646000,92646000,2025,387.0,версия справочника года
92648000,92648000,2025,388.0,версия справочника года
92650000,92650000,2025,389.0,версия справочника года
92652000,92652000,2025,390.0,версия справочника года
92653000,92653000,2025,391.0,версия справочника года
92654000,92654000,2025,398.0,версия справочника года
92655000,92655000,2025,393.0,версия справочника года
92656000,92656000,2025,395.0,версия справочника года
92657000,92657000,2025,394.0,версия справочника года
92658000,92658000,2025,396.0,версия справочника года
92659000,92659000,2025,397.0,версия справочника года
92701000,92701000,2025,354.0,версия справочника года
92730000,92730000,2025,355.0,версия справочника года
93605000,93605000,2025,401.0,версия справочника года
93610000,93610000,2025,402.0,версия справочника года
93615000,93615000,2025,403.0,версия справочника года
93620000,93620000,2025,404.0,версия справочника года
93622000,93622000,2025,405.0,версия справочника года
93625000,93625000,2025,406.0,версия справочника года
93630000,93630000,2025,407.0,версия справочника года
93635000,93635000,2025,408.0,версия справочника года
93638000,93638000,2025,409.0,версия справочника года
93640000,93640000,2025,410.0,версия справочника года
93643000,93643000,2025,411.0,версия справочника года
93645000,93645000,2025,412.0,версия справочника года
93650000,93650000,2025,413.0,версия справочника года
93654000,93654000,2025,414.0,версия справочника года
93656000,93656000,2025,415.0,версия справочника года
93657000,93657000,2025,416.0,версия справочника года
93658000,93658000,2025,417.0,версия справочника года
93701000,93701000,2025,399.0,версия справочника года
93703000,93703000,2025,400.0,версия справочника года
94502000,94502000,2025,423.0,версия справочника года
94504000,94504000,2025,424.0,версия справочника года
94506000,94506000,2025,425.0,версия справочника года
94508000,94508000,2025,426.0,версия справочника года
94510000,94510000,2025,427.0,версия справочника года
94512000,94512000,2025,428.0,версия справочника года
94514000,94514000,2025,429.0,версия справочника года
94516000,94516000,2025,430.0,версия справочника года
94518000,94518000,2025,431.0,версия справочника года
94520000,94520000,2025,432.0,версия справочника года
94522000,94522000,2025,433.0,версия справочника года
94524000,94524000,2025,434.0,версия справочника года
94526000,94526000,2025,435.0,версия справочника года
94528000,94528000,2025,436.0,версия справочника года
94530000,94530000,2025,437.0,версия справочника года
94533000,94533000,2025,438.0,версия справочника года
94535000,94535000,2025,439.0,версия справочника года
94537000,94537000,2025,440.0,версия справочника года
94539000,94539000,2025,441.0,версия справочника года
94541000,94541000,2025,442.0,версия справочника года
94544000,94544000,2025,443.0,версия справочника года
94546000,94546000,2025,444.0,версия справочника года
94548000,94548000,2025,445.0,версия справочника года
94550000,94550000,2025,446.0,версия справочника года
94552000,94552000,2025,447.0,версия справочника года
94701000,94701000,2025,418.0,версия справочника года
94710000,94710000,2025,419.0,версия справочника года
94720000,94720000,2025,420.0,версия справочника года
94730000,94730000,2025,421.0,версия справочника года
94740000,94740000,2025,422.0,версия справочника года
95605000,95605000,2025,453.0,версия справочника года
95608000,95608000,2025,454.0,версия справочника года
95612000,95612000,2025,455.0,версия справочника года
95615000,95615000,2025,456.0,версия справочника года
95620000,95620000,2025,457.0,версия справочника года
95625000,95625000,2025,458.0,версия справочника года
95630000,95630000,2025,459.0,версия справочника года
95635000,95635000,2025,460.0,версия справочника года
95701000,95701000,2025,448.0,версия справочника года
95702000,95702000,2025,449.0,версия справочника года
95708000,95708000,2025,450.0,версия справочника года
95709000,95709000,2025,451.0,версия справочника года
95715000,95715000,2025,452.0,версия справочника года
96602000,96602000,2025,463.0,версия справочника года
96604000,96604000,2025,464.0,версия справочника года
96607000,96607000,2025,465.0,версия справочника года
96610000,96610000,2025,466.0,версия справочника года
96611000,96611000,2025,467.0,версия справочника года
96612000,96612000,2025,468.0,версия справочника года
96616000,96616000,2025,469.0,версия справочника года
96622000,96622000,2025,470.0,версия справочника года
96625000,96625000,2025,471.0,версия справочника года
96628000,96628000,2025,472.0,версия справочника года
96631000,96631000,2025,473.0,версия справочника года
96634000,96634000,2025,474.0,версия справочника года
96637000,96637000,2025,475.0,версия справочника года
96640000,96640000,2025,476.0,версия справочника года
96691000,96691000,2025,477.0,версия справочника года
96701000,96701000,2025,461.0,версия справочника года
96702000,96702000,2025,462.0,версия справочника года
97503000,97503000,2025,483.0,версия справочника года
97505000,97505000,2025,484.0,версия справочника года
97507000,97507000,2025,485.0,версия справочника года
97510000,97510000,2025,486.0,версия справочника года
97513000,97513000,2025,487.0,версия справочника года
97516000,97516000,2025,488.0,версия справочника года
97519000,97519000,2025,489.0,версия справочника года
97521000,97521000,2025,490.0,версия справочника года
97524000,97524000,2025,491.0,версия справочника года
97526000,97526000,2025,492.0,версия справочника года
97529000,97529000,2025,493.0,версия справочника года
97532000,97532000,2025,494.0,версия справочника года
97535000,97535000,2025,495.0,версия справочника года
97538000,97538000,2025,496.0,версия справочника года
97541000,97541000,2025,497.0,версия справочника года
97544000,97544000,2025,498.0,версия справочника года
97547000,97547000,2025,499.0,версия справочника года
97550000,97550000,2025,500.0,версия справочника года
97553000,97553000,2025,501.0,версия справочника года
97555000,97555000,2025,502.0,версия справочника года
97558000,97558000,2025,503.0,версия справочника года
97701000,97701000,2025,478.0,версия справочника года
97704000,97704000,2025,479.0,версия справочника года
97707000,97707000,2025,480.0,версия справочника года
97710000,97710000,2025,481.0,версия справочника года
97713000,97713000,2025,482.0,версия справочника года
98601000,98601000,2025,311.0,версия справочника года
98603000,98603000,2025,312.0,версия справочника года
98604000,98604000,2025,337.0,версия справочника года
98606000,98606000,2025,313.0,версия справочника года
98608000,98608000,2025,314.0,версия справочника года
98610000,98610000,2025,315.0,версия справочника года
98612000,98612000,2025,316.0,версия справочника года
98614000,98614000,2025,317.0,версия справочника года
98615000,98615000,2025,318.0,версия справочника года
98616000,98616000,2025,319.0,версия справочника года
98618000,98618000,2025,320.0,версия справочника года
98620000,98620000,2025,321.0,версия справочника года
98622000,98622000,2025,322.0,версия справочника года
98624000,98624000,2025,323.0,версия справочника года
98626000,98626000,2025,324.0,версия справочника года
98627000,98627000,2025,325.0,версия справочника года
98629000,98629000,2025,326.0,версия справочника года
98631000,98631000,2025,327.0,версия справочника года
98633000,98633000,2025,328.0,версия справочника года
98635000,98635000,2025,329.0,версия справочника года
98637000,98637000,2025,331.0,версия справочника года
98639000,98639000,2025,332.0,версия справочника года
98641000,98641000,2025,333.0,версия справочника года
98642000,98642000,2025,334.0,версия справочника года
98644000,98644000,2025,342.0,версия справочника года
98646000,98646000,2025,335.0,версия справочника года
98648000,98648000,2025,336.0,версия справочника года
98650000,98650000,2025,338.0,версия справочника года
98652000,98652000,2025,339.0,версия справочника года
98654000,98654000,2025,340.0,версия справочника года
98656000,98656000,2025,341.0,версия справочника года
98658000,98658000,2025,343.0,версия справочника года
98659000,98659000,2025,344.0,версия справочника года
98660000,98660000,2025,330.0,версия справочника года
98701000,98701000,2025,309.0,версия справочника года
98702000,98702000,2025,310.0,версия справочника года
99605000,99605000,2025,2339.0,версия справочника года
99610000,99610000,2025,2340.0,версия справочника года
99620000,99620000,2025,2341.0,версия справочника года
99625000,99625000,2025,2342.0,версия справочника года
99630000,99630000,2025,2343.0,версия справочника года
99701000,99701000,2025,2338.0,версия справочника года
04645000,04545000,2021,713.0,ОКТМО из другой версии
04658000,04558000,2021,724.0,ОКТМО из другой версии
15622000,15502000,2021,966.0,ОКТМО из другой версии
15750000,15501000,2021,958.0,ОКТМО из другой версии
79600000,CD,2021,,не привязано
79700000,CD,2021,,не привязано
92700000,CD,2021,,не привязано
26700000,CD,2022,,не привязано
82700000,CD,2022,,не привязано
19700000,CD,2023,,не привязано
26700000,CD,2023,,не привязано
61700000,CD,2023,,не привязано
63700000,CD,2023,,не привязано
82700000,CD,2023,,не привязано
19700000,CD,2024,,не привязано
26700000,CD,2024,,не привязано
63700000,CD,2024,,не привязано
82700000,CD,2024,,не привязано
04545000,04545000,2025,713.0,версия справочника года
04555000,04555000,2025,721.0,версия справочника года
04558000,04558000,2025,724.0,версия справочника года
12701000,12701000,2025,918.0,версия справочника года
19500000,CD,2025,,не привязано
19600000,CD,2025,,не привязано
19700000,CD,2025,,не привязано
63500000,CD,2025,,не привязано
63550000,63550000,2025,,не привязано
63644000,63644000,2025,1947.0,версия справочника года
63700000,CD,2025,,не привязано
65502000,65502000,2025,,не привязано
65503000,65503000,2025,,не привязано
65504000,65504000,2025,,не привязано
65505000,65505000,2025,,не привязано
65506000,65506000,2025,,не привязано
65507000,65507000,2025,,не привязано
65508000,65508000,2025,,не привязано
65509000,65509000,2025,,не привязано
65510000,65510000,2025,,не привязано
65511000,65511000,2025,,не привязано
65512000,65512000,2025,,не привязано
65513000,65513000,2025,,не привязано
65514000,65514000,2025,,не привязано
65515000,65515000,2025,,не привязано
65516000,65516000,2025,,не привязано
65517000,65517000,2025,,не привязано
65518000,65518000,2025,,не привязано
65519000,65519000,2025,,не привязано
65520000,65520000,2025,,не привязано
65521000,65521000,2025,,не привязано
65522000,65522000,2025,,не привязано
65523000,65523000,2025,,не привязано
65524000,65524000,2025,,не привязано
65525000,65525000,2025,,не привязано
65526000,65526000,2025,,не привязано
65527000,65527000,2025,,не привязано
65528000,65528000,2025,,не привязано
65529000,65529000,2025,,не привязано
65530000,65530000,2025,,не привязано
65531000,65531000,2025,,не привязано
65532000,65532000,2025,,не привязано
65533000,65533000,2025,,не привязано
65534000,65534000,2025,,не привязано
65535000,65535000,2025,,не привязано
65536000,65536000,2025,,не привязано
65537000,65537000,2025,,не привязано
65538000,65538000,2025,,не привязано
65539000,65539000,2025,,не привязано
65541000,65541000,2025,,не привязано
65543000,65543000,2025,,не привязано
65544000,65544000,2025,,не привязано
65545000,65545000,2025,,не привязано
65546000,65546000,2025,,не привязано
65547000,65547000,2025,,не привязано
65548000,65548000,2025,,не привязано
65549000,65549000,2025,,не привязано
65551000,65551000,2025,,не привязано
65552000,65552000,2025,,не привязано
65553000,65553000,2025,,не привязано
65554000,65554000,2025,,не привязано
65555000,65555000,2025,,не привязано
65556000,65556000,2025,,не привязано
65557000,65557000,2025,,не привязано
89603000,89603000,2025,287.0,версия справочника года
89605000,89605000,2025,288.0,версия справочника года
89607000,89607000,2025,289.0,версия справочника года
89610000,89610000,2025,290.0,версия справочника года
89613000,89613000,2025,291.0,версия справочника года
89616000,89616000,2025,292.0,версия справочника года
89618000,89618000,2025,293.0,версия справочника года
89621000,89621000,2025,294.0,версия справочника года
89624000,89624000,2025,295.0,версия справочника года
89626000,89626000,2025,296.0,версия справочника года
89628000,89628000,2025,297.0,версия справочника года
89629000,89629000,2025,298.0,версия справочника года
89631000,89631000,2025,299.0,версия справочника года
89634000,89634000,2025,300.0,версия справочника года
89637000,89637000,2025,301.0,версия справочника года
89640000,89640000,2025,302.0,версия справочника года
89643000,89643000,2025,303.0,версия справочника года
89646000,89646000,2025,304.0,версия справочника года
89649000,89649000,2025,305.0,версия справочника года
89651000,89651000,2025,306.0,версия справочника года
89654000,89654000,2025,307.0,версия справочника года
89657000,89657000,2025,308.0,версия справочника года
97700000,CD,2025,,не привязано
17700000,CD,2021,,не привязано
26700000,CD,2021,,не привязано
38700000,CD,2021,,не привязано
61700000,CD,2021,,не привязано
63700000,CD,2021,,не привязано
73700000,CD,2021,,не привязано
76700000,CD,2021,,не привязано
82700000,CD,2021,,не привязано
61700000,CD,2022,,не привязано
40300000,CD,2022,,не привязано
40300000,CD,2023,,не привязано
40300000,CD,2021,,не привязано
