territory_id,population,population_approx,employees,fund_thrub,wage,emp_rate,fund_pc,years_emp_pop,share_urban,urban_status,share_old,share_young,mig_rate,"emp_первичный (A, B)","emp_промышленность (C, D, E)",emp_строительство (F),"emp_рыночные услуги (G–N, R, S)","emp_госуправление, образование, здравоохранение (O, P, Q)",emp_не распределено,retail_per_1000,modern_retail_share,imputed_age
1,162345.0,False,35002.0,22209084.65,52916.45,0.21559867587640977,11402.867908383898,2,0.8524417275805501,наблюдается,0.24972927560084981,0.20511990052255213,-16.99856615558783,0.004385463687789269,0.15394834580881092,0.017013313524941433,0.25745671675904236,0.5671533055253986,4.285469401743569e-05,12.680673258217416,0.4154365800377875,False
2,15648.75,False,1606.0,830348.6499999999,43126.7,0.10262870163639204,4421.519214513447,2,0.8450588173533774,наблюдается,0.21657107123177183,0.1890213800995436,1.9231260565254777,0.0,0.0921544209215442,0.0,0.1765255292652553,0.6861768368617683,0.0451432129514322,15.919586170144342,0.40459855075781337,False
3,31853.0,False,5141.0,3113058.75,50406.45,0.1614013290586629,8145.560321035401,2,0.0,структурный ноль,0.24829875175867092,0.20314894060946131,3.70715863663972,0.046780781949037155,0.512935226609609,0.0025286909161641702,0.08899046878039292,0.3258120988134604,0.022952732931336373,16.435278289807197,0.602375784148055,False
4,30247.75,False,2877.5,1628456.0499999998,47110.899999999994,0.0951306654618832,4486.26734114559,2,0.0,структурный ноль,0.2364199713950032,0.2071910367190326,9.031907262184232,0.0,0.0,0.0,0.06116420503909644,0.6748913987836663,0.2639443961772372,6.942650151355042,0.7239378225487066,False
5,32006.25,False,3418.0,1851450.0,45172.45,0.1067908632810136,4820.872700180158,2,0.0,структурный ноль,0.2255828510836259,0.20079211347784665,3.9486827319265823,0.06553540081919251,0.17524868344060854,0.0,0.11732007021650087,0.5974253949678174,0.044470450555880614,8.525776698855024,0.6239645732705988,False
6,59087.0,False,4786.0,2567099.7,44741.9,0.08100159271030982,3620.1177087928318,2,0.0,структурный ноль,0.2641541686181514,0.18012863337306761,11.028268388679159,0.07365231926452152,0.038863351441704976,0.022565816966151276,0.1968240702047639,0.6464688675302968,0.021625574592561536,9.344092400359658,0.7141478807884994,False
7,130287.0,False,13826.5,11260847.9,67672.3,0.10610877935875918,7194.271630527324,2,0.650300718145944,наблюдается,0.17819891783134073,0.19425748041981672,31.350729167113553,0.023867211514121432,0.1667088561819694,0.016996347593389506,0.49669113658554226,0.2912161429139696,0.004520305211007769,7.859756499896335,0.5550329622372773,False
8,22242.5,False,4549.0,3568466.55,64583.1,0.20450756094964034,13367.572963724204,2,0.32518465135778435,наблюдается,0.21732392875884649,0.18813467276831403,6.221432522438611,0.04396570674873598,0.018685425368212796,0.03726093646955375,0.5889206418993186,0.28500769399868103,0.026159595515497847,8.716391997280061,0.6797339267472728,False
9,16257.25,False,1664.5,789059.05,39504.0,0.10238543343593978,4045.0206611412596,2,0.0,структурный ноль,0.23647846070240627,0.1912794879229301,9.327933444457264,0.04836287173325323,0.011715229798738359,0.028537098227696005,0.14448783418443978,0.6951036347251427,0.07179333133072996,6.397218358316003,0.9098994542703793,False
10,64455.25,False,16120.5,13022998.65,67355.2,0.25010227536011775,16843.77118256635,2,1.0,наблюдается,0.16699414567758392,0.2314520945532728,-7.761227808450588,0.006699544058807109,0.048478645203312555,0.007164790174002047,0.2521944108433361,0.6722496200490059,0.01321298967153628,11.267398782556784,0.1158450519294652,False
11,18627.0,False,2476.5,1887486.8,63575.899999999994,0.13295789945606862,8441.473595530255,2,0.0,структурный ноль,0.1111230489329881,0.3563344692605696,-2.9253988083590223,0.0,0.01756511205330103,0.0,0.1267918433272764,0.7976983646274984,0.0579446799919241,10.254218244352986,0.6427576186270647,False
12,30883.5,False,6695.5,5527311.95,68765.85,0.21679658450415842,14911.572366430635,2,0.0,структурный ноль,0.19143107757149852,0.23428039773767606,8.380160854672189,0.025016802329923083,0.09170338286909117,0.06153386602942275,0.3915316257187663,0.42618176387125684,0.004032559181539774,12.996373187570422,0.21724137931034485,False
13,14030.0,False,2377.5,1213473.35,42580.649999999994,0.1694573323095418,7207.921305695669,2,0.0,структурный ноль,0.21111774945064316,0.26561789276112674,-2.2120999905109593,0.03028391167192429,0.025867507886435333,0.0,0.08980021030494216,0.7188222923238696,0.13522607781282858,13.399860783979236,0.5611071092053694,False
14,10799.0,False,1944.5,1215358.7,52064.05,0.18007938646824073,9386.815374814423,2,0.0,структурный ноль,0.21831775966372235,0.26747469025100457,-12.162185779673743,0.0,0.0,0.0,0.108768320905117,0.6762663923887889,0.21496528670609405,19.784879370847246,0.5003132638191019,False
15,11916.75,False,1988.0,1379678.1,57826.1,0.16682598747476274,9643.938003984666,2,0.0,структурный ноль,0.12736107704012,0.34733452777407336,6.086435172328297,0.0,0.03873239436619718,0.0,0.10764587525150905,0.8204225352112676,0.03319919517102621,11.950660892457218,0.6711682197631528,False
16,14214.25,False,2105.0,1039182.45,41151.2,0.14809074782408962,6094.0029645191025,2,0.0,структурный ноль,0.17940346236770693,0.31271453994365495,-8.512400560087647,0.0,0.024465558194774348,0.0,0.09762470308788598,0.8520190023752969,0.025890736342042753,13.657235882169875,0.5805090831953219,False
17,15626.0,False,2523.0,1308939.6,43292.399999999994,0.16145791336879883,6982.064148844872,2,0.0,структурный ноль,0.1812549516822775,0.27549309292067387,-4.233379899645527,0.12921125644074513,0.04558065794688863,0.0,0.10602457391993658,0.6789536266349584,0.04022988505747127,15.831166622857634,0.7170667888318696,False
18,10549.5,False,1707.5,1196012.35,58363.8,0.16186497390090512,9440.250106004383,2,0.0,структурный ноль,0.19988572713081296,0.25235968540006826,17.09243966212725,0.0,0.0,0.0,0.18243045387994145,0.6948755490483163,0.12269399707174222,13.212924772841385,0.47077795476298345,False
19,7444.25,False,1383.0,838015.6,50580.25,0.18577689765868138,9382.198330187246,2,0.0,структурный ноль,0.20508984608299197,0.26578346970835964,-7.957454789057364,0.0,0.0,0.0,0.018076644974692697,0.5274765003615329,0.4544468546637743,16.220461262225943,0.6339151450053706,False
20,12053.0,False,1836.5,1000817.55,45459.85,0.15236986309665435,6919.031939423448,2,0.0,структурный ноль,0.19476399052425752,0.298085174144169,4.543006895774191,0.0,0.01524639259460931,0.0,0.1116253743533896,0.7653144568472638,0.10781377620473731,13.606446098068735,0.4345270725844278,False
21,1186165.75,False,301903.5,292367353.9,80731.6,0.25452377263207904,20537.0753500691,2,0.9801716462511153,наблюдается,0.21591792789739625,0.1979582065830996,5.994139224196494,0.021727141288524314,0.2407921736581391,0.04486367332607936,0.3871800095063489,0.30543534606256634,1.6561583420227066e-06,6.710817107758576,0.21716293467562117,False
22,13751.5,False,1439.0,991184.9,57591.65,0.10462204759013484,6010.681444213392,2,1.0,наблюдается,0.3154136748779478,0.17159638616394796,-8.700600487977274,0.0,0.0753995830437804,0.1674774148714385,0.19909659485753997,0.4770674079221682,0.080958999305073,8.889344445874091,0.18135661083667798,False
23,61138.25,False,10229.5,6683887.45,54382.45,0.16732967855254594,9115.700367976478,2,0.9369661429879651,наблюдается,0.2748666632876001,0.18601577073504733,-1.2274857458441581,0.0,0.4382912165795005,0.0013197125959235544,0.17190478518011634,0.3872134512928296,0.0012708343516300014,12.507914685485941,0.1598718854548346,False
24,,False,2887.0,2657448.6,76707.3,,,0,,нет данных,,,,0.0,0.0,0.0,0.0,0.0,1.0,,,True
25,144401.75,False,27595.5,19587323.3,59168.399999999994,0.19110285052243114,11303.120843667486,2,0.9263865184824768,наблюдается,0.21157103378898054,0.21041741209432913,4.83044625653249,0.050443007012012826,0.3560000724755848,0.06136870141870957,0.2606222028953996,0.27152977840589954,3.623779239358971e-05,11.367560313003098,0.2237561475102476,False
26,116411.5,False,21919.5,16418169.25,62525.95,0.18829498251461357,11752.534025033707,2,1.0,наблюдается,0.2463231110511013,0.180126512141912,2.340179629163156,0.1730422682999156,0.3559615867150254,0.024453112525376946,0.18944318985378317,0.25705422112730675,4.56214785922171e-05,9.05720401934466,0.2551645763951797,False
27,146383.0,False,31920.5,26015435.05,68106.8,0.21803577794361986,14813.274199741827,2,1.0,наблюдается,0.22359266423503735,0.19028631069958235,-0.7069238444629138,0.0,0.4630409924656569,0.018734042386554094,0.26738302971444683,0.25081060760326435,3.1327830077865215e-05,6.639613794325273,0.28098084857630257,False
28,56452.0,False,8080.0,5040945.75,52067.350000000006,0.14312083582645585,7443.331744748313,2,0.9895125326136491,наблюдается,0.1899141203764259,0.2047387657682562,-4.18353502692731,0.021596534653465345,0.13985148514851486,0.04777227722772277,0.22561881188118812,0.5395420792079207,0.025618811881188197,14.224048022591425,0.239317410535294,False
29,280163.75,False,50036.0,35875945.65,59793.5,0.17859739617184572,10670.051940156762,2,1.0,наблюдается,0.21658862024988496,0.2018954501325279,5.539291877554704,0.00048964745383324,0.3889599488368375,0.008493884403229676,0.2861139979214965,0.3158126149172596,0.00012990646734345468,6.824020622343318,0.15149257751444037,False
30,43975.5,False,5743.0,3338662.9000000004,48459.95,0.13059571952544805,6329.050620241906,2,0.0,структурный ноль,0.1972674679451365,0.24242235048016975,-10.4920640445435,0.03935225491903187,0.07086888385861048,0.0,0.2694584711823089,0.6090893261361657,0.011231063903883065,9.57669829010814,0.7461567092359976,False
31,35489.5,False,5181.5,3434261.3,55290.95,0.1459978140650222,8070.5539237357225,2,0.0,структурный ноль,0.28063831827793734,0.18260540671173056,-6.716840737771325,0.022869825340152465,0.10923477757406157,0.0,0.27627134999517516,0.4655022676831033,0.12612177940750746,9.755795865060527,0.38072509242627794,False
32,16614.75,False,1735.5,901463.9,43307.75,0.10445398071884657,4523.961503723422,2,0.0,структурный ноль,0.2636370945664968,0.20066224864872528,-5.988967793938199,0.04868913857677903,0.04062229904926534,0.0,0.20829732065687123,0.6819360414866033,0.020455200230481196,11.536444527309557,0.7154955523873924,False
33,17423.75,False,2227.0,1160744.1,43477.55,0.1278157171677941,5557.235952673471,2,0.0,структурный ноль,0.24562907257901517,0.1886257938322819,-11.091221111175754,0.013022002694207453,0.03165693758419398,0.0,0.17871576111360574,0.7168837000449034,0.05972159856308945,12.412850714450649,0.9343372145096284,False
34,29781.5,False,3555.0,1844441.6,43323.34999999999,0.11935542178707606,5165.396198052861,2,0.0,структурный ноль,0.3071193437026248,0.17678936677170193,-14.903530261083207,0.28045007032348807,0.045288326300984526,0.0,0.13291139240506328,0.49142053445850914,0.04992967651195501,11.453158115621461,0.5165621951306428,False
35,53385.0,False,5703.0,3051477.3,44621.100000000006,0.10682448153379595,4765.254834010912,2,0.3299813416057666,наблюдается,0.2010706880390281,0.24463223813323687,-12.278148851234635,0.007890583903208837,0.08302647729265299,0.0,0.21909521304576537,0.6451867438190426,0.04480098193933024,9.415297371344167,0.747761301112065,False
36,24759.5,False,2736.5,1310878.05,39965.600000000006,0.11051909250976436,4414.212883199129,2,0.0,структурный ноль,0.28733689694234743,0.17692138716995368,-4.890594779510046,0.0,0.03179243559291065,0.0,0.152567147816554,0.7593641512881418,0.05627626530239349,9.501761604361468,0.5685168337027726,False
37,17828.75,False,1901.0,958570.8,42029.0,0.10663022474944023,4483.854913096614,2,0.0,структурный ноль,0.28460957209346593,0.17854278820164135,-9.48893432732883,0.04024197790636507,0.0,0.0,0.20568122041031037,0.7188321935823251,0.0352446081009995,13.421005241641987,0.3305241935483871,False
38,95031.5,False,15429.5,9913704.6,53560.45,0.16236219851654712,8696.465682340506,2,0.8211427411840062,наблюдается,0.249825131974085,0.17030947228708168,-2.9927339932412607,0.04637220908000907,0.4176415308337924,0.005314494960951424,0.19644188081272887,0.3342298843125182,0.0,11.218163480984776,0.182691189160247,False
39,17344.25,False,2002.0,1143320.6,47596.5,0.11543089782389393,5496.069654020517,2,0.0,структурный ноль,0.25212284414945296,0.20792524072932272,-9.402023976309147,0.01848151848151848,0.02972027972027972,0.0,0.2714785214785215,0.6598401598401599,0.020479520479520508,10.991691603864487,0.6382371610616078,False
40,96729.0,False,21051.0,13246126.1,52441.45,0.2176375685815387,11419.433190278314,2,0.6575866764388122,наблюдается,0.2521463233759551,0.19765446585161067,-4.3168561902405305,0.00845565531328678,0.4137095624910931,0.0206403496270961,0.19272243598878913,0.3540686903235001,0.010403306256234868,12.591280977689992,0.30927006297570786,False
41,20930.0,False,2472.5,1390462.4500000002,46924.149999999994,0.11812734699513104,5540.875524247162,2,0.0,структурный ноль,0.28969246595518744,0.161861813837863,-14.61200897592834,0.15166835187057634,0.04529828109201214,0.0010111223458038423,0.19979777553083924,0.5737108190091001,0.02851365015166829,10.26223991239094,0.6544696123891921,False
42,61451.5,False,6798.0,3862316.45,47335.95,0.1106264665969625,5239.035236787044,2,0.7286238725653522,наблюдается,0.20349340377976077,0.1985294012128251,-0.4612726222073464,0.029788172992056487,0.15526625478081788,0.0,0.20417769932333038,0.5862753751103266,0.024492497793468626,10.870995706200773,0.43650799251405564,False
43,23827.75,False,3050.5,1917784.1,52528.85,0.12800272976766475,6710.156917231724,2,0.0,структурный ноль,0.2649611901378395,0.18166445454360697,-10.793557803261049,0.21471889854122275,0.0932633994427143,0.0,0.2071791509588592,0.46369447631535815,0.021144074741845653,10.344632771361914,0.7846265492503051,False
44,48705.0,False,9296.5,7771768.449999999,69499.45000000001,0.19090169475598062,13304.856127391431,2,0.7226712576800755,наблюдается,0.2254169047883292,0.2035064347334527,-3.472538792814308,0.037756144785672026,0.5014252675738181,0.014521594148335395,0.1768407465175066,0.25482708546227073,0.014629161512397126,12.654015589897396,0.4885539624606827,False
45,25402.5,False,2973.5,1725690.2,48398.4,0.11705325360653614,5664.228434991315,2,0.0,структурный ноль,0.29063345353420206,0.17507617103373052,-6.015884970975012,0.1705061375483437,0.03278964183621994,0.0,0.1799226500756684,0.5221119892382714,0.09466958130149661,9.483778377288557,0.32488560970029745,False
46,20826.25,False,3385.0,2561863.3,61006.2,0.1628653749179625,10287.398010514113,2,0.0,структурный ноль,0.3255834102357171,0.1578260633177484,-6.791809898150408,0.023042836041358938,0.01536189069423929,0.2915805022156573,0.14859675036927622,0.3784342688330872,0.142983751846381,12.420034685277782,0.34559652705893207,False
47,17095.0,False,2277.5,980877.6000000001,35888.850000000006,0.1332318024889993,4783.039437086385,2,0.0,структурный ноль,0.16325887158121877,0.2774850420934549,-15.204527195030206,0.0,0.038419319429198684,0.0,0.19802414928649836,0.6864983534577388,0.07705817782656421,13.94041713991991,0.48431449502878077,False
48,29512.25,False,3346.0,1784199.2,44408.1,0.11339303323284536,5042.427062058276,2,0.0,структурный ноль,0.26306425979119685,0.21243224345048461,-11.077269443842743,0.015092647937836223,0.0639569635385535,0.0,0.1401673640167364,0.7567244471010162,0.024058577405857706,12.214723957808797,0.5611746848529553,False
49,35593.75,False,4465.5,2418242.7,45218.05,0.1254437285385107,5665.132811200623,2,0.5953458407458755,наблюдается,0.23753464367088412,0.191128365386212,-12.81649230995251,0.013212406225506661,0.2942559623782331,0.0,0.1819505094614265,0.47016011644832606,0.04042100548650773,9.717293264598155,0.21003239976267576,False
50,30710.5,False,4294.5,2413043.6,46873.65,0.13983505705990046,6549.176228017227,2,0.0,структурный ноль,0.21518898041285212,0.2229547179236025,-0.4389482650973241,0.07404820118756548,0.1780183956223076,0.0,0.17254628012574222,0.5526836651531029,0.02270345791128181,12.89894181345852,0.46651545857305127,False
51,59076.0,False,8356.5,5224419.9,52136.95,0.14145170632814344,7373.608906889375,2,0.5249450679577315,наблюдается,0.24231788309795624,0.19240044403326056,-3.2799251284851763,0.17136360916651708,0.09657153114342129,0.0,0.282953389576976,0.44181176329803146,0.007299706815054208,10.50663105205773,0.5158323903545357,False
52,14344.75,False,1687.0,1060318.15,52353.15000000001,0.11763146688412005,6168.144365727869,2,0.0,структурный ноль,0.2942481905479143,0.15822329208961466,-16.668626278573186,0.3055720213396562,0.023414344991108477,0.0,0.17605216360403084,0.46947243627741553,0.025489033787788884,8.847390102585592,0.6747442895577422,False
53,23402.5,False,2657.5,1297939.15,40725.45,0.11356005565709573,4625.361260647647,2,0.0,структурный ноль,0.24680239752043465,0.2018716106993459,-14.437553740506944,0.09576669802445908,0.02916274694261524,0.0,0.18250235183443086,0.6541862652869238,0.038381937911571073,10.609424503380572,0.5073800970332552,False
54,14255.0,False,1736.0,884666.3500000001,42496.2,0.12178674764979505,5176.033754036824,2,0.0,структурный ноль,0.24668052680226807,0.20774164810840906,-13.894148529584006,0.048099078341013825,0.0,0.0,0.17021889400921658,0.6846198156682027,0.09706221198156684,11.963433414928932,0.5223741545693936,False
55,71047.0,False,5318.5,3885022.1,60881.899999999994,0.07486205228901224,4556.101088170256,2,0.0,структурный ноль,0.22262133719310767,0.21716756776938165,12.571892623128193,0.008084986368336938,0.03798063363730375,0.0,0.35677352637021714,0.5561718529660619,0.04098900065808031,7.7232107431167805,0.7288475110821058,False
56,30381.25,False,4435.5,2980523.4000000004,55789.100000000006,0.14602267020189924,8182.799720303512,2,0.0,структурный ноль,0.2790570209567985,0.18298129160120016,-3.4505315048874383,0.14812309773419005,0.029534438056588886,0.0949160184872055,0.22613008679968435,0.5008454514710856,0.0004509074512455413,11.541645994761744,0.9916717824280761,False
57,82906.75,False,12844.0,8798810.8,57089.7,0.15492604074303673,8849.26385483047,2,0.7552885656048506,наблюдается,0.2604900200392154,0.174850972811048,-5.90809922694518,0.06388196823419495,0.3219791342260978,0.011328246652133292,0.21803955154157584,0.3846932419806914,7.785736530663279e-05,10.697678719971528,0.40451805796706025,False
58,21106.25,False,3105.5,2287777.7,61364.8,0.14715863011246244,9042.31120618239,2,0.0,структурный ноль,0.26399071053145473,0.18487708142114184,-11.722940881325357,0.18048623410078893,0.06568990500724521,0.004991144743197552,0.2976976332313637,0.44308484946063437,0.00805023345677025,10.697290171302024,0.42391304347826086,False
59,23105.0,False,2287.0,1134528.5,41378.05,0.09898106974331627,4095.1331838689493,2,0.0,структурный ноль,0.25300183242441443,0.18243532078857944,-13.654360612046945,0.010275470048097944,0.03760384783559248,0.0,0.20485351989505904,0.7146917358985571,0.0325754263226935,11.543893252798354,0.5295679581182715,False
60,51551.0,False,4901.5,3030857.1,51600.450000000004,0.09507570494529632,4900.9878627085445,2,0.0,структурный ноль,0.25313522028629243,0.19383839274823217,-5.133352805084933,0.10772212587983271,0.08007752728756504,0.0,0.2593083749872488,0.5046414362950117,0.048250535550341755,9.23666813755098,0.5789633580477243,False
61,16300.5,False,1698.0,834893.6,40981.7,0.10417071789871332,4270.381354000706,2,0.0,структурный ноль,0.24513172446447168,0.2105519535304529,-8.454614236952905,0.0,0.052414605418138985,0.0,0.16725559481743227,0.7423439340400471,0.03798586572438167,11.642172829147581,0.8934038431806289,False
62,25322.0,False,5343.0,3737616.8,58493.25,0.2109664561885129,12308.103423977693,2,0.0,структурный ноль,0.2889892223100609,0.1659104459902503,-3.2684288500522545,0.4239191465468838,0.0,0.0,0.17012914093206064,0.34231705034624743,0.06363466217480807,7.374827044259933,0.20972195750572523,False
63,26363.0,False,3134.0,1649989.4,43914.8,0.11887474634026099,5219.0917248774185,2,0.0,структурный ноль,0.2680185616499139,0.20580206306645865,-11.318455248529823,0.07354818123803446,0.056636885768985325,0.0,0.21569878749202298,0.6372048500319081,0.016911295469049126,10.536980965589374,0.88895340522373,False
64,20676.75,False,2750.0,1848832.1,56046.399999999994,0.1330036511224941,7455.949934818378,2,0.0,структурный ноль,0.26361980059502466,0.17598904623510958,-5.972006060983765,0.1298181818181818,0.031636363636363636,0.0,0.4143636363636364,0.39890909090909094,0.025272727272727336,6.44985718029616,0.5355732662045432,False
65,26379.75,False,2547.0,1416082.1,46328.100000000006,0.09655476293183873,4475.833151686298,2,0.0,структурный ноль,0.2972047282268987,0.1791368293149545,-8.072202743458178,0.0,0.054770318021201414,0.04240282685512368,0.19473890851982725,0.5959952885747939,0.11209265802905377,12.294321759490693,0.4655034329459783,False
66,79709.5,False,10702.5,6430641.8,50232.25,0.1342484448750649,6724.770838123779,2,0.6926381581803094,наблюдается,0.23583564101682516,0.19853785376025324,-7.174078589836376,0.05947208596122401,0.31936463443120766,0.0014482597523943004,0.1943003971034805,0.412940901658491,0.012473721093202439,13.242443357829705,0.2752511751069831,False
67,21798.0,False,2437.0,1221168.85,41771.850000000006,0.11180487150163185,4672.632056712578,2,0.0,структурный ноль,0.27020257217229027,0.18276859458940287,-8.500935024477444,0.0,0.032416906032006566,0.0,0.19080837094788675,0.718096019696348,0.058678703323758796,11.03531404722993,0.788689299769463,False
68,20711.75,False,1791.5,889971.1,41494.75,0.08648518989843086,3584.086712437421,2,0.0,структурный ноль,0.2522906445385098,0.1991646342421397,-17.054571808659404,0.0,0.0,0.0,0.1582472788166341,0.7778397990510745,0.06391292213229138,8.577974092526981,0.6992958909051571,False
69,23078.0,False,2496.0,1307631.55,43687.5,0.10815745269112287,4726.660653416441,2,0.0,структурный ноль,0.307593398030998,0.18165656424397897,-12.163546987275733,0.14102564102564102,0.08233173076923077,0.0,0.1856971153846154,0.5637019230769231,0.027243589743589647,14.572979435141107,0.38183868673995996,False
70,19941.5,False,2307.0,1162493.75,41980.5,0.11569742265454566,4861.212964168104,2,0.0,структурный ноль,0.25302775979801684,0.19849838563861574,-7.26165839377667,0.0,0.05201560468140442,0.0,0.23558734286952754,0.6074989163415692,0.10489813610749887,11.998318484133925,0.06472263171586927,False
71,23287.75,False,3554.5,2041348.5,47905.05,0.15263081447087842,7309.9718107729395,2,0.0,структурный ноль,0.2305977568907603,0.21960699961325703,-12.131846844332358,0.0,0.0403713602475735,0.0,0.22098748065832044,0.686172457448305,0.052468701645800975,12.145947572641113,0.32087322784211614,False
72,16377.25,False,1828.0,885070.25,40293.55,0.1116557216845851,4507.985083229742,2,0.0,структурный ноль,0.34423840616702317,0.16365650666968834,-13.57576385345596,0.0,0.049781181619256015,0.0,0.1449671772428884,0.723741794310722,0.08150984682713358,12.4197994002471,0.5471890282266584,False
73,47567.5,False,4952.5,3277162.45,54926.3,0.10411900184203282,5741.566727573321,2,0.0,структурный ноль,0.24467238717521095,0.19561595397361808,-1.6214115859401665,0.20696617869762746,0.18818778394750127,0.0,0.287228672387683,0.2849066128218072,0.032710752145381106,5.281970873609544,0.9401610514624213,False
74,20698.5,False,4084.5,3210917.65,64056.45,0.19766043385796997,12963.614129058384,2,0.0,структурный ноль,0.26064890997192225,0.1929491993032682,-11.9493471422846,0.11861917003305178,0.025339698861549763,0.2308728118496756,0.15938303341902313,0.37238340066103565,0.09340188517566417,11.903647174151658,0.4990176657790478,False
75,130579.75,False,19662.5,13366415.2,56696.3,0.15057468850084757,8532.924004842112,2,0.5194139908658706,наблюдается,0.24456497460588872,0.1994191861805461,-2.402546560607666,0.09006993006993007,0.2557151938970121,0.008874761602034329,0.2714812460267006,0.37312142403051496,0.0007374443738079606,11.024249643069846,0.6143519521369103,False
76,117080.5,False,19366.5,19265042.35,82760.35,0.16539902926799732,13697.143662264225,2,0.0,структурный ноль,0.21065390403526826,0.21588123327382425,19.147485782403724,0.20238556269847416,0.14488937082074715,0.013296155732837631,0.4428523481269202,0.19655074484289883,2.5817778121939305e-05,6.6827414545026125,0.7020897693072601,False
77,68477.75,False,14828.5,13202347.35,74217.2,0.21654716550421685,16074.82942215456,2,0.5268106767208659,наблюдается,0.2376620968902381,0.2197132195968487,-4.275631810771567,0.209090602555889,0.20295377145361973,0.09033280507131537,0.19799710017870992,0.2993896887749941,0.00023603196547195004,12.146847552181256,0.4719765382384082,False
78,15455.5,False,1437.5,719013.2,41767.899999999994,0.09299405234990867,3879.8138418110934,2,0.0,структурный ноль,0.2947174061245471,0.17081460126213988,-8.87525888299779,0.009739130434782608,0.04382608695652174,0.0,0.168,0.672,0.10643478260869554,12.561321086628462,0.3760076113532683,False
79,29271.75,False,6264.0,5497039.3,72911.85,0.2140950400751473,15670.41510028448,2,0.0,структурный ноль,0.2113692949655109,0.2171741115786342,-17.980451752065786,0.5201947637292464,0.014128352490421455,0.006305874840357599,0.10743933588761174,0.3028416347381865,0.04909003831417624,9.469104649128129,0.5881480970766685,False
80,27684.5,False,3707.5,2236596.8,50333.55,0.1339129347152871,6734.564454885145,2,0.0,структурный ноль,0.2849402689895335,0.18964829702688346,-5.888485101874063,0.24558327714093053,0.029669588671611596,0.005664194200944032,0.22494942683749158,0.45515846257585973,0.03897505057316253,9.292512255840535,0.8816785885549873,False
81,50454.25,False,5912.5,4027011.3,56722.850000000006,0.11719234715589272,6654.468824926662,2,0.442967821801044,наблюдается,0.24656907313204485,0.2022061756683623,-2.4782522621256424,0.09657505285412263,0.20710359408033827,0.0,0.26799154334038056,0.38807610993657504,0.04025369978858351,13.475547411531895,0.8790608571705816,False
82,18668.5,False,2406.5,1461604.65,50606.2,0.12891638119472432,6528.451501861311,2,0.0,структурный ноль,0.2828262963036179,0.1756014083472888,-16.611577996880722,0.0,0.030126740078952836,0.0,0.320590068564305,0.5634739247870351,0.08580926656970711,8.37079210754052,0.76852705210775,False
83,42374.75,False,6646.0,4457501.15,55956.950000000004,0.15683474732539926,8771.931008448662,2,0.600759088148889,наблюдается,0.23809047895709345,0.20267138077261893,-5.233952931454783,0.23314775804995486,0.06575383689437256,0.013993379476376768,0.32071922961179655,0.35028588624736684,0.01609990972013242,10.60817017764905,0.2920977927471222,False
84,435847.75,True,90933.0,78210152.94999999,71679.75,0.2086347426838564,14953.919133451845,2,1.0,наблюдается,,,,0.013383480144721939,0.23569551208032288,0.010397765387703034,0.26429349081191644,0.4762572443447373,0.0,9.000951796805092,0.30939777191980916,True
85,24362.75,True,6149.0,7451519.6,100943.65,0.2523947655559351,25490.286890027208,2,1.0,наблюдается,0.1853792313044902,0.19160083500470712,,0.0,0.13945356968612782,0.05553748577004391,0.4725158562367865,0.315742397137746,0.01675069116929584,18.63865709020914,0.5059977348889501,False
86,19643.0,True,2611.5,1747752.85,55817.65,0.1329434363478244,7415.500613450045,2,0.3087100901578257,наблюдается,0.21609485368314835,0.23950554994954593,,0.021635075627034272,0.019911928010721808,0.0,0.17882443040398238,0.7258280681600613,0.053800497798200286,11.009186620224682,0.2995902651316399,False
87,7989.25,True,2913.0,3657739.3,104747.65,0.36460672491525126,38174.16128619889,2,0.0,структурный ноль,0.18197488303373555,0.2431667077074612,,0.5053209749399244,0.0,0.0,0.05647099210435977,0.22399588053553038,0.21421215242018543,14.835485944771154,0.10121166825133056,False
88,20878.5,True,2995.0,2293271.55,63812.15,0.14344990958961742,9155.29044472185,2,0.0,структурный ноль,0.2367370222475756,0.22827533751663814,,0.03639398998330551,0.02303839732888147,0.0,0.1315525876460768,0.5879799666110184,0.2210350584307179,13.171136168267191,0.5187189273786859,False
89,21251.0,True,2479.5,1434595.1,48253.5,0.11667339742774614,5627.42805163324,2,0.0,структурный ноль,0.20307349459120666,0.2661219183806119,,0.0,0.051018350473885865,0.0,0.08650937689050212,0.7858439201451906,0.07662835249042144,9.958850424168595,0.620026525198939,False
90,16573.75,True,4880.0,5930694.45,102108.05,0.29428082975177033,29826.71027823182,2,0.0,структурный ноль,0.16358916878060292,0.2356793109551059,,0.005327868852459016,0.029610655737704918,0.43104508196721314,0.20614754098360655,0.28043032786885247,0.047438524590163844,7.542481110364333,0.3953488372093023,False
91,50656.75,True,6985.0,4870675.35,58140.15,0.13788793568136212,8013.104854880732,2,0.27345444852418455,наблюдается,0.20048813132307208,0.2526276424044404,,0.09413027916964925,0.10887616320687186,0.0,0.12841803865425913,0.5851825340014316,0.08339298496778813,7.528757082017319,0.18841213388793165,False
92,23642.5,True,3651.5,1950723.75,44583.1,0.15443736463145002,6877.127725660168,2,0.46317459557752905,наблюдается,0.17435682911524786,0.28383183434427944,,0.0,0.12364781596604135,0.0,0.0976311105025332,0.6906750650417637,0.08804600848966171,6.847206594244688,0.8963844669839657,False
93,69174.25,True,3383.0,2187418.8,53839.6,0.048904685161650516,2633.434666963515,2,0.0,структурный ноль,0.13749277017307093,0.30826498984116624,,0.0,0.05365060597103163,0.0,0.11616908069760568,0.7865799586166125,0.04360035471475021,4.0013213167433275,0.4775400958611322,False
94,50748.75,True,9150.0,6354354.0,57931.5,0.18029550764510288,10436.081976991449,2,0.4662157075230339,наблюдается,0.25915272478231094,0.20772918501125134,,0.01830601092896175,0.3179781420765027,0.03360655737704918,0.18726775956284153,0.4414754098360656,0.001366120218579292,11.80809894314291,0.579905564147613,False
95,14248.75,True,1669.5,943996.05,47154.25,0.11716497531902664,5522.888356779685,2,0.0,структурный ноль,0.21427092678214063,0.2456007176868401,,0.0,0.04103024857741839,0.0,0.12069481880802635,0.613057801737047,0.22521713087750816,7.579855686983428,0.9012345679012346,False
96,12844.25,True,1503.5,1014633.5,56224.3,0.117057899817865,6584.409137528099,2,0.0,структурный ноль,0.1878764478764479,0.2562162162162162,,0.03791153974060525,0.0,0.0,0.13335550382440972,0.78084469571001,0.047888260724974985,7.328263775163354,0.6111301369863014,False
97,31406.75,True,4804.5,3169204.7,55021.35,0.1529736769068555,8412.82786244428,2,0.6413117054616906,наблюдается,0.17254704828929593,0.2512802789908574,,0.0,0.06306587574149235,0.013424914142990947,0.17317098553439483,0.6842543448850037,0.06608387969611818,9.830815358569378,0.6426688249926836,False
98,8613.5,True,4813.0,7281379.65,125750.45000000001,0.5588785638159284,70487.29619625103,2,0.9359009705338203,наблюдается,0.15530649588289114,0.22758462946020128,,0.28184084770413464,0.1486598794930397,0.1158321213380428,0.2576355703303553,0.16590484105547476,0.030126740078952774,19.01104676623648,0.03948612084626038,False
99,21449.25,True,4728.0,4101188.6,72232.45000000001,0.22043591268576418,15938.81671836314,2,0.0,структурный ноль,0.22091412742382271,0.23614958448753462,,0.0,0.031725888324873094,0.0,0.06842216582064298,0.4672165820642978,0.4326353637901862,12.576370380114476,0.49162778370612154,False
100,5344.75,True,1558.0,1573963.4,84081.9,0.2914974705627703,24538.9596422641,2,0.0,структурный ноль,0.11234058514628657,0.2989497374343586,,0.44640564826700896,0.0,0.0,0.050706033376123234,0.4319640564826701,0.07092426187419765,7.039455394600942,0.2327586206896552,False
101,23754.0,True,3224.0,2106026.35,54598.5,0.1357152286478724,7389.36443856969,2,0.0,структурный ноль,0.23163133023878224,0.24304771463220842,,0.05459057071960298,0.04373449131513648,0.0,0.19246277915632753,0.603287841191067,0.10592431761786592,11.856156577499117,0.3044151482335699,False
102,10142.75,True,3699.0,4563520.4,103185.5,0.3645690669343582,37497.684889148644,2,0.7417035235997267,наблюдается,0.2209875350275389,0.19856991013624506,,0.0,0.08664503919978372,0.3848337388483374,0.1972154636388213,0.23911868072452014,0.0921870775885375,14.235544086330318,0.25266710807523635,False
103,40523.25,True,5550.5,4363080.1,65684.05,0.13696085063736768,8973.536153272355,2,0.5997663048523425,наблюдается,0.20183755972069092,0.22731838784760505,,0.016665165300423387,0.2808755967930817,0.0,0.12890730564813982,0.5511215205837312,0.022430411674623896,7.825762408332816,0.49169285352554215,False
104,27154.5,True,1957.0,1232923.9500000002,52433.3,0.07206448004096694,3781.4481357191708,2,0.0,структурный ноль,0.19028841820639927,0.2693405437884933,,0.0,0.05595298926928973,0.0,0.14767501277465508,0.615482881962187,0.18088911599386814,6.426697326769868,0.845257115805669,False
105,20295.0,True,2720.5,1640957.2,50292.45,0.13404598374313248,6738.476947845958,2,0.0,структурный ноль,0.20640290238760603,0.24385939108692456,,0.0,0.0470501746002573,0.04576364638853152,0.14629663664767506,0.7553758500275685,0.005513692335967657,11.579239199390935,0.5686274509803921,False
106,16053.5,True,2064.0,1200460.3,48512.65,0.12856506014409624,6233.1296028450415,2,0.0,структурный ноль,0.20636777928316294,0.2510161349919941,,0.055232558139534885,0.0,0.0,0.10150193798449612,0.7604166666666666,0.08284883720930236,9.902857106493055,0.6731645934568938,False
107,759497.75,True,108054.5,70319854.75,54216.55,0.14227100032727652,7715.614883862442,2,0.9520958024462727,наблюдается,0.12553950677428274,0.20370775125413107,-4.6195805555965475,0.011026842935740761,0.08141724777774179,0.024362705856766725,0.232637233988404,0.6505605967359064,0.0,8.47259460694339,0.2925843107208843,False
108,69413.25,True,8290.5,3800114.55,38219.0,0.11943908024397344,4561.491024497275,2,1.0,наблюдается,0.135621243925583,0.23190614486585961,-1.3569598325453822,0.0077799891442011946,0.017912068029672518,0.0,0.022676557505578676,0.8964477413907485,0.05518364392979913,9.86123369472706,0.824033670838731,False
109,32221.0,True,2912.0,1048480.2000000001,30013.050000000003,0.09037876595232491,2711.226372616196,2,1.0,наблюдается,0.16238787503866378,0.2593875657284256,3.9518072858997866,0.0,0.0,0.0,0.007898351648351648,0.7414148351648352,0.2506868131868132,9.736814813093856,0.44772916140526947,False
110,126832.5,True,14235.0,6793010.300000001,39773.45,0.11223578502850316,4462.808883870819,2,1.0,наблюдается,0.12793089006744945,0.22549744294056379,1.4219607551210187,0.018616087109237796,0.08328064629434492,0.020899192132068846,0.22037232174218477,0.6507200561995082,0.006111696522655419,16.558579635523728,0.12526434773810557,False
111,58082.75,True,3907.0,1791179.3,38207.85,0.0672680202470253,2569.351155882377,2,1.0,наблюдается,0.1435821816810123,0.23894928157470594,7.7405328802559685,0.0,0.011005886869721013,0.0,0.08983875095981572,0.823393908369593,0.07576145380087018,9.171864549630898,0.1275128872074187,False
112,128811.5,True,11274.5,5856869.45,43328.55,0.087543125091319,3787.9780491617576,2,1.0,наблюдается,0.12635932116001977,0.22978105720376468,19.210409531499245,0.0,0.24493325646370126,0.02434697769302408,0.12031575679631026,0.607698789303295,0.0027052197436693293,6.628852195650781,0.06761916798776728,False
113,50311.0,True,6165.5,3012240.8,40670.75,0.12254505513060303,4988.601047227441,2,0.9484454071047752,наблюдается,0.1366386921413408,0.2578814753090094,-0.1905437035579229,0.0,0.013786392020111914,0.035844619252290974,0.08855729462330711,0.7586570432243938,0.10315465087989628,5.850993929054089,0.18181818181818182,False
114,53333.5,True,8892.5,5145953.9,48265.55,0.1667385562945812,8039.569191471199,2,1.0,наблюдается,0.16064444901854383,0.23743941917254544,0.0360485504373024,0.017205510261456284,0.0,0.0,0.11796457689063818,0.5657014337925218,0.29912847905538376,7.799856142767779,0.14455221382997185,False
115,158805.5,True,11744.0,5475179.65,38847.4,0.07395229373766388,2872.716764827901,2,1.0,наблюдается,0.1263253639843019,0.2572131845456166,1.4148647439808322,0.0024693460490463216,0.0,0.0007237738419618528,0.09404802452316076,0.8412380790190735,0.061520776566757474,20.69765869515281,0.3858233299132354,False
116,10604.75,True,1460.0,661722.3,37771.05,0.13767484164913407,5199.473035882382,2,1.0,наблюдается,0.12271614239969862,0.23855716707477867,-3.4071583203774156,0.0017123287671232876,0.0,0.0,0.10616438356164383,0.5363013698630137,0.35582191780821915,10.360423887143284,0.09113381674357285,False
117,10371.5,True,1189.0,459097.9,32230.1,0.11464285441368605,3688.724158373012,2,0.0,наблюдается,0.12256587677861847,0.2194197582617689,-3.9552382789890026,0.00672834314550042,0.0,0.030698065601345668,0.04583683767872161,0.8738435660218671,0.042893187552565215,5.146271127406666,0.1237523565144533,False
118,54732.25,True,3135.5,1317824.75,35020.8,0.05728820121111476,2006.2096054626795,2,0.0,наблюдается,0.16112753654403722,0.22588231318898322,-2.8550480507755767,0.007973210014351778,0.0,0.0,0.07351299633232339,0.8552065061393717,0.0633072875139532,2.4551315895643366,0.0,False
119,24978.25,True,1555.0,645287.5,34658.05,0.062258321352965766,2152.6331787803465,2,0.0,наблюдается,0.12629618981126584,0.2706556111951407,-3.380760441682242,0.0,0.0,0.0,0.059163987138263666,0.8929260450160772,0.04790996784565915,4.083572310184997,0.7916666666666666,False
120,31778.0,True,3059.5,2174010.4,58666.9,0.09627582258593978,5700.675542020508,2,0.0,наблюдается,0.15881949274542145,0.2029027826006714,-4.942050852587315,0.0,0.0,0.0,0.0714168981859781,0.6749468867462004,0.2536362150678215,6.344799911080672,0.10277421622963023,False
121,53912.25,True,4044.0,1558064.4,32110.4,0.07501105855839715,2408.214200428921,2,0.0,наблюдается,0.1358753422144781,0.29224101459832863,-2.535895062463284,0.0390702274975272,0.0,0.0,0.06701285855588526,0.8359297725024728,0.057987141444114765,6.086196630478382,0.16644696505211526,False
122,61546.75,True,3667.0,1464015.8,33295.8,0.059583953412110785,1982.0075888402207,2,0.0,наблюдается,0.11589789892535074,0.2931576628230357,1.193691387148685,0.030269975456776656,0.0,0.00436323970548132,0.060676302154349604,0.8678756476683938,0.036814835014998604,2.762158994784384,1.0,False
123,85838.75,True,3662.0,1388919.45,31605.2,0.0426616466524338,1348.2061764534676,2,0.0,наблюдается,0.1408178000044521,0.2832096153186382,-0.7205360260616519,0.0016384489350081922,0.0,0.0,0.0,0.8136264336428182,0.18473511742217363,4.559427267005441,0.01488095238095238,False
124,20318.5,True,1930.0,723623.0,31253.35,0.0949883870472667,2967.66219066098,2,0.0,наблюдается,0.1576809364515762,0.26449104496426223,-3.301793810368618,0.0,0.0,0.0,0.06865284974093264,0.8823834196891192,0.04896373056994818,5.899685433176968,0.440462051457864,False
125,21485.5,True,1707.5,720245.05,35174.2,0.07947309136374435,2793.445475171083,2,0.0,наблюдается,0.15387521629133993,0.2648412538240094,-5.543650423926209,0.008199121522693998,0.0,0.0,0.06969253294289897,0.8711566617862372,0.05095168374816983,7.958862528487057,0.008695652173913044,False
126,30317.0,True,2387.0,1041325.1,36428.649999999994,0.07873613991837203,2862.2498117206574,2,0.0,наблюдается,0.1749815745082701,0.22660156239106366,-2.4779149762098536,0.0,0.0,0.0,0.07457059069962296,0.8653121072475911,0.06011730205278587,4.09840360932668,0.0214024567620458,False
127,36343.75,True,2965.0,1060202.4,29816.95,0.08158276477804059,2430.921067328605,2,0.0,наблюдается,0.16853888171147496,0.23799627146343935,-4.877914359884063,0.0,0.0,0.0,0.0851602023608769,0.9,0.01483979763912302,7.1679560184537126,0.011724989109917235,False
128,100653.0,True,5569.0,2312436.95,34601.05,0.05532869942117993,1914.4224925567435,2,0.22649497534229618,наблюдается,0.1519196616998545,0.24287485280805543,-2.688330440348852,0.12363081343149578,0.04462201472436703,0.0036810917579457713,0.03977374753097504,0.657927814688454,0.1303645178667624,6.5099699970501925,0.3783340201420613,False
129,15222.25,True,1403.0,472350.6,28099.5,0.0921709297376948,2585.7717230977514,2,0.0,наблюдается,0.13168603564811607,0.26438614468702815,-3.4276654440535914,0.0,0.0,0.0,0.05987170349251604,0.8481824661439772,0.09194583036350679,5.616907970146724,0.04387344293569745,False
130,51313.25,True,3466.5,1565943.6,37644.7,0.06755576154669156,2542.8851363931853,2,0.1084226819370821,наблюдается,0.12704169699742107,0.29938475854153546,-3.458733696699168,0.011106303187653252,0.0,0.0,0.05106014712245781,0.8742247223424203,0.06360882734746864,4.540412803312185,0.5003370843469763,False
131,33496.25,True,2327.5,906465.1000000001,32486.05,0.06948618257042882,2255.0732486112074,2,0.0,наблюдается,0.1649551155859398,0.23720474762798685,-6.325671332657428,0.007733619763694952,0.0,0.0,0.04081632653061224,0.8827067669172932,0.06874328678839958,7.929967941353641,0.578008826470716,False
132,59952.5,True,4303.5,1750455.6,33922.45,0.07178506141755975,2432.8859860102066,2,0.0,наблюдается,0.14644643445098465,0.294855584197409,-1.3653409212282397,0.1390728476821192,0.0,0.0,0.025212036714302312,0.7829673521552225,0.05274776344835597,7.233631546724363,0.13174168297455968,False
133,76592.25,True,2887.0,1388566.5,40046.95,0.03769181417232419,1510.5207999641873,2,0.0,наблюдается,0.13754165400571972,0.2917776230921665,0.5636382764078475,0.0,0.05022514721163838,0.0,0.009525458953931417,0.7771042604780048,0.16314513335642533,3.6132065904261417,0.0,False
134,79565.75,True,2693.5,1206395.65,37333.85,0.033853402513651466,1263.379284600181,2,0.0,наблюдается,0.1379257792289113,0.2834937787741081,1.1264627939472511,0.0,0.0,0.0,0.0,0.7254501577872656,0.2745498422127344,4.145813960828776,0.8468758177590786,False
135,10501.75,True,995.5,383973.69999999995,32149.1,0.09479409195132313,3046.7820234065616,2,0.0,наблюдается,0.2037242115959263,0.20343224271972585,0.7172229128813234,0.007031642390758413,0.0,0.0,0.0934203917629332,0.8011049723756906,0.0984429934706178,5.606160418257266,0.0,False
136,14903.0,True,1526.5,559004.1499999999,30574.85,0.10243025989992327,3125.7487435402772,2,0.0,наблюдается,0.155234563427938,0.23098836333097986,-5.301520521429111,0.006878480183426138,0.0,0.0,0.04814936128398297,0.8745496233213232,0.07042253521126762,3.1705098510116008,0.8888888888888888,False
137,12165.75,True,1223.0,524446.4,35769.05,0.10053010821470561,3592.299341530882,2,0.0,наблюдается,0.21042308930417783,0.19046478512172949,0.08426356885260992,0.02044153720359771,0.0,0.0,0.039247751430907606,0.8426001635322976,0.0977105478331971,3.4523558579689553,0.0,False
138,82205.25,True,4716.5,1986415.0499999998,35126.100000000006,0.057377475964795845,2013.4189925430433,2,0.0,наблюдается,0.1488085367799813,0.24314729388497558,-0.8270902684828909,0.02417046538746952,0.0,0.0,0.05936605533764444,0.8350471748118308,0.08141630446305526,5.2647065135923725,0.42195036076101045,False
139,102980.0,True,6809.0,2793054.25,34115.549999999996,0.06611425036261101,2259.482048124076,2,0.0850807505785712,наблюдается,0.1166399645122971,0.3201692782240804,-0.4176959089004405,0.017476868850051404,0.0,0.007930679982376267,0.13048905859891322,0.7636951094140109,0.08040828315464821,3.4181769243744555,0.01892744479495268,False
140,29497.0,True,2810.5,1729943.9,51259.7,0.09527839065284391,4886.242530381422,2,0.22139477943364572,наблюдается,0.1240509620614488,0.3051033800287489,-0.13597948696639478,0.0,0.0,0.0,0.03469133606119908,0.7397260273972602,0.22558263654154065,6.945574225337216,0.07106375484325467,False
141,55529.75,True,4371.5,1662988.75,31729.600000000002,0.07872202484228691,2495.762796550304,2,0.0,наблюдается,0.1595908191085106,0.24598052460189634,-9.779867810960502,0.05146974722635251,0.0,0.005718860802928057,0.12604369209653438,0.7809676312478554,0.03580006862632967,8.101278622930849,0.0,False
142,34308.0,True,2753.5,1074877.8,32535.649999999998,0.08026004021059797,2610.242559940789,2,0.0,наблюдается,0.14831726223385283,0.2714334203502128,4.503345291110523,0.0,0.0,0.0,0.0,0.9431632467768295,0.0568367532231705,4.3169065322502735,0.02516679748822606,False
143,17543.5,True,2350.0,1155276.25,40984.0,0.13395190136002466,5489.695140642632,2,0.0,наблюдается,0.19514694238949504,0.26993424926828175,-23.77709052347198,0.007872340425531916,0.0,0.004468085106382979,0.11106382978723404,0.8148936170212766,0.0617021276595745,15.078209565627112,0.4739792713567839,False
144,20348.25,True,2127.5,778438.3999999999,30520.55,0.10455373627714717,3187.9868405928173,2,0.0,наблюдается,0.15486137115006804,0.24128506803661925,-10.702050692098155,0.0021151586368977674,0.0,0.0,0.0735605170387779,0.8829612220916568,0.04136310223266748,6.437900493673307,0.0449438202247191,False
145,26658.0,True,2289.5,874962.15,31868.95,0.08588490020504706,2735.0423253300205,2,0.0,наблюдается,0.17965414693115905,0.26066168241006027,-7.681468172843835,0.0104826381305962,0.0,0.0,0.022930770910679188,0.925747979908277,0.040838611050447615,6.949165523115023,0.04186341132474328,False
146,31143.5,True,2594.0,1011459.35,32496.35,0.08329319719430464,2706.139601173858,2,0.0,наблюдается,0.15237144962797758,0.23385443690146346,-0.5472396587799775,0.02120277563608327,0.0026985350809560524,0.0,0.052621434078643024,0.8668080185042406,0.056669236700077064,5.482699590415179,0.6735198482590434,False
147,57325.0,True,3733.5,1507179.0499999998,33641.1,0.06512866784626363,2191.0494625886186,2,0.0,наблюдается,0.16926218136197987,0.2159776327526317,-4.547909923680773,0.05531003080219633,0.0,0.0,0.04285522967724655,0.828980849069238,0.07285389045131918,7.640647823556248,0.16237113402061856,False
148,52622.25,True,4563.5,1602856.7000000002,29268.25,0.08672207636829629,2538.1555375296907,2,0.0,наблюдается,0.13990008266276083,0.27282959129658607,-3.4039810183750148,0.0069025966911361895,0.0,0.005368686315328147,0.04064862495891312,0.9229757861290676,0.0241043059055549,8.138157051584699,0.08811642206703048,False
149,35606.0,True,2707.0,1416929.75,43640.55,0.07602659276234014,3316.2044978520453,2,0.0,наблюдается,0.15731367594079576,0.2797400022141322,-7.127040128173604,0.04155892131510898,0.0,0.003878832656076838,0.09807905430365718,0.791466568156631,0.065016623568526,9.966620198852912,0.010526315789473684,False
150,24042.0,True,2613.5,1030038.1,32847.55,0.10870706348682169,3569.9765354293477,2,0.0,наблюдается,0.12507103469292152,0.29391305717724336,-5.8604186361234065,0.01300937440214272,0.0,0.0,0.06542950066960015,0.8808111727568395,0.040749952171417636,6.185104827958315,0.2692307692307692,False
151,31988.75,True,3457.0,1379386.05,33268.3,0.10807236460273009,3593.113513506599,2,0.16395500110995564,наблюдается,0.13745357424310217,0.2797388390978041,-0.6773015696253964,0.005785363031530229,0.0046282904252241824,0.013450969048307782,0.050911194677466014,0.7439976858547874,0.18122649696268434,7.181990156657518,0.21321319002207226,False
152,175772.75,True,6429.5,2468621.0999999996,31998.449999999997,0.03657899314501268,1170.173254917231,2,0.0,наблюдается,0.12558722535377378,0.306781045946537,1.1583290381456988,0.02480752780153978,0.0,0.0,0.07310055214246831,0.8352904580449491,0.06680146201104287,3.466116610603324,0.6691521395137754,False
153,20574.0,True,1771.0,655437.65,30855.9,0.08607855466133282,2654.994260425173,2,0.0,наблюдается,0.14468733495303437,0.24773031706190568,-11.17170676962024,0.012704686617730096,0.001976284584980237,0.004517221908526256,0.033314511575381144,0.8743647656691135,0.0731225296442688,7.67950958745746,0.08239481830364857,False
154,31440.25,True,3324.5,1238821.65,31071.949999999997,0.1057425831057299,3283.34538757778,2,0.0,наблюдается,0.16825367955405168,0.2576602699493006,-4.136694305637305,0.023762971875469996,0.0,0.0,0.06271619792449992,0.8106482177771094,0.10287261242292067,8.13050136660997,0.09433962264150944,False
155,27414.25,True,1808.5,801856.1499999999,36948.65,0.06596962316859212,2437.1616272362617,2,0.0,наблюдается,0.12208838408969758,0.2895558263538564,-2.274342211908227,0.005805916505391208,0.0,0.0,0.04893558197401161,0.919270113353608,0.02598838816698923,3.022760314212766,0.0,False
156,21338.0,True,2532.0,977371.15,32177.9,0.11866313837347675,3816.671026098849,2,0.0,наблюдается,0.0994484680062773,0.33478451985889107,-6.440118806433335,0.0,0.0,0.030213270142180094,0.07839652448657188,0.8548578199052133,0.03653238546603477,4.4578420585190495,0.0020161290322580645,False
157,14375.0,True,1387.5,525957.3,31610.699999999997,0.0965272062480386,3048.643682216702,2,0.0,наблюдается,0.15646583706098868,0.2590464202086773,3.013528352393207,0.0,0.0,0.0,0.08144144144144144,0.8389189189189189,0.07963963963963971,3.1829270313415488,1.0,False
158,18123.5,True,10442.5,7201398.949999999,57468.200000000004,0.5764623174027343,33098.13157751518,2,1.0,наблюдается,,,73.89009624340268,0.0,0.0,0.0,0.09188412736413694,0.869810869044769,0.03830500359109401,11.771335791178867,0.1439649431217839,True
159,37834.0,True,4757.0,1829511.0,32051.600000000006,0.12573655034651904,4028.805864614428,2,1.0,наблюдается,,,2.6188531497543206,0.0,0.0,0.0,0.08030271179314694,0.7421694345175531,0.1775278536892999,14.51368907363008,0.075160872341752,True
160,125740.5,True,16634.5,7718965.5,38651.0,0.1322901886179535,5114.2536619235125,2,1.0,наблюдается,,,1.3232658200438683,0.005350326129429799,0.0,0.0,0.237728816616069,0.6827376837295981,0.07418317352490311,6.036034768715738,0.2380407228075876,True
161,44185.25,True,2592.5,1118359.95,35892.75,0.05866873983884616,2108.7185027475025,2,1.0,наблюдается,,,3.5705004350135026,0.03587270973963356,0.016200578592092573,0.0,0.04898746383799421,0.6505303760848602,0.24840887174541948,7.731683578741759,0.869704623663152,True
162,62763.5,True,5723.5,2512758.3,36516.9,0.09118781803466533,3335.908973868429,2,1.0,наблюдается,,,-3.28533859810129,0.04140822923036604,0.0,0.0,0.18153227919979034,0.707783698785708,0.06927579278413565,7.813762573580581,0.13489583333333333,True
163,4071.0,True,615.5,247324.3,33510.4,0.15123845320500504,5061.283877699482,2,0.0,структурный ноль,,,30.469063209942536,0.0,0.0,0.0,0.0934199837530463,0.579203899268887,0.3273761169780667,4.023243974714124,0.0,True
164,61131.25,True,3936.5,1339471.7000000002,28274.35,0.06438695742741868,1825.440577527329,2,0.0,структурный ноль,,,3.6729730400469873,0.01486091705830052,0.0,0.0,0.06909691350184173,0.8643465006985901,0.05169566874126763,3.6647274219937827,0.5841934565961108,True
165,110303.5,True,6779.5,2432997.9000000004,29883.75,0.06146077473268215,1837.6293877151734,2,0.0,структурный ноль,,,-0.5660675012295728,0.0026550630577476214,0.0,0.0,0.07692307692307693,0.906925289475625,0.013496570543550468,3.6933265410086604,0.5555555555555556,True
166,61032.0,True,3281.0,1361868.75,34616.95,0.05375975034796597,1859.1934391900393,2,0.0,структурный ноль,,,-1.1769321302471558,0.18149954282231026,0.0,0.0,0.11109417860408412,0.6842426089606827,0.023163669612922932,3.7357601102297204,0.4797979797979798,True
167,271481.75,False,54523.5,32801890.6,50124.7,0.2008368586687505,10069.026507082528,2,0.9052651250088725,наблюдается,0.20727002405495348,0.19161435685872796,-4.975463240009224,0.009546342402817133,0.1499812007666419,0.001329701871670014,0.2076260694929709,0.6315166854659,0.0,9.505711245553945,0.02581578752499198,False
168,61057.5,False,4408.5,2070144.9500000002,39159.9,0.07220546889254595,2825.070931246387,2,0.6552571999799693,наблюдается,0.15928683261706958,0.22529021164265217,-3.0311547948645448,0.0,0.025178632187818985,0.0,0.10854031983667914,0.8032210502438472,0.06305999773165472,7.419296219721279,0.7180851063829787,False
169,59958.25,False,6158.0,3166930.65,42877.4,0.10270614702911164,4401.476589130145,2,1.0,наблюдается,0.2406746979941829,0.18688656969025735,3.6564976090097248,0.0,0.19194543683013965,0.0,0.23221825267944138,0.559028905488795,0.01680740500162392,23.48293232660682,0.7623295481730016,False
170,65481.0,False,3451.5,1417018.9500000002,34248.75,0.052712809999776566,1803.0350478719279,2,0.0,наблюдается,0.15786104984728258,0.25183659174222267,-2.3495813693752763,0.20730117340286833,0.0015935100680863393,0.0,0.008402143995364335,0.5907576416050992,0.1919455309285818,5.116033447104277,0.5454545454545454,False
171,50876.75,False,2835.5,1300074.7,38240.45,0.0557339917224159,2129.2478677348754,2,0.0,наблюдается,0.1548821426088507,0.25293376267289314,0.3554539853129006,0.0,0.0017633574325515782,0.0,0.05960148122024334,0.7499559160641862,0.18867924528301883,8.47147494277973,0.35792356457758506,False
172,31310.25,False,1415.0,598403.0,35255.75,0.04519495036256292,1592.2661353995531,2,0.0,наблюдается,0.15127589904849179,0.23332110050394297,4.085973557006177,0.0,0.01342756183745583,0.0,0.06890459363957598,0.8279151943462898,0.08975265017667844,5.309920558430993,0.0640755434333416,False
173,37660.25,False,3013.5,1475059.8,40836.55,0.08001633782446303,3264.2341853904936,2,0.6957251470040594,наблюдается,0.22605779440070614,0.20698977195643514,-6.583181858402383,0.09009457441513191,0.22399203583872573,0.0,0.0428073668491787,0.5103700016592002,0.1327360212377635,10.15020934486805,0.48333277332449087,False
174,50152.5,False,2611.5,1083517.65,34628.0,0.05207453416708636,1800.1118114371802,2,0.0,наблюдается,0.19608522855602378,0.22501084357599233,4.557533553106981,0.06911736549875551,0.18054757802029486,0.0,0.05035420256557534,0.5895079456251197,0.11047290829025469,4.241939853618665,0.7618437900128041,False
175,30639.75,False,2209.0,1147070.85,43328.35,0.07210256918488808,3119.152919732685,2,0.0,наблюдается,0.16652768997572762,0.24979141845258496,-0.1400609680524737,0.0,0.0869171570846537,0.0,0.08125848800362155,0.7383431416930738,0.09348121321865088,6.258541349839045,0.1386221173193004,False
176,53382.25,False,4150.5,1912629.2000000002,38458.9,0.07775389725868456,2985.341137938338,2,0.3760055637787856,наблюдается,0.17386909145731905,0.2318324744107481,-1.137699288714838,0.036983495964341646,0.038670039754246474,0.0,0.041681725093362244,0.6072762317793037,0.275388507408746,7.324604272433588,0.46711125914769547,False
177,75799.5,False,5683.0,2566021.75,37649.4,0.07497579347989122,2820.8913449275624,2,0.43600539393919174,наблюдается,0.17601534189989698,0.24878048669529412,-5.467594863983531,0.0,0.07874362132676403,0.0,0.052789019883864155,0.727608657399261,0.1408587013901108,6.764508949882329,0.5478006141421061,False
178,78368.25,False,4519.0,2128396.9,39240.100000000006,0.05766352007299387,2262.9832994711464,2,0.26764687362113665,наблюдается,0.1683532892189456,0.22993387155427675,-5.1229023229640065,0.016375304270856383,0.11905288780703696,0.012724053994246514,0.03584863907944236,0.7064616065501217,0.10953750829829612,5.0658392676195145,0.27598566308243727,False
179,39434.0,False,2986.0,1600519.0499999998,44680.3,0.0757224426291148,3381.5739980519784,2,0.5633662069950157,наблюдается,0.1815460975616614,0.21021253064623327,2.4779326940842803,0.0,0.0,0.008372404554588079,0.17230408573342265,0.7062960482250502,0.1130274614869391,8.1147943345583,0.018958413597349497,False
180,107640.75,False,28355.5,16782695.0,49349.8,0.2634370669045957,12989.409588434515,2,,нет данных,,,0.9875529603803983,0.017985928655816334,0.09081130644848442,0.004760981114774911,0.25377792668089083,0.6237590590890656,0.008904798010967885,14.685965524897378,0.07993179007143952,True
181,13569.0,False,1354.5,554152.15,34071.5,0.09982219923122199,3402.9119382578074,2,,нет данных,0.24972849722469215,0.20939332243499592,1.2034892396987564,0.0,0.060538944259874494,0.0,0.034699150978220746,0.8279808047249908,0.07678110003691396,9.829014799043653,0.7149221587165793,False
182,9912.5,False,862.5,562235.65,54395.4,0.0870531605353047,4722.281953651413,2,,нет данных,0.19841283258774262,0.1950334193187095,22.391698943475724,0.0,0.0,0.0,0.1646376811594203,0.711304347826087,0.12405797101449267,4.603329880242468,0.8772727272727273,False
183,8574.25,False,866.5,366440.95,35354.2,0.10106568605567415,3561.018871023738,2,,нет данных,0.22976504379972534,0.19228684858577344,-2.724669748507603,0.1517599538372764,0.0,0.0,0.05366416618580496,0.7651471436814772,0.029428736295441515,8.120435691236757,0.772766181988743,False
184,18502.0,False,1244.0,538657.8,36064.649999999994,0.06723549115176194,2425.8543651436316,2,,нет данных,0.22785262159150643,0.2158182800532386,8.60316753829606,0.0,0.003215434083601286,0.0,0.09364951768488745,0.8593247588424437,0.0438102893890675,7.769489516817308,0.5662462537462538,False
185,9244.75,False,856.5,353418.5,34384.200000000004,0.0926468258254319,3185.3485752798233,2,,нет данных,0.25345127349929814,0.18942226608047558,-0.479340419151938,0.0,0.0,0.0,0.060128429655575015,0.8558085230589609,0.0840630472854641,9.14034166199547,0.5209643605870021,False
186,7656.25,False,776.0,399808.75,42939.05,0.10135609216770744,4353.376478196061,2,,нет данных,0.20842378876039416,0.19023674639679733,-9.603931668289801,0.0,0.0,0.0,0.0818298969072165,0.7158505154639175,0.20231958762886593,7.461768354600072,0.5688630427197501,False
187,9445.75,False,1012.0,450824.7,37098.8,0.10713886650172817,3977.586375695003,2,,нет данных,0.23921258286390717,0.1859925855669996,-1.6737834331305739,0.0,0.0,0.0,0.015810276679841896,0.9194664031620553,0.06472332015810278,7.596069406421763,0.7099303135888502,False
188,11402.0,False,1053.5,494231.9,39134.65,0.09242458550008573,3608.417516212766,2,,нет данных,0.26235177999062037,0.1557039905799948,26.75234758749054,0.0,0.0,0.04698623635500712,0.05742762221167537,0.8087327954437589,0.08685334598955863,7.653730769021646,0.5389254385964912,False
189,20267.25,True,1177.0,594616.1,42049.1,0.05807501311542551,2445.290395244606,2,,нет данных,0.19844097843142638,0.21012253021041205,2.6891995544667195,0.004248088360237893,0.03058623619371283,0.0,0.07561597281223449,0.8496176720475785,0.03993203058623629,5.186941209180638,0.6672619047619047,False
190,11861.25,False,1946.0,1319322.8,56641.05,0.164044952206095,9271.926728140406,2,,нет данных,0.1771424195856635,0.2284160580472426,-20.243628750621212,0.18088386433710174,0.012846865364850977,0.006423432682425488,0.35611510791366907,0.3920863309352518,0.051644398766700905,8.757755630953913,0.636763541916088,False
191,8899.0,False,856.0,405231.8,39590.2,0.09620886746665261,3794.4506493731783,2,,нет данных,0.23455072291246934,0.1884588090104286,-14.114265085418698,0.0,0.0,0.0,0.15128504672897197,0.822429906542056,0.026285046728971917,6.587647822640628,0.49698483909010227,False
192,14421.0,False,1133.0,434256.69999999995,31951.5,0.07856711337939541,2508.7466567351094,2,,нет данных,0.21378736888043592,0.20060422886333407,-2.046843989670505,0.0,0.0,0.0,0.057811120917917035,0.8578993821712269,0.08428949691085608,6.21471617603965,0.6992799724061282,False
193,15012.0,False,1690.0,897296.3,44282.6,0.11258093749715452,4979.391319989079,2,,нет данных,0.18062796865551123,0.21045142530662908,4.84562207955368,0.11331360946745563,0.0,0.0,0.03254437869822485,0.6597633136094675,0.1943786982248521,8.027135477545011,0.5526315789473685,False
194,112826.25,False,28029.5,17723688.35,52731.850000000006,0.24843154770696016,13090.384133979347,2,1.0,наблюдается,0.22953737297121496,0.17366594374413064,-0.9734799978677574,0.005743948340141637,0.14322410317700993,0.006814249273087283,0.20844110669116467,0.6250200681424928,0.010756524376103638,10.147186175436065,0.5519653558996179,False
195,41137.5,False,4411.5,2090719.4500000002,39510.7,0.1072383246197607,4234.943721103,2,0.890989073553648,наблюдается,0.21896846567184672,0.2126725492551871,0.12102157096339398,0.0,0.029581774906494388,0.0,0.08806528391703503,0.7904340927122294,0.09191884846424114,13.703997065283353,0.4167004936026499,False
196,18113.0,False,2336.5,1041330.8999999999,37247.95,0.1290312423384461,4789.652601583883,2,0.0,структурный ноль,0.19590002013386706,0.21309811290221548,14.880373033077612,0.0,0.0,0.0,0.027391397389257437,0.288679649047721,0.6839289535630215,2.9262014986907783,0.8125,False
197,16380.75,False,1773.0,821086.0,38625.95,0.1082360877662598,4177.314588652483,2,0.0,структурный ноль,0.19793211577723782,0.2141304507543822,-1.0524221961503086,0.0,0.0,0.0,0.027918781725888325,0.5296108291032149,0.44247038917089676,5.730859619998752,0.9327707619863014,False
198,53585.75,False,5400.0,2873692.9,44366.1,0.10077267929562539,4469.954691874825,2,0.0,структурный ноль,0.19297797637249275,0.21776462344975991,-4.34327698041096,0.026574074074074073,0.025185185185185185,0.0025925925925925925,0.20064814814814816,0.6485185185185185,0.0964814814814815,6.387026098901634,0.71240731431444,False
199,31282.0,False,2516.0,1114933.9,36932.55,0.08042959892583458,2970.1684550052128,2,0.20781067614494542,наблюдается,0.19195137792857675,0.2189078815376631,-4.457615081727029,0.0,0.0,0.0,0.04670111287758347,0.5447138314785374,0.40858505564387915,4.167670737369814,0.7837215601300108,False
200,42697.5,False,2969.5,1302716.0,36510.0,0.06954859774191138,2542.7943425665785,2,0.0,структурный ноль,0.1986384839483892,0.21258188257709784,-4.503752658204165,0.0,0.05017679744064658,0.004377841387438962,0.08082168715271931,0.7740360330021889,0.09058764101700623,7.459504611504198,0.4513730002051072,False
201,16397.0,False,965.5,374333.1,32434.25,0.05887943671564462,1902.630749276197,2,0.0,структурный ноль,0.19501375780041325,0.21675398605381785,-0.4402450910576006,0.0,0.0,0.0,0.05437597099948213,0.7824961160020715,0.16312791299844642,6.137000657593494,0.7721078263841422,False
202,30058.0,False,3294.0,1872934.2999999998,47178.5,0.10957914569055238,5190.8177186262765,2,0.03369161756287017,наблюдается,0.19464041778873345,0.21984547252853476,-0.9855492567675869,0.060412871888281726,0.03460837887067395,0.0,0.06435944140862174,0.4820886460230723,0.35853066180935034,3.6552907011111193,0.9201106827204475,False
203,24090.75,False,2352.0,1466926.4500000002,51967.35,0.09763253069786355,5075.992875466394,2,0.2280906976799397,наблюдается,0.18894250039601973,0.21625832698757363,-2.0315547130942764,0.0,0.034651360544217684,0.0,0.0546343537414966,0.36267006802721086,0.5480442176870749,5.7129025325371545,0.613061951754386,False
204,50869.75,False,5404.5,3111259.25,48036.899999999994,0.1062431802614274,5096.344694484835,2,0.6196529169749426,наблюдается,0.17817112614495995,0.2342329228750811,-2.7230472995960824,0.0,0.2773614580442224,0.0020353409196040336,0.0925154963456379,0.5604588768618743,0.06762882782866131,3.4205032230639105,0.6893939393939394,False
205,30983.5,False,2713.5,1167667.25,35891.2,0.08757919408535739,3140.4992924985986,2,0.0,структурный ноль,0.1968289058243023,0.21521349598367795,0.5799616629660405,0.0,0.0,0.0,0.05878017320803391,0.6379215035931454,0.3032983231988208,4.663815235203901,0.769036903690369,False
206,235439.5,False,65312.5,59611332.9,76073.45000000001,0.2774061126486188,21100.982848739182,2,1.0,наблюдается,0.24753503439528907,0.17918846914367773,6.000328847331385,0.01925358851674641,0.15204593301435407,0.03304114832535885,0.32102583732057416,0.4746488038277512,0.0,12.310152142293926,0.025778319225994283,False
207,26442.0,False,8486.0,10653994.9,104502.15,0.32094035292226214,33583.78713252185,2,0.9774522761422655,наблюдается,0.25867049454674895,0.18835399186675394,1.875122335117147,0.016026396417629037,0.09386047607824652,0.00648126325712939,0.11831251473014377,0.27174169219891586,0.49357765731793535,8.882786422763811,0.37212548597898915,False
208,12322.75,False,3149.0,3077264.75,81514.05,0.25552415802437844,20818.33680452628,2,0.5918156873594292,наблюдается,0.32150047030503526,0.1578143800177395,-8.788178417113196,0.08780565258812321,0.08971101937122897,0.026516354398221656,0.35582724674499844,0.41441727532550016,0.02572245157192765,15.837241843547938,0.4856400720178705,False
209,5867.5,False,979.5,769091.8500000001,65473.950000000004,0.1669380902107708,10929.097809613344,2,0.5786414762863025,наблюдается,0.3062271282037673,0.16706823379173774,-6.365538460108024,0.06738131699846861,0.08728943338437979,0.009188361408882083,0.1225114854517611,0.704951505870342,0.00867789688616638,12.291874393676055,0.48028667274990805,False
210,12479.25,False,4282.0,4745039.15,92373.65,0.3431494676742455,31710.83097739546,2,0.7663840030312313,наблюдается,0.28177286791417194,0.16663457529138065,-6.176214595094211,0.051377860812704346,0.1367351704810836,0.002919196637085474,0.4453526389537599,0.32239607659971975,0.041219056515646946,14.026082145844402,0.7634596211365902,False
211,31334.25,False,8885.5,7169114.050000001,67259.25,0.28357376143202184,19075.94726450627,2,0.7983892400938961,наблюдается,0.30315573294359566,0.1505172190184968,-0.10238181419860255,0.02881098418772157,0.08131225029542513,0.0020820437791908165,0.2706094198413145,0.31872151257666986,0.2984637893196782,10.662233049346073,0.8622725955635248,False
212,10541.0,False,1760.5,1352555.05,64171.3,0.16699377441761143,10697.088124408467,2,0.5437482908852455,наблюдается,0.31370441932461707,0.15196967049164173,-3.557842473925582,0.14569724510082363,0.07923885259869355,0.005964214711729622,0.16586197103095712,0.48395342232320365,0.11928429423459241,14.552105694378078,0.6636450500172124,False
213,10101.0,False,2092.5,2318241.55,92297.85,0.20718055155074191,19139.437017549863,2,0.7022490247961732,наблюдается,0.3450321769047342,0.1348070633830919,-3.366509236755102,0.056391875746714455,0.052568697729988054,0.005017921146953405,0.33930704898446834,0.46714456391875747,0.0795698924731183,11.408902724430076,0.49996531841436814,False
214,23598.5,False,5213.0,4400969.5,70313.65,0.22092905316860062,15550.51981153962,2,0.7277180121094334,наблюдается,0.30595511542081544,0.1534173411142299,-0.10840574483586779,0.0799923268751199,0.030308843276424323,0.0,0.3498944945328985,0.48733934394782275,0.052464991367734526,14.170471297845506,0.39905750573855214,False
215,7705.5,False,1113.0,735529.4,55134.35,0.14443677750297024,7960.749102387268,2,0.31835191000556423,наблюдается,0.36345479385897084,0.1328218357789629,-9.50582445608102,0.05211141060197664,0.035489667565139264,0.0,0.09748427672955975,0.7601078167115903,0.05480682839173401,17.584675336322206,0.5615162012358274,False
216,18465.0,False,3094.5,2117555.7,57047.100000000006,0.1675855220656885,9559.632196612114,2,0.40877251862513925,наблюдается,0.3207256029686109,0.1751942609549617,3.029565525667396,0.17741153659718856,0.08159638067539182,0.004524155760219745,0.10179350460494425,0.552754887703991,0.08191953465826463,13.207882034829641,0.3507164116784299,False
217,14511.75,False,3300.5,2625650.2,66193.9,0.22748001708754922,15089.002512118572,2,0.550015787850835,наблюдается,0.3235995516046217,0.16721762521108516,-3.078833383669388,0.02454173610059082,0.10574155430995304,0.0,0.18073019239509167,0.3867595818815331,0.3022269353128314,15.062034373573844,0.25710459599477475,False
218,21990.5,False,3462.0,3238646.2,77881.15000000001,0.1574308815128858,12272.463503545168,2,0.0,наблюдается,0.24408930846379784,0.18849796753088466,0.6919176230875804,0.23757943385326402,0.11395147313691507,0.14052570768342,0.07250144425187753,0.33882149046793764,0.09662045060658575,7.008688542314708,0.7504482232230091,False
219,11998.5,False,3227.0,2543817.8,65556.20000000001,0.26908029372818104,17690.468018741856,2,0.24687496586363125,наблюдается,0.2990142605170853,0.18203142565541286,-2.947833517418233,0.07499225286643942,0.046327858692283855,0.0037186241090796405,0.038115897118066316,0.5754570808800744,0.2613882863340564,9.950440101246254,0.6182444480645275,False
220,13946.25,False,1939.0,1467145.4,63008.45,0.1390811622799528,8776.741089923693,2,0.5087687125731056,наблюдается,0.3124363833880876,0.18074086690238209,-17.308986520531885,0.0,0.09541000515729757,0.0,0.10985043837029397,0.6374419804022692,0.15729757607013928,16.930340853512583,0.5029287692681998,False
221,31193.0,False,8775.0,7631269.25,72573.2,0.28129566375323933,20399.125577826322,2,0.9184886099859647,наблюдается,0.28678514067447525,0.14605931926699767,-3.379351481260508,0.11002849002849002,0.3750997150997151,0.01304843304843305,0.1649002849002849,0.33692307692307694,0.0,13.625478892943153,0.4577220955987767,False
222,23658.5,True,5027.5,3926138.2,65118.450000000004,0.21250035700787803,13831.466255106483,2,0.7856536902244318,наблюдается,0.26715880595504715,0.1765363678714966,1.553956069080756,0.018498259572352065,0.17175534559920438,0.0014917951268025858,0.2560914967677772,0.4879164594728991,0.06424664346096465,27.41230701104586,0.2009349881525028,False
223,12077.0,False,2590.5,2160385.1,69505.15,0.21453793849164388,14925.111358597773,2,0.5536634153086726,наблюдается,0.3400948565589438,0.15258336276695922,-17.139137547732254,0.10499903493534067,0.08029337965643699,0.0030882069098629606,0.2109631345300135,0.4053271569195136,0.19532908704883223,12.40025615452494,0.4544868797476174,False
224,232734.0,False,71846.5,66369809.400000006,76987.20000000001,0.3087063971705136,23765.934152568494,2,0.9970893690135877,наблюдается,0.2184987353580989,0.1949848004842315,0.6138544326548279,0.014837187615263096,0.20546581949016304,0.011809900273499752,0.274675871475994,0.49292589061401737,0.0002853305310627219,15.590230895096258,0.16226711905895347,False
225,67585.75,True,21513.0,28670742.6,111287.79999999999,0.3183026745384415,35352.426249375436,2,0.9956376191238453,наблюдается,0.18744996391364915,0.17730920617691698,-1.4752203074497596,0.0,0.11049133082322317,0.02919165155952215,0.3194115186166504,0.3212243759587226,0.2196811230418816,6.34749397651432,0.09,False
226,10127.75,False,3666.0,4690584.55,106672.65,0.3619774078603508,38615.53345542817,2,0.8900642262047193,наблюдается,0.24149070054135177,0.18065369566382591,-7.31186376561473,0.3312875068194217,0.03927986906710311,0.0,0.1437534097108565,0.24318057828696127,0.24249863611565736,10.183641607741837,0.06448581507653042,False
227,20925.5,True,5326.5,5804337.4,90880.15,0.2545392508022922,23118.324554674815,2,0.9463596427579324,наблюдается,0.2587712229926874,0.1619969047913942,-6.0117768528143145,0.028254951656810287,0.09715573078006196,0.0,0.3301417441096405,0.4719797240214024,0.07246784943208484,11.733257098220633,0.0,False
228,35847.0,False,21194.5,33187931.9,130600.5,0.5912343295031093,77158.45679167815,2,0.8906702879443641,наблюдается,0.15990144441379933,0.21022447799073635,-12.202997932945241,0.420745948241289,0.11311896954398547,0.07105617023284343,0.21890113001014413,0.16742551133548797,0.008752270636250059,12.838598446218922,0.28914744212102517,False
229,93364.0,True,32133.0,36630750.4,94997.9,0.343183954203691,32601.701697425382,1,0.9826555453956134,наблюдается,0.22977837665369266,0.1807193355269376,-8.58107180465915,0.09012541623875767,0.16851834562599197,0.022095664892789343,0.37522173466529735,0.3440699592319422,0.0,11.780160628844838,0.12519585064595248,False
230,16170.0,False,2730.0,2202303.15,67256.15,0.16882925511831523,11352.709038659472,2,0.0,структурный ноль,0.2239128341734528,0.23895881250533219,-4.08733771517289,0.0,0.06282051282051282,0.0,0.09945054945054944,0.7456043956043956,0.09212454212454213,14.488125106289159,0.47190998885822166,False
231,15048.25,True,5797.5,5399270.65,77692.55,0.38524661090843415,29909.481596659036,2,0.84209132004364,наблюдается,0.2802025100646611,0.1704895621886083,-7.5309358446292665,0.014402759810263045,0.1346269943941354,0.02699439413540319,0.26821905993962913,0.363777490297542,0.19197930142302722,11.457016603949866,0.09105280717412555,False
232,7479.5,False,1626.5,1231331.5,63076.79999999999,0.21747162581851454,13723.439501968129,2,0.0,структурный ноль,0.29717965774072386,0.1614773274403474,-6.666999572450193,0.23731939747924993,0.0,0.0,0.07623731939747926,0.4915462649861666,0.19489701813710414,12.78340580379617,0.4802349880902963,False
233,18256.5,False,2933.0,1978840.0,56285.55,0.1606434052137269,9035.833600173402,2,0.0,структурный ноль,0.26397603908928263,0.1850484431229597,-9.616771046807326,0.09052165018752131,0.0,0.0,0.1317763382202523,0.6222297988407773,0.15547221275144907,9.934587027588062,0.7220392577864425,False
234,42190.0,False,13814.5,16473263.3,99507.05000000002,0.3274120237404995,32553.14656862249,2,0.8857134409720054,наблюдается,0.2679651651345009,0.16040396616156857,-7.344834760407134,0.10528792211082558,0.18860617467154078,0.0,0.3505736725903941,0.3478229396648449,0.007709290962394588,14.539267952572935,0.3541578268342757,False
235,17055.5,False,4808.5,3548370.75,61559.65,0.28192039890137677,17348.64415697598,2,0.0,структурный ноль,0.29588169097795325,0.17399001355929578,-12.867196298342387,0.2394717687428512,0.0,0.0,0.07008422585005719,0.427992097327649,0.26245190807944263,15.742475459482781,0.5925672907521919,False
236,33868.25,False,8861.5,8949414.3,84229.65,0.26163633883850723,22026.897330788364,2,0.9103085459919408,наблюдается,0.2510583320790317,0.1750517716927925,-0.3549510512829046,0.03605484398803814,0.23534390340235853,0.0,0.32844326581278566,0.3722281780736896,0.027929808723128113,9.21287819852001,0.45389594862335175,False
237,21454.5,False,4865.5,3713498.5,63578.85,0.22678198640884428,14423.439037551645,2,0.0,структурный ноль,0.2408222556790876,0.20492681342610963,-0.1272323155595994,0.1798376323091152,0.04429143972870209,0.0,0.15168019730757373,0.5113554619258042,0.11283526872880478,7.311935805657233,0.3565783602203738,False
238,11583.25,False,2933.0,2028164.0499999998,57596.850000000006,0.2532407886886555,14600.848408012802,2,0.0,структурный ноль,0.3054941055238851,0.1800586375109901,0.3180093665448571,0.06512103648141834,0.02335492669621548,0.0,0.0869416979202182,0.5898397545175588,0.23474258438458917,14.806242041672743,0.6495165222188586,False
239,9450.5,False,2153.0,1487440.5,57658.75,0.22778412193628972,13124.905820123506,2,0.6157888547844853,наблюдается,0.3418000755391064,0.15690748936944815,-15.731794832995773,0.04435671156525778,0.10148629818857409,0.0,0.12261960055736182,0.5515559684161635,0.17998142127264283,11.414042172068724,0.5592676601846764,False
240,12240.75,False,2831.0,2029831.5,59849.350000000006,0.23123824705359797,13828.003616039176,2,0.635762723948385,наблюдается,0.2753118775370103,0.19664825691826654,-11.243350491903666,0.09908159660897209,0.0,0.0,0.10561638996820912,0.5718827269516072,0.22341928647121156,16.212981749296166,0.3520158492827063,False
241,23559.0,False,7530.0,6203271.35,68730.7,0.31959646613165316,21948.542911341414,2,0.6443523740403688,наблюдается,0.27977337135045066,0.16209135219453402,-5.974906098893286,0.0031872509960159364,0.3071713147410359,0.0,0.3365205843293493,0.33671978751660026,0.01640106241699868,13.578945402010282,0.4078498659304322,False
242,21778.75,False,4046.0,2800293.85,57732.5,0.18577019536037587,10720.59793641884,2,0.0,структурный ноль,0.26222018812324216,0.20933358493067883,-8.001915535400906,0.10207612456747404,0.0,0.0,0.09923381117152744,0.6312407315867523,0.16744933267424622,12.084231307709768,0.6575848575900936,False
243,10353.75,False,2125.0,1637924.95,64268.3,0.20523501642178296,13187.857772257325,2,0.0,структурный ноль,0.25712692930434866,0.1944771578766616,-7.89011594892381,0.012470588235294117,0.09458823529411765,0.0,0.1484705882352941,0.664,0.08047058823529407,17.204366662165093,0.603415338738235,False
244,355472.75,False,113652.0,88265123.35,64670.45,0.31972866856905713,20695.912684023002,2,,нет данных,0.2597789473094233,0.1834137619872323,-1.3171056654355242,0.007927709147221343,0.09863882729736388,0.054407313553655016,0.39742371449688524,0.44160683489951785,0.0,13.016644531839631,0.3828125,False
245,54176.25,False,8510.0,4824194.949999999,47292.75,0.15707249090042982,7423.074474950019,2,,нет данных,0.2907599781301258,0.16395115728084564,-7.357456093289982,0.0,0.044477085781433605,0.008108108108108109,0.22385428907168037,0.5370152761457109,0.186545240893067,16.88239305925584,0.08729199920711923,False
246,22140.75,False,4806.5,2844785.95,49411.75,0.21705832419780796,10708.85114907616,2,,нет данных,0.2530806530539615,0.20556964277770365,-8.334699314950722,0.0,0.0,0.0,0.09403932175179444,0.28315822323936335,0.6228024550088422,12.692644623477594,0.041696209435505865,False
247,35462.75,False,9696.0,5958650.75,51210.2,0.2734333844475798,14009.64151537222,2,,нет данных,0.2599773211273059,0.16845977265812984,-11.447433425511187,0.0,0.28748968646864687,0.007013201320132013,0.11803836633663366,0.3686571782178218,0.21880156765676562,32.1892245154963,0.2138347364628284,False
248,119813.25,False,18852.0,9818776.55,43424.1,0.15734291214772234,6830.352471680885,2,,нет данных,0.2595957245208371,0.18174942234486427,1.7605340702881782,0.002307447485677912,0.12078294080203691,0.01588690855081689,0.20814767663908337,0.6311001485253555,0.021774877997029485,11.79455512495986,0.49700598802395207,False
249,152110.5,False,21994.0,13816271.5,52343.8,0.14459372378552782,7570.585524634273,2,,нет данных,0.26004859742079994,0.18015758139413032,2.3804061566028953,0.0,0.2257888515049559,0.023938346821860506,0.3050604710375557,0.3958806947349277,0.04933163590070022,13.509301992700395,0.04961290231925504,False
250,25187.25,False,7514.0,4447407.75,49466.45,0.2982885353057269,14716.57709005731,2,,нет данных,0.24849296718017413,0.1988889326661676,-1.7993702294914995,0.0,0.45388607931860525,0.013308490817141336,0.13068937982432793,0.3050971519829651,0.0970188980569604,12.834558245009047,0.21602478972996902,False
251,23485.75,False,7525.5,4135820.1,45797.05,0.32043147228023316,14678.234318570514,2,,нет данных,0.2724241273057279,0.18103921320332617,-2.9009296980542776,0.0,0.14723274201049763,0.0053152614444222975,0.09886386286625473,0.6351737426084646,0.11341439107036078,32.308911450010896,0.02338358068928645,False
252,33844.25,False,4977.5,2845977.4000000004,47640.65,0.14707343858273755,7009.175569730006,2,,нет данных,0.24041055718475074,0.19794721407624633,-8.542537543611656,0.10919136112506278,0.08287292817679558,0.014364640883977901,0.15429432446007033,0.4349573078854847,0.2043194374686087,20.052557357851235,0.22309371648773146,False
253,99106.0,False,17910.5,9814206.95,45711.5,0.18071785731305484,8252.826357473361,2,,нет данных,0.2889556391053231,0.1630799625034019,6.057602270665286,0.0,0.14658998911253177,0.033109070098545544,0.3565227101420954,0.44069121465062394,0.02308701599620333,20.17908455465888,0.21454615909829716,False
254,135212.25,False,30503.5,21673448.200000003,59211.649999999994,0.22559742804077518,13358.942305846545,2,,нет данных,0.27044711818644557,0.1515893683100098,0.3887256292353096,0.0,0.07161473273558772,0.02044027734522268,0.3156686937564542,0.5521005786221254,0.04017571754061011,19.024604830961785,0.09111111111111111,False
255,93892.25,False,10363.5,5813056.6,46750.1,0.11037642476686194,5159.750298493287,2,,нет данных,0.2527250706499798,0.20318509232305632,0.9299826616255078,0.12770782071693926,0.1669320210353645,0.009649249770830318,0.13484826554735369,0.537559704732957,0.023302938196555267,10.046367466253942,0.591139136428171,False
256,64400.75,False,6300.0,3117765.25,41209.15,0.09782612292937895,4034.8039578253965,2,,нет данных,0.2191893230940732,0.23137424908651763,-0.6647926518755654,0.04777777777777778,0.04047619047619048,0.0,0.24682539682539684,0.5664285714285714,0.09849206349206352,9.780759682011988,0.5155920945759649,False
257,,False,4160.5,1720049.9,34468.9,,,0,,нет данных,0.24507534461386818,0.20745530847234875,,0.08436485999278932,0.0,0.015623122220886913,0.11032327845210912,0.5919961543083764,0.1976925850258382,,0.7540675272481351,False
258,,False,4151.0,2201633.65,44203.55,,,0,,нет данных,0.26175277934071906,0.21342232397508779,,0.15960009636232234,0.0,0.007588532883642495,0.054444712117562036,0.6555046976632137,0.12286196097325941,,0.36677937059184745,False
259,,False,10258.0,5323883.3,43274.7,,,0,,нет данных,0.24931566317363466,0.20461369638356627,,0.18916942873854553,0.16957496588028856,0.0019496977968414895,0.2124195749658803,0.42522908949112886,0.0016572431273151889,,0.6770643588474743,False
260,,False,1485.5,651635.95,36501.7,,,0,,нет данных,0.23603049960168432,0.20078904442168355,,0.1682935038707506,0.0,0.0,0.03332211376640862,0.5718613261528105,0.22652305621003033,,0.9189140669409667,False
261,,False,5359.0,2760616.3,42980.100000000006,,,0,,нет данных,0.28737533032137075,0.17798994118148495,,0.05224855383467065,0.12194439261056167,0.02257883933569696,0.1435902220563538,0.583597686135473,0.07604030602724388,,0.26540749417391046,False
262,,False,4231.5,2079672.25,41016.9,,,0,,нет данных,0.2664147598721806,0.1936416859095468,,0.130450194966324,0.038166134940328486,0.03781165071487652,0.09275670565993147,0.6268462720075624,0.07396904171097718,,0.4842580662899878,False
263,,False,2916.0,1437222.15,41073.55,,,0,,нет данных,0.246980504041845,0.19315263908701855,,0.21793552812071332,0.0,0.0,0.07681755829903979,0.61539780521262,0.08984910836762694,,0.4901007564698598,False
264,,False,3126.5,1540579.5,41050.5,,,0,,нет данных,0.2768160099716086,0.18063153521224293,,0.11162641931872701,0.055813209659363504,0.008795778026547258,0.043179273948504716,0.6155445386214617,0.16504078042539572,,0.7006229592873504,False
265,,False,3999.5,2043736.65,42603.6,,,0,,нет данных,0.27190532482884944,0.18863586172852337,,0.03337917239654957,0.07638454806850857,0.007250906363295412,0.20715089386173272,0.5548193524190523,0.12101512689086147,,0.8041477001767302,False
266,,False,13900.0,7830203.5,46969.35,,,0,,нет данных,0.23844016083254493,0.196529091769158,,0.04043165467625899,0.1780935251798561,0.006942446043165467,0.20902877697841726,0.5642805755395683,0.0012230215827337965,,0.4676849004985449,False
267,,False,2728.0,1329601.2000000002,40622.7,,,0,,нет данных,0.24897972509713018,0.20875640732639003,,0.0,0.0,0.0,0.09347507331378299,0.7615469208211144,0.14497800586510257,,0.2471053419304325,False
268,,False,4444.5,2588538.4,48836.4,,,0,,нет данных,0.2769190204673544,0.19310503938564977,,0.03599955000562493,0.013837327033412082,0.00483743953200585,0.41995725053436833,0.43998200022499717,0.08538643266959167,,0.66603074219018,False
269,295388.5,False,66915.5,52161322.35,64872.3,0.2265302026079396,14712.569028159669,2,0.9637487374472785,наблюдается,0.2372488920660013,0.20795916350460616,6.62471858330388,0.004079772250076589,0.35511951640501827,0.012426119508932907,0.2391673080228049,0.3892072838131673,0.0,8.523692242315411,0.08447603719006616,False
270,51621.5,False,11634.5,9182254.75,65757.65,0.2253891289909277,14832.184678578462,2,1.0,наблюдается,0.25761360031674274,0.1706193869447298,-5.069577623273951,0.0,0.5357342386866647,0.005887661695818471,0.13111865572220552,0.32162963599639005,0.005629807898921313,7.865167281938909,0.08856088560885608,False
271,19093.5,False,6630.5,4471929.65,56155.049999999996,0.3472931072442349,19531.43066406322,2,1.0,наблюдается,0.2541528777732877,0.19230041164058143,-5.512635232102744,0.0,0.5491290249604103,0.0,0.11296282331649198,0.3143805142900234,0.0235276374330744,7.345679951480652,0.5012500000000001,False
272,20437.75,False,2393.5,1334305.35,46545.0,0.11710181412290971,5442.434492776232,2,0.17935902720992847,наблюдается,0.2593898018683537,0.17247385028680437,-3.246766937904844,0.026947984123668268,0.16294129935241278,0.0,0.1577188218090662,0.4942552747023188,0.15813662001253392,9.21076334444828,0.6782808604195042,False
273,19579.0,False,1151.0,456919.05,33022.7,0.05880538340096203,1946.2427471726842,2,0.0,структурный ноль,0.3241715503031207,0.14186911835300733,-2.908945012507991,0.0,0.061251086012163336,0.0,0.005212858384013901,0.6794092093831451,0.2541268462206777,8.79723219814654,0.7934967689387827,False
274,38432.5,False,7981.0,5482301.05,57289.7,0.20765736429119108,11892.347742114864,2,0.5019170140912431,наблюдается,0.27806278862198763,0.19225379073358823,-1.1459172659627221,0.0830722967046736,0.40502443302844254,0.007580503696278662,0.1131437163262749,0.39111640145345195,6.264879087836128e-05,11.626592999261263,0.2673425229846035,False
275,11114.25,True,1282.5,637344.6,41421.25,0.11539167621186078,4779.861933714455,2,0.34813927770394504,наблюдается,0.24463094511795375,0.20095057801775143,-7.203539921961414,0.022222222222222223,0.07563352826510722,0.0,0.22378167641325536,0.6230019493177388,0.05536062378167639,12.585594362194634,0.48777634487840826,False
276,11396.5,False,2200.5,1004462.5,38147.3,0.19303975748363705,7349.134428173937,2,0.4114652492176933,наблюдается,0.2668724320101449,0.17619597779228263,-14.955399640182478,0.0,0.264939786412179,0.0,0.0627130197682345,0.46103158373097025,0.2113156100886162,11.976146300239108,0.5145158364131348,False
277,17040.5,False,2401.5,1066054.65,37013.05,0.14093512380115147,5217.975192082056,2,0.2521426471619132,наблюдается,0.29181834881731905,0.16798683676179585,-14.373643053205713,0.08119925046845722,0.059962523422860715,0.0,0.1340828648761191,0.6777014366021237,0.04705392463043934,13.177015778822263,0.061642097839548646,False
278,67831.0,False,11571.0,7298341.050000001,52577.35,0.17058682812300646,8965.006330841454,2,0.3787647430269127,наблюдается,0.2280713268329475,0.1928534848950315,-2.895353714197242,0.12898625875032407,0.20581626479993087,0.03768040791634258,0.17746953590873735,0.4494425719471091,0.000604960677555999,5.6518215666260145,0.4221317427078041,False
279,25747.5,False,3076.5,1542479.05,41791.9,0.11949200408277916,4995.608356187832,2,0.3328776367837039,наблюдается,0.2449444778608259,0.19946230074587656,-7.808424681209777,0.02242808386153096,0.04436860068259386,0.0,0.2844141069397042,0.6261986023078173,0.022590606208353625,10.880545880581769,0.37903727105368645,False
280,13401.25,False,2156.5,1008308.55,38998.1,0.1609119764464787,6273.75063994132,2,0.4158550275372297,наблюдается,0.27720655645562586,0.16262567827903696,-3.989864084800619,0.23788546255506607,0.05147229306747044,0.0,0.11639230234175747,0.5059123579874797,0.08833758404822634,12.254789786955701,0.2669531072877043,False
281,12214.5,False,1577.5,828449.75,43828.34999999999,0.12914182854606354,5654.268882429895,2,0.4460788609401202,наблюдается,0.2759803454325077,0.17725949695100784,-10.980439190024601,0.08621236133122029,0.07828843106180666,0.01774960380348653,0.14770206022187005,0.6177496038034865,0.05229793977812991,9.507254840360353,0.5965318795654234,False
282,13001.0,False,1666.0,758371.3500000001,37968.0,0.12814287227339144,4864.0300656944,2,0.402491372555966,наблюдается,0.2890683928271648,0.17704132023870878,-9.99629395612863,0.1398559423769508,0.05402160864345738,0.0,0.08673469387755102,0.6203481392557023,0.09903961584633847,11.306854188344834,0.5890786994909291,False
283,21262.25,False,3463.0,1966896.4,47305.0,0.16288644619602843,7714.716998458301,2,0.3759545102625965,наблюдается,0.2338912336826561,0.19108362957471975,-8.982613530791918,0.0942824140918279,0.2598902685532775,0.0,0.14857060352295698,0.4610164597170084,0.03624025411492915,10.829718722323374,0.39789493667351294,False
284,26101.0,False,4914.0,2533385.95,43083.95,0.18824527062477375,8091.95037635696,2,0.3999840809745465,наблюдается,0.24864699371486187,0.2005294779013133,-8.027066177990541,0.4177859177859178,0.09981684981684982,0.007529507529507529,0.09320309320309321,0.36904761904761907,0.012617012617012646,12.50005690437064,0.35887920673076923,False
285,5951.5,False,1024.5,522004.4,42412.2,0.172226170059265,7320.956650880778,2,0.4165402690850282,наблюдается,0.33942242947370393,0.16452066806155344,-13.154550535605368,0.0,0.0527086383601757,0.0,0.2947779404587604,0.5768667642752562,0.07564665690580774,13.145245443072135,0.5164250580499861,False
286,339138.0,False,83576.0,57293959.4,57125.0,0.24643794726060936,14081.324893873178,2,0.9713787493978435,наблюдается,0.26492028183181643,0.1557850519360528,-2.9765399641563053,0.014106920647075716,0.28592538527807027,0.019826265913659425,0.2758686704317029,0.4042548099932995,1.7947736192347463e-05,6.408642090507079,0.2922784032205573,False
287,23754.25,True,3218.5,1778886.15,46094.55,0.1354891585825187,6241.927164208415,2,0.5427543557278919,наблюдается,0.3511706143518567,0.11439771331394012,1.9741262486022695,0.10361969861736833,0.03402205996582259,0.0,0.09880379058567655,0.5250893273263942,0.23846512350473836,11.764294538587295,0.3864115393063596,False
288,9031.0,True,785.0,320448.3,34091.65,0.086919012832491,2957.343658016036,2,0.0,структурный ноль,0.28628436732244333,0.12308124574120266,-5.483731115977633,0.0,0.054140127388535034,0.0,0.1445859872611465,0.6057324840764331,0.19554140127388542,11.848131282292732,0.9333333333333333,False
289,17301.25,True,3979.5,2307584.25,48364.3,0.23000826004194785,11117.990253639873,2,0.34420593526769827,наблюдается,0.3036024008587397,0.125248639868208,-3.33213075544145,0.20379444653850987,0.011433597185576077,0.0,0.0992587008418143,0.26045985676592537,0.4250533986681744,10.998643494147856,0.4212356024084225,False
290,11719.0,True,1501.5,696836.15,38724.649999999994,0.12812430696329136,4955.5133656536445,2,0.0,структурный ноль,0.3360547931024962,0.1205744614183333,10.763827065022232,0.08291708291708291,0.034299034299034296,0.0,0.09124209124209125,0.5800865800865801,0.2114552114552115,9.3756223154265,0.452640026773467,False
291,6716.0,True,809.5,359148.75,37119.05,0.1205338007795426,4456.345178322874,2,0.0,структурный ноль,0.3279236106735721,0.1052871688704105,7.6622318276269015,0.0,0.04756022235948116,0.0,0.08709079678814083,0.339715873996294,0.525633106856084,10.100254618952302,0.9108225108225109,False
292,11277.0,True,1648.0,882971.1000000001,44725.3,0.1461385922797323,6524.6325651848165,2,0.0,структурный ноль,0.363139308076345,0.11482280832936805,10.499778536768435,0.0,0.025485436893203883,0.0,0.08859223300970874,0.47572815533980584,0.4101941747572815,11.465007432528493,0.4175567423230975,False
293,9118.75,True,1048.5,518961.69999999995,41333.45,0.11497269372704377,4744.972983482893,2,0.0,структурный ноль,0.35700768655164394,0.10265794243300906,-11.888658472156655,0.0,0.044349070100143065,0.0,0.12827849308536005,0.5999046256556986,0.22746781115879833,12.200667570056684,1.0,False
294,45567.5,True,12647.0,5719584.85,37825.9,0.27751533306005427,10460.4347455111,2,0.4991089671465474,наблюдается,0.2267994856454431,0.13203980119066538,-1.8388805223492823,0.01652565825887562,0.34019925674072904,0.06293982762710525,0.06677472918478691,0.4473788250177908,0.06618170317071237,9.02967622381798,0.6440194636954628,False
295,11558.5,True,1912.0,1070140.05,46374.15,0.16544866507447661,7720.385674530578,2,0.6604654459277337,наблюдается,0.31041635544222246,0.12010803473570944,-3.1941830964591538,0.0,0.3475418410041841,0.0,0.05726987447698745,0.4503138075313807,0.1448744769874477,9.86205046522112,0.6200708091043279,False
296,16959.5,True,3004.5,1668276.65,46323.7,0.17715334110787717,8200.578374346846,2,0.0,структурный ноль,0.31250654590061533,0.13433431104202095,-4.852965392378989,0.16858046263937426,0.21584290231319686,0.0,0.10267931436179065,0.46097520386087537,0.051922116824762776,10.83842875296095,0.7210789089786183,False
297,6614.75,True,905.0,467462.0,43109.899999999994,0.13681046733435276,5890.848868269447,2,0.5762162918210296,наблюдается,0.30668802694928665,0.11745215393572025,-10.521293841723434,0.0,0.019337016574585635,0.0,0.09392265193370165,0.3104972375690608,0.5762430939226519,9.120962938214578,0.6585172459363023,False
298,35976.0,True,7924.0,4146875.3,43471.25,0.22027334105537438,9609.838477237863,2,0.5378882791369524,наблюдается,0.31453557539856447,0.12843809208137436,-5.196849644173864,0.102221100454316,0.23756940938919738,0.0,0.29726148409893993,0.35278899545684,0.010159010600706786,9.825954121431009,0.1469638603122771,False
299,9366.0,True,1236.0,698627.2,47117.100000000006,0.13196638247143333,6216.5802748557135,2,0.0,структурный ноль,0.3348882143730124,0.12547358076381188,7.875263146112751,0.20833333333333334,0.21318770226537218,0.0,0.07726537216828479,0.3697411003236246,0.13147249190938504,6.130232052241728,1.0,False
300,21525.5,True,3590.5,1835700.6,42699.1,0.16679032901635232,7108.144916592122,2,0.4006968993862268,наблюдается,0.32583334465591596,0.12073281024373952,-4.084105047088892,0.23938170171285336,0.08536415541011001,0.0,0.14357331847932042,0.472357610360674,0.059323214037042216,13.396497270096113,0.3891126961840029,False
301,33585.75,True,4633.5,3338596.45,60163.350000000006,0.13795697761768136,8284.856512515515,2,0.0,структурный ноль,0.29960887748535214,0.14762243858646934,-0.48920000880622017,0.42602784072515376,0.11988777382108558,0.0,0.06096902989101111,0.3503830797453329,0.042732275817416565,5.536760246829614,0.6989881127234188,False
302,18903.25,True,2932.5,1733215.2999999998,49302.75,0.15512916442590285,7642.484350564253,2,0.0,структурный ноль,0.27605374129728455,0.16583108959127352,-6.746967055313899,0.1774936061381074,0.020460358056265986,0.0,0.16675191815856777,0.3004262574595055,0.3348678601875533,10.207649761697489,0.497256646841507,False
303,58929.75,True,14331.5,10728602.25,62316.95,0.24320185325415886,15174.71400214073,2,0.716004237967368,наблюдается,0.2660341265289363,0.1563740636736758,-0.42584809739330476,0.06185674911907337,0.3525102047936364,0.014025049715661306,0.29079300840805217,0.27512821407389315,0.005686773889683749,6.592505112901873,0.7965681561079452,False
304,11353.75,True,1371.5,669917.0,40892.5,0.12077665873445315,4918.623724187174,2,0.0,структурный ноль,0.30594109645364453,0.11551854257048329,-4.821010120773648,0.27524608093328473,0.03718556325191396,0.0,0.07838133430550492,0.47211082756106454,0.1370761939482319,8.092586289488946,0.581530644505787,False
305,12741.0,True,1563.5,737822.8,39265.600000000006,0.12272128630765514,4827.919828384533,2,0.4915671570795096,наблюдается,0.3743190831141421,0.1152676819639534,-2.4420914017281157,0.0,0.05692356891589383,0.0,0.09625839462743845,0.6395906619763352,0.20722737448033257,13.23877453245915,0.6318282621440892,False
306,9022.0,True,1241.5,586883.5,39512.2,0.1375883430945296,5423.300372994041,2,0.0,структурный ноль,0.2887297823413439,0.12576989068925393,-10.305552919011014,0.0,0.07410390656463955,0.0,0.07652033830044301,0.5529601288763593,0.2964156262585582,9.09299340918121,0.42458914406268633,False
307,18255.25,True,4340.5,2627313.7,50431.85,0.2377686923435743,11994.520227967434,2,0.4877390035118688,наблюдается,0.24794469507559527,0.1516659409779741,-0.012847811246319979,0.05748185692892524,0.008293975348462159,0.0,0.17267595899089966,0.31724455707867755,0.4443036516530354,9.684260819061697,0.47642637495461043,False
308,28474.75,True,9032.0,6628099.65,61105.0,0.31719697125531665,19401.367333287395,2,0.7129744265687535,наблюдается,0.2867688042973803,0.15169647809019315,1.4878380437134555,0.31133746678476526,0.4240478299379982,0.0,0.05912311780336581,0.18722320637732506,0.018268379096545773,10.582738161628598,0.31875833856661145,False
309,384685.75,False,85244.0,116954140.55,114296.75,0.22159785660660528,25324.184806282665,2,0.9548004807116733,наблюдается,0.14109431348135842,0.22858479398771664,,0.024371216742527332,0.08609990145934025,0.01608324339542959,0.33844610764393973,0.53498779972784,1.1731030923112229e-05,11.133766972217959,0.07680726617725513,False
310,11917.0,False,2198.5,2830822.1500000004,106067.85,0.18417676033262168,19718.230042463198,2,1.0,наблюдается,0.15895824076252213,0.22181481164661593,,0.0,0.1562428928815101,0.0,0.22697293609279054,0.22492608596770525,0.39185808505799413,5.097710430521988,0.2248606624084441,False
311,3746.25,False,1203.5,1480464.0,102602.65,0.32124632855562074,32941.21607863762,2,0.497930136301919,наблюдается,0.18167990290269873,0.23525729130929113,-5.708348482739433,0.0,0.2056501869547154,0.0,0.1682592438720399,0.5596177814707104,0.06647278770253429,11.21139699418344,0.46875,False
312,39138.25,False,21769.5,33879174.05,129741.45,0.5562205577397066,72135.71850541222,2,0.9144394958448511,наблюдается,0.18570891891814859,0.18989933200537357,-10.148333776567718,0.21178713337467558,0.06692850088426468,0.26700199820850273,0.24623900411125657,0.2077677484554078,0.00027561496589267875,10.871717524939356,0.6014957264957266,False
313,2338.25,False,840.0,1148314.15,114145.55000000002,0.35920266494734576,40937.646733290356,2,0.7849386535582549,наблюдается,0.190001573562983,0.25787329250761293,-3.8351010691436223,0.0,0.0,0.0,0.22797619047619047,0.4654761904761905,0.30654761904761907,9.729206963249515,1.0,False
314,16747.25,False,3713.0,3443648.6,77272.25,0.22171243526916173,17139.558709144127,2,0.0,структурный ноль,0.18651026222026262,0.27736349582889624,-15.047368477983184,0.025855103689738757,0.008887691893347698,0.0,0.1411257743064907,0.6776191758685699,0.14651225424185288,9.464239374271513,0.8231524177467597,False
315,3466.25,False,1804.0,3834922.0,177292.9,0.5204798055725196,92188.62538203868,2,0.0,структурный ноль,0.09508416838233717,0.31967993027407837,-15.8063089607587,0.0291019955654102,0.08952328159645233,0.0,0.057926829268292686,0.27023281596452325,0.5532150776053215,11.828469351766213,0.3142857142857143,False
316,8054.75,False,2956.0,4815303.949999999,136292.15,0.3669716181605399,49819.20091292987,2,0.5595441341419108,наблюдается,0.11879047000488831,0.24769878939650364,21.38859812650947,0.059709066305818674,0.10504059539918809,0.0,0.16542625169147496,0.37110960757780787,0.29871447902571036,9.683733793973737,0.7,False
317,20761.5,False,4118.5,3940484.25,79679.15,0.19837644009058225,15819.179051595893,2,0.0,структурный ноль,0.14831170359938825,0.27937102344856823,-13.874252012229807,0.026951560033992957,0.1231030715066165,0.0,0.12079640645866213,0.7216219497389826,0.007527012261745791,7.652759621025516,0.4056178428178953,False
318,3682.75,False,1476.5,1978189.55,111803.75,0.40088076929883554,44788.083140814444,2,0.6538332738690494,наблюдается,0.21082695148288472,0.2223208313035011,-6.721374897360436,0.0,0.0,0.0,0.38638672536403657,0.3880799187267186,0.22553335590924484,17.039774168524875,0.5600961538461539,False
319,9995.5,False,3600.5,4811320.4,111105.1,0.36021749083690546,40117.04885634626,2,0.46584646084064946,наблюдается,0.16838542551151853,0.23721391295943273,-5.050477133385816,0.014859047354534093,0.1424802110817942,0.0,0.28107207332314954,0.5165949173725871,0.044993750867935,7.778565361948099,0.6756157471001221,False
320,25060.5,False,6006.5,6373475.65,88448.15,0.2396790138559654,21198.50624792691,2,0.5141379498809584,наблюдается,0.16750979162352803,0.2794079532986964,-1.1926176571310283,0.05094480978939482,0.11013069175060351,0.0,0.15449929243319738,0.6208274369433114,0.0635977690834928,8.040339543695772,0.40611038267288263,False
321,11958.5,False,2566.0,2443612.0,79344.0,0.21457584630083343,17029.73197306483,2,0.0,структурный ноль,0.16629432280392684,0.2942651405072304,-11.703793403400553,0.0313717848791894,0.1122369446609509,0.0,0.14945440374123148,0.6855027279812939,0.02143413873733435,11.320420236719418,0.5393733342851703,False
322,4040.0,False,1263.0,1333512.1,87874.8,0.3126455576492805,27515.206099662355,2,0.0,структурный ноль,0.1438986291379633,0.29408653546074826,-19.677413507737032,0.0,0.16072842438638163,0.0,0.12945368171021376,0.6631037212984956,0.046714172604908955,9.776021064627786,0.5394199346405228,False
323,11066.0,False,3348.0,3673207.9000000004,91541.5,0.30253343158378126,27671.42687310982,2,0.29194700698068193,наблюдается,0.17379397511408695,0.25684704754525445,-13.269697126822837,0.14560931899641577,0.1774193548387097,0.0,0.12828554360812425,0.5273297491039427,0.021356033452807566,9.477735592133271,0.9882165656960459,False
324,22800.0,False,7880.5,10513265.6,111079.04999999999,0.3456550837438013,38437.14518726553,2,0.4397006836788582,наблюдается,0.18567288115128977,0.27389729481776043,-13.168882445116592,0.02347566778757693,0.0782310767083307,0.0,0.20182729522238438,0.43652052534737645,0.25994543493433153,6.458600835118136,0.832496009962873,False
325,31850.5,False,34615.0,57877739.400000006,140299.35,1.0864326326767717,151421.59883461555,2,0.8789173777312526,наблюдается,0.19134379125813353,0.2195562934280056,-5.357282856941457,0.27490972121912466,0.049978333092589915,0.39336992633251483,0.18087534305936734,0.10080889787664307,5.777841976017939e-05,13.998237612213172,0.4598106944673767,False
326,32955.0,False,7011.0,6950854.6,82576.75,0.2127481182986324,17579.60141197839,2,0.15946319129063,наблюдается,0.18435621053870357,0.25761356432443294,-10.943500876294816,0.012979603480245329,0.10447867636571102,0.0,0.22985308800456425,0.6424903722721438,0.01019825987733558,8.982087453611644,0.5994514411103778,False
327,71712.0,False,38235.0,73349483.85,159650.25,0.5331380651001334,85218.06497835933,2,0.9640167208432956,наблюдается,0.12355015290355473,0.20789042919733572,-1.0062330049932002,0.42370864391264546,0.08600758467372827,0.08962992023015562,0.23764875114423958,0.16297894599189225,2.6154047338966535e-05,10.542225624347482,0.4998758878767069,False
328,3831.5,False,1231.5,1404543.3,95075.2,0.32142893331775424,30538.668685423607,2,0.0,структурный ноль,0.16010384252915671,0.2956794942083527,11.542626650035032,0.0,0.0,0.0,0.10150223304912707,0.535931790499391,0.3625659764514819,12.168702587088719,1.0,False
329,24953.75,False,4615.0,4365731.15,78829.05,0.18494224634245032,14579.846074683344,2,0.0,структурный ноль,0.16078677716758383,0.28354970370273624,-5.956632124937419,0.010617551462621885,0.1075839653304442,0.0,0.13813651137594798,0.7327193932827736,0.010942578548212345,8.67603072416233,0.350849865063027,False
330,68629.25,False,33028.0,59454971.95,149436.4,0.4812883086056518,72207.31889990153,2,0.9820371516613561,наблюдается,0.1758575038021022,0.1988062422935862,-1.1696997641744036,0.3520951919583384,0.07487586290420249,0.18237556013079811,0.20425093859755358,0.1863570303984498,4.541601065755074e-05,9.866444545178913,0.8016759776536313,False
331,4176.75,False,1113.5,1511997.85,113256.9,0.2665872321467444,30174.565202075035,2,0.6251072494788196,наблюдается,0.1831422408092862,0.24838707292136222,-3.9299379120133007,0.0,0.0,0.0,0.23035473731477324,0.5487202514593623,0.2209250112258645,12.209936912210802,0.5492587838518072,False
332,7628.25,False,5591.5,11711686.6,174296.7,0.7329684632268901,127852.89899669951,2,0.5981251656553314,наблюдается,0.1790021668962255,0.2271541313633012,-8.23246748378109,0.6096754001609586,0.07851202718411875,0.0,0.08056872037914692,0.19690601806313154,0.03433783421264425,11.667568811969716,0.8194444444444444,False
333,20500.75,False,12579.0,19041282.55,126261.09999999998,0.6135673534933491,77431.01413833599,2,0.4143417192445251,наблюдается,0.20026702872514668,0.22247641077507796,-9.06013410935557,0.20577947372605135,0.05020271881707608,0.29032514508307494,0.19981715557675492,0.2506161062087606,0.003259400588282002,15.170209110803178,0.7694584100472005,False
334,4396.5,False,2223.5,4106276.25,153944.1,0.5058059963996638,77806.27652881977,2,0.0,структурный ноль,0.11163876821699545,0.3295111595550176,-6.076610036406345,0.3620418259500787,0.1050146165954576,0.0,0.13986957499437824,0.3100966944007196,0.08297728805936577,6.0556561397631485,0.23809523809523808,False
335,6736.25,False,1894.5,2016332.2,88745.04999999999,0.2812436039302962,24941.770435537397,2,0.4641873490513419,наблюдается,0.2058650934837951,0.25596326827190496,-4.286664537077305,0.028503562945368172,0.0,0.0,0.15888097123251518,0.6012140406439694,0.2114014251781472,19.354152256140846,0.9880593803786575,False
336,22258.0,False,5026.0,4678964.55,77583.5,0.22580672456611045,17519.88677865207,2,0.0,структурный ноль,0.18959633174329577,0.278975590898979,-12.486328220307492,0.01770791882212495,0.0,0.0021886191802626344,0.1347990449661759,0.7545762037405491,0.09072821329088743,7.267113513986606,0.561907136607924,False
337,16763.75,False,3498.0,3447719.75,82128.0,0.2086668778674432,17141.437229538526,2,0.0,структурный ноль,0.1915992902966482,0.27486218687084213,-11.684542895949145,0.0274442538593482,0.12793024585477417,0.0,0.17710120068610635,0.6349342481417953,0.032590051457976,9.93205928436258,0.8587564122643349,False
338,10911.5,False,4656.5,6649947.1,119053.4,0.42675619745011534,50817.59172112919,2,0.5592520616809233,наблюдается,0.18193083982131775,0.24959825208116146,-13.472856662614387,0.008804896381402342,0.0971759905508429,0.011381939224739611,0.33576720712981856,0.35713518737249006,0.18973477934070648,11.651235404763115,0.8291414141414142,False
339,22034.25,False,4382.0,4050646.6500000004,77006.25,0.19887917708997366,15324.993183425293,2,0.0,структурный ноль,0.19049559523006288,0.2579152540505427,-12.537309156548762,0.01586033774532177,0.0,0.0,0.11786855317206756,0.703445915107257,0.16282519397535378,9.831398637602295,0.584144049219795,False
340,7215.5,False,3022.0,4616717.449999999,127473.0,0.4187939114343656,53335.84111353321,2,0.6881531229835313,наблюдается,0.20133352769547305,0.20770809162902898,9.584713591059991,0.3297485109199206,0.1485771012574454,0.0,0.1340172071475844,0.3628391793514229,0.02481800132362677,11.969598180483414,0.9514327658383275,False
341,6727.25,False,2289.5,3196435.4,116249.45,0.34036563366198525,39620.1219659084,2,0.5144973690868145,наблюдается,0.1724695119787336,0.24037467358148873,-7.900801509539542,0.12207905656256825,0.1948023585935794,0.0,0.17667613015942346,0.4623280192181699,0.04411443546625904,10.406243051421896,0.6345787484836565,False
342,34321.75,False,7299.5,7219243.85,82413.95,0.21267930463719736,17530.485785534096,2,0.5005065810737688,наблюдается,0.1858911148551387,0.23764019306963266,-4.374053621663555,0.02815261319268443,0.17220357558736898,0.013288581409685595,0.1137064182478252,0.6107267621069936,0.06192204945544222,8.056115678481902,0.49510288462740953,False
343,21842.75,False,4582.5,4180708.1999999997,76028.85,0.2097959360201862,15951.94253443421,2,0.0,структурный ноль,0.18418495198822799,0.27927144381680835,-8.756544621378357,0.012547735951991271,0.09852700490998363,0.0,0.0955810147299509,0.7477359519912712,0.04560829241680309,7.891668745501226,0.7185743495574799,False
344,2959.75,False,813.5,802187.0,82156.9,0.27485093630521806,22583.436170849316,2,0.0,структурный ноль,0.12576752386859516,0.3005141104373168,-1.854076537946072,0.022126613398893668,0.0,0.0,0.10633066994468347,0.6459741856177013,0.22556853103872165,9.290535864469543,0.9528409090909091,False
345,309423.0,True,67559.0,37008482.1,45649.6,0.21829279325854314,9964.974974797084,1,0.9955749549209768,наблюдается,0.22592282773344013,0.1717013490774145,-6.994113500908628,0.006897674625142468,0.13471188146656995,0.006572033333826729,0.21480483725336372,0.6346156692668631,0.0023979040542341234,8.531220500264947,0.10360188108234678,False
346,38267.0,True,3572.0,1440502.3,33606.5,0.09325153374233129,3133.8430579123697,1,0.5557506913316239,наблюдается,0.24444386545426122,0.2157577968265548,-2.8256189451022604,0.0,0.0,0.0,0.13353863381858902,0.7788353863381859,0.08762597984322507,13.16407745518663,0.5285359801488834,False
347,31300.0,True,2708.0,1047896.2,32252.1,0.08652862985685071,2790.282570722563,1,0.6049334385058609,наблюдается,0.22334441319355663,0.2327090258245973,-0.1268271029519008,0.0,0.024741506646971934,0.0,0.0742245199409158,0.8412112259970458,0.059822747415066435,6.198083168317867,0.7703703703703704,False
348,18580.75,True,1755.0,673321.9,31979.1,0.09458112150036377,3023.909802125156,1,0.5405930101950883,наблюдается,0.22319498486813663,0.24605490704712493,6.149862437287587,0.0,0.02621082621082621,0.0,0.07407407407407407,0.8444444444444444,0.05527065527065522,10.333220974997676,0.375,False
349,15567.25,True,1600.0,692845.7,36095.9,0.10269246814928917,3705.730988521977,1,0.0,структурный ноль,0.22131095021464728,0.20875248286025502,-4.525628832846883,0.0,0.0,0.0,0.10125,0.815,0.08374999999999999,12.180995706194283,0.012437718136676452,False
350,27880.0,True,1785.0,740578.7,34570.5,0.0640037290688085,2212.875745514958,1,0.0,структурный ноль,0.21227648976959185,0.19919733400222167,-0.4706308263191239,0.0,0.0,0.0,0.06386554621848739,0.8610644257703082,0.07507002801120444,6.720798669570619,0.6685848444121826,False
351,82130.25,True,7560.0,4245510.8,46796.8,0.09183729250056183,4297.797808133755,1,0.4304228505577493,наблюдается,0.21859053423299232,0.2501027836223367,-18.11108607213597,0.0,0.08055555555555556,0.0,0.18492063492063493,0.7314814814814815,0.0030423280423279575,12.57764934226336,0.32763532763532766,False
352,55609.75,True,5089.0,2279092.8,37323.9,0.09156747906039422,3417.3508587262604,1,0.6492935417257273,наблюдается,0.22860745811565483,0.24224464060529635,0.8156028368794326,0.0,0.01768520337983887,0.0,0.17783454509726862,0.7767734328944783,0.027706818628414176,9.283450007255178,0.1205204098227354,False
353,100588.25,True,7125.0,3383530.4,39573.6,0.07068206957099704,2797.1336974079936,1,0.0,структурный ноль,0.2136930280340597,0.19472706798111306,-7.124182033765448,0.0,0.0,0.08673684210526315,0.09529824561403509,0.6767719298245614,0.14119298245614043,6.909408628706491,0.6845913704077393,False
354,1320429.5,False,337609.5,348856809.85,86061.2,0.255679567497414,22010.140122125908,2,1.0,наблюдается,0.22570077175191436,0.20425381424868141,2.79523475779302,0.007203588761572171,0.2152531252823158,0.03515303923615894,0.3917454929437708,0.3506417917742244,2.9620019579290613e-06,5.98021288304644,0.24566754712269312,False
355,545684.25,False,132039.0,125519343.94999999,79073.9,0.24196534450000096,19165.77949000932,2,1.0,наблюдается,0.2312238671217446,0.19641359565158012,-2.3470066186203566,0.004244957929096706,0.428002332644143,0.03526988238323526,0.29616628420390945,0.236320329599588,0.0,5.042912478867482,0.6436515933499348,False
356,34433.25,False,5795.5,4210663.15,60660.8,0.16830127243618842,10192.884391011346,2,0.5756925578568824,наблюдается,0.26769510950623043,0.18063324445442436,-3.051443795896738,0.06099560003450953,0.11819515141057717,0.04279182124061772,0.39668708480717796,0.35760503839185576,0.023725304115261858,11.48554215059686,0.4664084388140103,False
357,57121.25,False,12559.5,10319838.8,68500.3,0.21987334188200966,15060.502723695652,2,0.728854452539973,наблюдается,0.25373529515690685,0.19862423321167044,-6.509861277410665,0.3190413631115888,0.07735180540626617,0.01680003184840161,0.2553843703969107,0.3313826187348222,3.98105020104067e-05,7.982992455536593,0.11916696262791895,False
358,26130.5,False,3388.5,2074253.6,51022.85,0.12968125444400075,6621.00233941823,2,0.34577688796900424,наблюдается,0.2530442472339085,0.16482115904618605,-6.259264734304893,0.17367566769957207,0.03497122620628597,0.0,0.18474251143573853,0.5596871772170577,0.04692341744134565,11.333686130644818,0.3736487829477529,False
359,27298.75,False,4896.5,3305417.25,56027.75,0.17942035018817148,10102.302577944403,2,0.0,наблюдается,0.2723160023338538,0.17199158676308612,-11.240130836206339,0.23016440314510364,0.03543347288879812,0.04840191973858879,0.22526294291841112,0.41641989175942,0.044317369549678354,8.82390199353909,0.33592992885901307,False
360,24617.75,False,4932.0,4201301.05,71072.95,0.2003387578925675,14225.412690255976,2,0.4701500766963031,наблюдается,0.23544092537576092,0.19898405232212868,0.8318737427582383,0.10969180859691809,0.09053122465531224,0.28538118410381186,0.13027169505271696,0.37550689375506896,0.008617193836171877,7.08323251830236,0.8889792874008513,False
361,18075.25,False,3418.0,2104386.1,51422.3,0.18908572748266272,9705.55263170628,2,0.0,наблюдается,0.2622522537150257,0.17446809584638245,-2.531784887614204,0.28818022235225277,0.031158572264482154,0.0,0.16486249268578115,0.43197776477472205,0.08382094792276185,8.747932826701648,0.8529124757135907,False
362,212703.75,False,62738.0,67199817.85,89248.95,0.2949551388097593,26328.900055391925,2,0.8160071107219817,наблюдается,0.23468208593179857,0.19621473777867382,-1.9937485665243535,0.23733622366030158,0.13263094137524306,0.028045203863687078,0.36651630590710577,0.23547132519366254,0.0,8.591906506177349,0.29328650095009823,False
363,18665.5,False,3349.5,2012255.65,50098.35,0.17944556720702787,8986.671131980049,2,0.274278134113829,наблюдается,0.2910807907630799,0.1595709251729932,0.940572261785601,0.21570383639349155,0.054336468129571575,0.06090461262875056,0.19764143902074938,0.43319898492312287,0.03821465890431397,14.899610817097527,0.03562885079245873,False
364,49772.75,False,6144.5,3559214.6,48279.350000000006,0.12345146609270069,5960.786763348698,2,0.4017380604003138,наблюдается,0.23090331159572752,0.19185438760038714,-8.317979396198961,0.12100252258117015,0.07559606151843112,0.0,0.1742208479127675,0.5637562047359427,0.06542436325168854,12.19069893882606,0.8402266510585115,False
365,12260.0,False,2610.0,1525164.35,48780.05,0.2128763313835595,10370.287964991821,2,0.0,наблюдается,0.2671624575170682,0.17069730546145162,-6.429250007415838,0.424904214559387,0.03505747126436782,0.0,0.13199233716475095,0.38275862068965516,0.025287356321839094,7.1268247261227575,0.3409090909090909,False
366,32282.25,False,6472.5,5182459.4,66623.9,0.20052587330894356,13386.620742390283,2,0.650703249994001,наблюдается,0.28225173581637375,0.16802389498060494,-10.169758065208478,0.1976825028968714,0.11000386249517188,0.0,0.30753186558516804,0.382078022402472,0.0027037466203165827,14.92011427190846,0.6507374731725761,False
367,32856.5,False,5748.5,3465296.4,49873.1,0.17495618441647615,8788.656645422987,2,0.2526015001806147,наблюдается,0.23830570752730626,0.19845946075376514,-2.726882066438309,0.316343393928851,0.05905888492650257,0.0,0.10324432460641907,0.38853613986257285,0.13281725667565447,10.21107802433039,0.5388780979990944,False
368,99152.25,False,19744.5,15862294.850000001,66952.85,0.19913736495601497,13337.1286624312,2,0.848424527531531,наблюдается,0.24382646238778893,0.17044461594680893,-3.6890464922778143,0.12522474613183418,0.20198029831092204,0.028666210843526045,0.3084656486616526,0.33558712552862824,7.59705234368857e-05,8.760751074448473,0.3271331349114603,False
369,39128.75,False,7560.0,4586809.2,50561.55,0.19321353557978835,9773.284317419926,2,0.501232015173242,наблюдается,0.29161818633950476,0.16320450197777728,-2.7935552764576794,0.15714285714285714,0.24914021164021163,0.0,0.16772486772486772,0.40343915343915343,0.022552910052910047,11.478976099441383,0.32162387538493387,False
370,17674.0,False,8315.0,16469912.85,164433.7,0.47038128043680993,77591.50752684133,2,0.25332807003698626,наблюдается,0.25470985401132845,0.1706884329606226,13.290623892752475,0.017919422730006015,0.05333734215273602,0.07053517739025857,0.5822609741431148,0.27498496692723995,0.0009621166566445849,11.330703486090373,0.4257768760838876,False
371,60453.0,False,8644.0,6904376.35,66441.04999999999,0.1429866464744305,9499.87731918865,2,0.0,наблюдается,0.21295788851331848,0.22380881851141904,35.49318846814259,0.05610828320222119,0.29691115224433134,0.0,0.2667746413697362,0.3665548357242018,0.013651087459509381,5.252329157329575,0.20495654283858897,False
372,20103.5,False,3007.5,1653007.2,45780.3,0.14961656498455994,6857.434761343058,2,0.0,наблюдается,0.2670375462510382,0.1416801553405857,-8.174403441203848,0.14696591853699087,0.061014131338320864,0.0,0.16076475477971738,0.5286783042394015,0.10257689110556933,8.837038355378994,0.7001568191501906,False
373,85676.25,False,33470.5,43345526.95,106060.59999999999,0.39061771734249395,42145.650284296,2,0.8634136332158512,наблюдается,0.22166473558457672,0.1950646491437159,1.4342038862769508,0.041245275690533455,0.5917897850345827,0.039676730255000674,0.146636590430379,0.17939678224107797,0.0012548363484261582,7.338710271825729,0.11529333984147336,False
374,52173.75,False,9233.5,6938455.949999999,62678.75,0.1769736919311668,11089.938890470994,2,0.744224780057641,наблюдается,0.26852625707682376,0.16716594301527934,-4.663247329819831,0.17739751990036282,0.25791953213840907,0.0,0.17035793577733255,0.3710402339307955,0.023284778253100047,7.393754971406972,0.3302469212141842,False
375,169904.5,False,55075.5,39289893.8,59229.450000000004,0.3241453856179267,19268.24927999051,2,0.7246025709860726,наблюдается,0.24058452054870172,0.1856157657881995,6.607141173939697,0.022904921426042432,0.22368385216657136,0.0021425134587974687,0.5734854881026954,0.17768336193044093,9.98629154524977e-05,5.97613449200883,0.32856413283234903,False
376,12415.75,False,2443.0,1731028.25,59079.649999999994,0.19654874536420194,11606.029509301003,2,0.0,наблюдается,0.27614415048640684,0.15857408462304312,-6.027774759852698,0.16148178469095376,0.044617273843634876,0.2359803520261973,0.10949652067130577,0.41015145313139584,0.03827261563651252,11.075808122518145,0.7414810584427947,False
377,14144.75,False,2356.5,1475374.1,52209.05,0.1665967028510246,8696.464479372173,2,0.530103451776773,наблюдается,0.29714914955930494,0.16055907416842882,-0.9141793885325797,0.09505622745597284,0.10566518141311267,0.0,0.14385741565881605,0.4578824527901549,0.1975387226819436,10.083998577303143,0.5299651924651925,False
378,51211.0,False,7252.0,4461247.3,51382.55,0.14160751786292225,7259.854251175144,2,0.3470996185661656,наблюдается,0.23376141630081243,0.2021714143291814,-1.1409790195069562,0.10686707115278544,0.2513099834528406,0.0,0.12031163816878103,0.47586872586872586,0.04564258135686705,8.23555586316277,0.620707972194842,False
379,71466.75,False,16201.0,18617151.95,95460.55,0.22664206027430994,21649.10976906029,2,0.12707018534910305,наблюдается,0.21161683740743253,0.20865945197376354,66.13590956165407,0.038917350780816,0.19650021603604717,0.04323807172396766,0.5454910190728968,0.1749891981976421,0.0008641441886303447,6.356261367968416,0.20266465232350336,False
380,77784.25,False,14980.0,12439887.25,69251.0,0.19257986479471068,13331.24787513381,2,0.7749910799578998,наблюдается,0.25171843459637433,0.1816904464170952,-2.7052513808379755,0.27506675567423233,0.06705607476635514,0.01628838451268358,0.25861148197596795,0.38240987983978636,0.0005674232309746952,10.596792252519986,0.23821469373797605,False
381,39701.5,False,6224.5,4360943.45,58469.9,0.15677781808940044,9156.604417868006,2,0.39695981176043976,наблюдается,0.27141264248744645,0.1766024802488421,-1.978640089617205,0.13631616997349186,0.21945537794200337,0.0,0.14724074222829142,0.4506386055104828,0.046349104345730474,10.774556309311741,0.6764869033501895,False
382,30272.25,False,5417.5,4886741.35,75446.6,0.17894212843257856,13459.189701198404,2,0.7445527034729121,наблюдается,0.23179772486384964,0.19271156057233568,-3.786784356555583,0.02861098292570374,0.37332718043377944,0.0,0.15994462390401476,0.42390401476695894,0.014213197969543123,8.79131249540112,0.46890542899768145,False
383,26465.75,False,3964.0,2461369.55,51675.3,0.1497872126477111,7753.441782698614,2,0.5959409795324501,наблюдается,0.2757798822106986,0.1650648010157944,-3.6794473305891553,0.12941473259334005,0.0375882946518668,0.019803229061553986,0.2165741675075681,0.5571392532795156,0.03948032290615544,8.639010176930983,0.21917492620081344,False
384,18656.75,False,2973.0,1885662.15,52931.100000000006,0.15934523155907743,8426.992606605116,2,0.0,наблюдается,0.2961729792550045,0.17635260754877374,-1.0376979272256983,0.17003027245206861,0.05146316851664985,0.0,0.20232088799192735,0.4942818701648167,0.08190380087453741,8.006990373542587,0.2642458463136033,False
385,276670.5,False,74970.0,81548065.80000001,90706.55,0.27097167682135687,24562.766120707067,2,0.9199003576713736,наблюдается,0.2379902273998622,0.19019872713661384,-0.4805012619548293,0.011391223155929038,0.45205415499533147,0.11651327197545686,0.18832866479925303,0.23169934640522877,1.3338668800821907e-05,3.9776604641772426,0.5666071828127123,False
386,12586.25,False,3252.5,3312101.6,84941.85,0.2584164679976399,21947.05465575111,2,0.0,наблюдается,0.24810983643186452,0.18261684855969895,-14.266636931272835,0.30776325903151425,0.027824750192159877,0.08993082244427364,0.197847809377402,0.33620292083013065,0.04043043812451952,9.068870132541505,0.9873698322353356,False
387,51636.0,False,9542.0,7355903.800000001,64268.350000000006,0.18479377329238192,11876.50388956377,2,0.641649251508202,наблюдается,0.25177049412326813,0.1812838404376041,-6.255596171260756,0.28720394047369524,0.054181513309578704,0.012837979459232865,0.2544015929574513,0.36763781177950117,0.02373716202054066,14.077153243883274,0.1679673623445826,False
388,66465.75,False,6416.0,4607572.75,59849.8,0.09654572766199651,5770.856821369135,2,0.0,наблюдается,0.18358654955568804,0.2039142054443835,23.557453006595583,0.11673940149625935,0.11042705735660847,0.025561097256857856,0.30665523690773067,0.42635598503740646,0.014261221945137126,6.691261728026152,0.34245024471192115,False
389,23855.25,False,3028.5,1619417.2000000002,44604.15,0.12694907589671944,5659.706034297663,2,0.31899548100586655,наблюдается,0.31938932439102463,0.1358914767587961,2.2217132811213696,0.07759616972098399,0.08915304606240713,0.0,0.16278685818061747,0.6027736503219415,0.06769027571404984,9.081962487645166,0.0799085222508907,False
390,30375.5,False,7635.0,5106578.449999999,55701.3,0.2513548024846803,14010.57220620336,2,0.2958389865611461,наблюдается,0.23968370681936105,0.2182173316368229,-1.446343012147573,0.2738703339882122,0.05933202357563851,0.03398821218074656,0.23130320890635234,0.3654878847413229,0.036018336607727575,13.320760791983481,0.05564950369817069,False
391,33666.5,False,6083.0,4496371.199999999,61645.0,0.18067759346057743,11133.093201885393,2,0.3942434487616931,наблюдается,0.27106506561909427,0.17274178733734025,-4.327826630359423,0.25349334210093705,0.056879829031727766,0.0,0.2927009699161598,0.3798290317277659,0.01709682722340955,6.018873723896603,0.7342331206228978,False
392,17998.75,False,2576.5,1575783.85,50890.149999999994,0.1431688917281189,7301.148994667072,2,0.4535501507822317,наблюдается,0.2831454237212137,0.15583239292962583,0.6376659935230108,0.005433727925480303,0.059576945468659034,0.0,0.2571317679021929,0.5750048515427906,0.10285270716087713,12.834554228268729,0.6206243380349947,False
393,19786.25,False,2971.5,1700981.4500000002,47717.45,0.15018466173396156,7168.730540167663,2,0.5158228828284183,наблюдается,0.2942000434831346,0.14397819552281188,-5.987185699671566,0.08581524482584553,0.06141679286555612,0.0,0.1834090526670032,0.591452128554602,0.07790678108699312,12.666055347071108,0.31282815873080255,False
394,50953.25,False,13914.5,11161233.45,67660.1,0.27356812430337696,18238.646871845172,2,0.0,наблюдается,0.26577044109194253,0.1883616935891934,45.40800765932569,0.22426246002371628,0.161378418196845,0.009019368284882676,0.460562722340005,0.139961910237522,0.00481512091702907,4.949415744571733,0.16758146514074035,False
395,13497.0,False,2313.5,1399563.0,50428.2,0.1714083649455678,8643.078279729965,2,0.0,наблюдается,0.2394270904663354,0.18221300474896884,-4.97984819731879,0.1342122325480873,0.03695699157121245,0.07737194726604711,0.09703911821914847,0.4968662200129674,0.1575534903825373,10.696888766891743,0.021868456120312203,False
396,17843.0,False,3424.0,2464645.45,59906.95,0.19190984149008938,11516.623021863277,2,0.0,наблюдается,0.2553262206565037,0.16674097063457485,-0.3294320524721219,0.26343457943925236,0.03183411214953271,0.0,0.18049065420560748,0.4732768691588785,0.05096378504672905,8.03614247345346,0.8253479767310805,False
397,73286.5,False,12202.5,8572891.0,58522.2,0.16650863168832414,9751.71617252086,2,0.7924989598175763,наблюдается,0.2625850746299565,0.17951597081458165,-0.8572659067899594,0.03954107764802295,0.3197295636140135,0.006187256709690637,0.20204876049989756,0.4180700676090965,0.01442327391927889,11.54228352206936,0.4212701162239585,False
398,19479.25,False,3488.5,2277344.3,54452.0,0.17908445676510407,9747.549345497653,2,0.5319456357978605,наблюдается,0.27139876007641855,0.19437914919942795,-4.559778397656963,0.010749605847785582,0.40862835029382255,0.012469542783431275,0.09717643686398166,0.3983087286799484,0.07266733553103055,9.022875441447962,0.5404702328277142,False
399,130053.5,False,31905.5,28486226.65,74369.6,0.24532780416162503,18243.5534928198,2,1.0,наблюдается,0.10301359692736453,0.3068484607411558,5.949555466762303,0.027079970537995015,0.06193289558226638,0.04621460249800191,0.19932300073655013,0.6621899045619094,0.003259626083277123,10.669837047736875,0.10435662954802379,False
400,12014.25,False,1623.5,963362.8,49492.8,0.13512635925819794,6685.313398337408,2,1.0,наблюдается,0.08520021267827557,0.3593894940455445,-25.242698691777207,0.0,0.0,0.0,0.0351093316907915,0.7927317523868186,0.17215891592238997,9.15862218926827,0.4300220475636981,False
401,10427.0,False,1568.0,812688.2,43179.65,0.15038480219305794,6498.4237420408435,2,,нет данных,0.11238778444273649,0.35013495150809004,-20.43955928090227,0.0,0.0,0.0,0.047193877551020405,0.7232142857142857,0.22959183673469385,5.911283674320965,0.8392278542622723,False
402,11667.0,False,2334.5,1263714.3,45089.149999999994,0.20011386187513633,9032.22952289412,2,,нет данных,0.10017117683152238,0.3612218429409495,-23.704898891146854,0.009638038123795245,0.0,0.0,0.09338188048832727,0.8914114371385736,0.005568644249303922,4.157411480136656,0.5867165242165242,False
403,18958.75,False,2967.0,1680289.05,47137.8,0.15651102489702162,7389.6853832923025,2,,нет данных,0.09880214286190603,0.38937104788143934,-27.810807040333174,0.0,0.0,0.0,0.08695652173913043,0.8451297607010448,0.06791371755982478,9.547394156268146,0.6789976958525346,False
404,11992.25,False,2531.5,1685939.5,55540.3,0.21109060344262165,11718.69242011111,2,,нет данных,0.13137950407701535,0.3561350971181361,-16.394974560106885,0.0,0.0,0.0,0.05806833892948845,0.7414576338139443,0.20047402725656727,8.443770439763021,0.8753912753912754,False
405,36340.5,False,3544.0,2435877.75,57233.4,0.0975202094322547,5584.034900565073,2,,нет данных,0.1040642879214769,0.3307320945977965,1.6899975815482766,0.0023984198645598193,0.0018340857787810384,0.0,0.06630925507900677,0.8117945823927766,0.11766365688487579,5.153312912184109,0.8967669963592428,False
406,6038.5,False,1068.5,663068.7,51836.600000000006,0.17693287401752958,9152.823556463143,2,,нет данных,0.05698599058800671,0.36035009719630795,-16.0566981690256,0.0,0.0,0.0,0.0627047262517548,0.7014506317267197,0.23584464202152544,10.76442567835333,1.0,False
407,7225.75,False,1318.5,784117.25,49571.15,0.18247419568456255,9047.683654870783,2,,нет данных,0.10759237564820047,0.35883191768519695,-14.519793605508768,0.0,0.0,0.0030337504740235114,0.12324611300720516,0.800910125142207,0.07281001137656429,6.800351986465038,1.0,False
408,10365.0,False,1652.5,1073748.4,53697.75,0.15948874680623834,8645.463930223003,2,,нет данных,0.14817385111656675,0.30039012108567265,-13.173134979220162,0.022390317700453858,0.01573373676248109,0.04720121028744327,0.04931921331316188,0.6922844175491679,0.173071104387292,9.407055972663722,0.8158143491714607,False
409,8052.75,False,1324.0,693672.8,43683.15,0.16441064023504776,7181.255226778381,2,,нет данных,0.1080524355952641,0.34754199120543156,-21.38153359926624,0.004154078549848943,0.0,0.0,0.0993202416918429,0.7280966767371602,0.16842900302114794,8.33606847238843,0.9299758015728977,False
410,15098.75,False,2118.0,1324340.0499999998,52118.5,0.1402787058513883,7311.702934936024,2,,нет данных,0.10786676406368594,0.3483605635079469,-10.041281972150035,0.019830028328611898,0.0,0.0,0.08050047214353163,0.8812559017941454,0.018413597733711096,7.6496441301128195,0.8647552628180292,False
411,1934.75,False,408.5,453014.85,92224.04999999999,0.21114112656437964,19512.704482687135,2,,нет данных,0.05835542279632581,0.3440866974717909,-9.548066910438976,0.12851897184822522,0.0,0.0,0.01835985312117503,0.5924112607099143,0.26070991432068547,8.786666264165136,1.0,False
412,8845.75,False,1391.5,719786.85,43147.05,0.157304020208444,6783.252647268979,2,,нет данных,0.10187763417480594,0.3759335919531869,-14.940530878301427,0.007905138339920948,0.0,0.0,0.025152712899748474,0.7693136902623069,0.19762845849802368,7.828876106494799,0.7894593613933236,False
413,6737.5,False,2454.5,2669336.2,90449.0,0.3642466738954579,32993.79201964395,2,,нет данных,0.0778416597026283,0.3445232539403891,-6.889309870618282,0.012426156039926665,0.0,0.0,0.08555713994703605,0.348136076594011,0.5538806274190262,8.441885681829916,0.9128019323671497,False
414,19952.5,False,2987.5,1756670.7,48995.84999999999,0.1497341394896627,7338.973580216078,2,,нет данных,0.10740369984824076,0.3475934111011192,-14.993075502686859,0.015732217573221758,0.0,0.0,0.048702928870292886,0.8619246861924686,0.07364016736401668,8.013414183985333,0.7668474305866547,False
415,5948.0,False,851.5,463852.35,45424.55,0.14316126882694452,6503.058791507132,2,,нет данных,0.11411248487661664,0.3514601382146125,-22.743189098987738,0.0,0.0,0.0,0.06987668819729888,0.6852613035819143,0.24486200822078685,9.373633558708429,0.7726979093258163,False
416,7585.5,False,1090.5,633116.45,48354.95,0.14377459907184398,6959.087079772917,2,,нет данных,0.11990610098051473,0.35375127252594163,-19.572721651763267,0.0,0.0,0.0,0.15038972948188903,0.7734983952315452,0.07611187528656582,7.085549415044804,0.7727272727272727,False
417,8472.5,False,1166.0,651358.85,46635.5,0.13761580043537033,6408.02518309538,2,,нет данных,0.08194574149443654,0.2912525064602232,-12.264771824993336,0.0,0.0,0.0,0.10291595197255575,0.7409948542024014,0.15608919382504283,4.588452762600767,0.9613461538461539,False
418,618610.0,False,168040.5,143669345.05,71146.85,0.27164859379087036,19358.16478362503,2,1.0,наблюдается,0.2214969923282764,0.19714911300443205,0.45455254623947683,0.02633591306857573,0.35154025368884284,0.01418408062342114,0.27238076535121,0.3355560117947757,2.9754731746267638e-06,8.877619704311245,0.32380558186325104,False
419,95964.25,False,24590.0,20298755.15,68778.1,0.25624693705684,17634.79343572206,2,1.0,наблюдается,0.24333579620251655,0.199075362934439,-1.4270278942661836,0.008397722651484344,0.5504676697844653,0.010939406262708418,0.1485766571777145,0.264904432696218,0.016714111427409528,8.520652145346201,0.3509966459847948,False
420,86019.0,False,21315.5,14979062.55,58617.3,0.24779481795857233,14518.630528869207,2,1.0,наблюдается,0.26788877780197007,0.1799102328656101,-3.680153013258761,0.015200206422556355,0.4101240881049002,0.003237080997396261,0.226408012948324,0.3450540686355,0.0,10.001583770973058,0.2933501494373628,False
421,43554.25,False,9885.0,5786645.2,48841.2,0.22695105082208616,11077.947552428774,2,1.0,наблюдается,0.2320505890164716,0.21961385322524746,-6.9336744413480496,0.008750632271117855,0.352959028831563,0.0,0.17400101163378856,0.44178047546788063,0.022508851795649987,10.866194481461925,0.10122699386503067,False
422,89383.0,False,21564.5,17108026.7,66067.15,0.2412743097192768,15959.867753196464,2,1.0,наблюдается,0.25422057297381295,0.16265969180274523,-2.7894443100881303,0.009112198288854368,0.5612928655892787,0.0,0.13990586380393702,0.28771824062695633,0.0019708316909736734,11.08510968610887,0.4195943487751637,False
423,19973.5,False,3411.0,1713229.75,41928.75,0.17076558688519045,7151.397220536082,2,0.0,структурный ноль,0.2255948374672559,0.23284087712536464,-7.834710024264986,0.22178246848431546,0.05247727939020815,0.0,0.15054236294341836,0.5659630606860159,0.00923482849604218,13.35242112414057,0.9134075802412489,False
424,26873.75,False,5839.5,3118897.15,44602.1,0.21727273687016513,9677.332449364732,2,0.0,структурный ноль,0.27297760686540606,0.22413663365954326,-8.523484128932838,0.1101121671375974,0.17150440962411165,0.0,0.23469475126295058,0.47144447298570086,0.012244198989639576,12.892557908931607,0.5146128178036472,False
425,13802.5,False,3019.0,1893287.15,52355.399999999994,0.21872445491563364,11431.978055846172,2,0.0,структурный ноль,0.2539049664658314,0.24482328973744505,1.521765614121919,0.38771116263663463,0.08148393507784034,0.0,0.11676051672739318,0.4029479960251739,0.011096389532957884,12.86901084121242,0.5041878156207313,False
426,23427.75,False,4572.5,3631098.5999999996,66197.29999999999,0.19517413678112555,12916.963392159363,2,0.0,структурный ноль,0.25686903211242307,0.21916962987670308,8.05876402308264,0.19409513395297978,0.23521049753963916,0.0,0.13198469108802624,0.25784581738655005,0.18086386003280475,7.042861331286032,0.7181765389082463,False
427,15238.5,False,2624.0,1495550.85,47538.5,0.17219237827927006,8183.428173843192,2,0.0,структурный ноль,0.32221416289375393,0.16993654045394876,-1.6748000107436285,0.42759146341463417,0.15415396341463414,0.0,0.02191310975609756,0.3389862804878049,0.057355182926829174,11.559582900891375,1.0,False
428,8626.0,False,1302.5,670540.0,43098.55,0.1509740180596777,6479.9108192316,2,0.0,структурный ноль,0.270717906606884,0.2036996754046538,-2.5165607987097722,0.18579654510556623,0.06218809980806142,0.0,0.16775431861804221,0.5497120921305182,0.03454894433781197,14.58335572577541,0.5740248226950355,False
429,10757.5,False,2466.0,1401884.2999999998,47447.55,0.22923025319983747,10861.089387869597,2,0.0,структурный ноль,0.25374964541138206,0.2425707826422083,-7.506472454336965,0.23276561232765614,0.03669910786699108,0.0,0.18471208434712083,0.513787510137875,0.032035685320356944,12.146688042439722,0.6119642857142857,False
430,83491.25,False,13677.0,8976299.149999999,54744.45,0.16383834393388147,8952.82956761073,2,0.0,структурный ноль,0.21837743786430364,0.21704280757392583,18.143491104913178,0.22695035460992907,0.13062075016450977,0.00965123930686554,0.2750237625210207,0.3570592966293778,0.0006945967682971954,6.3689584042732665,0.633250040180261,False
431,32541.75,False,6544.5,4110256.1999999997,52465.65,0.20109453172942032,10530.752904454293,2,0.0,структурный ноль,0.2609622147656222,0.22985636511257182,-5.857401675357206,0.19787607915043165,0.12712965085186034,0.0,0.23599969439987775,0.43143097257238905,0.0075636030254412345,11.734891794475681,0.40356868306676835,False
432,15615.25,False,3470.5,2065871.35,49738.35,0.2222292827557355,11028.228257083629,2,0.631182616493451,наблюдается,0.2857262397383803,0.19705683367032803,-4.643961670576191,0.041780723238726405,0.3303558565048264,0.0012966431349949576,0.2220141190030255,0.39634058493012536,0.008212073188301416,9.628755842326614,0.45621979023483616,False
433,10109.25,False,2816.5,1826502.6,54191.8,0.278580412184089,15063.613117874484,2,0.0,структурный ноль,0.28552456185021635,0.1919652241499185,-8.26032129010575,0.5126930587608735,0.023433339250843246,0.0,0.09195810402982425,0.35167761406000353,0.02023788389845549,9.052569465137234,0.6599656051710846,False
434,17848.5,False,3332.5,1771687.6,44449.6,0.18668615722744336,8274.803504375486,2,0.0,структурный ноль,0.2805069876833728,0.225250540283258,-9.03029596651567,0.10307576894223557,0.27156789197299325,0.0,0.15483870967741936,0.46211552888222057,0.00840210052513135,13.901739707829229,0.5312367371190901,False
435,17484.75,False,2916.5,1550794.2,44490.85,0.1667825548497166,7393.082469971521,2,0.0,структурный ноль,0.24212810936982893,0.22221788071106058,-2.7279392371359052,0.012686439225098578,0.09291959540545174,0.0,0.15772329847419853,0.6658666209497686,0.07080404594548262,14.050045050126657,0.4162096876826641,False
436,8525.5,False,1393.0,727319.95,43653.3,0.16336368925321237,7114.206976439611,2,0.0,структурный ноль,0.2950146651879104,0.20505561673689532,-5.87306562745259,0.11342426417803302,0.06209619526202441,0.0,0.15290739411342427,0.6295764536970567,0.04199569274946158,11.46378464707518,1.0,False
437,7478.75,False,1406.0,741856.4,44055.899999999994,0.18798125193527077,8271.287173104552,2,0.0,структурный ноль,0.33925926239310455,0.17225625578194453,-7.130018985331648,0.04018492176386913,0.0,0.0,0.1763869132290185,0.6394025604551921,0.14402560455192037,13.21192381527397,0.503819986046092,False
438,31023.0,False,3887.5,2163560.8,46422.25,0.12530817880414852,5813.651364841289,2,0.0,структурный ноль,0.24203920207740334,0.23181462767229621,-6.832659570326769,0.07897106109324759,0.08823151125401929,0.0,0.22559485530546625,0.5614147909967846,0.04578778135048234,8.179734047356536,0.4285663673019497,False
439,24526.0,False,4075.0,2433231.55,49883.149999999994,0.16613010847702755,8270.57061000662,2,0.0,структурный ноль,0.24688972347790067,0.21365999548867692,-6.407727125640271,0.24098159509202455,0.04171779141104295,0.0,0.23889570552147238,0.44883435582822084,0.02957055214723936,5.41591693098654,0.8494255825900154,False
440,23268.75,False,4022.0,2600521.6500000004,54014.9,0.17283642490894763,9318.206457739756,2,0.0,структурный ноль,0.29476061485086497,0.18859851251001908,-5.94829425501033,0.3342864246643461,0.08677274987568374,0.0,0.19368473396320238,0.35492292391844854,0.030333167578319165,6.034477382712113,0.6894601996642813,False
441,10318.0,False,1591.0,842825.5,44218.15,0.15418684385628223,6810.316239619537,2,0.0,структурный ноль,0.261718496947561,0.22128370562086824,-6.3029380627859615,0.13387806411062225,0.04305468258956631,0.0,0.17221873035826524,0.6137649277184161,0.037083595223130095,11.55402381905345,0.6114109889526916,False
442,9985.5,False,1790.0,1015071.1,47329.149999999994,0.17925120944252876,8479.773245504615,2,0.0,структурный ноль,0.2950591906977667,0.2220939486104508,-16.204316822385323,0.01759776536312849,0.048044692737430165,0.0,0.09217877094972067,0.7033519553072626,0.13882681564245813,15.13834757660359,0.4961283935990272,False
443,33776.0,False,10251.0,6950660.95,56569.4,0.3034934526348651,17159.395795223256,2,0.0,структурный ноль,0.23195323414919167,0.25081410942363946,-9.967608850481724,0.14759535655058043,0.36533021168666474,0.009560042922641693,0.13559652716808115,0.3401131596917374,0.0018047019802946984,11.491972204319051,0.7492922139497413,False
444,18910.25,False,2971.0,1617965.85,45457.7,0.1571060195054223,7131.5896155421815,2,0.0,структурный ноль,0.22471632332885805,0.22364108450847858,-4.588727883378022,0.26523056210030294,0.029283069673510603,0.0,0.13917872770111073,0.426455738808482,0.13985190171659378,11.072051036270881,0.7003322584392854,False
445,7220.0,False,1175.5,547719.65,38828.8,0.16282501326502535,6328.03930578361,2,0.0,структурный ноль,0.3201348552381251,0.16740495686470142,-8.891210006428645,0.015312632922160783,0.036154827732879626,0.0,0.1446193109315185,0.7018290089323692,0.10208421948107183,13.607598439802416,0.6981699104162798,False
446,19336.25,False,3939.5,2646915.3,56171.75,0.20373786209614403,11407.202724131821,2,0.0,структурный ноль,0.24893177719643542,0.23426748699563488,-6.780149047158141,0.2558700342683082,0.05444853407792867,0.0,0.12006599822312476,0.5309049371747684,0.038710496255869975,10.670800700053002,0.795618394344509,False
447,10973.0,False,1873.5,1039667.3,46332.899999999994,0.1707228920548547,7901.408921022571,2,0.0,структурный ноль,0.3197445910878805,0.18267048291777283,-4.93847227416575,0.07205764611689351,0.030157459300773952,0.0,0.21990926074192688,0.573792367227115,0.1040832666132907,12.678884800600098,0.5836304062909567,False
448,185310.0,False,46664.5,41520001.7,74136.3,0.2518198716318772,18673.278429492144,2,1.0,наблюдается,0.19849453729809935,0.21243639461144448,3.592195221333934,0.00775750302692625,0.10401911517320447,0.03153360691746403,0.3607238907520706,0.4959658841303346,0.0,22.590455210757124,0.20398709946942026,False
449,11950.5,False,2456.5,1715912.85,58197.25,0.20556332859627696,11968.12397738776,2,1.0,наблюдается,0.31846220344792936,0.18227544628223025,4.684403191644514,0.0,0.05027478119275392,0.0,0.06167311215143497,0.515163851007531,0.3728882556482801,17.56167888191523,0.042362915121818966,False
450,55692.0,False,15573.5,15724182.350000001,84162.35,0.27963541712315776,23532.368966382946,2,0.9967972352390374,наблюдается,0.26569287246797446,0.2248066710284557,1.2021558643443846,0.0,0.49889234918290687,0.017658201431919606,0.18778694577326868,0.288599223039137,0.007063280572767838,16.02894421086338,0.04079107776929301,False
451,10826.5,False,2619.5,2105172.95,67052.2,0.24195136682157195,16204.644872809331,2,0.9171669501101842,наблюдается,0.24115465517502965,0.2212134825350495,3.830315701069015,0.444932238976904,0.0,0.0,0.021378125596487878,0.35903798434815803,0.17465165107845015,18.715671399199614,0.021669684823081774,False
452,77933.5,False,12370.0,10058688.3,67774.85,0.1587251845768149,10755.45529840807,2,1.0,наблюдается,0.22885139205863134,0.20051055858863312,3.9271751458708697,0.22724333063864188,0.13767178658043655,0.010064672594987873,0.13852061438965238,0.45670978172999194,0.029789814066289333,9.044519607055268,0.08355497081445765,False
453,24118.5,False,4459.5,3943592.0,73643.8,0.18489497229844287,13624.260688366097,2,0.0,структурный ноль,0.25516761492776674,0.20645861232823137,9.135627452435134,0.3623724632806368,0.04585715887431326,0.0,0.061666106065702435,0.38322681915012896,0.14687745262921847,8.19740580836401,0.06694402736785407,False
454,38342.5,False,5681.5,3564836.25,52217.5,0.1481995356101115,7751.97096505492,2,0.24108247307829667,наблюдается,0.16146520630128686,0.24218323911539869,-11.816319855598362,0.0,0.04866672533661885,0.025257414415207253,0.20337938924579776,0.6529965678077972,0.06969990319457886,10.516843894191014,0.02205105784006555,False
455,17131.0,False,2685.5,1903287.15,59098.600000000006,0.1567604582135232,9263.23950151118,2,0.0,структурный ноль,0.24692458158910463,0.2176890838518873,-14.245565451972144,0.2003351331223236,0.00949543846583504,0.0,0.06646806926084528,0.48873580338856826,0.23496555576242784,9.55857726443569,0.015678000279034886,False
456,11023.5,False,1778.5,1002035.75,46934.100000000006,0.16135720603978354,7578.315157840676,2,0.0,структурный ноль,0.29328737562580864,0.21835689640898548,-8.146318463467942,0.0,0.06353668822041046,0.0,0.08462187236435198,0.8147315153219005,0.03710992409333702,13.563023754633983,0.8068438625494984,False
457,9606.5,False,1790.5,1023407.85,47657.6,0.1863869523402932,8881.499885243305,2,0.0,структурный ноль,0.28283005586505383,0.2049770630004117,-12.702175385057888,0.0,0.061993856464674674,0.0,0.10304384250209439,0.5693940240156381,0.2655682770175929,16.18295359266519,0.008376726725685266,False
458,15213.0,False,2233.0,1616782.5,60319.950000000004,0.14679956162995572,8858.208753806888,2,0.0,структурный ноль,0.13091845520071466,0.26730837966249477,-10.06198947333049,0.0,0.05038065382892969,0.0,0.12315270935960591,0.6896551724137931,0.13681146439767122,9.685062460093272,0.004136233932825467,False
459,46651.75,False,4789.0,3215704.85,55886.6,0.10265594288671831,5744.820166546281,2,0.289981000181781,наблюдается,0.22180738548742931,0.2151299908241193,-12.144137822937711,0.05992900396742535,0.18458968469409062,0.0,0.10451033618709543,0.6218417206097306,0.029129254541657934,6.022461150801033,0.06262487512487512,False
460,24235.75,False,5000.5,3468191.1500000004,57750.2,0.206346642342198,11931.768680836736,2,0.0,структурный ноль,0.2821141296787565,0.2022412177707072,-4.5360098966073386,0.14138586141385862,0.0443955604439556,0.0,0.13888611138886112,0.5468453154684532,0.12848715128487154,13.717648408889405,0.43674732877285544,False
461,349508.0,False,91388.5,54846543.45,49978.75,0.26194045940514943,13064.94806927163,2,1.0,наблюдается,0.11076146635018821,0.2718867630487425,-6.680669583383869,0.03047976495948615,0.045623902350952254,0.022136264409635786,0.15562680205934007,0.7461277950726842,5.4711479015034925e-06,9.04613527311611,0.4025676044796504,False
462,61446.5,False,6577.0,2460593.95,31134.1,0.10703561073384134,3336.9881769890944,2,0.6977749915987408,наблюдается,0.08005816922511412,0.38058149033539,-0.04402640187311792,0.0,0.06758400486544017,0.008286452790025848,0.04865440170290406,0.8300136840504789,0.04546145659115097,6.340870994297327,0.7749483172711519,False
463,98069.75,False,6920.5,2614557.4000000004,31476.449999999997,0.07057291012919747,2222.3824044273847,2,0.2097420761700192,наблюдается,0.10546856733117904,0.2940074552336047,-4.076990383031432,0.0071526623798858465,0.027526912795318256,0.0,0.02788815837005997,0.9062206487970522,0.031211617657683766,4.446027069156216,0.2982456140350877,False
464,41580.25,False,3490.0,1372850.3,32776.65,0.08394192272501808,2753.155700881513,2,0.0,структурный ноль,0.12068901354958536,0.30012674841228915,-3.676608079695087,0.0,0.03724928366762178,0.0,0.0654727793696275,0.6948424068767909,0.20243553008595983,6.049140062614793,0.2727272727272727,False
465,85707.25,False,7373.5,2748261.4,31061.75,0.08602964273013615,2672.1636081652596,2,0.0,структурный ноль,0.1179895883233964,0.3021971489521076,-3.5176263088406228,0.00671322980945277,0.036007323523428496,0.0,0.03661761714246965,0.8386790533667865,0.08198277615786265,4.324901335929819,0.7621840169009981,False
466,179025.0,False,14376.0,5943629.35,34444.45,0.0803054658964365,2767.6329931080427,2,0.4342669281675977,наблюдается,0.075611426238334,0.3652762867982856,-4.797751068605297,0.018398720089037285,0.033562882582081247,0.031232609905397887,0.10886199220923762,0.7937882582081246,0.014155537006121377,4.119359491415989,0.48948263394464275,False
467,6650.5,False,1019.0,526206.85,43012.55,0.15321804944775427,6592.279196577621,2,0.0,структурный ноль,0.09303930061218102,0.3270567023720428,-2.5057638026014324,0.0,0.030912659470068694,0.02453385672227674,0.12266928361138371,0.7149165848871443,0.10696761530912657,3.289346801270674,1.0,False
468,122656.5,False,9907.0,3588571.3,30172.999999999996,0.08077198787740435,2438.3872458923893,2,0.13317783489459192,наблюдается,0.07999255935633794,0.30202599612215575,1.3092387494575095,0.002927223175532452,0.02175229635611184,0.004491773493489452,0.053144241445442615,0.8861411123448067,0.031543353184616874,5.618730840685078,0.26789512967806495,False
469,66338.75,False,5698.5,2210488.05,32329.4,0.08590401084733992,2777.959954452319,2,0.0,структурный ноль,0.1238146434665111,0.2996969256102161,-7.732959148740309,0.005527770465912082,0.03395630429060279,0.005966482407651136,0.03913310520312363,0.8864613494779328,0.028954988154777594,7.513184858843718,0.5231780262117971,False
470,60041.0,False,5641.5,2421739.95,35817.35,0.09395082881570757,3362.34742032555,2,0.10121017761085672,наблюдается,0.12121706179142963,0.2742474655660377,-0.606812344152416,0.008774262164318,0.03146326331649384,0.0,0.04812549853762297,0.8707790481254986,0.04085792785606657,7.637304315274066,0.4935622036285922,False
471,56172.75,False,6361.5,2201159.9000000004,28839.9,0.11324827910742408,3265.8151056633005,2,0.0,структурный ноль,0.08947748522976193,0.3544723392216962,0.7107250542216084,0.0002357934449422306,0.02161439911970447,0.007388194608189892,0.01909926904032068,0.9047394482433389,0.04692289554350393,5.08481938557929,0.001973684210526316,False
472,23702.25,False,3192.5,1285759.6,33558.95,0.13470822659829632,4522.68712348364,2,0.0,структурный ноль,0.1046005423419206,0.30710208390165317,-5.854902534158294,0.0,0.03821456538762725,0.0,0.03523884103367267,0.890211433046202,0.03633516053249808,7.680079978587395,0.23616160479940007,False
473,28459.75,False,2573.0,926929.1,30014.45,0.09042308324550714,2715.8726914924364,2,0.15152396533963522,наблюдается,0.1472441195230862,0.28013879444228507,0.7344753882374105,0.0,0.0,0.0,0.02293043140303148,0.8120870579090556,0.16498251068791292,5.3505523712573195,0.008116533231668574,False
474,169171.75,False,10216.5,3707828.55,30232.7,0.06039529126256089,1827.0121033687674,2,0.3845196069715418,наблюдается,0.09458884399469239,0.37349309386065827,-3.14300505649132,0.0005872852738217589,0.031811285665345274,0.003376890324475114,0.04233348015465179,0.9006019674056673,0.02128909117603872,5.899480546437929,0.457002457002457,False
475,139514.0,False,11740.0,4637048.7,32904.6,0.08415225340819435,2770.667711101978,2,0.40389477333713525,наблюдается,0.09031604092917886,0.3661842488883802,-2.355988183847563,0.00012776831345826236,0.09744463373083476,0.0018739352640545145,0.05851788756388416,0.8276405451448041,0.014395229982964164,5.510918593967094,0.6015935363713228,False
476,62940.0,False,6239.5,2455350.0,32786.05,0.09913824660589694,3252.0537334420997,2,0.0,структурный ноль,0.11243663382771041,0.3324415969469152,2.5956204228988358,0.008334001121884767,0.05072521836685632,0.0020835002804711917,0.03742287042230948,0.8741886369100088,0.02724577289846941,8.588959759419497,0.0825911137485055,False
477,2889.25,False,556.0,294273.55,44109.15,0.1924374068987328,8487.548379216872,2,0.0,структурный ноль,0.13928162031317196,0.3364065865734275,-13.353579389597495,0.0,0.0,0.0,0.0,0.8705035971223022,0.1294964028776978,3.0717428557224595,1.0,False
478,506623.5,False,117838.0,93600099.69999999,66196.15,0.2325949099685584,15395.48838580325,2,0.9800232016724165,наблюдается,0.2066646939848983,0.2137454868802202,-2.4320180537701077,0.0022021758685653184,0.32153464926424413,0.02552232726285239,0.2802703711875626,0.3700673806412193,0.0004030957755563058,6.23093867566067,0.2215576803185346,False
479,31286.75,False,7303.0,3952779.25,45108.3,0.23342547057682134,10532.89736835795,2,1.0,наблюдается,0.33155381731746303,0.1638645016024038,-0.7850900829754943,0.0,0.534917157332603,0.0012323702587977543,0.11358345885252635,0.347665343009722,0.002601670546350743,13.109152198816817,0.20357550807730557,False
480,43577.0,False,10332.0,6899999.449999999,55681.4,0.23710116066193368,13205.06078925354,2,1.0,наблюдается,0.2473247583850468,0.20156578304782344,-6.785304194853554,0.0,0.35414246999612853,0.03750483933410763,0.2857142857142857,0.3218157181571816,0.0008226867982965569,13.191111791132588,0.0654226780358118,False
481,120643.75,False,18712.5,12523055.55,55832.75,0.1551063062226522,8649.932074356635,2,0.9977860708634686,наблюдается,0.2203988219790364,0.20846150428391458,4.687601260487474,0.0,0.4236472945891784,0.00016032064128256512,0.19978623914495658,0.37453573814295255,0.00187040748162981,5.487186534670701,0.4252009007789243,False
482,25972.75,False,5840.5,3857032.5,55052.7,0.2248761579761559,12384.408769873717,2,1.0,наблюдается,0.3181169397530344,0.18774042790281137,-2.1655556935614197,0.0,0.4713637531033302,0.02311445937847787,0.13628970122421025,0.3596438661073538,0.009588220186627971,13.222124847733639,0.22520899585415383,False
483,13290.25,False,1214.0,571463.7,39212.600000000006,0.09135731513610038,3587.3731440081892,2,0.0,структурный ноль,0.33682997112341817,0.1510215121844029,-6.367041145944901,0.19192751235584843,0.0,0.0,0.039126853377265236,0.6779242174629324,0.09102141680395393,6.976978574035298,0.8916481838112515,False
484,13526.25,False,1252.5,619802.75,41293.1,0.09259282496100485,3822.0907316541943,2,0.0,структурный ноль,0.3024278398136462,0.1622460677609387,-8.120324318664544,0.10139720558882236,0.0,0.0,0.17764471057884232,0.5996007984031936,0.12135728542914181,10.37824691147221,0.681605021463512,False
485,30766.25,False,3097.5,1451043.2999999998,39094.600000000006,0.100672174564472,3932.3591016543687,2,0.0,структурный ноль,0.27665880274809007,0.1897426690350663,-10.447972609727152,0.031476997578692496,0.04439063761097659,0.0,0.13527037933817596,0.7436642453591606,0.04519774011299438,9.1139996720171,0.8492917913316719,False
486,28402.0,False,4378.0,2625840.9,49983.55,0.15415064282839386,7709.530218211979,2,0.0,структурный ноль,0.2460116782137564,0.18298642344492233,-4.665995979876375,0.09285061671996345,0.2914572864321608,0.027980813156692555,0.12003197807217908,0.4329602558245774,0.03471904979442664,12.98921711649286,0.45213152065134665,False
487,19887.75,False,2123.5,1240056.15,48536.2,0.1067058131357089,5191.4938446649485,2,0.0,структурный ноль,0.26855135514746714,0.18025509094428407,-5.554977681201347,0.06239698610784083,0.04073463621379798,0.110901813044502,0.1269131151400989,0.6016011302095597,0.05745231928420058,10.063217741999887,0.7965115015076707,False
488,31432.0,False,2153.5,992437.0499999999,38493.65,0.06850461197558734,2632.660366007797,2,0.0,структурный ноль,0.25602143921942433,0.17088291194495236,-1.6103418716041205,0.0796377989319712,0.0,0.0,0.08079869979103785,0.5184583236591596,0.3211051776178314,6.251340682412229,0.7685617238275655,False
489,14827.0,False,2363.0,1291609.75,45605.3,0.15935949184923784,7263.668077667848,2,0.5048735602987343,наблюдается,0.35094189903821466,0.15837711058946247,-1.8195460859551384,0.0,0.33474396953025815,0.0,0.1417689377909437,0.47566652560304695,0.04782056707575122,12.310960362070556,0.3207954254015748,False
490,20385.75,False,1805.5,844071.55,39039.1,0.08855667661854434,3451.8167966462415,2,0.0,структурный ноль,0.2926070445637085,0.19170158040780097,-2.4047890240888705,0.015508169482137912,0.03960121849903074,0.0,0.12738853503184713,0.7202990861257269,0.09720299086125728,12.07384927155598,0.1564245810055866,False
491,12427.5,False,1631.5,1081368.6,55291.1,0.1312721260843261,7254.518489121809,2,0.0,структурный ноль,0.30203179725102663,0.1633116778639812,-6.14042322003389,0.0,0.04688936561446522,0.0,0.2319950965369292,0.4474410052099295,0.273674532638676,12.704584895990935,0.5883645136595533,False
492,13521.25,False,1211.5,576924.0,39807.55,0.08957451634886684,3556.7258831775625,2,0.0,структурный ноль,0.3209374960899656,0.14430530140798908,-3.214348130574645,0.0,0.07139909203466777,0.0,0.13082955014444902,0.6050350804787453,0.19273627734213794,12.175263545154952,1.0,False
493,18515.5,False,1841.0,909389.8500000001,41216.649999999994,0.09942585602230117,4096.449202967695,2,0.41011986045549675,наблюдается,0.3219541063308661,0.15049264456657427,-7.569204778216938,0.0,0.19717544812601848,0.0,0.1423139598044541,0.5985877240630092,0.06192286800651825,10.47981855722038,0.5916011632930731,False
494,30646.25,False,3260.0,1901968.7999999998,48654.899999999994,0.10637407729704276,5173.6783745090725,2,0.0,структурный ноль,0.27483496676023966,0.16768824094907453,1.1716616189991,0.05812883435582822,0.23588957055214724,0.00030674846625766873,0.08895705521472393,0.5627300613496933,0.053987730061349604,8.850852098027586,0.7982753537735849,False
495,10320.0,False,1064.5,553037.6000000001,43344.5,0.10314376051014873,4468.284734211209,2,0.0,структурный ноль,0.3627582673337269,0.13267782223020536,1.4349145905504208,0.0,0.08219821512447158,0.0014091122592766556,0.09300140911225928,0.5274776890558948,0.29591357444809774,10.973905886515245,0.495960965514467,False
496,20074.25,False,1693.5,778286.3,38343.9,0.08435712240764726,3232.9661604570256,2,0.0,структурный ноль,0.2985537405485426,0.16157963640134232,-5.264718599246446,0.0,0.06672571597283732,0.0,0.1629760850310009,0.7242397401830528,0.04605845881310899,11.096269335644841,1.0,False
497,31106.25,False,6488.5,3628626.0999999996,46716.5,0.20857366707358893,9723.925662065947,2,0.4128602891014624,наблюдается,0.2695108071601007,0.17932054388546054,-3.7734691373174623,0.055791014872466675,0.30507821530399937,0.0638051938044232,0.18763967018571318,0.38136703398320104,0.006318871850196528,9.497525056052634,0.7173233775571302,False
498,61470.0,False,7632.0,4521616.25,49511.3,0.1241546303038347,6130.499874278767,2,0.0,структурный ноль,0.26132753466790365,0.17825534177063915,-0.10361075468075871,0.22254979035639413,0.20512316561844865,0.0022274633123689725,0.10744234800838574,0.4493579664570231,0.013299266247379427,6.515440500319163,0.9048529201777025,False
499,11367.25,False,1116.5,492299.85,36778.8,0.09822016780027015,3612.5005669997518,2,0.0,структурный ноль,0.3081130531324442,0.166497802366894,-11.230512008754301,0.0,0.05687416032243618,0.0,0.1303179579041648,0.690550828481863,0.12225705329153602,10.876184789059103,0.6388099747474747,False
500,7418.75,False,1624.5,1496065.5,76528.1,0.21795537330167597,16725.488550138318,2,0.0,структурный ноль,0.35535170124486615,0.13942792315630054,-7.124642521916323,0.020313942751615882,0.002770083102493075,0.7066789781471222,0.0,0.18313327177593106,0.08710372422283774,7.450032120919675,0.9166666666666666,False
501,22300.0,False,3033.5,1817648.95,49871.8,0.13605288016027606,6800.281029192664,2,0.3450527004312418,наблюдается,0.3211950241348568,0.16052513721337708,-6.523539855583737,0.029668699522004287,0.204549200593374,0.0567001813087193,0.12658645129388496,0.47568814900280204,0.10680731827921541,12.271695774738683,0.5834343803710665,False
502,14943.0,False,1332.0,612554.6000000001,38370.0,0.08913330527685917,3418.9568572535127,2,0.0,структурный ноль,0.362409659914779,0.13852452493109424,-8.452797823655533,0.11786786786786786,0.05855855855855856,0.0,0.11373873873873874,0.4361861861861862,0.2736486486486487,12.948563279483498,0.6090540428502818,False
503,12035.75,False,1266.0,604309.85,39888.25,0.10516594741424401,4187.276166837598,2,0.0,структурный ноль,0.30427874424108836,0.16189488826743853,-9.96500564032764,0.0,0.02132701421800948,0.0,0.09439178515007898,0.5138230647709321,0.3704581358609794,12.346670179460684,0.5964121607822894,False
504,688537.0,False,157699.5,121499738.0,64164.15000000001,0.22903647747658895,14705.705350026967,2,0.9282660186302857,наблюдается,0.21667012996383572,0.19453006187859337,-3.897076264632421,0.006150938969368958,0.21412877022438245,0.008858620350730345,0.32638340641536595,0.44445606993046904,2.2194109683293384e-05,9.065239542781784,0.1980736676576481,False
505,24588.75,False,5189.5,3332483.5,53630.65,0.21103060927842432,11297.288870548939,2,1.0,наблюдается,0.2352307248968476,0.194512987020648,-6.727830303518172,0.0,0.25821370074188266,0.01676462086906253,0.1598419886308893,0.5094903169862222,0.0556893727719433,9.49198094380609,0.3537386533726039,False
506,14855.5,False,5590.5,3988927.9499999997,59485.5,0.3763292810500519,22374.376102662885,2,1.0,наблюдается,0.2744646196965803,0.1830907603624685,11.841781092702467,0.0,0.0580448975941329,0.0,0.11984616760575977,0.7909847061980145,0.03112422860209274,27.321176370205812,0.225861456062186,False
507,188565.75,False,39798.0,27219886.700000003,56893.55,0.2110704751157796,12034.718679627735,2,0.9580128941032132,наблюдается,0.21616831967299782,0.19164109187028344,1.9669893366952755,0.004937434041911654,0.4051082968993417,0.01590532187547113,0.2063169003467511,0.36773204683652444,0.0,9.201485884367512,0.37496746655806296,False
508,40235.0,False,9696.0,6852641.6,58874.45,0.24099532822211428,14200.751355329354,2,1.0,наблюдается,0.29524440916010236,0.1958286810300917,-1.6749432715422383,0.0024236798679867985,0.49762788778877887,0.0035066006600660065,0.15810643564356436,0.3287953795379538,0.009540016501650261,8.535776048445882,0.30597331138849215,False
509,73359.0,False,17733.5,13510856.100000001,63574.549999999996,0.24173795380915764,15347.197248426985,2,1.0,наблюдается,0.25119816928118155,0.19134970675123175,9.03442752154622,0.0,0.3677503030986551,0.0029886937152846307,0.3493952124510108,0.26686779259593424,0.012997998139115285,8.831394302738431,0.385628095342363,False
510,123285.75,False,23509.5,13670058.7,48461.3,0.19069654612384052,9245.07379970029,2,1.0,наблюдается,0.21969953835412714,0.18729753038467917,-1.9213442084703056,0.0021480678023777624,0.3368212850124418,0.00025521597652013015,0.16376358493375018,0.4970331142729535,0.0,11.210940914807384,0.07771348169737237,False
511,36806.75,False,5522.5,2904131.9,43859.350000000006,0.15003539506260336,6576.856574573569,2,0.7396013289450077,наблюдается,0.23004609555183864,0.21163515290302085,-4.68962695728497,0.03675871435038479,0.16025350837483024,0.0007243096423721141,0.19719330013580805,0.5821638750565867,0.022906292440018072,12.271431399759509,0.34130276594732645,False
512,16477.25,False,2226.5,1153474.3,43151.0,0.13512615232072342,5834.007571947719,2,1.0,наблюдается,0.35413207718582806,0.13798564315333403,12.573415535104306,0.0,0.052099708061980686,0.0,0.11767347855378396,0.5275095441275545,0.30271726925668085,15.902256186045904,0.47459463008583685,False
513,10751.25,True,1729.0,815082.05,39349.3,0.16083570626783378,6316.020541511963,2,1.0,наблюдается,0.09161336522578614,0.2154504653606834,9.564331811919587,0.0,0.0,0.0,0.042220936957779065,0.7411798727588201,0.2165991902834008,6.092834499282883,0.5390800719748088,False
514,13773.25,False,1351.5,668317.5,41125.8,0.09815088533464356,4047.437375603014,2,0.0,структурный ноль,0.3006073050133631,0.18364306516926793,-3.9085110833742416,0.243433222345542,0.0,0.0,0.07510173880873104,0.47206807251202365,0.2093969663337033,7.577922724463679,0.8861479109090861,False
515,26266.25,False,2823.0,1390816.3,41105.45,0.10747478607194491,4412.889648493264,2,0.0,структурный ноль,0.2472691285382786,0.21511630389204525,8.658560233641015,0.07120085015940489,0.06234502302515055,0.001771165426850868,0.21537371590506554,0.6374424371236274,0.011866808359900727,11.43583843337237,0.48905299949007736,False
516,7836.25,False,914.5,462065.35,42159.05,0.11669521159722883,4916.297284984539,2,0.0,структурный ноль,0.34115150517088044,0.1988379070391529,-13.670569798831359,0.0,0.0612356478950246,0.0,0.1443411700382723,0.5434663750683434,0.25095680699835965,11.309538471936564,0.5509952443368958,False
517,31550.25,False,3424.0,1845667.3,44972.95,0.10852040843330883,4876.440819541709,2,0.0,структурный ноль,0.27422061689402355,0.20479426832155107,-2.623028908089394,0.31030957943925236,0.12923481308411214,0.0,0.07958528037383178,0.4412967289719626,0.03957359813084105,9.070354498674345,0.876533114915086,False
518,25450.5,False,4949.5,2788024.5,46995.55,0.19446218944389698,9131.366718991536,2,0.6260531020910461,наблюдается,0.27550736903938955,0.1918854755649561,-3.9872322014266066,0.05859177694716638,0.3136680472775028,0.0,0.15405596524901505,0.46984543893322556,0.0038387715930900956,14.120345103284363,0.4158744935023808,False
519,7576.0,False,1056.5,512031.19999999995,40468.2,0.13943170337062305,5636.142292372458,2,0.0,структурный ноль,0.3228703272806809,0.18597146419930036,-13.566038885906666,0.11405584477046853,0.08944628490298154,0.0,0.18409843823946995,0.49029815428300993,0.1221012778040701,10.79289846484524,0.7559719403378512,False
520,7113.25,False,1027.5,499549.6,40503.0,0.14446216753452018,5855.955105347541,2,0.0,структурный ноль,0.33262397543536215,0.19691400508233886,-7.528464748256483,0.0,0.054501216545012166,0.009732360097323601,0.12895377128953772,0.47883211678832116,0.3279805352798053,13.021028097693131,0.6394385267627796,False
521,14728.75,False,2258.0,1087330.65,40141.0,0.1533087459807575,6155.138166106688,2,0.0,структурный ноль,0.28019351291117855,0.19979904918665584,-4.020174788606366,0.1275465013286094,0.18777679362267494,0.0,0.1337466784765279,0.5383082373782108,0.012621789193977051,15.395677793666813,0.5584643965081885,False
522,10681.75,False,1624.5,769503.7,39481.3,0.15207964561689497,6004.937464360465,2,0.0,структурный ноль,0.2977932717138304,0.1844516475410079,-2.7726432532347505,0.13111726685133887,0.048938134810710986,0.0,0.16435826408125578,0.6438904278239458,0.011695906432748537,11.422568624551715,0.8854899930986887,False
523,4671.0,False,584.5,259614.0,37064.3,0.12512591030716957,4634.5227967844885,2,0.0,структурный ноль,0.3475101923475229,0.18698206729358563,-7.138603283092772,0.0,0.09666381522668947,0.0,0.11035072711719418,0.6749358426005133,0.11804961505560296,13.868743876375847,0.6366294320259186,False
524,15465.25,False,2463.5,1284631.95,43477.5,0.1592932263563161,6925.320922584524,2,0.0,структурный ноль,0.31023146729745854,0.1783219053049987,-5.769333779437953,0.17840470874771666,0.09072457885122792,0.0,0.1828699005480008,0.5356200527704486,0.012380759082606052,14.396687806516047,0.33654887500376923,False
525,11262.25,False,1265.5,612112.25,40339.149999999994,0.11236397694598343,4532.0040205791465,2,0.0,структурный ноль,0.29888582135595543,0.20188490042475987,-8.315150640478617,0.0,0.033583563808771234,0.0,0.13275385223231925,0.7708415645989727,0.06282101935993678,15.028678553216368,0.5310816411106507,False
526,12853.75,False,1712.0,1001050.5,48242.850000000006,0.13336925990016202,6508.5332705593555,2,0.0,структурный ноль,0.28670729237840464,0.1810814589440704,-16.752194033434648,0.36244158878504673,0.01606308411214953,0.0,0.18049065420560748,0.3203855140186916,0.1206191588785046,8.586824117008458,0.881132210594348,False
527,15964.25,True,3739.5,3091166.2,68917.8,0.23423873555253605,16139.7477354996,2,0.5822545086827839,наблюдается,0.3007063801998383,0.19875742637908117,-4.91645294178119,0.09346169273967107,0.08530552212862683,0.0,0.11899986629228507,0.37291081695413825,0.3293221018852788,15.699559944704369,0.49893666538264,False
528,11633.5,False,1538.5,911022.2,49359.6,0.13224843328791303,6528.226778358826,2,0.0,структурный ноль,0.2939357997643438,0.21533107717127814,6.589807541569274,0.09749756256093597,0.021124471888202795,0.0,0.16217094572635685,0.40396490087747805,0.31524211894702636,9.62753656695999,0.7005236306982388,False
529,39939.5,False,7311.0,3738875.25,42615.0,0.18305763508535078,7804.912801407179,2,0.79379919420269,наблюдается,0.3149541697914116,0.1791000272926809,-1.9030294200590436,0.054848857885378195,0.19402270551224182,0.0,0.22131035426070306,0.516482013404459,0.013336068937217949,12.516693487122108,0.3632401997296764,False
530,12376.25,False,1788.0,835373.2,38950.75,0.14447320321150717,5629.028588908086,2,0.0,структурный ноль,0.2989177549094919,0.1885199064558437,-9.574869618190604,0.10346756152125279,0.05005592841163311,0.0,0.1686241610738255,0.647930648769575,0.029921700223713654,12.110870345479034,0.6451048951048951,False
531,13308.5,False,1737.5,834339.3500000001,40002.85,0.13056962974962574,5228.395794537425,2,0.0,структурный ноль,0.31180115290425386,0.20825801213577466,-7.4435886206536335,0.0,0.0656115107913669,0.0,0.20115107913669064,0.499568345323741,0.23366906474820137,12.193340983488348,0.5856132397512811,False
532,12705.25,False,1776.5,786761.5,37038.95,0.13980129602544814,5162.473383022491,2,0.0,структурный ноль,0.2805990501096787,0.22448178922410816,-3.9198816710186,0.06698564593301436,0.05066141289051506,0.0,0.12299465240641712,0.6310160427807486,0.12834224598930488,14.374790577381884,0.7739289751548724,False
533,13592.5,False,1991.5,1209337.25,50711.0,0.1464983973050948,7420.170265518829,2,0.0,структурный ноль,0.3276004609408556,0.1618764064336029,-7.719392405997111,0.10720562390158173,0.051970876223951794,0.0,0.15365302535777053,0.49861913130805924,0.18855134320863676,13.33365137246885,0.6645237978091596,False
534,7874.75,False,931.0,426397.3,38156.75,0.11824086828282285,4515.505759154328,2,0.0,структурный ноль,0.3128653426019631,0.20400185224388787,-14.11529331601234,0.0,0.09344790547798067,0.0,0.08055853920515575,0.7126745435016112,0.11331901181525239,13.910871468635397,0.6449214903448769,False
535,20328.75,False,3199.0,1938856.35,50441.75,0.15738095178981754,7951.396624756846,2,0.0,структурный ноль,0.26423719759208864,0.19666184585509117,-0.5684673137472819,0.017974366989684278,0.18740231322288214,0.004845264145045327,0.2904032510159425,0.47249140356361363,0.026883401062832157,12.685611556745888,0.5922886442297048,False
536,8041.0,False,1315.5,689177.85,43446.55,0.16366392144676578,7151.281441798523,2,0.0,структурный ноль,0.3387879962967535,0.16979846671826396,-6.020511590101529,0.14139110604332952,0.10148232611174458,0.0,0.14139110604332952,0.3660205245153934,0.24971493728620286,14.801232910585028,0.6926668271833415,False
537,9557.75,False,1658.5,857585.55,43181.2,0.17349884375644548,7483.450043890648,2,0.0,структурный ноль,0.32459502862728673,0.1886957128892613,-10.103374441476483,0.23274042809767861,0.03858908652396744,0.0,0.09406089840217063,0.586373228821224,0.0482363581549593,14.531509475441782,0.6946386648974175,False
538,19193.75,False,2676.0,1353040.35,42232.1,0.13939243735176826,5879.490748500532,2,0.4973563425580574,наблюдается,0.33855883786879865,0.16065459460690418,-13.553558872417629,0.09118086696562033,0.054745889387144996,0.0,0.24196562032884902,0.5919282511210763,0.020179372197309364,12.806864523793825,0.5566163982726705,False
539,17557.5,False,2391.5,1184186.0,41290.2,0.13620779627772017,5623.298606580713,2,0.0,структурный ноль,0.3286098897198132,0.17972865517579298,-2.6542749540079575,0.05059586033869956,0.06439473134016307,0.0,0.16119590215346016,0.6627639556763537,0.061049550491323545,13.42668078113265,0.4657331039139081,False
540,16328.75,False,2268.0,1117599.4,41119.75,0.13888764929911757,5705.584709130141,2,0.15766362190943667,наблюдается,0.30440695005662505,0.19236829422286322,-0.12947941622414721,0.1558641975308642,0.08862433862433862,0.0,0.11970899470899471,0.6313932980599647,0.0044091710758378255,14.131183681384636,0.5309946697053728,False
541,7414.25,False,1300.5,674442.75,43302.55,0.17538455361446736,7583.750719921991,2,0.0,структурный ноль,0.3168535355050793,0.18942341876497754,-4.32891123242689,0.2648981161091888,0.1061130334486736,0.006151480199923107,0.0857362552864283,0.49519415609381007,0.04190695886197604,13.793535391981928,0.85190858217174,False
542,16290.5,False,3588.5,2025913.3,47166.25,0.22026464518921104,10368.459508132852,2,0.0,структурный ноль,0.27408828949593056,0.22997967771962538,2.173976735643078,0.35335098230458406,0.25428451999442664,0.0,0.0678556499930333,0.25846453950118436,0.06604430820677165,9.445644205962326,0.6680633284241532,False
543,38460.5,False,6852.0,4403812.4,53537.100000000006,0.17816696092058998,9548.922547418573,2,0.0,структурный ноль,0.27305798021746486,0.19754455663858722,-3.2920042552714692,0.2484676007005254,0.23226795096322242,0.0,0.11529480443666083,0.40053998832457677,0.003429655575014623,10.020393543556414,0.6535603575896003,False
544,9103.25,False,1372.5,738513.25,44871.9,0.1507689727614,6765.516254657807,2,0.0,структурный ноль,0.31148621813767446,0.19990964138162182,-6.409267957907161,0.11693989071038251,0.07577413479052823,0.0,0.13041894353369762,0.6196721311475409,0.05719489981785064,14.033813915148974,0.528213015476305,False
545,53257.5,False,5282.5,2831052.15,44707.8,0.09919857180449007,4428.328327078183,2,0.0,структурный ноль,0.2521077038930808,0.20514198241371429,16.91836699158135,0.09815428300993848,0.12759110269758636,0.0,0.1820160908660672,0.575958353052532,0.01628017037387597,8.174437857873993,0.5760749027622698,False
546,10216.0,False,1985.0,1171146.3,49252.55,0.19427857188955003,9557.913817500119,2,0.0,структурный ноль,0.28137360297257014,0.21050886556735493,-2.076467933426804,0.36649874055415615,0.035768261964735516,0.0,0.12342569269521411,0.2906801007556675,0.1836272040302267,13.130231743418506,0.4776758186348505,False
547,19440.5,False,3706.5,1959943.35,44102.600000000006,0.19065432458038956,8404.735046269372,2,0.0,структурный ноль,0.29229262724624017,0.20825836078196247,-1.097917634270237,0.21947929313368406,0.1920949682989343,0.0,0.17536759746391475,0.38972076082557666,0.02333738027789023,15.040103789357804,0.627390163028461,False
548,18708.0,False,2794.0,1329919.25,39665.2,0.1493564542392487,5927.967408584776,2,0.0,структурный ноль,0.3172907732329536,0.18861857945925306,-4.303002130787587,0.19148174659985684,0.0408017179670723,0.0,0.16231209735146743,0.5774874731567645,0.027916964924838972,16.33288882557459,0.8077629957540141,False
549,14352.5,False,1815.5,899019.6000000001,41311.75,0.12648951829449756,5223.410317549322,2,0.0,структурный ноль,0.3334008749880233,0.16534314246274234,-4.026817686225148,0.12613605067474526,0.06058936931974663,0.0,0.13302120627926192,0.5100523271825943,0.17020104654365187,13.71795726048838,0.577687324929972,False
550,10582.25,False,1737.5,899516.3999999999,43153.3,0.16418884058994293,7085.765638266341,2,0.0,структурный ноль,0.330815405786265,0.1603903949116947,1.4711645498395685,0.29093525179856117,0.04690647482014389,0.0,0.0981294964028777,0.5027338129496403,0.06129496402877699,13.857020665058048,0.29400190996857295,False
551,17721.5,False,2859.5,2159109.1500000004,63091.649999999994,0.16128375290291724,10153.780907836483,2,0.0,структурный ноль,0.2839681463965016,0.19485960616066433,-11.177703866821297,0.3897534534009442,0.06889316314040916,0.045112781954887216,0.1893687707641196,0.26298303899283093,0.04388879174680893,7.1451316467089665,0.9363309733666796,False
552,20140.75,False,2850.0,1539620.85,45065.95,0.14150132890595807,6375.068525244898,2,0.0,структурный ноль,0.2981763633836167,0.2099031760781487,-6.26552970161511,0.15771929824561404,0.14456140350877192,0.0,0.14421052631578948,0.5384210526315789,0.015087719298245705,12.841974907260099,0.834198731013402,False
553,3265.0,False,692.0,431097.15,51894.0,0.21200948561768368,11023.908677283312,2,0.0,структурный ноль,0.28665194628147117,0.19877360337626176,-15.816067031937994,0.3583815028901734,0.05202312138728324,0.0,0.049132947976878616,0.33959537572254334,0.2008670520231215,15.931348630230566,0.9696969696969697,False
554,13571.75,False,2506.0,1467672.65,48892.2,0.18462968964063942,9015.938681150608,2,0.0,структурный ноль,0.2927350025657972,0.21909367266683794,-4.882393559141375,0.24581005586592178,0.14465283320031924,0.0015961691939345571,0.06464485235434957,0.35913806863527536,0.18415802075019938,12.829740225436932,0.620138514680178,False
555,7155.25,False,1033.0,459013.0,37048.0,0.14437295679439283,5349.235428344215,2,0.0,структурный ноль,0.2818112015742176,0.2072813008893323,-7.407601098707526,0.0,0.05856727976766699,0.0,0.0808325266214908,0.6079380445304937,0.25266214908034845,17.995998810153242,0.6880142589995325,False
556,6036.75,False,848.0,369474.69999999995,36326.75,0.1404721592396647,5104.414065137137,2,0.0,структурный ноль,0.2972186245435655,0.19631543908491195,-11.286480506100038,0.041273584905660375,0.05070754716981132,0.0,0.10377358490566038,0.5571933962264151,0.24705188679245282,16.580713999911083,0.6514945652173914,False
557,10209.25,False,2014.5,1010898.95,41890.4,0.19730489530192802,8258.14130587025,2,0.0,структурный ноль,0.32276698596684095,0.2039322661559363,1.215942385858986,0.33929014643832217,0.1342764954082899,0.0,0.08910399602879127,0.39339786547530403,0.04393149664929252,11.37417450355913,1.0,False
558,7047.0,False,1275.5,590683.25,38794.2,0.1809680007099529,6986.157015346851,2,0.0,структурный ноль,0.25547227820120916,0.25110004376094525,-3.302799657456167,0.13680909447275577,0.12348098784790279,0.0,0.07879263034104272,0.45315562524500197,0.20776166209329672,11.529741873042035,0.5355784592942484,False
559,42319.0,False,5522.5,3130653.8,47232.149999999994,0.1304997047054318,6166.987478926274,2,0.4224194869978584,наблюдается,0.26011295245316646,0.1977656708635796,2.1764165246342815,0.1606156631960163,0.10312358533272974,0.008420099592575826,0.13861475780896332,0.5676776822091444,0.021548211860570432,9.70663129361946,0.628577150537277,False
560,6182.25,False,1366.0,725023.3,44290.5,0.22093887290063252,9782.273304216456,2,0.0,структурный ноль,0.33139102347057015,0.19468092134871412,-10.79238488116491,0.34260614934114203,0.055636896046852125,0.0,0.11273792093704246,0.3810395314787701,0.10797950219619323,13.500650509614278,0.5786926526379009,False
561,18133.75,False,3257.0,1777418.4,45493.55,0.17961341638122044,8173.227817354712,2,0.0,структурный ноль,0.29874173229014145,0.20862138976487105,0.40422911817022783,0.18590727663494014,0.12189131102241327,0.0,0.12296591955787535,0.5423702793982192,0.02686521338655201,14.29775666923459,0.6228470111448835,False
562,10089.0,False,1893.5,906527.6,39988.55,0.18764994991242964,7490.610836098856,2,0.0,структурный ноль,0.2763186392067867,0.22491539055754284,-8.58756119446907,0.2461050963823607,0.17190388170055454,0.0,0.10404013731185635,0.34407182466332187,0.13387905994190652,18.52067384472084,0.3919156514232424,False
563,17812.25,False,2863.5,1489988.9,43383.1,0.16077227302651287,6977.600228756562,2,0.0,структурный ноль,0.32259638345992514,0.18824981518964434,-8.887838940045004,0.05447878470403353,0.1601187358128165,0.0,0.15749956347127642,0.6153308887724812,0.012572027239392325,12.177099741203175,0.506471557339797,False
564,10810.75,False,1892.5,836445.7,36949.9,0.17501730175460145,6451.460613506637,2,0.0,структурный ноль,0.30569675393968887,0.19201728170021523,-7.792277812402607,0.20660501981505944,0.08428005284015852,0.0,0.08137384412153237,0.5836195508586526,0.04412153236459715,12.453552241522504,0.6201187722998456,False
565,8696.0,False,1361.0,646309.3,39630.15,0.1564964391061089,6198.987527502812,2,0.0,структурный ноль,0.31227565589402606,0.20035835781660738,-11.26357984312584,0.1520940484937546,0.07861866274797942,0.0,0.056943423952975754,0.6186627479794269,0.09368111682586333,14.230488224568436,0.551960436771635,False
566,10773.75,False,1735.5,902080.8500000001,43319.5,0.16109323103250628,6982.372768787354,2,0.0,структурный ноль,0.3404795590972432,0.17677447781491623,0.6195120568436526,0.09104004609622587,0.16421780466724287,0.009219245174301354,0.146355517142034,0.5566119273984442,0.03255545952175165,16.068696215832976,0.5675120010700612,False
567,9084.5,False,1221.0,554415.0,37692.95,0.13449367794237013,5092.784644679494,2,0.0,структурный ноль,0.3687855436037855,0.1634291573154759,-5.049320290249816,0.09664209664209664,0.05896805896805897,0.0,0.1339066339066339,0.5061425061425061,0.2043407043407044,14.21432901166301,0.6887628036710606,False
568,12193.75,False,2313.5,1139326.5,41106.899999999994,0.18971041730639157,7790.828289581474,2,0.0,структурный ноль,0.3022624236415996,0.2008310801968073,-7.508612621526999,0.2831208126215691,0.1378863194294359,0.0,0.13032202290901232,0.34147395720769397,0.10719688783228865,17.029463333399384,0.6957046488137887,False
569,12856.25,False,2556.5,1468402.4,47845.25,0.19888751928521997,9531.597322826412,2,0.0,структурный ноль,0.30186214267859146,0.2003469730835553,-6.8926231486588065,0.05182867201251711,0.17954234304713476,0.005867396831605711,0.07725405828280853,0.518482300019558,0.1670252298063759,12.345698271896525,0.6467361504627,False
570,9275.0,False,1421.0,609326.55,35762.649999999994,0.15319853337837802,5477.385989136024,2,0.0,структурный ноль,0.28168472699199165,0.2105413687996266,-9.23241691275703,0.11681914144968332,0.06052076002814919,0.0,0.11400422237860662,0.5014074595355383,0.2072484166080225,15.554472190035286,0.6825150838912307,False
571,24130.75,False,3697.0,1874346.05,42288.35,0.15319960135402744,6476.323726618046,2,0.0,структурный ноль,0.31045418427333893,0.1869213329756116,-5.787670096028956,0.0651879902623749,0.1979983770624831,0.0,0.13024073573167433,0.5842575060860157,0.022315390857452044,15.484076638363035,0.4926025032365431,False
572,14825.5,False,2346.0,1192996.4500000002,42331.1,0.1582488607740197,6707.778898222052,2,0.0,структурный ноль,0.23984036667515576,0.2318388262680289,-4.375087264900419,0.23678601875532823,0.15430520034100598,0.0,0.06159420289855073,0.5219522591645354,0.025362318840579712,10.024707208084747,0.5329318519788391,False
573,334265.0,False,90047.5,89237682.15,82563.1,0.2693895289594467,22241.704630271794,2,1.0,наблюдается,,,-0.5043668967809574,0.01877897776173686,0.10652155806657597,0.04249979177656237,0.33219689608262304,0.5000083289375052,0.0,10.455123667231327,0.15079892047964769,True
574,14525.5,True,4070.0,2671751.35,54787.4,0.28018487919709556,15332.931012318364,2,1.0,наблюдается,0.2214256821463987,0.20598774085899896,-8.981822203562201,0.0,0.06191646191646192,0.0,0.2925061425061425,0.5691646191646191,0.07641277641277644,13.227502942663959,0.006939640864620638,False
575,7354.0,True,1128.0,567940.1,41944.0,0.1529906415299064,6419.14304444143,1,1.0,наблюдается,0.08299728006150145,0.2101971341445411,-12.87838538924574,0.0,0.0,0.0,0.0,0.674645390070922,0.32535460992907805,6.289751170259475,0.03435374149659864,False
576,8586.0,True,,,,,,0,0.0,наблюдается,0.24854414162590263,0.23212205916608433,-6.77332710498657,,,,,,,,,False
577,5832.0,True,,,,,,0,0.0,наблюдается,0.25017146776406035,0.2175925925925926,-41.320995532865346,,,,,,,,,False
578,15339.75,True,3076.0,2826956.75,76758.15,0.20050387497884808,15360.930017585746,2,0.6558564526522448,наблюдается,0.2303292109736081,0.21615015326354692,-10.181651797909318,0.2833224967490247,0.0,0.0,0.08598829648894668,0.5463263979193758,0.0843628088426529,12.79330526794687,0.35288489988856625,False
579,43842.25,False,8285.5,6832945.15,68886.85,0.18896598677657195,12993.281691325737,2,0.8910164606225743,наблюдается,0.1672748379284584,0.21380540279918997,-9.727669703123702,0.0,0.11290809245066682,0.031199082734898315,0.3031802546617585,0.44885643594230884,0.10385613421036743,10.449821349972858,0.5023551825704802,False
580,7881.75,False,7739.0,11721220.7,124714.15,0.9829679993205811,124159.05299387756,2,0.0,наблюдается,0.1870401158765141,0.24611993903369933,-8.37378452539116,0.4368781496317354,0.005297842098462333,0.2883447473833829,0.11551880087866649,0.13599948313735624,0.01796097687039666,13.862331033812286,0.7562936620431304,False
581,19386.5,True,3926.0,4029612.05,85507.35,0.20251862084049418,17329.39744866835,2,0.6885696280116613,наблюдается,0.11968536621516912,0.2001316435625599,-10.987518188231633,0.0,0.041390728476821195,0.001782985226693836,0.47414671421293936,0.45224146714212937,0.03043810494141619,12.675736219327465,0.18151530995229173,False
582,7327.25,False,8865.5,17680853.55,167413.95,1.210263246369955,201002.01097826118,2,0.553721174413684,наблюдается,0.16467706010598232,0.18905231965841954,-19.67980602925605,0.008403361344537815,0.39918786306468895,0.3218092606169985,0.15323444814167278,0.0703288026620044,0.04703626417009765,20.010478492605802,0.09259259259259259,False
583,5517.25,False,1837.5,1958583.4000000001,89006.45000000001,0.33305675678966307,29652.01049713087,2,0.0,наблюдается,0.22786391241156048,0.2005208267232666,-24.178197204896467,0.5191836734693878,0.0,0.0,0.017414965986394557,0.4163265306122449,0.04707482993197276,14.708144023568279,0.03259067596719633,False
584,33489.5,False,7068.5,6177388.25,72883.75,0.2110627338116513,15374.820422818568,2,0.6275573165995988,наблюдается,0.1746471204700078,0.20491104777125313,-0.9545620314055165,0.0,0.14656574945179315,0.0,0.3330975454481149,0.4554714578764943,0.06486524722359777,11.503629095470487,0.5356812979627468,False
585,55764.75,True,14576.0,12267647.6,70224.8,0.2613847663100368,18331.925056203327,2,0.922344898372147,наблюдается,0.2117881549053004,0.20124658103252904,4.68498862213367,0.0006174533479692645,0.4117727771679473,0.041849615806805705,0.14938940724478594,0.3465285400658617,0.04984220636663017,9.026766840507962,0.42109051313061213,False
586,15843.0,False,2811.5,2065600.55,61177.450000000004,0.17747626891422247,10880.533858829254,2,0.0,наблюдается,0.26074956350828576,0.21416606621719306,-9.108364469477678,0.13800462386626355,0.047661390716699274,0.0,0.1401387159879068,0.6558776453850258,0.01831762404410453,14.02169427486653,0.11641653986542279,False
587,9969.25,False,1985.0,2122058.05,88985.85,0.19910444253291149,17720.568440288986,2,0.0,наблюдается,0.2199338917991426,0.22282038474359495,-18.564441522903,0.02695214105793451,0.0,0.0,0.09874055415617128,0.6916876574307305,0.18261964735516378,12.71388293956333,0.6587831185935265,False
588,20810.5,False,8879.0,10985418.25,103182.15,0.42665684425214917,44018.62797803024,2,0.864668975260923,наблюдается,0.1774417776517818,0.202940666920519,-8.592503540482685,0.23718887262079064,0.08880504561324473,0.05873409167699065,0.4241468633855164,0.1826782295303525,0.008446897173105095,15.183326524671907,0.10238191724851141,False
589,26477.75,False,5054.0,3663831.0999999996,60648.25,0.1908626459044182,11533.851108984127,2,0.6234453206342631,наблюдается,0.17671794283057765,0.2226597797669839,-8.112667599294289,0.26177285318559557,0.025326474079936684,0.0,0.17263553620894342,0.526414721013059,0.013850415512465353,10.47639403830267,0.16807428227231005,False
590,7141.0,True,,,,,,0,0.0,наблюдается,0.2148158521215516,0.24380338888110908,-22.00895713371721,,,,,,,,,False
591,29797.25,False,4441.5,3555652.05,66708.1,0.14906932439237586,9952.723163009498,2,0.6030599466341934,наблюдается,0.19685350458674603,0.1987327750615731,-11.371530645117163,0.0,0.20004502983226388,0.0,0.18124507486209615,0.5876393110435664,0.031070584262073542,9.025331862457138,0.22488338647361727,False
592,8230.5,False,1326.5,732433.4,46102.0,0.16115482608752912,7423.9380951287,2,0.0,наблюдается,0.2407241763637477,0.22689328522192415,-18.988265368613998,0.0,0.0,0.0,0.1266490765171504,0.8021108179419525,0.0712401055408971,10.102348646775912,0.5089692095805551,False
593,14630.0,True,2375.5,1980848.05,69681.55,0.16235727313284978,11286.318138229239,2,0.1861522961057064,наблюдается,0.22109441926956097,0.23263997316020346,-8.530208300193399,0.0,0.042517364765312565,0.0,0.1538623447695222,0.40686171332351084,0.3967585771416544,9.304101913086848,0.35119450496808985,False
594,15111.75,False,3066.5,2062928.7999999998,56094.7,0.20293409233402485,11389.394871439461,2,0.522138101453082,наблюдается,0.22537082681997034,0.217800046558078,-19.49272059954739,0.05136148703733898,0.13696396543290396,0.0,0.12114788847219958,0.6076960704386108,0.08283058861894665,14.328850877667449,0.047619047619047616,False
595,17871.0,False,3690.0,3858551.75,87198.54999999999,0.2064807979507382,18005.004791873733,2,0.7121178333982465,наблюдается,0.20926223729194804,0.22155731708971463,-9.707335475590662,0.12154471544715448,0.00934959349593496,0.0,0.1258807588075881,0.5924119241192412,0.15081300813008136,10.54873528148045,0.6334420314993409,False
596,1097.75,False,360.5,317786.8,73404.3,0.3284415082705413,24146.911114762657,2,0.0,наблюдается,0.20457283036606144,0.21178535754157118,-12.502475487525977,0.17198335644937587,0.0,0.0,0.10263522884882108,0.4160887656033287,0.3092926490984744,14.80213814540534,0.0,False
597,9739.0,True,,,,,,0,0.5017968990656125,наблюдается,0.23790943628709313,0.20977513091693192,-11.926116255393417,,,,,,,,,False
598,16830.25,True,2463.5,1682713.1,57151.95,0.1463621734550631,8333.88909253899,2,0.1752227619417991,наблюдается,0.2414776978844816,0.2155355590888502,-4.595937112244586,0.03795413030241526,0.0395778364116095,0.0,0.07164603206819566,0.6387253907042825,0.21209661051349715,11.297060876088473,0.20787711273257034,False
599,24735.75,False,5708.5,5049268.050000001,73809.6,0.23076290090997265,17017.35855518649,2,0.5055395712988169,наблюдается,0.20158633240486662,0.22464482199787641,-8.317481045895189,0.016641849872996408,0.09275641587106946,0.0,0.47604449505123936,0.36883594639572564,0.045721292808969194,15.509659430385028,0.0,False
600,29127.25,False,7488.5,7946459.9,88463.7,0.25709870382761807,22747.70357836611,2,0.7130646625876959,наблюдается,0.18327506566076907,0.23429576202247593,-8.770286337171486,0.0,0.12118581825465714,0.07130934098951726,0.37858049008479666,0.30379915871002205,0.1251251919610069,12.711713366983478,0.41972982137919657,False
601,71745.25,False,7221.5,5160398.449999999,59765.0,0.10067384185134301,5993.109591105687,2,0.2751127453367166,наблюдается,0.16897450177751325,0.22525286477920953,3.504004520933526,0.04438136121304438,0.14588381915114587,0.0,0.16803988091116803,0.6375406771446376,0.004154261580004093,6.6800411019958235,0.411707401119107,False
602,5587.25,True,984.0,637407.4,54239.55,0.17607596872608272,9514.007304632014,2,0.0,наблюдается,0.2662762178227237,0.2100650152055968,-24.599875811052016,0.0,0.0,0.0,0.07063008130081301,0.7342479674796748,0.19512195121951215,11.274304747222876,0.0,False
603,35092.25,False,7562.5,6061338.85,66790.5,0.21551141825681666,14404.710720311901,2,0.6986278399099306,наблюдается,0.22392232531189177,0.2072817919530572,-7.80463129148254,0.0,0.10981818181818181,0.003768595041322314,0.24383471074380164,0.5009586776859504,0.1416198347107438,9.635665587170001,0.5661580318678632,False
604,16740.25,False,3581.0,2465274.6500000004,57378.55,0.21391655713757185,12270.202112431969,2,0.9950428534924329,наблюдается,0.13868590557923505,0.3029239234831247,-2.4490037141131715,0.004049148282602625,0.0,0.0,0.21320860094945546,0.7083216978497626,0.07442055291817928,13.500147934620694,0.2523291925465838,False
605,15595.75,False,1829.5,995639.1000000001,45446.649999999994,0.11729964772966275,5321.425114461448,2,0.30978985873272147,наблюдается,0.1912558106966482,0.26369597448395343,-9.822479915070074,0.0,0.046187482918830285,0.0,0.009018857611369226,0.7592238316479912,0.1855698278218093,6.436517503080662,0.6318715531044298,False
606,13646.5,False,2160.0,1411533.5,54576.3,0.15827513520950254,8623.419966034151,2,0.0,наблюдается,0.17912054679270115,0.2930142440321649,-7.590096544333544,0.014351851851851852,0.16921296296296295,0.0,0.08680555555555555,0.6615740740740741,0.06805555555555554,6.960880481123688,0.04139947161276822,False
607,22402.25,False,3188.5,1949355.0499999998,51015.45,0.14232364063869674,7254.925862542375,2,0.47302138390271664,наблюдается,0.16503028138362458,0.2715052146572363,-13.59071156137795,0.0,0.038732946526579895,0.0,0.1528932099733417,0.7754429982750509,0.03293084522502743,8.788512986737613,0.6103430782543897,False
608,162960.5,False,55500.5,93501610.65,140413.7,0.3405759416855253,47815.93807047294,2,1.0,наблюдается,0.19585111899920252,0.19575409695033175,-6.492469879659706,0.13891766740840172,0.12794479329015054,0.008351276114629599,0.2491869442617634,0.47562634570859724,0.0,13.804525888730275,0.38804713804713803,False
610,616.25,False,269.0,406782.15,126176.35,0.4364719482506415,55020.10849910973,2,0.0,структурный ноль,0.16462242026266416,0.18561991869918698,-20.363579283297923,0.0,0.0,0.0,0.18773234200743494,0.13011152416356878,0.6821561338289963,17.850395058900048,1.0,False
611,2398.75,True,1149.5,1651434.2000000002,119515.15,0.47924726902419845,57391.5583311457,2,0.0,структурный ноль,0.17090194408497872,0.2657295749509325,-17.95400761008267,0.10439321444106132,0.10308829926054806,0.0,0.1096128751631144,0.3892996955197912,0.293605915615485,12.871589848454317,0.6842105263157895,False
612,59978.0,False,17266.5,23170266.75,111700.7,0.2878650578513125,32184.41785648565,2,0.6302633166219801,наблюдается,0.2065213605880255,0.18029035686585743,4.533010960777979,0.038658674311528106,0.0976167723626676,0.08785799090724813,0.2761995772159963,0.4630932731010917,0.0365737121014682,12.47330512157772,0.2574033935041984,False
613,8715.75,False,2177.5,2475657.45,94892.35,0.2498029196507061,23685.364276270764,2,0.0,структурный ноль,0.2578702391489479,0.1731509712884377,-6.840825103053153,0.011481056257175661,0.15889781859931112,0.0,0.14626865671641792,0.6243398392652124,0.05901262916188288,12.085955643269262,0.36363636363636365,False
614,1973.25,False,2701.5,5970308.65,185271.7,1.369410088656788,252018.39913108925,2,0.0,структурный ноль,0.23490170431380603,0.1447013307739311,-1.9514753424157167,0.4749213399962984,0.2215435868961688,0.0,0.13103831204886174,0.12400518230612623,0.04849157875254484,23.184410073889,0.8126423149905123,False
615,6079.75,False,3665.0,6682856.35,151522.90000000002,0.6030899152088908,91681.47231478756,2,0.0,структурный ноль,0.23061501170918697,0.17368241509357557,-10.873355429573229,0.2587994542974079,0.4017735334242838,0.0,0.08744884038199181,0.2446111869031378,0.007366984993178671,16.016771606872652,0.6526487401487402,False
616,8523.5,True,2570.5,3217254.0,104375.85,0.3015513461762153,31461.661349631395,2,0.0,структурный ноль,0.2298790311665954,0.17919754272752372,-24.189056227228857,0.04571095117681385,0.20132269986383972,0.0,0.1630033067496596,0.5395837385722622,0.05037930363742471,12.89065161715281,0.5785853639114509,False
617,2682.0,False,1079.0,1360105.85,105156.55,0.40231617112262663,42290.56407487758,2,1.0,наблюдается,0.12601395928283304,0.2505879122138404,-16.005369853681508,0.0,0.0,0.0,0.13901760889712697,0.6445783132530121,0.21640407784986093,10.901708191844287,1.0,False
618,3439.75,False,3260.0,8026352.15,205006.40000000002,0.9477921125172575,194492.61830826174,2,0.0,структурный ноль,0.17391633460615286,0.20647498238507414,7.320370544531176,0.13803680981595093,0.4831288343558282,0.0,0.18926380368098158,0.1687116564417178,0.020858895705521463,17.443268281159607,0.8157894736842105,False
619,3511.75,False,1487.5,2195129.35,123089.55,0.42350857153978744,52099.52427977833,2,0.0,структурный ноль,0.14980844368436788,0.23942746011937566,-14.608712167627484,0.03428571428571429,0.0,0.0,0.0746218487394958,0.45277310924369746,0.4383193277310924,21.714192397099556,0.799500425170068,False
620,1962.5,False,1926.0,3503542.2,152088.84999999998,0.9811476088371497,148958.1111899247,2,0.0,структурный ноль,0.14595392616758052,0.2649251663041008,-28.477869947525893,0.02102803738317757,0.0,0.0,0.03115264797507788,0.23935617860851505,0.7084631360332295,19.749838089472,1.0,False
622,1244157.25,False,309736.0,307498555.0,82642.79999999999,0.24894229405241167,20582.815305554344,2,0.9148190054764266,наблюдается,0.20266182665654925,0.20750759619624715,12.865959757521317,0.011776157760157037,0.08795393496396932,0.028792261797143375,0.5027652581553322,0.36871400160136375,0.0,9.936205764530353,0.2628480302662539,False
623,207426.75,True,31217.5,21273719.1,56740.5,0.1504965827736956,8541.63053845739,2,0.408268041585804,наблюдается,0.2582273484685771,0.17764191949202657,14.829638473962614,0.007447745655481701,0.06984864258829182,0.0062464963562104585,0.3543365099703692,0.5621366220869705,0.0,12.390460994793955,0.3713425933357576,False
624,204118.5,False,29301.0,17821437.25,50671.8,0.14354871698963595,7274.650505903327,2,0.9045948786273045,наблюдается,0.19296409395526254,0.15895611663267845,-1.122965846190709,0.008190846728780588,0.2609467253677349,0.048377188491860346,0.23912153168833827,0.44336370772328587,0.0,12.107551126893469,0.14808393174845177,False
625,117178.75,False,19588.5,15565491.7,66143.75,0.1671673626796326,11069.290900166066,2,0.6873998153079312,наблюдается,0.24859182045006517,0.18528360440228447,1.432488442386236,0.011767108252290884,0.0937539883094673,0.08055746994409986,0.31579753426755497,0.4981494244071777,0.0,29.283248234389923,0.6163350371704827,False
626,68211.5,True,7806.0,4531159.1,48445.05,0.11444766281746097,5534.193853442278,2,0.6163933934100081,наблюдается,0.30630394622396995,0.17624618410002119,19.21994087649981,0.018639508070714836,0.12708173200102485,0.0,0.25749423520368947,0.5417627466051755,0.05502177811939535,13.547396449768621,0.35078226317130584,False
627,343876.0,False,69520.0,66232681.75,79407.75,0.20216829368314143,16046.972619255921,2,0.7615344427314644,наблюдается,0.21542760166438507,0.16080469936021358,7.047030804012208,0.005573935558112773,0.13545742232451094,0.04647583429228999,0.5073288262370541,0.30513521288837747,2.8768699654735386e-05,8.242798614749146,0.36840861282588444,False
629,96426.5,False,16029.0,11079930.100000001,57616.7,0.16623126137111532,9579.147600847338,2,0.6169172911512878,наблюдается,0.2718437494312391,0.19883087087868184,-6.961333970583905,0.09529602595296026,0.3612826751512883,0.006893755068937551,0.1996693493043858,0.33626551874727056,0.0005926757751575362,14.961965350177225,0.31158173015904445,False
630,96783.25,False,8937.5,5184674.2,48421.899999999994,0.09234079276239765,4464.982420375773,2,0.6800604502135742,наблюдается,0.2518781653755404,0.19488103735337284,-1.7142702483289634,0.009062937062937064,0.15938461538461537,0.02232167832167832,0.17767832167832168,0.5880839160839161,0.04346853146853147,9.437571395214933,0.4459350244882375,False
631,29331.75,False,4459.5,2757854.05,51589.75,0.1520312112452742,7837.981380322401,2,0.0,структурный ноль,0.2786607792006127,0.17701967809973448,-2.5956394581225606,0.24610382329857608,0.10898082744702321,0.0,0.19452853458907948,0.4433232425159771,0.007063572149344055,13.59937310459862,0.4010590659135842,False
632,105039.0,False,14948.0,9731711.5,54260.0,0.14230939733512016,7722.689684691688,2,0.5184620961921643,наблюдается,0.25183005245013235,0.20601019731740683,-6.071297893338363,0.05893765052180894,0.27793015788065295,0.0035121755418785123,0.22417714744447417,0.4176143965747926,0.017828472036392817,11.83545766105888,0.34809031006548397,False
633,46208.75,False,6587.5,3944826.55,49941.5,0.14255754281753313,7114.884772972957,2,0.0,структурный ноль,0.28834701675179075,0.1791273520770451,4.058794643027757,0.2415180265654649,0.09161290322580645,0.0,0.1886148007590133,0.475977229601518,0.002277039848197382,14.274735902294875,0.38862360274347313,False
634,54346.0,False,15484.5,11824693.75,63733.65,0.28491223244696284,18134.91213291,2,0.0,структурный ноль,0.2769874803441439,0.1622225444631094,-1.4607854778171665,0.3258742613581323,0.1854757983790242,0.015886854596532017,0.2004908133940392,0.27233685298201427,0.0,15.045902487735274,0.29397034951377643,False
635,96862.0,False,13415.5,8827827.25,54855.7,0.13850067545493297,7596.804277205932,2,0.48077696166405476,наблюдается,0.25871382046968583,0.18636634609896469,1.70944395229811,0.13175058700756587,0.30039879244157874,0.025306548395512652,0.19410383511609705,0.3236182028250904,0.024822034214155186,10.323011941665147,0.411444901113017,False
636,147385.75,False,18021.0,12365623.15,57240.15000000001,0.12227211380467193,6991.128477936827,2,0.0,структурный ноль,0.2473202596254686,0.17986226152880497,-2.7379253867095987,0.1377836967981799,0.1873647411353421,0.027884135175628433,0.28211530991620887,0.3648521169746407,0.0,12.735163283135106,0.31658765306310843,False
637,133844.0,False,18270.5,10722460.0,48915.8,0.13650633028825138,6678.031816345685,2,0.612577527934187,наблюдается,0.29402614453820924,0.16566244105303118,7.07556913155202,0.09542705454147396,0.11482991707944501,0.0,0.25199091431542653,0.5366300867518677,0.0011220273117867885,15.461483459082208,0.41272967734471,False
638,116009.0,False,18234.0,11792197.1,53927.45,0.15717566680793477,8473.677289688303,2,0.6410144154620446,наблюдается,0.26234702931575227,0.19472925537154456,-1.2732068509903172,0.032521662827684546,0.2366184051771416,0.0,0.31723702972469014,0.4129647910496874,0.0006581112207962869,11.784696779952379,0.2957881136014104,False
639,49785.75,False,4913.0,2827227.2,48029.35,0.09867950588750668,4733.383111839602,2,0.0,структурный ноль,0.2556462871436672,0.18429978082757045,0.28031930258960264,0.3004274374109505,0.019743537553429676,0.0,0.17718298392021167,0.4951150010177081,0.007531040097700004,9.61636150864301,0.321181355027215,False
640,97069.25,False,16125.5,10459816.399999999,54093.7,0.16612262014795354,8980.447564543252,2,0.0,структурный ноль,0.26100523880552046,0.17138277903802054,0.2267951597755098,0.26572819447458995,0.175653468109516,0.002976651886763201,0.2303494465287898,0.32346283836160117,0.0018294006387398198,10.43586784965511,0.37668012738435275,False
641,83061.25,False,13206.0,8659792.0,54684.850000000006,0.15898857234115765,8689.867435337816,2,0.49635998520832114,наблюдается,0.26140149204606555,0.19790716631955496,-1.0030651379713529,0.17832803271240344,0.3080796607602605,0.009351809783431773,0.16961986975617144,0.3309480539148872,0.0036725730728457417,10.286095389726412,0.44812829781482705,False
642,100901.25,False,13459.5,8890197.25,54957.25,0.13339183099402407,7341.795264074364,2,0.0,структурный ноль,0.26830771660596675,0.18562926489985804,4.668268054497564,0.20647126564879825,0.11887514395036963,0.08741037928600617,0.19410082098146292,0.39147070842156095,0.0016716817118020977,12.894979321185492,0.3395395132201301,False
643,33454.5,True,3782.5,2240839.0,49483.6,0.11305896443938246,5582.939881014393,2,0.0,структурный ноль,0.25480428192138,0.1647204476183,-0.6266774996994688,0.26278916060806345,0.015862524785194978,0.0,0.17567746199603437,0.5218770654329148,0.023793787177792458,11.73624466771831,0.29140752252065233,False
644,131095.0,False,15625.5,10406364.55,55593.399999999994,0.11919309084341488,6614.8890538232645,2,0.4169792356365869,наблюдается,0.2624635393942296,0.20447553074053137,5.763707872621061,0.07682954145467345,0.21810502063933954,0.032190969888963555,0.26050366388275575,0.41003487888387574,0.002335925250392057,11.882583599291621,0.23309015644510633,False
645,98835.25,False,10712.5,5969801.75,46557.3,0.10838174327202943,5034.510541698314,2,0.46835288402612024,наблюдается,0.25658818629813057,0.20312689450137097,-3.0320892231328327,0.10618436406067679,0.1555659276546091,0.012275379229871645,0.2005600933488915,0.4923220536756126,0.03309218203033826,13.50567605501131,0.25709032500926343,False
646,63130.25,False,10970.0,7709233.55,58581.45,0.17376817806396455,10180.293804259563,2,0.0,структурный ноль,0.26959538118640936,0.17213113115319437,-0.40802186504534543,0.1199179580674567,0.2096627164995442,0.0005013673655423883,0.2231996353691887,0.44307201458523243,0.003646308113035568,12.765531600042936,0.3634067443565708,False
647,88836.0,False,12638.0,7236939.2,47726.100000000006,0.1422630210431639,6790.488065706208,2,0.6268604080866773,наблюдается,0.27230441652865034,0.19764200703041063,-6.418603785772369,0.11995568919132774,0.18179300522234532,0.003085931318246558,0.21474916917233738,0.47566861845228675,0.004747586643456314,12.495017695187203,0.4103291128372852,False
648,58761.25,True,9424.0,6293947.699999999,55574.2,0.1603805225800055,8926.700463696956,2,0.0,структурный ноль,0.274669258208121,0.17128856755834768,3.045291099003724,0.12080857385398981,0.26634125636672323,0.0073747877758913415,0.1841044142614601,0.4197792869269949,0.0015916808149405437,13.501289650046177,0.29402289530310177,False
649,68379.25,False,6106.0,3539942.85,48337.95,0.08929531934728932,4315.171238651132,2,0.5224034639043261,наблюдается,0.2609241412056025,0.19628503293020877,2.199508577826537,0.068948575171962,0.09695381591876842,0.0,0.16115296429741238,0.6536193907631838,0.01932525384867345,8.855083971492274,0.7716337945655786,False
650,82256.0,False,11863.0,7553722.85,53095.75,0.14421949074681373,7655.824200545298,2,0.4038860030569693,наблюдается,0.24453266558231287,0.19028732197232512,-5.820449956302074,0.25634325212846665,0.21895810503245386,0.0016859141869678834,0.12741296468009777,0.39509398971592347,0.000505774256090441,11.579021258656844,0.35644179375735735,False
651,40962.75,False,4564.5,2652034.45,48337.45,0.11143653602486847,5397.095487081979,2,0.0,структурный ноль,0.2855297688824552,0.1754164133036038,2.514719683889228,0.05893307043487786,0.18490524701500713,0.0,0.2087851900536751,0.5457333771497426,0.0016431153466973658,11.589011049415614,0.4230343990134633,False
652,62950.25,False,6705.0,3827997.4000000004,47610.399999999994,0.10651129977507744,5069.550027687865,2,0.0,структурный ноль,0.25077577472948526,0.1797814387285023,-4.579602770959404,0.10499627143922446,0.0343027591349739,0.0,0.14190902311707682,0.6974645786726323,0.021327367636092442,12.728671811048375,0.2675935190464841,False
653,60608.25,False,9361.0,5805277.95,51714.2,0.15444852294701222,7984.852267105752,2,0.0,структурный ноль,0.27760162652108833,0.15677503144097082,-5.4791490992088265,0.21274436491827797,0.1435209913470783,0.0,0.20895203503899157,0.4274116013246448,0.0073710073710073765,9.391213305076667,0.31238918984920755,False
654,55793.5,True,6060.5,3268254.4000000004,44939.65,0.10862403049874322,4882.237540060716,2,0.5430765688345333,наблюдается,0.3103558958789875,0.15764756340335095,1.1295494509127735,0.05164590380331656,0.08109891923108654,0.010725187690784588,0.19635343618513323,0.6171107994389902,0.043065753650688876,14.332063312427113,0.31189217601226754,False
655,123743.75,False,15980.0,13587173.5,70369.6,0.12911000159871053,9142.99220946129,2,0.46478226441440545,наблюдается,0.2604990662332764,0.1905748571995522,10.136240423053316,0.03879849812265332,0.30028160200250315,0.07030663329161452,0.21971214017521903,0.3695244055068836,0.0013767209011263937,12.79831773015542,0.34466630461116277,False
656,125615.0,False,23586.5,18339544.05,64773.8,0.18777138013754974,12170.53578140028,2,0.4861968027640588,наблюдается,0.26015848217255766,0.18696952335805905,-4.133107248041148,0.14705445911856357,0.19210141394441735,0.09774659233035847,0.2608059695164607,0.3022915650901999,0.0,12.483608295213854,0.3243112346272827,False
657,39307.75,False,6180.5,3769307.55,50899.0,0.15722733299915276,7992.589578943855,2,0.0,структурный ноль,0.26878787623027744,0.17056604764578498,5.524964471573891,0.17417684653345197,0.1890623735943694,0.0,0.24844268263085512,0.3823315265755198,0.00598657066580377,10.634392093239795,0.34455128205128205,False
658,47542.25,False,5719.5,3558159.45,51885.34999999999,0.12030163023804746,6240.235559986371,2,0.0,структурный ноль,0.26879279002755885,0.17453282876267034,-4.489623756257337,0.1813095550310342,0.1958213130518402,0.0,0.1996678031296442,0.4147215665705044,0.008479762216976994,10.826874106173802,0.6742373152838841,False
659,126647.75,False,34030.5,31269470.7,76301.95,0.26868891129885686,20570.662825237763,2,0.3221959212230802,наблюдается,0.25649094488305235,0.1863397252801854,12.510958839267907,0.08289622544482156,0.16236905129222315,0.12482919733768237,0.43848900251245204,0.19075535181675263,0.0006611715960682663,14.141625881425961,0.38660379262595046,False
660,105763.5,False,19065.0,14182650.0,61970.2,0.18026210277777294,11176.17585425268,2,0.48517543207053376,наблюдается,0.2679441783350151,0.18195699243151964,4.78349791022737,0.08064516129032258,0.33676894833464466,0.017650144243377918,0.24967217414109624,0.3145030159979019,0.0007605559926566752,13.948502630386983,0.3136552269763889,False
661,108838.0,False,20408.0,13554816.8,55398.90000000001,0.18750367537492457,10381.267184445187,2,0.49881206173387155,наблюдается,0.2758247573955628,0.18908755587663886,-0.025049605454813967,0.06387201097608781,0.23424637397099177,0.03006174049392395,0.32034006272050175,0.3514308114464916,4.900039200317341e-05,12.424682417317246,0.5940691788295527,False
662,124425.75,True,28448.5,21399191.65,62796.350000000006,0.22863458799454814,14332.653178713306,2,0.6238292642029155,наблюдается,0.2811321582143736,0.1667058951908486,0.8432143330375391,0.007399335641597975,0.11308153329701039,0.045538429091164734,0.4722568852487829,0.35307661212366204,0.00864720459778201,18.141403029603595,0.3187928312046123,False
663,38683.5,False,5316.5,3491589.65,54743.9,0.1374354588019832,7523.389470556766,2,0.0,структурный ноль,0.2368268084824341,0.17932095820140181,-2.5627682287377977,0.11577165428383335,0.1618546035925891,0.04213298222514812,0.1969340731684379,0.4739020031975924,0.009404683532399094,10.28967636501105,0.6834033754691863,False
664,100130.0,False,17378.0,11318683.35,54195.95,0.17356442669331265,9423.496089257696,2,0.38837108476152515,наблюдается,0.2671417623697667,0.18965652871660502,-1.895619334452759,0.12950281965703764,0.227241339624813,0.012371964552882956,0.20954655311313156,0.4212222350097825,0.00011508804235227377,13.767996544225598,0.4855027926654679,False
665,33377.75,False,5180.5,3106238.3,49967.75,0.15521066804448252,7758.287043065138,2,0.0,структурный ноль,0.28109219839253285,0.17306733628163645,-0.9561013998147975,0.2943731300067561,0.020075282308657464,0.0,0.1811601196795676,0.456326609400637,0.04806485860438192,10.609732124998647,0.6507842531832898,False
666,1205678.5,False,281932.5,308179320.35,91038.45000000001,0.23383406866261214,21295.12936220492,2,0.9993544588577574,наблюдается,0.20347849012234565,0.19023757839967678,6.199405105303623,0.03174518723453309,0.17422077979658251,0.03075026823796476,0.3839943958216949,0.3792982362799606,0.0,5.805606444601233,0.18679249927178612,False
667,100962.5,False,27222.0,23713646.1,72568.55,0.2696296790109969,19576.953685385975,2,1.0,наблюдается,0.21070017571225919,0.19279023562941278,0.20083905864771132,0.0,0.3170413636029682,0.013793990155021673,0.2609837631327603,0.40766659319667914,0.0005142899125707423,12.252149514818262,0.4298941798941799,False
668,17526.0,False,6140.0,5186447.0,70396.15,0.35036002571804137,24681.613919801697,2,1.0,наблюдается,0.23998277068547985,0.21835328491002357,-8.76642880981517,0.0,0.06270358306188925,0.0,0.6332247557003258,0.2942182410423453,0.009853420195439666,14.02425078785717,0.39254738710463916,False
669,14919.25,False,4302.0,3691428.3,71404.9,0.28837788569364475,20626.52932743974,2,1.0,наблюдается,0.279343825685778,0.18619748230892746,4.633969188839222,0.0,0.04091120409112041,0.0,0.38145048814504884,0.31334263133426316,0.26429567642956764,15.666948249804115,0.26941752879464076,False
670,31503.0,False,6206.0,5647668.449999999,75862.45,0.19699641958128544,14943.720897938358,2,0.869269703387514,наблюдается,0.25086183906888815,0.16619632221855762,7.044633553681235,0.0,0.3113922010957138,0.005317434740573638,0.18490170802449243,0.4572188204962939,0.0411698356429262,7.070509263293542,0.7224999999999999,False
671,17802.25,False,4960.5,3975533.5999999996,66833.3,0.2786555317396485,18606.528977601727,2,1.0,наблюдается,0.2166925786644716,0.19572318948654913,14.134819691374044,0.0060477774417901425,0.06330007055740348,0.004334240499949602,0.27466989214796894,0.6300776131438363,0.021570406209051596,11.375698516486176,0.30876906643852503,False
674,85597.5,False,14769.5,10468940.65,59081.5,0.17254573099611936,10193.783353181054,2,1.0,наблюдается,0.23286727133098786,0.17389379735637317,-0.002401089143264459,0.0,0.1587392938149565,0.0,0.20758996580791497,0.6246995497477911,0.008971190629337489,10.039764784065138,0.5735456256955929,False
675,58735.25,False,13577.5,11389917.9,70021.15,0.23114780722661715,16163.34912622549,2,0.9999886927973914,наблюдается,0.2248272538216442,0.215911324206936,-2.368069446248518,0.05034063708341005,0.33544466948996504,0.0,0.20725464923586817,0.4000368256306389,0.006923218560117905,12.139902497460232,0.3103100503719112,False
676,71281.75,False,12695.0,9416472.8,61872.65,0.1780895512401804,11011.210191539994,2,1.0,наблюдается,0.26393791833127417,0.18036930021026684,-1.2360832610477144,0.010476565576998819,0.15513981882630956,0.0,0.21595116187475383,0.6184718393068137,0.0,13.473175232396452,0.47322943793744776,False
677,44263.25,False,9043.0,6936364.15,63838.2,0.20432286782269876,13067.008167029227,2,1.0,наблюдается,0.2923961164395168,0.1806912498956341,0.8169923905739781,0.018412031405507023,0.2921596815216189,0.0,0.17107154705296915,0.46367355965940504,0.054683180360499906,9.954879188327784,0.49666925200491086,False
678,176697.0,False,84472.0,175490839.25,173206.84999999998,0.47806801946582667,82759.10594279654,2,1.0,наблюдается,0.10203807917501415,0.20561196557378236,-0.21936675805380887,0.1477945354673738,0.2698468131451842,0.13715195567762098,0.25127261104271237,0.1769639643905673,0.016970120276541323,5.816026573169559,0.418340203366645,False
679,40816.0,False,4834.5,3995862.3499999996,68935.15,0.11844786096076607,8157.596849344298,2,1.0,наблюдается,0.2587579503278472,0.20749350691457658,12.23229847988721,0.0,0.17540593649808667,0.0,0.22111904023166823,0.5760678456924191,0.02740717757782596,5.78805993929604,0.3224326524617403,False
680,40696.0,False,6511.0,3981337.3,50880.4,0.16001284746965888,8155.9358265222945,2,1.0,наблюдается,0.26268412707684574,0.20610545613434542,-3.9138404047142177,0.0,0.028951005989863308,0.0,0.35547534940869296,0.5731838427276916,0.042389801873752075,9.3726483253774,0.35539034602148856,False
681,3768.5,False,637.5,389286.5,50886.25,0.16917116258382883,8612.97138148677,2,1.0,наблюдается,0.22568459788070555,0.21045180955189624,-3.311631761701418,0.0,0.0,0.0,0.06588235294117648,0.6674509803921569,0.2666666666666666,9.553498280573118,0.52,False
683,17747.0,False,2490.5,1585171.0,53079.399999999994,0.14033633095151538,7448.985672753008,2,0.0,структурный ноль,0.2703424944685624,0.21647925672424856,-10.658653469741216,0.02128086729572375,0.07488456133306565,0.0,0.1445492872917085,0.7078899819313391,0.05139530214816301,12.26851161823362,0.6841360844488238,False
684,13033.5,False,2135.5,1720022.2000000002,67201.85,0.16384272601935024,10999.160762401005,2,0.0,структурный ноль,0.2749668575773585,0.19914388210999162,6.07675259964877,0.0,0.0,0.0,0.30578318894872397,0.5174432217279326,0.17677358932334353,6.358668622752012,0.9565217391304348,False
685,17828.0,False,4136.5,2990712.45,60279.8,0.23202679428330392,13988.84087465445,2,0.3884417910528348,наблюдается,0.26452634156807747,0.23012194100138833,-3.785915816382318,0.11495225432128611,0.045207300858213464,0.0,0.20923486038921793,0.507312945727064,0.12329263870421847,15.482084525339522,0.7337070627417623,False
686,40432.0,False,7349.0,6093387.85,69127.0,0.18178066472703314,12552.724718796973,2,0.4647396929797303,наблюдается,0.21322283036117784,0.2147294986188965,21.6727337528767,0.041298135800789226,0.15689209416247107,0.0,0.3876717920805552,0.3818206558715472,0.032317322084637334,9.411143526887646,0.40198267305706464,False
687,7936.5,False,1698.5,1141149.05,56005.75,0.21403127123217808,11993.017177286903,2,0.0,структурный ноль,0.2892337084306814,0.20946319807095629,-18.293694471503187,0.0,0.010891963497203415,0.0,0.29231675007359437,0.6075949367088608,0.0891963497203414,14.883789575906619,0.6231706966959834,False
688,7661.5,False,1049.5,732827.95,58201.55,0.1369952454056249,7977.964040736979,2,0.0,структурный ноль,0.2580330817887643,0.21801462761947665,-12.989131676376582,0.0,0.0,0.0,0.21867555979037637,0.6083849452120057,0.17293949499761796,5.497679712827639,1.0,False
689,42144.5,False,10504.0,10217676.45,81026.79999999999,0.24925048909693368,20211.15307119145,2,0.0,структурный ноль,0.21726186203321093,0.20564291764031317,0.19898019156602315,0.07868431073876618,0.2968869002284844,0.0,0.20011424219345011,0.41774562071591775,0.006568926123381447,12.549099300875447,0.9661743632610533,False
690,13517.75,False,3408.0,2360695.8,57794.850000000006,0.2520977578132485,14560.495318366615,2,0.5159936665602839,наблюдается,0.3102989592633977,0.20451056777827983,-8.262578622069254,0.24574530516431925,0.12338615023474178,0.0,0.1431924882629108,0.43984741784037557,0.04782863849765273,14.303382945503689,0.6470411825199776,False
691,6675.75,False,5300.5,6348513.3,99848.0,0.7940782066710538,79349.60726568518,2,0.0,структурный ноль,0.26018326592567437,0.2190029385987524,-10.44260041349661,0.0,0.006980473540232054,0.039901896047542684,0.2742194132628997,0.16111687576643713,0.5177813413828884,11.172819812712158,0.6362234442957511,False
692,11386.0,False,2123.0,1353504.65,53137.899999999994,0.18646992853612326,9914.057384008016,2,0.0,структурный ноль,0.2728691195559906,0.22355852810820837,-16.837153561149872,0.08031088082901554,0.05016486104569006,0.0,0.12859161563824775,0.6731040979745643,0.06782854451248244,15.666954500413548,1.0,False
693,55255.5,False,12995.5,13300909.850000001,85204.70000000001,0.23518564911384277,20043.103500897472,2,0.2829139852440728,наблюдается,0.21622305323866847,0.20653219993174715,13.837430553417,0.05063291139240506,0.14531953368473702,0.005655803932130353,0.493593936362587,0.29606402216151745,0.008733792466623091,8.81308349352527,0.6910692908518127,False
694,21229.75,False,3551.5,3100267.5,73046.75,0.16724731329262543,12172.471101764806,2,0.16477236145205396,наблюдается,0.2447298095288224,0.22931768959349727,-7.559623389386532,0.04181331831620442,0.0,0.0,0.41503590032380683,0.37209629733915245,0.17105448402083634,9.767743864294035,0.8509554316808668,False
695,17395.0,False,2691.0,1729560.15,53642.100000000006,0.15468845689803834,8289.137769962936,2,0.0,структурный ноль,0.27769932847973205,0.23103657049737086,-2.185746503912801,0.043849869936826456,0.021924934968413228,0.0,0.17224080267558528,0.7172054998141955,0.04477889260497958,14.227614943223825,0.6492867721292691,False
696,10298.25,False,2141.0,1348027.8,52458.7,0.20792481066874882,10916.694258967715,2,0.0,структурный ноль,0.25061473815267293,0.23450368816058859,-10.196979154505257,0.0,0.0,0.0,0.1398879028491359,0.7304997664642691,0.12961233068659506,12.33331494479194,0.5541512059369201,False
697,22533.75,False,5912.5,5119141.35,72166.7,0.262400888001734,18948.583509411495,2,0.6903237021365513,наблюдается,0.21061990465924438,0.21628931730184678,-9.915694257603786,0.0,0.09454545454545454,0.0,0.5589006342494715,0.32744186046511625,0.019112050739957698,7.401045310701178,0.7229138140282219,False
698,12637.5,False,3281.5,2731845.3,69340.7,0.2596935264681801,18029.279123191413,2,0.0,структурный ноль,0.2435136442996757,0.2432618164102753,-11.992990931859547,0.012037178119762303,0.012189547463050435,0.0,0.16014017979582507,0.503580679567271,0.3120524150540911,13.521761215290843,0.6925809352517985,False
699,8531.5,False,1789.0,1138979.1,53055.25,0.20971013046330111,11134.119146166458,2,0.0,структурный ноль,0.29488922734562845,0.21869949070146363,-4.648170713268457,0.0,0.0276690888764673,0.0,0.23001676914477362,0.713527110117384,0.02878703186137499,16.5552558023912,1.0,False
700,21183.0,False,4308.5,2571350.05,49849.1,0.20336319941719727,10119.047072716234,2,0.0,структурный ноль,0.2387105323646796,0.23730716449652595,-4.914930666749803,0.41302077289079725,0.11674596727399326,0.0,0.07508413601021237,0.26238830219333875,0.13276082163165837,6.850879356734707,0.821984649122807,False
701,13160.5,False,2473.0,1631738.65,54934.55,0.1879360372848865,10342.072456867574,2,0.0,структурный ноль,0.28483282834654916,0.23340826990703833,-5.056520183621161,0.06854023453295592,0.022442377678932472,0.0,0.11322280630812778,0.6882329154872624,0.10756166599272143,10.931886840865573,0.7316920724082618,False
702,16567.75,False,6293.0,6668725.4,88432.5,0.37981488049565304,33573.216122577316,2,0.7768546377502851,наблюдается,0.23001325037843423,0.20789175177516592,-10.583594076689588,0.23049419990465597,0.31527093596059114,0.0,0.1152073732718894,0.33465755601461944,0.004369934848243995,11.931827114604166,0.3800021214836259,False
703,11811.75,False,2527.5,1867386.65,61622.100000000006,0.21397409270182033,13182.08966628497,2,0.5243384572734615,наблюдается,0.27019382023042793,0.21940681631318437,-9.851937764726861,0.0,0.048269040553907024,0.0,0.32146389713155293,0.5903066271018793,0.039960435212660794,11.038667780292668,0.9915726790375666,False
704,12840.25,False,3212.5,1887377.9500000002,48982.5,0.25018706348763253,12254.322672384835,2,0.0,структурный ноль,0.27293978891704224,0.22740683512655102,-2.6272438721343,0.28949416342412454,0.058365758754863814,0.0,0.10303501945525292,0.5052140077821011,0.04389105058365761,11.682574380935124,0.6727832607419764,False
705,39269.5,False,7674.0,5216233.699999999,56626.85,0.19542849496065035,11075.416800547135,2,0.5675688725047694,наблюдается,0.2736224657501177,0.2121917657543949,-2.603185733033793,0.19807140995569456,0.07147511076361741,0.03225175918686474,0.2573625228042742,0.4396664060463904,0.0011727912431587217,15.285370822536242,0.9250192346708164,False
706,13464.75,False,1901.5,1192160.35,52297.100000000006,0.14121777267896934,7380.303130891223,2,0.0,структурный ноль,0.2824561152893693,0.22675816437160679,-4.179936000193716,0.0,0.027083881146463318,0.0,0.19300552195635026,0.7091769655535104,0.07073363134367605,11.901853549799926,0.9049644585601936,False
707,23946.5,False,3830.5,2382891.6,51710.45,0.15996661669473722,8293.677417699155,2,0.0,структурный ноль,0.2549854111796358,0.2331373174838909,3.498234352754664,0.13784101292259496,0.1567680459470043,0.0,0.0737501631640778,0.5974415872601488,0.034199190706174054,6.8956906442711166,0.9271878216832345,False
708,12012.5,False,6974.5,7655064.199999999,91552.70000000001,0.580595047096174,53145.433047438564,2,0.5582884630014875,наблюдается,0.21171615145128703,0.2310234851984646,-13.441727340415495,0.4246182522044591,0.16424116424116425,0.06566778980572084,0.11176428417807728,0.22804502114846942,0.005663488422109175,13.205256055568604,0.7370470008926937,False
709,20206.25,False,4416.0,2565587.75,48599.149999999994,0.21847728550036516,10585.17399032244,2,0.0,структурный ноль,0.20507440189544246,0.22935571329506493,-13.691233363504207,0.4542572463768116,0.1238677536231884,0.0,0.11243206521739131,0.2458106884057971,0.06363224637681153,7.826393677986716,0.9989130434782609,False
710,23506.25,False,5048.0,3299904.25,54584.899999999994,0.21472471941975427,11705.897605872153,2,0.5661145768108394,наблюдается,0.24237098006113741,0.20546109509676103,-13.901185837608121,0.015649762282091917,0.03991679873217115,0.0026743264659270997,0.17432646592709986,0.6824484944532488,0.0849841521394612,13.198030417059774,0.5460607874800499,False
711,10635.5,False,2500.5,1627771.25,54335.200000000004,0.23508764065631704,12762.534797973913,2,0.0,структурный ноль,0.2755257020379511,0.23131639268928822,-8.866650156469227,0.14897020595880825,0.051789642071585686,0.0,0.16296740651869626,0.5740851829634073,0.06218756248750257,16.03192762252924,0.7439077840112202,False
712,7972.5,False,1657.0,1201908.35,60537.0,0.20782616562884756,12572.04944227877,2,0.0,структурный ноль,0.2908359044851756,0.2331707361337781,-9.496839510753615,0.0,0.006940253470126735,0.0,0.1729028364514182,0.6267350633675317,0.19342184671092333,13.231495285560875,0.6519756015619808,False
713,,False,1186.0,774223.5,54407.75,,,0,,нет данных,0.26608022494473366,0.2566390986809666,,0.0,0.0,0.0,0.16020236087689713,0.5973861720067454,0.24241146711635753,,0.988631769174222,False
714,29426.5,False,7427.5,5941680.95,66670.15,0.2524189124851828,16836.477673650723,2,0.5162080287076236,наблюдается,0.2460223675981834,0.2161243128323188,-6.78159327671317,0.06240323123527432,0.06563446650959273,0.0,0.3087849209020532,0.3973746213396163,0.1658027600134635,9.153500688524263,0.9435020116671448,False
715,9044.5,False,1727.0,1096934.4,52955.65,0.19094367105275162,10112.166309125962,2,0.0,структурный ноль,0.2939903963704006,0.21794712454242074,-7.168935313930886,0.0,0.05993051534452808,0.0,0.16821077012159816,0.7350897510133179,0.03676896352055592,13.919610181429551,0.6049238482167875,False
716,8320.25,False,15025.5,25261409.4,140516.15,1.8055317847969232,253196.21485635696,2,0.7154831556887903,наблюдается,0.18668143525606584,0.21873255884889592,-15.569355913844102,0.34251771987621044,0.2427872616551862,0.08229343449469236,0.20252237862300757,0.08918172440185018,0.04069748094905323,16.373470099768564,1.0,False
717,18906.25,False,3225.0,2079911.05,53727.15000000001,0.17058926359970544,9173.971799379518,2,0.0,структурный ноль,0.27295394126575634,0.20997925355436273,-5.177713845630914,0.1875968992248062,0.06201550387596899,0.0,0.08434108527131783,0.6099224806201551,0.05612403100775187,10.229101658879333,0.8740991616418069,False
718,29701.0,False,22097.0,39911056.7,148919.85,0.7441215090231148,112017.66942808594,2,0.663470183991277,наблюдается,0.12479596439346098,0.2650774395710954,-9.412697677073725,0.16018011494773046,0.03579671448612934,0.21993935828392994,0.37235823867493323,0.2109562384034032,0.0007693352038738999,9.133638003685457,0.6262446296287885,False
719,9947.75,False,1462.5,922583.75,52600.5,0.14702017205760606,7733.77981874238,2,0.0,структурный ноль,0.2765337396777709,0.205055552068033,-7.906991465301629,0.0,0.0,0.0,0.19931623931623932,0.5111111111111111,0.2895726495726496,10.883038104605825,0.6116054997633945,False
720,12628.75,False,18512.0,30639109.35,137144.15000000002,1.4656349123616923,202073.39959999808,2,0.28026111650545,наблюдается,0.2012470328368371,0.25309144690768337,5.000155200876138,0.3757292566983578,0.07133210890233362,0.08029926534140017,0.359604580812446,0.11279170267934313,0.0002430855661191833,14.134824970275162,0.6596104370243128,False
721,,False,1020.5,671948.2,54916.9,,,0,,нет данных,0.25803264693815814,0.2195629618041598,,0.0,0.0,0.0,0.20627143557079863,0.5433610975012249,0.2503674669279765,,0.5447962283709739,False
722,27423.5,False,8067.0,6258091.85,64647.149999999994,0.2941672402676559,19021.585944013448,2,0.5152534679669117,наблюдается,0.2172610174688387,0.236416617990452,-1.911499741817705,0.32880872691211105,0.0973720094210983,0.0,0.25387380686748484,0.3075492748233544,0.012396181975951492,12.247719648516057,0.6884738680217103,False
723,17914.75,False,4216.0,2901668.7,57658.7,0.23529186017408715,13499.609441453566,2,0.6582143142433065,наблюдается,0.24464551154740044,0.22822774854442518,-2.3997635971679165,0.011740986717267553,0.12322106261859582,0.0,0.31676944971537,0.5227703984819735,0.02549810246679307,11.129722085446987,0.5197584988787527,False
724,,False,4087.0,3791879.3,77425.85,,,0,,нет данных,0.28992052742871827,0.2260038408731013,,0.10166381208710545,0.29300220210423294,0.0,0.07046733545387815,0.27673109860533396,0.25813555174944947,,0.850650042625746,False
725,30218.25,False,5648.0,3615590.8,53367.45,0.18690569240646632,9973.113171252995,2,0.5533079448424686,наблюдается,0.28944137346674925,0.2126817570367205,5.074509763951711,0.12163597733711048,0.10446175637393768,0.0,0.24176699716713881,0.5277089235127479,0.004426345609065185,10.622754062462489,0.38820650108343197,False
726,13239.0,False,12721.0,18703166.200000003,122566.2,0.9608715473687244,117762.7752304172,2,0.0,структурный ноль,0.16450495445763946,0.28062666359272914,-5.224712693083339,0.29643895920132063,0.1295102586274664,0.03816523858187249,0.31624872258470244,0.21723921075387156,0.0023976102507664576,15.597390060036027,0.7341843612863163,False
727,1027125.5,False,274907.0,268274955.05,81246.54999999999,0.2676466811786211,21765.652834356675,2,0.9999964303115085,наблюдается,0.22048140226784524,0.2000384041993667,0.3329283654379075,0.008570171003284747,0.34092256654068465,0.03067219095912436,0.33080278057670415,0.2890322909202021,0.0,7.586817599652875,0.4300895128318046,False
729,,False,,,,,,0,,нет данных,,,-3.702227031953067,,,,,,,,,True
731,61257.0,True,12758.0,8292187.050000001,54161.35,0.2082711633834491,11283.086929378045,2,0.8614226542717975,наблюдается,0.2812465433349376,0.2081107545650565,-1.111149873973509,0.0,0.5327637560746199,0.0,0.1252939332183728,0.32865652923655747,0.013285781470449898,10.682569432666066,0.34376372703615504,False
733,7517.75,False,932.0,575781.7,51468.3,0.12404338856724563,6386.079501342029,1,1.0,наблюдается,,,1.66920838848094,0.0,0.0,0.0,0.05150214592274678,0.6866952789699571,0.2618025751072961,8.74606467022835,0.22451745825200609,True
734,22623.25,False,3700.0,2357998.3,53223.55,0.16353026928090325,8691.490892448752,2,0.906393730411312,наблюдается,0.2908035249142822,0.20817292726432857,-3.578028752809081,0.07270270270270271,0.3766216216216216,0.0,0.09378378378378378,0.3741891891891892,0.08270270270270264,13.681339225041404,0.3286457934741682,False
735,26243.75,False,3201.0,2282713.9,59440.5,0.1219717328258012,7250.4802633304225,2,0.0,структурный ноль,0.25005007333584595,0.2084569983048305,0.5473723895148997,0.08184942205560762,0.0387378944079975,0.0,0.3550452983442674,0.5096844736019994,0.014682911590128023,12.407934473556661,0.5930758934489628,False
736,13502.25,False,2074.0,1400625.65,56323.0,0.1535975217049021,8647.530500949884,2,0.0,структурный ноль,0.2876276916336865,0.1847684394922658,-10.277207842782074,0.0,0.03302796528447444,0.0,0.22830279652844745,0.4276759884281581,0.31099324975891995,11.193695350854988,0.615952132936508,False
737,11729.5,False,1520.0,885069.1,48561.7,0.12958483779362717,6291.376062079684,2,0.0,структурный ноль,0.26980178058876514,0.20940103395973148,-7.455755699758964,0.0,0.045394736842105265,0.0,0.19342105263157894,0.6401315789473684,0.12105263157894741,12.000117440615368,0.5061487169125076,False
738,38973.75,True,5492.5,3127100.3,47502.09999999999,0.1409262053582879,6686.880887878417,2,0.5647871022163531,наблюдается,0.23272652228473595,0.2219921423362991,-0.3862310140505344,0.0,0.054984069185252615,0.0008192990441511152,0.29512972234865725,0.4494310423304506,0.1996358670914884,12.399280748793089,0.37252565433478924,False
739,21789.5,True,4492.5,3394852.95,63012.45,0.20617291746923314,12986.919673937298,2,0.9529371889731861,наблюдается,0.27168174698656994,0.18013273770427424,-6.741526164864654,0.06844741235392321,0.04585420144685587,0.0,0.2631051752921536,0.2862548692264886,0.33633834168057875,12.87877636134031,0.27296919081536924,False
740,,False,,,,,,0,,нет данных,,,-13.946859411585056,,,,,,,,,True
741,47760.5,True,10046.0,9195542.350000001,76429.55,0.21033749669227886,16044.984962767654,2,0.8326663784149462,наблюдается,0.273017300497331,0.2140134833117946,6.425133936327404,0.1722078439179773,0.21043201274138962,0.09755126418475014,0.2065498705952618,0.3083814453513836,0.00487756320923749,11.424252602106465,0.4935218883599649,False
742,8549.25,False,1204.0,647298.95,44877.149999999994,0.14081735190494377,6313.639083950897,2,0.0,структурный ноль,0.30508713896478734,0.16919582434840597,-12.12492813717893,0.0,0.05564784053156146,0.0,0.04983388704318937,0.6478405315614618,0.24667774086378735,11.803529546902748,0.42113431055487494,False
743,17179.25,True,2028.5,1166641.85,47970.100000000006,0.11807604530438295,5660.290145367214,2,0.1682957476952292,наблюдается,0.27228563339743794,0.1802474287469512,-5.506356409331996,0.0,0.05915701257086517,0.0,0.20064086763618438,0.577027360118314,0.16317475967463646,12.717184617235988,0.7352011494252874,False
744,19961.5,False,2690.5,1482772.75,45956.5,0.13478398759895024,6193.150512094398,2,0.0,структурный ноль,0.2329808910832033,0.2247792020958988,-14.770050404098573,0.21743170414421112,0.006876045344731463,0.0,0.1388217803382271,0.5816762683516075,0.05519420182122281,12.449695442449107,0.564145565852375,False
745,17292.25,True,2728.5,1518316.4,46232.95,0.15781474810834262,7321.074970346994,2,0.8744548348601193,наблюдается,0.2983784858079479,0.17264506167796803,-4.783332923562434,0.008796041781198461,0.08887667216419277,0.0,0.17133956386292834,0.5281290086127909,0.20285871357888952,10.491945079078215,0.40509641873278235,False
746,10883.75,False,1469.0,830576.5,47192.85,0.13496360811719071,6365.051357867384,2,0.0,структурный ноль,0.33929496704423234,0.15218366596086558,-4.5366746202363695,0.17665078284547311,0.03165418652144316,0.0,0.19162695711368277,0.549353301565691,0.05071477195370999,11.437204049841311,0.6522606382978724,False
747,17313.75,True,2467.5,1430329.4,48386.5,0.14250493671817782,6886.928762620133,2,0.808172844336452,наблюдается,0.2910758235457821,0.17671851238960684,-9.756033078559813,0.07598784194528875,0.0851063829787234,0.0,0.19655521783181357,0.5463019250253293,0.09604863221884496,13.32724754529449,0.3992428451342862,False
748,66620.0,True,12017.0,9786577.45,67842.55,0.18038375494678632,12244.094008831333,2,0.7820586402370913,наблюдается,0.24160923171604007,0.2159110415750779,-3.1376674891461795,0.006532412415744362,0.5108180078222518,0.0,0.1697178996421736,0.30606640592493967,0.0068652741948906915,8.865749505000995,0.27783594222391195,False
749,22990.0,False,4456.0,2516662.3,47109.7,0.19381710179779105,9126.999447446593,2,0.0,структурный ноль,0.25129496799910983,0.19946531653910443,-11.018144480189846,0.2529174147217235,0.26716786355475763,0.0,0.11535008976660682,0.35570017953321365,0.008864452423698377,12.892142443725334,0.7064315352697096,False
751,37936.0,True,6858.5,4428455.0,53899.15,0.18078165303394356,9731.342823989828,2,0.6782329808485077,наблюдается,0.2701009988868175,0.2209365171121832,-5.023738754115993,0.09747029233797477,0.43646569949697456,0.0,0.132317562149158,0.31967631406284175,0.014070131953050957,9.384384755817003,0.7174887892376681,False
752,24025.5,True,3533.0,2342671.6,55242.85,0.1470546298340713,8128.554329250934,2,0.5606258064587182,наблюдается,0.2546190355438614,0.2386748932511253,-6.996911234218696,0.11746391168978206,0.031135012737050664,0.09538635720350977,0.25643928672516275,0.4763656948768752,0.023209736767619504,10.32781101313111,0.4238182934315531,False
753,13983.5,False,2081.5,1235908.4,49578.65,0.14884108996386422,7367.793024480335,2,0.0,структурный ноль,0.2659203720021873,0.18694783197567827,-9.39557806258377,0.2606293538313716,0.018256065337496998,0.0,0.12563055488830172,0.5440787893346145,0.051405236608215166,10.896641519463182,0.6178571428571429,False
754,26258.5,True,5404.0,4036021.65,62294.9,0.20579566324658372,12810.874520097936,2,0.7330871216300687,наблюдается,0.2566766129206125,0.21174493296434777,-4.420682240529179,0.16210214655810512,0.042746113989637305,0.032290895632864546,0.35048112509252405,0.3859178386380459,0.026461880088822998,10.258652383560381,0.4855769230769231,False
755,14082.5,True,1821.0,936802.2,43013.05,0.12929507515982858,5545.05859298673,2,0.44266714784530736,наблюдается,0.28458212037608016,0.18258702259203793,-8.051729095004001,0.036792970895112576,0.04173531026908292,0.0,0.11532125205930807,0.7004393190554641,0.1057111477210324,10.838036941911076,0.46961594555177444,False
756,22339.75,True,3771.0,2522877.15,55868.75,0.16879266108422236,9411.503848164844,2,0.7761681086540377,наблюдается,0.2541621164008503,0.2268176703149146,-0.09441811752435307,0.029832935560859187,0.203792097586847,0.0,0.196234420578096,0.3711217183770883,0.19901882789710945,11.521900313819843,0.39244570288202363,False
757,128694.5,False,17198.5,13709316.25,66386.5,0.13363711547750953,8875.552544382352,2,0.0,структурный ноль,0.20460234758166573,0.2121448896115976,7.971233866394697,0.08273977381748408,0.1920807047126203,0.02569991569032183,0.3234293688403058,0.36945082419978487,0.006599412739483057,7.845884366141363,0.3987368015263326,False
758,11857.0,False,1811.5,989529.75,45589.05,0.15276360997887278,6959.114691711067,2,0.0,структурный ноль,0.2529785188280518,0.2232412840367505,-12.590995743839402,0.28291471156500136,0.04747446867237096,0.0,0.10295335357438587,0.4965498205906707,0.0701076455975711,11.072024584391473,0.6126820422890523,False
760,18142.75,True,3042.0,2253068.5,61681.0,0.16767445423407537,10351.669273079911,2,0.4552759342084513,наблюдается,0.2790352446056593,0.18584693370746797,-5.0120852933423095,0.0,0.025312294543063774,0.0,0.09434582511505589,0.5284352399737016,0.35190664036817876,10.591871969631901,0.7063876923921095,False
761,9728.75,False,1033.5,591089.95,47690.45,0.10623215419803095,5067.250230058213,2,0.0,структурный ноль,0.2767778153535394,0.18425203990629077,-11.042109337986215,0.08659893565553943,0.03289791969037252,0.0,0.16303821964199322,0.6579583938074504,0.05950653120464444,11.462429816767951,0.5711216544979676,False
763,93752.75,False,19911.5,15601039.5,65383.6,0.2123718827918431,13870.825083487096,2,0.7987205715175684,наблюдается,0.259011947271119,0.19733579088790532,-1.6241202689393965,0.04083067574015017,0.2852371744971499,0.0024357783190618485,0.3042714009492002,0.35102830022851117,0.01619667026592675,8.366569786886544,0.32282784218530014,False
764,11800.25,False,1765.5,1154058.55,54370.75,0.14964575080329268,8155.068000163123,2,0.0,структурный ноль,0.23888109926512008,0.21143333543835574,-7.876237849985441,0.1719059756442934,0.04984423676012461,0.0,0.16425941659586518,0.44010195412064573,0.17388841687907108,9.77850160690857,0.6774879965080751,False
765,14821.75,True,2501.5,1349520.75,45045.850000000006,0.16875386009081425,7590.545782026584,2,0.5157258081379246,наблюдается,0.26020163072191993,0.20056886939902233,-14.588593027836295,0.053567859284429344,0.05036977813312013,0.0,0.11972816310213871,0.6178293024185488,0.15850489706176296,11.999890418088961,0.6703941784124273,False
766,50440.25,True,9373.5,7703709.5,68541.9,0.1858322446170198,12728.337243020767,2,0.6551411146358521,наблюдается,0.2276782240342368,0.21214347715943183,-0.5156978471390484,0.2722568944364432,0.11873899823971835,0.05398197044860511,0.22387582013122098,0.3173841147917,0.01376220195231248,9.228455429727637,0.3527509690587215,False
767,63862.5,True,13694.5,9163774.25,55825.75,0.21443299822148298,11961.126712048896,2,0.814006664351528,наблюдается,0.2631907344908566,0.18100375333333746,-4.085515611120978,0.09189820730950382,0.34356858592865747,0.009894483186680784,0.2138449742597393,0.3407937493154186,0.0,11.12752342037363,0.4197597460162443,False
768,,False,,,,,,0,,нет данных,,,7.296965444658833,,,,,,,,,True
769,11670.25,False,1434.0,981315.3500000001,57079.4,0.1228719603935088,7011.579552830901,2,0.0,структурный ноль,0.22467804280386727,0.18938736207586854,-13.46738149231724,0.2025801952580195,0.013249651324965132,0.0,0.11506276150627615,0.4735006973500697,0.19560669456066948,11.72962960032543,0.6952380952380952,False
770,5548.75,False,780.5,504393.8,53914.05,0.1406510313724475,7582.3233376707085,2,0.0,структурный ноль,0.28869173619980104,0.18940095909631757,-14.736930015755338,0.0,0.0,0.0,0.11915438821268418,0.5829596412556054,0.2978859705317104,12.252468127574744,1.0,False
771,9285.25,False,1279.5,925012.85,60286.90000000001,0.13779586502515856,8306.741783214504,2,0.0,структурный ноль,0.21792155348794162,0.2152849520466687,-18.115415205881565,0.0,0.0,0.0,0.07932786244626808,0.662758890191481,0.25791324736225085,15.496919452164448,0.6341733630952381,False
772,,False,,,,,,0,,нет данных,,,-4.710358258979121,,,,,,,,,True
773,8456.5,False,995.5,501462.14999999997,42041.8,0.11770554118151663,4944.468723680906,2,0.0,структурный ноль,0.20628973108986393,0.2385944142764017,-17.949037999928628,0.029633350075339026,0.0,0.0,0.065796082370668,0.5710698141637368,0.3335007533902562,11.956680208144101,0.5749677386596891,False
774,16205.25,False,1900.5,1028245.8999999999,45131.45,0.11727458905868351,5291.117715776063,2,0.0,структурный ноль,0.275830117141343,0.19135341055438482,-8.983272966965359,0.17811102341489082,0.03367534859247567,0.0015785319652722968,0.11786372007366483,0.5843199158116286,0.08445146014206784,11.413792901946437,0.671350853598828,False
775,624894.75,False,170462.0,218298139.9,106729.6,0.2727851050584337,29113.979684380683,2,0.9500573249539058,наблюдается,0.2148112578168748,0.1662950801248125,-6.684328166043405,0.03192500381316657,0.13342563151904824,0.02058523307247363,0.43748753387851835,0.3765853973319567,0.0,14.22106346196146,0.17322200051918668,False
776,46969.75,False,12227.5,12773627.1,86981.25,0.26034105974692173,22672.684587513166,2,1.0,наблюдается,0.29905032687974864,0.1685731800280761,1.8100371459511049,0.0,0.5478225311797178,0.0,0.10415048047434063,0.3059905949703537,0.042036393375587844,17.481582202106466,0.2035468121876977,False
777,117754.75,False,20725.5,20501776.1,82214.65,0.17600814200778517,14509.623039455728,2,0.921433395776436,наблюдается,0.2148611590724704,0.19317084741425566,0.6944311636164697,0.03153120551977033,0.11784999155629539,0.029432341801162817,0.4175773805215797,0.34867675086246414,0.05493232973872764,11.964548408787763,0.3677794099876168,False
778,42364.0,False,13680.5,18634990.25,113535.4,0.3229271441705298,36657.9580359337,2,0.9572913065258343,наблюдается,0.24248305986284746,0.15786510861596806,-7.50677398438418,0.0,0.6770951354117174,0.02715544022513797,0.09016483315668287,0.1774788933153028,0.02810569789115891,9.205947830711716,0.301322666093929,False
779,38518.75,False,7690.0,6250311.9,67784.95,0.1996393517049707,13529.867613306498,2,0.8487845823170238,наблюдается,0.2981359660602443,0.1530469112334074,-0.6756502999777538,0.0,0.2921326397919376,0.0,0.08641092327698309,0.3542262678803641,0.2672301690507153,16.886272125208233,0.29383182052929113,False
780,24584.25,False,3707.0,3373165.05,75908.6,0.15078157737430542,11438.55192111796,2,0.9254097644727942,наблюдается,0.256594519079248,0.18235238419185223,-5.613967644450454,0.0,0.045049905584030214,0.0,0.3242514162395468,0.5191529538710548,0.11154572430536824,19.06773303663175,0.372330738231591,False
781,39719.5,False,7010.0,6407481.3,76232.85,0.17648649780187953,13451.708038649416,2,0.8710690622722841,наблюдается,0.25791431478375926,0.18458100171278563,-5.525202629890242,0.0005706134094151213,0.1507132667617689,0.0,0.32439372325249644,0.4601283880171184,0.0641940085592011,10.152923077427985,0.31307211890918135,False
782,135672.5,False,31783.0,37162215.15,97411.70000000001,0.23426990814775153,22834.644269524157,2,0.9924513848323517,наблюдается,0.2529717712935039,0.17921628892732455,-11.740123940730026,0.053094421546109556,0.17674542994682693,0.030708240254223956,0.45529056413806124,0.28416134411477834,0.0,10.939174727246485,0.30820337195803477,False
783,39147.75,False,5711.5,5436513.25,79106.6,0.14591529034990294,11579.913302638859,2,0.8396678961371117,наблюдается,0.30796610039083017,0.16518998847866068,-0.03213106671238721,0.024862120283638274,0.13928039919460738,0.0027138229887069946,0.2791735971286002,0.4933029852052876,0.06066707519915959,12.922101598334702,0.3332367501134459,False
784,34777.5,False,6621.5,4988429.949999999,62815.799999999996,0.19039549768607092,11958.552979011478,2,1.0,наблюдается,0.2886509229517084,0.16849206728616906,-1.6239552522461236,0.0,0.14754964887110172,0.0,0.23876765083440307,0.5224646983311938,0.09121800196330143,12.852812581195531,0.21934356509984804,False
785,205076.25,False,34400.5,30605932.65,74133.35,0.16774561545608108,12438.485138123899,2,0.8759594240792112,наблюдается,0.17643682914604175,0.1942000325684663,1.8618939168682087,0.019665411839944188,0.2057818927050479,0.019738085202249966,0.2705919972093429,0.46410662635717503,0.02011598668624004,6.862173970159901,0.5083088832830163,False
786,27049.5,True,5785.0,4263734.5,61422.3,0.2137762832120025,13130.01028540458,1,1.0,наблюдается,,,-1.8703663863113453,0.0,0.08107173725151254,0.0,0.08055315471045808,0.6947277441659464,0.143647363872083,11.080043817103768,0.5560652003361921,True
787,12211.5,False,1535.5,1310088.65,71017.25,0.1257671422213524,8947.769355397306,2,0.0,структурный ноль,0.25534256988488857,0.19920636115596796,-7.244753992838477,0.0,0.0,0.0,0.31650928036470205,0.45327254965809183,0.23021816997720612,8.92698499430884,0.6064939199305934,False
788,7803.0,False,645.5,439150.55,56546.45,0.0827671230956106,4698.974766690393,2,0.0,структурный ноль,0.2705207098487723,0.1818302070305384,-17.57844087689485,0.0,0.0,0.0,0.009295120061967466,0.7188226181254841,0.2718822618125485,9.052036344345565,0.9073958429525657,False
789,20730.25,False,2557.5,2040930.4,66462.25,0.12338584495189303,8211.989320318531,2,0.7519342766539475,наблюдается,0.34048818544292725,0.14181265688183675,-4.291398692081953,0.0,0.0,0.0,0.19511241446725316,0.6383186705767351,0.16656891495601178,14.090237858392252,0.3159935053813762,False
790,17312.0,False,2725.0,1920438.35,58841.649999999994,0.15739307607924097,9251.729825076753,2,0.6892081858055549,наблюдается,0.318182975358832,0.1587732877884528,-10.761095080995466,0.023669724770642202,0.0,0.0,0.14825688073394497,0.6886238532110092,0.13944954128440368,11.791126509258785,0.6260612526684444,False
791,13864.5,False,2693.5,2446699.0,75800.4,0.19426571766177853,14719.355996721933,2,0.22885218947832162,наблюдается,0.2556546229849913,0.19627235998323478,-8.452611183957796,0.3233710785223687,0.03805457583070355,0.0,0.03062929274178578,0.468349730833488,0.13959532207165393,18.943193642787126,0.8078176382660688,False
792,11788.5,False,3613.0,3868396.1,89282.0,0.30653137070456915,27381.066790192104,2,0.5064618961701798,наблюдается,0.2595660464651012,0.13335556278012578,-14.939075610798255,0.0,0.018267367838361474,0.0,0.04359258234154442,0.22972598948242456,0.7084140603376695,15.189132836557707,0.6967741935483871,False
793,28544.25,True,5529.0,4740628.2,71620.5,0.19368499614491475,13841.516572370176,2,0.24592813912412287,наблюдается,0.2570517201616127,0.1944830755679859,-3.324069697338286,0.34725990233315246,0.07641526496654007,0.0,0.047838668837041055,0.38352324109242175,0.14496292277084466,8.123282988606272,0.6531406652174332,False
794,41842.75,False,5067.5,4856119.7,79761.15,0.1211062278686746,9660.48568143675,2,0.0,структурный ноль,0.24237742588618136,0.19222654464425665,31.864847026439616,0.0,0.19822397631968428,0.0,0.22131228416378884,0.5219536260483473,0.05851011346817958,10.53146006073162,0.5531239089859276,False
795,22724.0,False,3651.0,2867220.3,65403.7,0.16068439089549713,10517.894345369004,2,0.22933944461936143,наблюдается,0.25881192085580373,0.1994198058109256,1.3260602884549635,0.0714872637633525,0.01383182689674062,0.0,0.11325664201588606,0.6639276910435498,0.13749657628047107,12.905762291901597,0.4736158393314472,False
796,7250.25,False,1329.5,1140305.95,71649.05,0.1833701160785233,13133.323559076352,2,0.421866506597133,наблюдается,0.2676648346285438,0.17433234603582015,-17.561820069734967,0.0,0.0,0.0,0.12937194433997742,0.5163595336592705,0.3542685220007521,16.743333724041978,0.4848534353995519,False
797,29785.5,False,3812.0,2844867.2,62345.55,0.12797417822047946,7961.622370212055,2,0.0,структурный ноль,0.21562447195365514,0.17997920415937602,8.243042756687398,0.018494228751311646,0.09286463798530954,0.017838405036726127,0.08997901364113327,0.7367523609653726,0.044071353620146914,7.700956703224298,0.6049090945738934,False
798,18144.0,False,2700.5,2071700.25,63869.6,0.1488464477760293,9520.61701467765,2,0.5366012022827257,наблюдается,0.2068682621157002,0.16686026469140453,-11.943517582499696,0.0,0.08609516756156267,0.0,0.17867061655249028,0.574152934641733,0.16108128124421406,16.8379420681894,0.4347848854258305,False
799,24078.5,False,5374.5,5630996.55,86968.8,0.22326229379045245,19512.205860631213,2,0.7036884606738795,наблюдается,0.2609980197115654,0.17574630715207323,-3.876412610559911,0.12187180202809564,0.24244115731695973,0.09703228207275096,0.07777467671411294,0.32235556795981024,0.13852451390827047,17.00676379215564,0.3044982698961938,False
800,19824.0,False,5800.0,4718982.949999999,67817.9,0.2925997643231064,19858.923298415953,2,0.0,структурный ноль,0.2591575442315259,0.1799444159756692,-8.737813167501113,0.10672413793103448,0.3497413793103448,0.0,0.021120689655172414,0.39198275862068965,0.1304310344827586,7.302462984399773,0.8420045045045045,False
801,9731.25,False,3758.5,3307544.05,73412.55,0.38619991287351896,28334.462399085736,2,0.8121698416524641,наблюдается,0.2339755775897444,0.18049115362734752,-8.482216409934246,0.41279765864041507,0.15524810429692695,0.0,0.07236929626180658,0.18810695756285753,0.1714779832379939,19.628526296790525,0.6503067484662577,False
802,17062.25,False,2208.0,1740481.0,65692.25,0.12941983320899475,8511.41934204852,2,0.0,структурный ноль,0.26963390753594596,0.18732829261851672,-15.68639079160488,0.08355978260869565,0.0,0.0,0.03872282608695652,0.6247735507246377,0.2529438405797102,9.731246232083048,0.821574267166627,False
803,24447.75,False,4872.0,4392459.8,75240.70000000001,0.19926876580732789,14978.7598384336,2,0.7580197272429761,наблюдается,0.26155151823454825,0.16226821570750682,-9.33651363041794,0.01036535303776683,0.14213875205254517,0.0,0.3577586206896552,0.3804392446633826,0.10929802955665013,17.69515632143069,0.40199594220212775,False
804,24459.0,False,2827.0,2079106.9,61501.05,0.11555854139416619,7087.942019235207,2,0.33055545755786536,наблюдается,0.30138499348148523,0.17489777269753645,-4.453833652879133,0.006367173682348779,0.0,0.0,0.04793066855323665,0.7131234524230633,0.23257870534135128,12.066828160250436,0.528049795186892,False
805,25917.25,False,5707.0,4639971.75,67745.70000000001,0.22021334876510326,14931.708081713696,2,0.26277168735482775,наблюдается,0.24104278822000239,0.17778018667605067,-6.69160555056595,0.0,0.16453478184685474,0.0,0.15297003679691606,0.5361836341335202,0.146311547222709,14.508429471940625,0.6142844843137577,False
806,21101.75,False,2878.5,2028508.7,58818.700000000004,0.13640201805679408,8016.0417129467205,2,0.0,структурный ноль,0.23858597036196982,0.19060071400666834,-6.962392069708129,0.05419489317352788,0.04950495049504951,0.0,0.16953274274795901,0.6388744137571651,0.0878929998262985,11.319414112306022,0.5135429378806863,False
807,21061.75,False,6478.0,8214127.35,105824.45,0.30756520404672005,32503.811548009333,2,0.4672954061527512,наблюдается,0.2643918370671598,0.15749287638635145,2.3208022946184257,0.0,0.0,0.23927138005557272,0.3362920654523001,0.20013893176906453,0.22429762272306264,10.160551111765098,0.7617036805338337,False
808,11968.5,False,2165.0,1562341.65,60105.8,0.18090757663723578,10888.42463767782,2,0.0,структурный ноль,0.25090513668888953,0.19805097807100097,-12.66155906092686,0.0,0.07782909930715935,0.0,0.16120092378752887,0.58729792147806,0.17367205542725173,10.34964757050475,0.6281961716880105,False
809,555616.5,True,116601.5,93776359.5,67021.4,0.20986192947817767,14060.473934063448,2,0.999779811820704,наблюдается,0.22644564142579088,0.17165753079055981,8.297846812687908,0.0058189645930798485,0.1407314657187086,0.026406178308169277,0.3275558204654314,0.49948328280510973,4.288109501260351e-06,7.515747754902437,0.2826869038734144,False
810,56993.5,True,7645.0,4045740.2,44098.5,0.1341863689817984,5917.627940720458,1,0.5386329356585139,наблюдается,0.2286637472150863,0.215225612289754,2.37877628399143,0.17724002616088946,0.28894702419882273,0.0,0.13054283845650752,0.3997383911052976,0.003531720078482792,10.053779363138407,0.6842105263157895,False
811,158036.5,True,15488.0,7417244.8,39909.6,0.09791686423265371,3907.7207734049844,1,0.3906385826942087,наблюдается,0.22749910431621612,0.1857999227044576,-1.4500316414467347,0.08535640495867769,0.2437370867768595,0.011299070247933885,0.15986570247933884,0.4994189049586777,0.0003228305785123453,9.442554318341886,0.48736430862382596,False
812,122737.0,True,15341.5,10758516.9,58518.7,0.12500219148559358,7302.762440238603,2,1.0,наблюдается,0.22383776983591896,0.17518326246276555,13.125669181656399,0.0,0.05015806798552944,0.022846527393018935,0.16504253169507546,0.749111886060685,0.012840986865691129,9.557122310627573,0.3005390835579515,False
813,50095.5,True,8883.5,5834416.5,54784.5,0.17733075870880383,9705.684433889553,2,1.0,наблюдается,0.23813842736877533,0.1544340737389819,1.8639662039415634,0.0,0.0924185287330444,0.011763381550064726,0.1498283334271402,0.7101930545393145,0.035796701750436144,10.602257869745237,0.1645601161622051,False
814,104295.5,True,16812.0,11488250.9,56945.6,0.16088654111162148,9161.635293854948,1,0.5612547971303732,наблюдается,0.252342669571474,0.17064137952588,-0.5948753641242001,0.18689031644063764,0.22382821793956698,0.019152985962407804,0.30359267190102307,0.2648108493932905,0.0017249583630738474,8.44099993206902,0.20589035910767295,False
815,56802.5,True,8708.0,4350280.4,41631.1,0.1529839602255758,6368.886117015982,1,0.4486717967025451,наблюдается,0.2585956088688929,0.16656740857469962,-2.6119419576991185,0.25677537896187413,0.11391823610473129,0.0,0.19097381717960496,0.4193844740468535,0.018948093706936175,13.43264846802748,0.5390938084934482,False
817,66426.5,True,6764.0,3847900.1,47405.9,0.10173876421394622,4823.090392675932,1,0.3091494150746889,наблюдается,0.23140340494465056,0.21963646952852733,-2.2228506593452044,0.21747486694263748,0.08707865168539326,0.0,0.19633353045535187,0.4779716144293318,0.021141336487285556,9.896383113869778,0.4435539531105088,False
818,24639.0,True,4336.0,3048159.2,58370.649999999994,0.17595929046153874,10305.27614755294,2,0.9387181592616745,наблюдается,0.2455018293250462,0.1706941185156351,17.93497025050768,0.0,0.15832564575645758,0.02029520295202952,0.2571494464944649,0.4044049815498155,0.15982472324723251,15.18820135666538,0.3788676842667083,False
819,131093.25,True,23970.0,15286726.7,53145.5,0.1825291365084925,9700.573719205666,1,0.573786587969286,наблюдается,0.23408900740096972,0.16732681645040876,-4.518683195824804,0.02523988318731748,0.14159365874009178,0.0,0.48669169795577805,0.3431372549019608,0.003337505214851877,9.014606150939152,0.07720588235294118,False
820,114873.5,True,28174.5,22581145.3,66281.0,0.24531056682488311,16389.56268724552,2,1.0,наблюдается,0.2229875015037574,0.17288317097653366,-4.574568136309422,0.016628511597366412,0.41273137056558235,0.0389714103178406,0.312782835542778,0.21888587197643258,0.0,9.282230712504624,0.4789444490721299,False
821,59923.25,True,7692.0,4253694.8,46082.3,0.12810285533470453,5903.432674666156,1,0.49153547619785865,наблюдается,0.1898044158339956,0.2412730458436581,-7.747687532225869,0.2314092563702548,0.0484919396775871,0.0,0.2483099323972959,0.4546281851274051,0.01716068642745705,8.538070190113187,0.2888497980430083,False
822,62478.75,True,8771.0,4784396.0,45458.0,0.13986270460760786,6357.680276610617,1,0.41740683996513495,наблюдается,0.23821131397832374,0.17516029743386072,-7.244327896335503,0.2736290046744955,0.12746551134420248,0.0106031239311367,0.20339756014137497,0.3828525823737316,0.002052217535058798,10.536577970108988,0.5014585639985237,False
823,68400.5,True,10333.0,5055652.8,40774.6,0.15071250419334606,6144.957045550677,1,0.5105653808866876,наблюдается,0.27555463306891137,0.16468601961735332,-0.9685359552326707,0.11826187941546501,0.2576212135875351,0.0,0.22781380044517566,0.38933513984322077,0.006967966708603446,8.965815779345604,0.41993420891081884,False
824,212113.25,True,34098.0,24525267.049999997,59986.7,0.16075072146126612,9636.4707478309,2,0.9328196919081234,наблюдается,0.21822044087544018,0.16802780220986438,-6.523594764069951,0.006158718986450818,0.2539591764912898,0.008548888497859113,0.2612030031086867,0.4689717872015954,0.001158425714118172,11.617144889657864,0.1052822841460649,False
825,57717.75,True,8310.0,4253266.9,42653.2,0.1439123018175206,6138.161149451165,1,0.5706531112169162,наблюдается,0.24985126079221318,0.2024720468780528,1.3755867251922476,0.196028880866426,0.22129963898916968,0.009747292418772563,0.10649819494584838,0.44103489771359805,0.02539109506618531,11.723036840318793,0.38215960210042227,False
826,46273.0,True,4239.0,2101977.65,41297.8,0.0916097038686422,3785.842520123055,2,0.0,наблюдается,0.2706655078130498,0.1604790332045949,1.268280294211715,0.0526067468742628,0.05980184005661713,0.0,0.16301014390186364,0.6690257136117008,0.05555555555555558,6.678077335382481,0.4148145500939796,False
827,33360.25,True,2852.0,1472425.35,43061.7,0.08548971118874754,3678.619465349021,2,0.0,наблюдается,0.23442183312714931,0.18650406803905373,0.7552411197341828,0.10396213183730715,0.06048387096774194,0.0,0.18320476858345022,0.6278050490883591,0.024544179523141585,10.071038218370159,0.6817149473011818,False
828,29364.5,True,5092.0,2473788.05,40510.35,0.17340149110504172,7021.158716824088,2,0.0,наблюдается,0.26151198788431684,0.17569088971530253,-4.766606233528928,0.40072663000785547,0.05106048703849175,0.0,0.08012568735271014,0.44628829536527886,0.021798900235663776,11.017144292562435,0.32581205559146736,False
829,22718.0,True,2606.0,1281555.0499999998,40999.55,0.11470999243913281,4701.668568944968,2,0.0,наблюдается,0.22480058927510693,0.21941828440438088,-6.687033624485204,0.136415963161934,0.05947812739831159,0.0,0.1204911742133538,0.6339217191097467,0.04969301611665389,12.644300628697868,0.03789269685842513,False
830,106697.0,True,16033.5,9616298.05,50055.0,0.15026690990566433,7511.909376075506,2,0.5312377762455824,наблюдается,0.21741076810914423,0.1958544103759785,-6.271138298645553,0.07549817569463935,0.31509027972682196,0.01936570305921976,0.14061184395172607,0.44818660928680576,0.0012473882807870762,12.660934867767665,0.6128193592656572,False
831,37965.0,True,2817.0,1560089.2000000002,46111.899999999994,0.0742000449170544,3424.4637754778655,2,0.0,наблюдается,0.2380958060075139,0.20409641493232966,4.044335748341463,0.1134185303514377,0.06602768903088392,0.0,0.15228966986155484,0.593716719914803,0.07454739084132056,7.888854970171198,0.5396963763575606,False
832,77810.25,True,9556.0,5761495.050000001,50199.3,0.1228136754529727,6171.1647518310565,2,0.0,наблюдается,0.243082786556965,0.1661456355006558,1.6362745864098538,0.20175805776475514,0.132168271243198,0.014964420259522812,0.11034951862704061,0.4980117203850984,0.042748011720385004,9.62762376252202,0.41882085498346716,False
833,35711.25,True,6140.5,3998621.75,54292.05,0.17194789126891838,9331.587496845656,2,0.0,наблюдается,0.25887345646944293,0.18683555746666705,1.0771677758015703,0.4226854490676655,0.04559889259832261,0.0,0.14078658089732107,0.3818907255109519,0.009038351925738874,8.848916249724532,0.7343664401877905,False
834,52332.0,True,4967.5,2556415.3,42985.6,0.09491944419103335,4071.1725596869305,2,0.0,наблюдается,0.18213782476239318,0.23503822474222247,-3.6811286333461433,0.07377956718671363,0.046904881731253144,0.07096124811273276,0.10488173125314544,0.6621036738802214,0.04136889783593367,6.425492843685257,0.41493489837795583,False
835,34762.5,True,3193.0,1647281.15,43052.0,0.09184994006475267,3949.274588695029,2,0.0,наблюдается,0.21576290188943742,0.23363358040010784,-2.167391112112417,0.08628249295333543,0.06028813028499844,0.0,0.16144691512683995,0.6617601002192296,0.030222361415596533,10.815988363902013,0.019067362905780826,False
836,24523.5,True,3246.0,1683995.6,43274.7,0.13236013037093242,5722.708384647549,2,0.0,наблюдается,0.21663134241316886,0.2231690389070236,-3.677079341485371,0.33117683302526185,0.04205175600739371,0.0,0.07563154651879236,0.4975354282193469,0.05360443622920519,9.745549445691745,0.5596752154719361,False
838,20412.75,True,2150.5,1074789.75,41695.9,0.10534904890815344,4388.588804807519,2,0.0,наблюдается,0.1981458697716385,0.2244085488106583,-7.337296459886106,0.19460590560334806,0.042315740525459195,0.0,0.12857475005812602,0.601720530109277,0.032783073703789745,7.317514587030531,0.5036215263555504,False
839,32271.0,True,3777.5,2228207.9,49137.2,0.11705720406302916,5754.722889817056,2,0.0,наблюдается,0.2630031562448799,0.19645637228962226,0.37973023131317585,0.3359364659166115,0.03745863666446062,0.005162144275314361,0.1469225678358703,0.442885506287227,0.0316346790205162,11.151727745281617,0.34340891646672206,False
840,22073.0,True,2796.0,1362734.5,40649.649999999994,0.12666784239669127,5145.488896902691,2,0.0,наблюдается,0.2392173248113988,0.20805559874107304,-3.2283412847288275,0.1836552217453505,0.05382689556509299,0.0,0.12643061516452075,0.41934907010014305,0.21673819742489275,8.4830578654671,0.7394490465015504,False
841,165444.75,True,14963.0,9841405.75,54684.649999999994,0.09044454088893567,4957.764322327317,2,0.6790149946472008,наблюдается,0.18649694705296765,0.19805298187666415,-6.104656018380745,0.09169284234444965,0.1370380271335962,0.015237586045579095,0.39848292454721645,0.35407338100648267,0.0034752389226759828,7.823672341285663,0.3918701179033866,False
842,615977.0,False,173505.5,204188982.8,98186.1,0.2816727854178339,27625.171948615236,2,1.0,наблюдается,0.22362815197569597,0.18573857733486368,-0.27172776175461505,0.020068528087005887,0.10986107068652003,0.039018935999147,0.4199780410419266,0.41107054243237245,2.881753027983436e-06,7.1569068524031785,0.11516546302096323,False
843,235212.5,False,62526.5,67025206.8,89233.2,0.265839189979011,23753.19670010446,2,1.0,наблюдается,0.23750002038754858,0.18403051151584204,2.0710923758856,0.002702853989908279,0.38994666261505123,0.03364973251341431,0.1971324158556772,0.3764643791032602,0.00010395592268874765,8.398231706341647,0.38915077741030124,False
844,56019.5,False,10518.0,10904005.2,86407.85,0.18775939307194517,16228.06558001949,2,0.8483616781764294,наблюдается,0.226918905108263,0.19118114694173205,-5.835648739214548,0.0024244152880775814,0.31222665906065794,0.04392470051340559,0.184968625213919,0.4459498003422704,0.010505799581669528,8.845243216264947,0.3545461672547241,False
845,1804.75,False,2042.0,4441413.95,180965.0,1.1319095135999042,205311.07054578478,2,0.0,структурный ноль,0.18054481116623058,0.27326047585472746,-38.31324011855636,0.6929480901077375,0.0,0.0,0.0688050930460333,0.1143486777668952,0.123898139079334,15.032340697309344,0.8888888888888888,False
846,21221.5,True,3500.5,2746224.3,65405.9,0.16494944674957313,10787.398636228732,2,0.7383884426331295,наблюдается,0.16702563673929652,0.18383878329273387,-12.53360076632791,0.0,0.034280817026139124,0.0,0.2932438223110984,0.5530638480217112,0.11941151264105132,8.87723734607275,0.4217423806181572,False
847,33585.5,False,10323.0,13375540.55,107898.75,0.30739773070110565,33206.67035200204,2,0.7527533309659272,наблюдается,0.15599487151338787,0.14409767022046338,-7.072259498292579,0.07633439891504408,0.11978107139397462,0.07347670250896057,0.47408699021602246,0.24794148987697376,0.008379347089024436,11.981287833578557,0.39415124088650805,False
848,24599.25,False,9522.0,13657383.0,119102.85,0.38711482134781194,46279.650234846435,2,0.763720104882505,наблюдается,0.18014494948116266,0.21217828003532707,-7.823745285864068,0.37597143457256876,0.06028145347616047,0.11988027725267801,0.21082755723587482,0.21198277672757823,0.02105650073513965,14.385504502618236,0.7104887540361456,False
849,19210.5,False,2466.0,1641285.1,55307.25,0.1283940039199948,7124.985315928206,2,0.6623651269560025,наблюдается,0.2202504679510836,0.21927766654965208,-4.707099021714544,0.0,0.0,0.0,0.21958637469586376,0.7025547445255474,0.07785888077858882,10.625339910376118,0.4217355737081364,False
850,24267.25,False,3834.0,3994276.25,86524.0,0.15797733498117617,13711.439413145235,2,0.0,структурный ноль,0.17996449114679886,0.19947387732800007,10.71641410737245,0.04003651538862806,0.004042775169535733,0.25639019300991134,0.13288993218570683,0.5190401669274909,0.04760041731872722,6.098798586672043,0.7476907538287543,False
851,37849.25,False,5088.5,3498770.75,57160.85,0.1344613431174173,7708.482126389821,2,0.5435576401333275,наблюдается,0.2367603483218444,0.21369904428274572,-2.65054852395012,0.022501719563722117,0.051095607742949786,0.0,0.11879728800235825,0.7299793652353346,0.0776260194556353,11.847158661709605,0.471720799169413,False
852,14047.0,False,5058.5,5156931.15,83415.75,0.3604910124181071,30673.35505438051,2,0.0,структурный ноль,0.20427919714660125,0.249874162781791,-21.936357633222222,0.027478501532074727,0.0,0.4823564297716714,0.04754373826233073,0.3096767816546407,0.1329445487792824,13.010175367688916,0.5606440346595505,False
853,23473.75,False,8447.0,10422768.350000001,102611.2,0.35996101369298694,37042.555635532066,2,0.8518092430808375,наблюдается,0.22095641284899148,0.18990800007090486,-10.967257712070877,0.37267668994909436,0.06972889783355038,0.002486089736000947,0.14182550017757783,0.4028649224576773,0.01041789984609931,12.939918906974976,0.5336019564236834,False
854,6197.5,False,3232.0,4577830.75,117944.05000000002,0.5215069201078089,61561.552773767384,2,0.5204739301112821,наблюдается,0.1877363143185928,0.16833799112280126,27.817042146510495,0.45343440594059403,0.09746287128712872,0.0,0.11974009900990099,0.2684096534653465,0.06095297029702973,13.75551857763595,0.7344262295081967,False
855,3556.0,False,2267.0,3960373.5999999996,145519.0,0.6376101132949801,92915.29689384025,2,0.0,структурный ноль,0.2541849107391431,0.20445380661236723,-32.779390967682104,0.04477282752536392,0.0,0.0,0.11446846052051168,0.1643140714600794,0.676444640494045,12.651584198910857,1.0,False
856,36371.25,False,5357.5,5890202.65,91615.1,0.147307871522596,13499.206337268166,2,0.9810513998264142,наблюдается,0.2238489856058447,0.1690863016435427,-4.368149587001534,0.09855342977134858,0.17732151189920672,0.0,0.17013532431171255,0.545870275314979,0.008119458702753102,7.877841722914854,0.40530854445948,False
857,26866.75,False,6100.5,6288176.0,85699.65,0.2270902202075621,19512.540037050327,2,0.4536043415169985,наблюдается,0.21886668856576968,0.21192679127824607,-6.496466927034264,0.28522252274403737,0.030407343660355707,0.027456765838865665,0.19391853126792885,0.41775264322596506,0.045242193262847286,14.730029213753955,0.5374605686788083,False
858,1857.75,False,1034.0,1420531.05,106650.6,0.5567287275964061,63751.303495268745,2,0.0,структурный ноль,0.12530149750993425,0.30276900518836003,3.7732272510647533,0.0,0.0,0.03723404255319149,0.2601547388781431,0.19825918762088976,0.5043520309477756,18.30172529693744,0.8888888888888888,False
859,14006.5,False,2862.0,2641416.75,76944.05,0.20434284259818225,15728.76124862662,2,0.0,структурный ноль,0.2340947577227785,0.21127404657603838,-10.488865305131476,0.0330188679245283,0.09084556254367575,0.0,0.13836477987421383,0.6154786862334032,0.12229210342417896,13.225846660298146,0.817808587305716,False
860,82381.75,False,8213.5,7375355.4,74919.4,0.0997038885433151,7459.180124226694,2,0.05882945963322294,наблюдается,0.19107435328818398,0.19051728419297626,-0.28191648533754415,0.013209959213489986,0.09788762403360321,0.0800511353259877,0.24435380775552445,0.5006391915748463,0.06385828209654831,5.6201299130311835,0.7263490436203418,False
861,245437.0,False,62730.5,62543377.349999994,83083.8,0.2555871512985728,21236.523497397393,2,0.9780912642251578,наблюдается,0.1711636594069973,0.15996564720008005,-0.4669629498326986,0.017495476681996795,0.12862961398362838,0.06754290177824185,0.3385833047720009,0.4477327615753103,1.594120882175698e-05,8.917810289119297,0.20955922294418983,False
862,60553.0,False,14842.5,14177971.95,79593.8,0.24511735507476312,19515.136265790075,2,0.993151628567126,наблюдается,0.22670697416884822,0.19485733332016292,-2.7615752627429706,0.0034360788276907527,0.12918982651170624,0.06585817753073943,0.3689068553141317,0.43102577059120767,0.0015832912245241637,13.931371466066318,0.0212175995564478,False
863,18672.0,False,4825.5,5389023.7,93098.4,0.25843588203543577,24060.623694382244,2,1.0,наблюдается,0.269009253137251,0.23748829889993306,-5.664718229368831,0.05968293441094187,0.15666770282872242,0.021034089731634027,0.21800849652885712,0.5179774116671847,0.026629364832659874,14.801580987414967,0.09206416708178608,False
864,17239.5,False,3987.5,2849427.45,59682.05,0.2312703670032793,13778.352002897067,2,0.9122803878093295,наблюдается,0.25651158583951983,0.2359365358348267,6.744474887411048,0.10457680250783699,0.15047021943573669,0.0,0.12137931034482759,0.5087147335423198,0.11485893416927895,16.25431087479112,0.1904827367569143,False
865,48972.0,False,26907.5,35607974.099999994,108883.4,0.5490442006538796,60520.429030164734,2,1.0,наблюдается,0.22249856046623556,0.20874184062710488,10.366683254382965,0.00758152931338846,0.056694230233206355,0.6001858217968967,0.1649168447458887,0.1593421908389854,0.011279383071634452,10.848231050052174,0.4911868950269758,False
866,27844.5,False,14379.5,20565121.15,118940.95,0.5164973959612075,61579.63078937669,2,1.0,наблюдается,0.2223794489110598,0.23106443025647902,-9.268940646978862,0.0,0.12976807260335896,0.1192670120657881,0.5582252512257032,0.17865711603324178,0.014082548071908008,16.872792893236078,0.4480170064775199,False
867,16040.75,False,2913.5,2434061.0,69615.95000000001,0.18163567256215443,12649.03147038244,2,1.0,наблюдается,0.24586360747657615,0.26369050385180753,-2.4939375653656803,0.0,0.0633258966878325,0.0,0.33842457525313197,0.5023168010983353,0.09593272696070021,15.188365237052471,0.31678424541306727,False
868,10868.75,False,1364.0,1081026.85,66074.6,0.12549677414341098,8291.256454358285,2,0.9997239347340315,наблюдается,0.26840300625895896,0.23302963363189327,5.158103469577369,0.0,0.0,0.0,0.0846774193548387,0.4600439882697947,0.4552785923753666,13.09961933638091,0.3314598673420576,False
870,12446.75,False,2523.5,2231804.95,72853.09999999999,0.20286459942374008,14973.659786737364,2,0.5985855058601642,наблюдается,0.24148025248256977,0.22327901439231723,-17.0827639987743,0.055082227065583515,0.05032692688725976,0.08500099068753715,0.293639786011492,0.46641569249058845,0.04953437685753914,12.714208606788649,0.6458413727697864,False
871,17042.25,False,2253.0,1596145.4,59205.649999999994,0.13218743903986557,7808.83448604423,2,0.0,структурный ноль,0.21831732139275745,0.19282338132662233,-12.749059841931153,0.13759431868619618,0.2197070572569907,0.009764758100310697,0.05148690634709276,0.4798047048379938,0.10164225477141586,6.286128361790821,0.8305531167690957,False
872,35739.75,False,2117.0,1812605.75,71177.1,0.059224095995486184,4222.723158575282,2,0.0,структурный ноль,0.18166972028521772,0.2377613029159637,22.91551801099122,0.18445914029286725,0.0,0.10250354274917337,0.13108171941426547,0.5566839867737364,0.02527161076995743,4.555842280797901,0.8129695241337068,False
873,16585.25,False,4119.5,4138331.9499999997,82898.3,0.24857496459795547,20840.30178041231,2,0.7805006641473792,наблюдается,0.27134113725365816,0.2167724922499502,-15.242477140713842,0.030828984100012138,0.13630294938706153,0.11360602014807622,0.24566088117489987,0.4578225512804952,0.01577861390945512,17.838041157857575,0.4173502242098374,False
874,11572.75,False,2805.5,2227954.15,66314.04999999999,0.24238647253678694,16054.05694493373,2,0.7866171217156926,наблюдается,0.2681867612170237,0.23347171679530995,-17.705920553972803,0.027980752094100874,0.030119408305114954,0.0,0.33434325432186773,0.5277134200677241,0.07984316521119228,16.625451062541792,0.5998410989903934,False
875,11291.75,False,2481.5,3469472.15,115572.95,0.22002021451321002,25664.781152290765,2,0.0,структурный ноль,0.23789024052736368,0.20005534434492378,-19.144236275873354,0.2758412250654846,0.0,0.11424541607898449,0.16280475518839413,0.2921619987910538,0.15494660487608303,12.563516670003931,0.0,False
876,20855.25,False,3429.5,2445433.4,59325.95,0.16446559121469734,9776.151598091188,2,0.0,структурный ноль,0.24724134317091367,0.2245739271599745,-4.698334306480189,0.18165913398454586,0.020556932497448607,0.017641055547455896,0.12713223501968218,0.6261845750109345,0.02682606793993292,10.579720528457358,0.7566955513116149,False
877,10646.0,False,1856.0,1400094.5499999998,62962.0,0.17432228068393799,10967.457375518436,2,0.0,структурный ноль,0.23482283190072173,0.2444133576637394,-11.802733694605733,0.2974137931034483,0.033135775862068964,0.0,0.07596982758620689,0.5546875,0.0387931034482758,12.282500693705963,0.9460023532048408,False
878,16570.25,True,9818.0,13145735.4,112348.79999999999,0.5921540844611566,66094.07493951562,2,0.7099174659279928,наблюдается,0.23992797193980023,0.21203618239170202,-12.83155330302569,0.2714402118557751,0.06381136687716439,0.26201874108779794,0.2671623548584233,0.13128946832348748,0.0042778569973518366,15.012056813208035,0.10946932067820733,False
879,9223.0,True,1516.5,1080343.65,59548.850000000006,0.1644045667386254,9765.677421074726,2,0.0,структурный ноль,0.21836844870886313,0.2184372275082771,-12.220921743755303,0.051434223541048464,0.01813386086383119,0.0,0.10484668644906034,0.6983184965380811,0.12726673260797894,12.143323252477343,0.10945273631840796,False
880,12254.5,False,1713.0,1353981.7000000002,65943.65,0.13977972495894042,9212.879924247485,2,0.0,структурный ноль,0.2436023587012816,0.1974226958192336,-13.761616257693058,0.11033274956217162,0.0,0.0,0.11792177466433158,0.7078225335668418,0.06392294220665495,11.852092245684197,0.6805868097628527,False
881,18405.0,False,3361.5,2796729.85,69412.7,0.18262902689753774,12670.31336969949,2,0.0,структурный ноль,0.20891414299856387,0.1983542999958171,-16.977502973794795,0.047597798601814664,0.09474936784173732,0.0,0.16138628588427786,0.5052803807823888,0.19098616688978132,11.12211203583829,0.3724899676435995,False
882,7211.5,False,1015.0,690552.55,56719.75,0.14074828337600936,7984.401062052246,2,0.0,структурный ноль,0.2798043496066019,0.20517506321497064,-11.554661544620195,0.0,0.0,0.0,0.14285714285714285,0.7157635467980296,0.14137931034482754,11.248058560551874,0.6880012440616677,False
883,12668.25,False,7606.0,19204681.9,206819.0,0.5959181431679835,124181.9669843257,2,0.0,структурный ноль,0.23302929881893256,0.2240458330751902,-11.522579725481343,0.0,0.47830660005259007,0.07914804102024717,0.3210623192216671,0.1133973179069156,0.008085721798579915,9.276430531801005,0.9967105263157895,False
884,7149.75,False,6443.0,9175410.85,118398.7,0.9012858848793475,107005.9826182494,2,0.6661985241890553,наблюдается,0.24387144617176243,0.2523106008687987,-24.8390108683667,0.4930932795281701,0.03220549433493714,0.13161570696880334,0.16157069688033524,0.15318950799317088,0.028325314294583293,23.82964257940508,0.007525917065390749,False
885,20899.5,False,3282.5,2331707.95,59207.05,0.1570645025507542,9301.404886088025,2,0.44256075201790557,наблюдается,0.20204915485131958,0.235389829565483,-11.666162569923483,0.021477532368621478,0.046001523229246,0.0,0.14775323686214775,0.7204874333587205,0.06428027418126425,8.61802287640494,0.9020288671023965,False
886,19813.25,False,9193.0,11037022.5,100784.5,0.4634114407852654,46401.55846305101,2,0.6787930836412387,наблюдается,0.20420382383782174,0.23306025497157382,-20.9784719260169,0.027901664309800935,0.07565538997062983,0.3646252583487436,0.320461220493854,0.18383552703143696,0.02752093984553472,15.524653116541158,0.16151117537493168,False
887,20376.25,False,3832.5,3053755.3499999996,66417.25,0.1880858501233524,12492.554914095828,2,0.0,структурный ноль,0.2464205707606896,0.21393785916041688,-6.4506598384872955,0.4142204827136334,0.01969993476842792,0.0,0.08440965427266797,0.4386170906718852,0.04305283757338563,12.312057907605583,0.5729775747508306,False
888,13406.25,False,6108.0,9725258.35,132627.59999999998,0.4556403445463224,60483.075180246466,2,0.0,структурный ноль,0.17097832130243917,0.1796458313795522,-13.263781529816834,0.37229862475442044,0.060576293385723644,0.24500654878847414,0.15430582842174198,0.14047151277013753,0.027341191879502347,10.78651731438448,0.0,False
889,4994.75,False,2620.5,3742671.75,118540.35,0.5255248055497436,62590.14779796181,2,0.0,структурный ноль,0.22606583823378926,0.17934990512595028,-17.23869823802728,0.007822934554474336,0.0,0.0,0.14100362526235452,0.09349360809005915,0.757679832093112,6.756400787293273,0.9153571428571429,False
890,301432.25,False,83446.0,86219039.19999999,86081.4,0.27683790964625254,23840.861430411507,2,0.9843455492019468,наблюдается,0.24889862188671202,0.1819819598479942,-2.1787907436394582,0.01646573832178894,0.10104738393691728,0.02174460129904369,0.3671715840184071,0.4864882678618508,0.007082424561992262,7.696372453074182,0.30249188306639135,False
891,33686.75,False,11012.5,9096522.25,68893.7,0.32689766408566584,22508.629431839596,2,1.0,наблюдается,0.26797474695746104,0.17021410762120592,-0.42727660750813784,0.04612939841089671,0.32994324631101024,0.0035414301929625426,0.21888762769580022,0.27832009080590236,0.12317820658342793,11.989696784906776,0.1653761061946903,False
892,66768.5,False,16630.0,14607657.6,73237.95,0.24906639745721004,18234.623805147923,2,0.9987213761389736,наблюдается,0.2570302296108267,0.18392884521147956,4.076491596785037,0.0,0.1649128081779916,0.0007215874924834636,0.4193625977149729,0.4029765484064943,0.01202645820805781,10.409161377308498,0.3125,False
893,27063.0,False,7526.0,5646419.8,62518.8,0.27773267399808105,17364.196004625188,1,1.0,наблюдается,,,-4.997664008639204,0.0,0.00903534414031358,0.20409247940473027,0.2124634600053149,0.33510496943927714,0.23930374701036405,6.244412037833551,0.4152252535576696,True
894,2398.25,False,998.5,1667229.15,139918.75,0.4163976753867915,57928.72158719387,2,0.8855405169013434,наблюдается,0.018822149127401478,0.14147287227727612,24.958155206745136,0.0,0.0,0.0,0.019529293940911366,0.13520280420630945,0.8452679018527791,2.1893112684417786,0.4375,False
895,32617.5,False,9194.0,8135753.85,73753.75,0.2818745695953815,20792.911110829387,2,0.9999897872688094,наблюдается,0.2652766106296104,0.16211407759996047,-0.9250934931316533,0.0,0.25679791168153143,0.03235805960408963,0.04182075266478138,0.29497498368501196,0.3740482923645856,6.258451128315054,0.38993661134761876,False
896,156415.25,True,71708.0,76009420.4,88349.79999999999,0.4584450877573634,40496.59512856099,2,0.9957258433191563,наблюдается,0.24189796156462365,0.18346039798030916,1.5858816135741678,0.0,0.3130124951190941,0.006149941429129247,0.11065710938807385,0.2477757014559045,0.3224047526077982,6.751313472160116,0.2675173579712988,False
897,44837.25,False,9523.0,7643374.65,66939.0,0.2123838561107902,14210.54883935101,2,0.5807463452329104,наблюдается,0.2860565445484178,0.16412384884416553,-1.4299358279772394,0.09114774755854248,0.04809408799747979,0.0,0.30242570618502573,0.49642969652420454,0.0619027617347474,15.9762069670438,0.6238291861106066,False
898,10922.5,False,1881.0,1372534.85,60850.3,0.17223498482741337,10486.370606493285,2,0.0,структурный ноль,0.3789782980328953,0.15434533705520204,-20.776655287939782,0.21477937267410951,0.0,0.0,0.03375863902179692,0.6073896863370548,0.14407230196703869,22.03995207449462,1.0,False
899,8583.75,False,1534.0,1115505.65,60619.25,0.17872285445578606,10836.119011132148,2,0.0,структурный ноль,0.364505177556946,0.1727627557261192,-8.082972253540426,0.04856584093872229,0.03617992177314211,0.0,0.15091264667535853,0.5576923076923077,0.20664928292046936,14.738724269494663,0.40844169360368304,False
900,12393.25,False,2161.0,1566238.35,60396.2,0.1743843239627802,10539.785568644293,2,0.0,структурный ноль,0.3166920046683785,0.1859211223661507,-9.865091950176735,0.03979639055992596,0.04419250347061546,0.0,0.1022674687644609,0.6126793151318833,0.2010643220731143,19.633107086945454,0.49993564993564993,False
901,14644.75,False,2426.5,1641046.95,56424.55,0.16567613970847914,9340.398213807308,2,0.594167495328813,наблюдается,0.29313325160334247,0.18518146934738086,-2.623355811023014,0.008448382443849165,0.04924788790438904,0.0,0.20626416649495158,0.6733978982072945,0.06264166494951584,14.715646502258688,0.40184036926719363,False
902,17839.25,False,4139.0,3372390.8,68149.15,0.2319391363381238,15760.628979512381,2,0.5703407784523833,наблюдается,0.2981755291787562,0.1751296292303578,-7.575128583481517,0.0,0.13433196424257066,0.0,0.35298381251510025,0.47825561729886445,0.03442860594346464,10.7770998778657,0.3860160307797325,False
903,17079.75,False,3446.0,3685755.95,89177.40000000001,0.20175711642508365,17988.420219991203,2,0.5009544316354946,наблюдается,0.297625817030008,0.15368757828485677,6.4448906277991584,0.0,0.017991874637260593,0.0,0.4571967498549042,0.4138131166569936,0.11099825885084158,7.230601126901536,0.9354602609167473,False
904,9998.75,False,2042.5,1518403.2999999998,62007.350000000006,0.20427855850601684,12665.967300565368,2,0.0,структурный ноль,0.3304105396550456,0.17940163210451768,-16.052357762866286,0.0,0.0,0.0,0.12362301101591187,0.7155446756425948,0.16083231334149328,16.35173708110099,0.4343538546183156,False
905,9665.25,False,2537.0,2545419.9000000004,83668.1,0.2624695929453278,21955.412420870998,2,0.4020917398113259,наблюдается,0.2941902063695576,0.18579062303887406,-13.449253188262505,0.0,0.0,0.0,0.39199842333464724,0.4235317303902247,0.18446984627512808,14.897901107618651,0.45899753575355895,False
906,5091.75,False,1019.5,874349.2,71530.75,0.2002300784346025,14322.054783055082,2,0.0,структурный ноль,0.3792200043287302,0.1658464502532187,-15.400939814237995,0.0,0.0,0.0,0.1927415399705738,0.48749386954389407,0.3197645904855322,15.53387484450706,0.9135572139303483,False
907,7100.75,False,2883.0,3538240.25,102322.95,0.4060124955196009,41541.305551035606,2,0.3973541082875598,наблюдается,0.38331908158067096,0.14680634783793214,-7.731790227241997,0.01387443635102324,0.08532778355879292,0.0,0.15279223031564343,0.3303850156087409,0.4176205341657995,17.991845274434382,0.9931818181818182,False
908,22630.5,False,5727.0,5122113.35,74604.1,0.253056728278121,18869.106576235816,2,0.7986079976079011,наблюдается,0.2788631075836496,0.17147634681858176,-5.439803664853438,0.07709097258599616,0.030557010651300856,0.0,0.4018683429369653,0.4038763750654793,0.08660729876025841,15.710533986613935,0.24727142216175896,False
909,23609.0,True,5380.5,4365590.15,67775.9,0.22786616474272553,15414.984755365964,2,0.7645454147253541,наблюдается,0.30798329528364493,0.16120844212770502,-14.958499309208397,0.10231391134652913,0.1888300343834216,0.044791376266146266,0.21642969984202212,0.3925285754112071,0.0551064027506738,11.590243629182893,0.4969263810163984,False
910,17670.0,False,4962.5,4774735.5,80338.0,0.2807875999208483,22525.922146016965,2,0.0,структурный ноль,0.33686628664601764,0.16458080950291726,-7.301554524496713,0.3620151133501259,0.045239294710327456,0.0,0.12644836272040302,0.4254911838790932,0.0408060453400505,14.545516113296033,0.5845410628019324,False
911,33074.75,False,6823.0,5370076.699999999,65644.65,0.20628162652659393,13536.953575956311,2,0.6694223600266417,наблюдается,0.2950168978131281,0.16640627265014835,-9.291516578279165,0.07745859592554595,0.14458449362450534,0.0046900190532024036,0.25348087351604864,0.5146563095412575,0.005129708339440153,12.54810096590293,0.45110410094637227,False
912,28847.75,False,6991.0,6832452.1,81592.75,0.2423405752830634,19737.164835556752,2,0.0,структурный ноль,0.24007067649215258,0.1876793153129582,9.583058375765122,0.03325704477184952,0.03168359319124589,0.05485624374195394,0.3038191961092834,0.3947933056787298,0.18159061650693742,6.0619934141513365,0.7052024281824321,False
913,23287.25,False,5678.5,5121905.15,75165.79999999999,0.24383162709786488,18327.761371928747,2,0.397674546804653,наблюдается,0.3103191634065814,0.17825437860860038,-3.7206066547921783,0.13119661882539402,0.04913269349299991,0.0,0.20419124768865018,0.4406093158404508,0.17487012415250502,13.797543926745078,0.1533996484169306,False
914,18013.5,False,2915.5,2303933.3,65856.54999999999,0.16186692687481286,10668.121652318338,2,0.0,структурный ноль,0.3361725119280988,0.156342310648946,-15.2145087995852,0.10735722860572801,0.027782541588063796,0.019722174584119363,0.1785285542788544,0.6172183158977876,0.04939118504544682,12.135806514601683,0.44948900859143426,False
915,10444.75,False,1553.0,1066304.35,57213.65,0.14870269112502144,8513.85453340341,2,0.4252545027667467,наблюдается,0.35255766383632614,0.16405459715060206,-11.021830515379932,0.0,0.0,0.0,0.16709594333547972,0.7215067611075338,0.11139729555698652,16.093429219408584,0.41555105968504097,False
916,24041.75,False,11093.0,14396792.0,108246.6,0.46145643857605195,49895.06478935135,2,1.0,наблюдается,0.17066253811944126,0.22506728591787378,12.546284165250315,0.0452086901649689,0.08735238438655007,0.060173082123861896,0.3618047417290183,0.44550617506535656,0.0,12.224421725839413,0.15376053835721498,False
917,17892.5,False,14824.0,26227432.9,147462.5,0.8285050546910793,122146.91497397413,2,0.4083985216282731,наблюдается,0.2006262571927923,0.2182053313994668,2.514260270435928,0.5304573664328116,0.045871559633027525,0.08101726929303832,0.16021316783594172,0.1308351322180248,0.05160550458715607,11.792655423435612,0.8040540540540541,False
918,,False,103620.5,76530641.25,61583.45,,,0,,нет данных,0.2194728531106011,0.20364367519014764,,0.03364681699084641,0.09059018244459349,0.0,0.1669843322508577,0.522073334909598,0.18670533340410445,,0.2759047009563781,False
919,,False,5401.0,2688061.0,41607.649999999994,,,0,,нет данных,,,,0.0,0.0355489724125162,0.0,0.058877985558229956,0.3617848546565451,0.5437881873727087,,0.4012846787651231,True
920,57015.5,False,11593.5,7052413.55,50726.9,0.2033360714486724,10310.514490672227,2,0.7747809614919691,наблюдается,0.2638591126010456,0.20517675152328288,-2.2191388442008644,0.0,0.09453573122870575,0.011730711174364946,0.27808685901582786,0.5301246388062276,0.08552205977487382,9.966464575387471,0.16960760222798774,False
921,44095.25,False,3453.5,1526417.15,36917.549999999996,0.07831527978294665,2885.062830853979,2,0.0,структурный ноль,0.20436292075595874,0.23493410962864492,-6.113285755469502,0.05168669465759375,0.03272042855074562,0.0,0.0767337483712176,0.7712465614593891,0.06761256696105389,8.396287687059397,0.44023893818017934,False
922,25028.5,False,3416.5,2811173.3,68626.8,0.136501951532196,9359.796788276664,2,0.0,структурный ноль,0.23960568866273427,0.19698857958138133,0.10219105582277474,0.0,0.01214693399678033,0.3486023708473584,0.13303087955510026,0.42221571783989464,0.08400409776086637,12.211051943682902,0.4835154493334055,False
923,47711.25,False,4324.0,1939162.0,37459.45,0.09061953426939232,3387.713567639078,2,0.27176268523379793,наблюдается,0.24111957141934282,0.20854787435621525,-1.7755942991948934,0.05770120259019426,0.10071692876965772,0.0,0.0725023126734505,0.6895235892691952,0.07955596669750231,8.684852076866571,0.5987788704831895,False
924,46920.0,False,4105.5,1817510.5,36937.149999999994,0.08749521847563299,3228.960393601958,2,0.44024393553443736,наблюдается,0.23365317001989414,0.2056831275921444,-1.712766918906576,0.06320789185239313,0.11825599805139447,0.0,0.09499451954694921,0.6915113871635611,0.03203020338570206,8.178907300909046,0.7170214946005152,False
925,35924.25,True,12304.5,15506604.55,105179.54999999999,0.34249143547675853,35971.142191864776,2,0.0,структурный ноль,0.20111075802612816,0.22546512827547316,-7.217488996357048,0.07139664350440895,0.5550002031776993,0.03632817261977325,0.18155959201917998,0.1549433134219188,0.000772075257019611,9.15461557439171,0.5825245634865951,False
926,27743.25,False,3236.0,1808385.95,46653.90000000001,0.11663287768441913,5432.699821639327,2,0.3161225325339125,наблюдается,0.24987786918369964,0.22560099793632227,-6.6396179068098755,0.030438813349814586,0.040173053152039555,0.0,0.30593325092707047,0.6030593325092707,0.020395550061804713,8.592109365639626,0.6245692876998918,False
927,47600.75,False,9864.0,8651888.850000001,72877.9,0.20724674990578307,15151.066845037883,2,0.22821909028903606,наблюдается,0.21799083177865028,0.21013235018854673,-7.701889232092594,0.07040754257907543,0.33662814274128144,0.017741281427412815,0.21537915652879155,0.33150851581508517,0.028335360908353646,7.408494504391504,0.5584198960362,False
928,66572.5,False,3727.5,2123899.85,47510.3,0.0560089300327253,2657.0779173066358,2,0.0,структурный ноль,0.17863909577257542,0.2455907122209085,26.82304463104484,0.0,0.022803487592219986,0.015694164989939637,0.2824949698189135,0.610596914822267,0.06841046277665996,5.164120511246347,0.48486483509887435,False
929,39474.5,False,4533.5,2514285.7,46378.45,0.11483859961022497,5308.995354287901,2,0.4603068513363247,наблюдается,0.21559316775326598,0.21864074176418463,-5.038261629359441,0.24925554207565898,0.04577037608911437,0.0,0.17988309253336274,0.4865997573618617,0.03849123194000226,8.217355288080197,0.8472982960956894,False
930,19325.5,True,2726.5,1630598.6,49947.45,0.14106155216710903,7030.43600847381,2,0.0,структурный ноль,0.2438545892611368,0.19657633118245982,0.0021125842513307286,0.03319273794241702,0.07207041995231983,0.280396112231799,0.0750045846323125,0.47075004584632313,0.06858609939482863,9.728099178922118,0.5364285714285715,False
931,328164.0,False,102453.5,85115765.15,69265.15,0.31221293441661657,21632.60466911835,2,1.0,наблюдается,0.26035908288530285,0.17164700384084863,-12.224041166984351,0.012874133143328437,0.22200315264973866,0.02043854041101573,0.3148501515321585,0.42968761438115827,0.0001464078826003412,9.420754561647929,0.2801511212973574,False
932,112674.0,False,32209.5,27265175.85,70580.9,0.28586421334501444,20175.98599344821,2,0.7434055895517818,наблюдается,0.2738316518090085,0.1398230459714101,-1.043383829887002,0.39952498486471383,0.13929120290597494,0.06566385693661808,0.1678852512457505,0.22766575078781104,0.0,8.411945008723073,0.36406193556669664,False
933,250766.0,False,62774.5,51882548.25,68800.9,0.25034019639247806,17247.875941494858,2,0.8657880808450891,наблюдается,0.2623996119151191,0.16786394813367403,-3.7740585005074547,0.12673936072768402,0.3287083130889135,0.04888927828975141,0.2404001624863599,0.2552628854072912,0.0,13.05686961170063,0.1952159178606124,False
934,58098.0,True,18233.5,13754688.9,62926.450000000004,0.31383578797659245,19731.62147830734,2,0.6186258614680643,наблюдается,0.2532953287069297,0.16863165411281747,-0.6812041970905872,0.08487125346203417,0.34252886171058766,0.017851756382482792,0.3031782159212439,0.24737433844297585,0.0041955740806756125,14.238673112097894,0.27448203389091447,False
935,190607.0,False,19828.0,13854954.899999999,58241.1,0.10402764286476332,6055.6189765068775,2,0.3208268770899481,наблюдается,0.2418917538828564,0.1674729919738545,0.3113858343691961,0.1690286463586847,0.17702239257615493,0.015432721404075046,0.24490619326205365,0.3596681460560823,0.033941900342949416,6.42320848088261,0.2244772234848073,False
936,22836.0,False,6334.0,4241414.95,55924.850000000006,0.2773261592741243,15488.165056144815,2,0.52639678856879,наблюдается,0.2730370716365831,0.17156471837250006,-12.014294545431499,0.18574360593621725,0.2455004736343543,0.02162930217871803,0.156299336911904,0.37574992106094096,0.015077360277865437,13.942712262905232,0.4992021276595745,False
937,63629.5,True,14364.5,9265611.0,53804.75,0.2257448362188091,12138.757263815323,2,0.5998012926719926,наблюдается,0.2544008110928265,0.15338197202823622,-7.372385626239776,0.04796547043057538,0.32308816874934737,0.01747363291447666,0.2453270214765568,0.36447492081172334,0.0016707856173203695,12.07493022522785,0.24966743674250733,False
938,20302.75,False,3528.0,2115323.45,50003.850000000006,0.17376911683014362,8688.792848357589,2,0.35061176545857214,наблюдается,0.2695804392690019,0.15601377461513266,-12.43405231234846,0.30130385487528344,0.047619047619047616,0.0,0.16142290249433106,0.4664115646258503,0.023242630385487573,10.294912994299496,0.568,False
939,28583.5,False,5397.5,3450688.85,53299.2,0.18883485548652995,10066.071247228054,2,0.5005329796866863,наблюдается,0.283554852813383,0.16017169961457217,3.5294464573222974,0.2894858730893932,0.18499305233904587,0.0,0.15951829550717925,0.36415006947660955,0.0018527095877721722,11.25271387481129,0.4764248295172289,False
940,26187.5,True,4770.0,2791928.65,49057.0,0.18208249311395508,8886.03613393533,2,0.223621260933882,наблюдается,0.2784336779818276,0.17091680938900672,-7.628662517079095,0.20461215932914045,0.037211740041928724,0.0,0.13511530398322852,0.5366876310272537,0.08637316561844854,8.068074469372636,0.5481412954643151,False
941,20680.75,False,4707.0,3038397.8499999996,53779.35,0.22762885765452995,12253.264697179406,2,0.33284251070781834,наблюдается,0.27875292482464886,0.16738779586861302,-9.879430510925197,0.310919906522201,0.1900361164223497,0.0,0.13639260675589548,0.343318461865307,0.019332908434246843,10.29307089921753,0.43813132502238084,False
942,33771.75,False,9185.5,6889562.75,62525.65,0.2720136308098824,17022.549432988963,2,0.15547861177443917,наблюдается,0.3041966670733763,0.16808577414435663,-18.290302012986167,0.17914103750476293,0.3744488596156987,0.039790974906102006,0.1240542158837298,0.28104077078003376,0.0015241413096728218,12.031768897558099,0.5691922041874,False
943,10958.25,False,2209.0,1310601.9,49467.75,0.20158827476866098,9973.070065942009,2,0.0,структурный ноль,0.2929100403799253,0.14999650843174755,0.9504138022501499,0.3277501131733816,0.06111362607514713,0.0,0.07356269805341784,0.49615210502489815,0.041421457673155304,7.654048497850433,0.6441432644533416,False
944,31404.5,False,7468.0,5169135.2,57755.8,0.23778906574047082,13721.90864565935,2,0.22288704733560719,наблюдается,0.299673881184759,0.1536015648389734,5.235388846327931,0.2627209426888056,0.13450723085163363,0.0,0.19931708623460095,0.3613417246920193,0.042113015532940556,12.8404394303923,0.3843668222508376,False
945,13787.5,False,3680.0,2476951.95,56208.35,0.2668834988684847,14982.553487913392,2,0.5736570291973057,наблюдается,0.23451431456063432,0.19421070694863848,-3.345568463265386,0.37282608695652175,0.1282608695652174,0.010733695652173914,0.08478260869565217,0.32119565217391305,0.08220108695652173,11.250028328210774,0.3973547712583701,False
946,38832.75,True,10992.5,8092486.300000001,61408.95,0.28306687956619686,17368.802613862576,2,0.46753324259032053,наблюдается,0.28219698111713726,0.15642867528225046,-0.06703233104748962,0.2504889697521037,0.2928360245622015,0.018194223334091427,0.17361837616556744,0.26486240618603596,0.0,13.374997383951126,0.2641075501072775,False
947,26594.25,False,6211.5,4240924.3,56937.4,0.23356075190317604,13295.115095471256,2,0.3640462147871915,наблюдается,0.2868183572104041,0.16893969222894215,3.897695746910119,0.30338887547291316,0.18739434919101666,0.005071238831200193,0.19866376881590597,0.2792401191338646,0.026241648555099473,8.276700990563794,0.490127755187545,False
948,32608.25,False,7997.5,6029746.9,62867.1,0.2452606205398991,15420.140133982,2,0.5812125220596848,наблюдается,0.2590439280927125,0.17327757671435653,-1.020787059038211,0.2416380118787121,0.232322600812754,0.0,0.23219756173804315,0.28465145357924354,0.00919037199124717,12.56965350005405,0.30859815199963675,False
949,22016.25,False,4697.0,2513131.45,44507.95,0.21338732052523351,9518.940497820642,2,0.48575407140437177,наблюдается,0.2553603117191091,0.18317317398019242,-4.704311840934012,0.2394081328507558,0.17404726421119865,0.0,0.1482861400894188,0.39120715350223545,0.047051309346391346,12.963765839194265,0.3586553537597192,False
950,28974.25,False,5341.5,3381869.75,52786.05,0.18435294194480173,9730.646238179375,2,0.504706180172345,наблюдается,0.25583390318555266,0.18073879543650773,-1.785532230336654,0.2017223626322194,0.13460638397453897,0.0,0.16989609660207808,0.45492839090143217,0.03884676588973135,12.644827327868134,0.2872087688487829,False
951,82260.5,True,15452.5,10386325.85,56150.600000000006,0.18782887271605578,10526.620178942383,2,0.5355866926269477,наблюдается,0.2911498223278202,0.1507913192467289,-7.365827450887408,0.17518200938359488,0.33564148196084775,0.0024267917812651673,0.12011001456075068,0.3497815887396861,0.01685811357385547,8.360570922640635,0.3767393255485897,False
952,56958.25,True,14408.5,11422932.399999999,66044.25,0.2529661918484447,16712.852238167645,2,0.5871615453287174,наблюдается,0.2776981664499839,0.17697385767820012,4.143594756084949,0.25061595585938856,0.23812332997883193,0.011347468508172259,0.21254814866224797,0.2809799770968526,0.00638511989450663,14.137619333178812,0.3269417427524064,False
953,389595.25,False,111727.5,81738009.05000001,60974.149999999994,0.28677892301581454,17487.27183835911,2,1.0,наблюдается,0.26606311371908664,0.17877116718956687,-0.48204144707186003,0.002148083506746325,0.2784005728222685,0.010315276006354747,0.32616857980353986,0.382971963035063,0.0,13.132288727633803,0.14249697351079582,False
954,68922.75,False,10215.0,5398675.75,44077.100000000006,0.1482064682363909,6529.98625898783,2,0.8948700915459523,наблюдается,0.23842557694325872,0.15972155260583637,-2.76578772177618,0.002790014684287812,0.3036710719530103,0.016201664219285365,0.18746940773372492,0.46534508076358294,0.0245227606461087,8.315813646427355,0.2719057013610729,False
956,15403.0,False,3887.5,4208691.35,89197.35,0.25258811450616747,22802.546151132883,2,1.0,наблюдается,0.2955528928096362,0.16905229673304328,-3.755403465889752,0.0,0.0,0.0,0.05787781350482315,0.2378135048231511,0.7043086816720258,8.733717821408911,0.5706679111855456,False
957,12099.0,False,1994.5,1486330.55,61901.55,0.16488183247817584,10247.395677331617,2,1.0,наблюдается,0.24978888222582724,0.15507582711100232,-5.501852496808765,0.0,0.5126598144898471,0.0,0.07495612935572825,0.2273752820255703,0.1850087741288543,7.9987742118014635,0.6020012787723785,False
959,17277.0,False,3107.5,1590169.6,42717.55,0.17984924490429782,7674.068893885055,2,0.4849665456225027,наблюдается,0.2678642369129254,0.16380965801224137,-3.0227126348264433,0.15623491552695093,0.19517296862429606,0.0,0.16846339501206758,0.3988736926790024,0.08125502815768293,14.419469381479292,0.6382825365547108,False
960,71400.0,False,9687.5,6912281.449999999,59249.2,0.13567427327890996,8066.232809348829,2,0.0,структурный ноль,0.22998410195837884,0.1885793887011326,6.28884043813222,0.11561290322580645,0.11370322580645162,0.012283870967741936,0.3879225806451613,0.3552,0.015277419354838617,5.206597943432768,0.8291420116590869,False
961,16921.0,False,8958.0,7084648.95,65874.0,0.5294077288968779,34898.981381186124,2,0.27651093264302107,наблюдается,0.2617695307787572,0.15813486656944087,2.2218273768899612,0.07881223487385577,0.6855883009600358,0.024168341147577585,0.07166778298727394,0.1330654163875865,0.006697923643670389,8.472871035885158,0.8273523548742945,False
962,9651.75,False,843.0,372737.15,36873.55,0.08734043984295192,3219.9765237308634,2,0.0,структурный ноль,0.20006594201746225,0.17652662320536464,-10.45667200086435,0.0,0.05693950177935943,0.0,0.1571767497034401,0.6482799525504152,0.1376037959667853,5.904228221712528,0.8400199918761201,False
963,14417.5,False,2492.5,1151824.0,38578.600000000006,0.17286716198983015,6661.548977985753,2,0.45815616092895217,наблюдается,0.3058713569933032,0.1546170972339314,-0.4362986804948857,0.03871614844533601,0.118555667001003,0.0,0.1823470411233701,0.5131394182547643,0.14724172517552658,11.220357668863569,0.4936596422445479,False
964,53055.5,False,7497.0,4234243.9,47065.649999999994,0.1413111889475211,6654.589281325521,2,0.8022601968424783,наблюдается,0.26831120226825944,0.18731347339629628,-7.470409879654397,0.049953314659197015,0.43223956249166334,0.0,0.1501267173536081,0.35794317727090835,0.009737228224623307,8.432830107389128,0.621002244076625,False
965,6350.25,False,1208.5,748522.95,51688.1,0.1902975985266212,9829.43613886254,2,0.0,структурный ноль,0.26681316558107654,0.13886541332412933,-3.821670296907192,0.4385601985932975,0.04840711625982623,0.0,0.05337194869673149,0.31402565163425733,0.1456350848158875,7.519554641378697,0.7404162052417866,False
966,33148.0,False,5139.5,2808110.0,45543.65,0.1550493273676955,7063.60612260501,2,0.5215160044101851,наблюдается,0.27063788140273337,0.15531083952686875,-1.3411057013281453,0.02928300418328631,0.2440898920128417,0.00749100107014301,0.17102831014690145,0.501799785971398,0.04630800661542955,8.873092197999359,0.5943857939898467,False
967,11417.0,False,1313.0,598311.2,37995.65,0.11500386970171578,4369.462104636636,2,0.6694748254951729,наблюдается,0.22857381350987888,0.18572079136388145,0.5058127065895187,0.0,0.05369383092155369,0.0,0.1808834729626809,0.6945925361766946,0.07083015993907082,8.440960985659917,0.7184719379110958,False
968,30882.25,False,6643.5,4888247.0,61246.55,0.2151550007742379,13199.927406488636,2,0.5436639075478044,наблюдается,0.29318016582314343,0.16069087041783212,-7.74295888764089,0.029427259727553248,0.4560096334763302,0.0,0.15850079024610522,0.3406337021148491,0.015428614435162191,7.868925162046401,0.6087897691875022,False
969,16428.75,False,1508.0,698120.25,38620.75,0.09178722002970664,3543.466288316854,2,0.7073235994194249,наблюдается,0.28624358122242755,0.15297891133226893,-4.73606877945655,0.07029177718832891,0.05072944297082228,0.0,0.1863395225464191,0.5626657824933687,0.12997347480106103,9.290566311258374,0.47688973997177986,False
970,24889.5,False,3786.0,2030715.0,44743.85,0.15211144247192068,6805.331178296474,2,0.5293741138061931,наблюдается,0.27271437704709656,0.1539565044168622,-6.164777413663999,0.23494453248811412,0.0462229265715795,0.01611199154780771,0.13946117274167988,0.5309033280507132,0.03235604860010555,10.239765487427025,0.9081650186665908,False
971,16656.75,False,2823.0,1602442.05,47269.45,0.16949522048169885,8023.178804731715,2,0.0,структурный ноль,0.23380687997558036,0.1680343973875546,-1.5218185973872067,0.057208643287283034,0.0,0.0,0.18544102019128586,0.35069075451647186,0.4066595820049592,7.016730670458637,0.7549077561015763,False
972,15212.5,False,2233.5,1092151.4,40834.85,0.14680895836460206,5984.530010985285,2,0.47765454049496076,наблюдается,0.25010986716338585,0.1727682189292829,-2.8495484517059486,0.24625027982986344,0.02574434743675845,0.0,0.14752630400716366,0.3960152227445713,0.18446384598164323,10.402132423575512,0.5054363966342188,False
973,9931.75,False,1188.5,515917.55,36241.65,0.11965722924855282,4331.73378313024,2,0.5430206786591664,наблюдается,0.28543408704435325,0.15009267561019268,-3.7323458599852986,0.0,0.05511148506520824,0.0,0.20235591081194784,0.6756415649978965,0.06689103912494743,9.314273850095217,0.5065323460719403,False
974,15411.5,False,1633.0,754043.2,38538.05,0.1059542696599768,4078.928411172395,2,0.438642036592765,наблюдается,0.30818076860155896,0.11835527110252385,-2.6553355328486385,0.07317819963257807,0.065523576240049,0.0,0.21004286589099816,0.5698101653398653,0.08144519289650953,10.803153922872824,0.5294479999695406,False
975,26610.0,False,2698.0,1565497.6,48319.75,0.1013933152961761,4904.240385166124,2,0.6427257481545834,наблюдается,0.2596515836823323,0.17683995768888816,1.919662848101378,0.10507783543365457,0.05300222386953299,0.020385470719051148,0.12527798369162343,0.5242772424017791,0.1719792438843588,8.727689071248081,0.45177403174502556,False
977,28374.5,False,3788.0,2135144.2,46967.05,0.13351155820099153,6274.647896097524,2,0.3325750462403594,наблюдается,0.26132685325352334,0.1680605380490556,-4.782889740290754,0.053590285110876455,0.3266895459345301,0.001979936642027455,0.15905491024287222,0.4251583949313622,0.03352692713833161,9.319321412385689,0.5029533082028114,False
978,33357.25,False,5086.0,2829763.55,46409.05,0.15246920739024244,7074.997130476493,2,0.44258448724685256,наблюдается,0.26977259997856207,0.14905707311426497,-9.079163224410623,0.16712544239087693,0.1853126228863547,0.0,0.1815768777034998,0.42862760519071963,0.03735745182854888,9.529566235512467,0.5206406585744545,False
979,5966.0,False,918.0,497828.10000000003,45191.55,0.15389032859555984,6959.215088079082,2,0.4507814510025539,наблюдается,0.27723682091046986,0.15503085976430586,-5.0031793469394845,0.0,0.0528322440087146,0.0,0.07625272331154684,0.3442265795206972,0.5266884531590414,9.198506896279833,0.6560517970401691,False
980,13570.75,False,2692.0,1864545.5,57566.850000000006,0.19842641718923662,11465.543716811444,2,0.474991304163824,наблюдается,0.28908208331007373,0.15336848578859988,-10.271842237413663,0.3083209509658247,0.043462109955423475,0.009843982169390787,0.13837295690936108,0.3597696879643388,0.14023031203566116,13.354687101800447,0.4605529725722104,False
982,14828.25,False,2186.0,1249711.15,47717.45,0.1474104079281866,7029.669944579151,2,0.6899529090999197,наблюдается,0.30142044730575723,0.1363715095059346,1.1070604977325136,0.19716376944190303,0.046431838975297346,0.0,0.1655992680695334,0.46134492223238793,0.12946020128087832,7.949722723825169,0.5189238880609546,False
983,21708.5,False,3294.0,2126555.25,53839.850000000006,0.1517348665110544,8166.358638901951,2,0.5042508459529581,наблюдается,0.2583623874462999,0.15814533199720862,-2.5300206308036923,0.030358227079538554,0.30130540376442017,0.019884638737097754,0.15892531876138433,0.4801153612629023,0.00941105039465695,9.495557717716423,0.5125760135288712,False
984,32648.75,False,5500.0,2914418.5,44207.649999999994,0.1684545228044103,7441.141413277526,2,0.5752479514114935,наблюдается,0.2902619955468849,0.1576967208774292,-1.2589951401929025,0.17,0.2611818181818182,0.0,0.11763636363636364,0.4046363636363636,0.046545454545454445,8.380400445862552,0.3637243355288751,False
985,33585.0,False,5896.0,3782225.5,53500.2,0.17554650446095987,9387.91275949893,2,0.7052665838531537,наблюдается,0.2776475986910722,0.15045318164781812,-1.6076564682180714,0.06826662143826323,0.21489145183175035,0.014586160108548168,0.3185210312075984,0.38381953867028495,0.0,12.956396817826157,0.5903227288126357,False
986,346731.75,False,98588.5,79977703.19999999,67593.4,0.28434176655620536,19228.71268179755,2,0.9924910270897702,наблюдается,0.2723107259794485,0.16757209767935502,-1.9363489999089514,0.01370849541275098,0.2347180452081125,0.0048484356694746345,0.34223058470308404,0.39705949476865965,0.0074349442379182396,6.787877481055811,0.25826039726743355,False
987,51218.5,False,11718.5,7980285.0,56779.649999999994,0.22879812121799975,12993.755020504117,2,0.9984057527054571,наблюдается,0.26917725542762383,0.18495566056830437,-7.062379994375883,0.0,0.4239450441609421,0.0,0.15761402909928746,0.3668558262576268,0.0515851004821436,16.15125052605692,0.1761863762363743,False
988,128979.0,False,40127.0,32072738.5,66683.45,0.31110152607056624,20730.90023493665,2,1.0,наблюдается,0.26833114402537106,0.166855050673722,-2.1086810384287524,0.0,0.5940015450943256,0.007800234256236449,0.17700052333840058,0.20139806115583023,0.01979963615520719,8.39116289210317,0.4576488503435667,False
989,115806.5,False,29260.5,21178240.049999997,60344.0,0.25287756589803356,15208.142392456666,2,0.8993935781900957,наблюдается,0.2680176956725616,0.16965518464496077,-1.5878753306617186,0.0001879667128039507,0.4971377796004853,0.011858990789631072,0.22207412723637668,0.26855316894789905,0.00018796671280396637,8.026630770706902,0.10048674859342613,False
991,102701.0,False,14585.0,10151668.649999999,58082.45,0.14200624753777127,8241.934421626378,2,0.8616403987050881,наблюдается,0.2573545823621076,0.14718434834744382,0.3240888303203066,0.018546451834076105,0.2879670894754885,0.008844703462461433,0.30747343160781626,0.3751456976345561,0.002022625985601656,10.280813628339242,0.22574378384684088,False
992,66974.0,False,11835.5,6386162.800000001,44951.55,0.17674881484457589,7957.282560863612,2,0.6479156894901584,наблюдается,0.29499625008541097,0.14672482465236045,-14.544554425633086,0.018926112120316,0.4568036838325377,0.0,0.13886189852562206,0.3651303282497571,0.020277977271767167,11.033841145127536,0.388686842395271,False
993,19900.5,False,3039.5,2061789.9,56551.299999999996,0.15274167062118973,8642.431866998888,2,0.608136525163424,наблюдается,0.32494753769560114,0.14009798651399452,-7.102112662670501,0.009870044415199869,0.2628721829248232,0.0,0.2632011844053298,0.3791742062839283,0.08488238197071885,12.676825287611143,0.3616005746117622,False
994,38788.0,False,5262.0,3316915.75,52346.05,0.13571898321828677,7133.959630520751,2,0.15482048408126084,наблюдается,0.2790082933531357,0.14863902976043955,-9.4068314497208,0.0,0.4765298365640441,0.0,0.10689851767388825,0.2667236792094261,0.14984796655264154,8.917330102335342,0.7688928486998626,False
995,30439.0,False,4505.5,3235390.7,59425.9,0.14803415067949421,8860.014455966932,2,0.38680781954888577,наблюдается,0.30779059754496757,0.14021792119581677,4.393533558654721,0.0,0.2200643657751637,0.0,0.21429364110531574,0.3805349017867051,0.18510709133281544,8.163863434064414,0.22430124223602485,False
996,37966.75,False,8828.0,7495928.1,70659.54999999999,0.23252452732396284,16455.610812080537,2,0.6902075363814809,наблюдается,0.2844158811643592,0.14726671966641286,6.385860517241997,0.0,0.5384571816946081,0.0,0.20140462165835976,0.23431128228364295,0.025826914363389242,10.390846103934908,0.4341482107199882,False
997,29575.5,False,5071.0,3026544.8499999996,49505.8,0.17147827306241542,8531.604078116621,2,0.22278073633993792,наблюдается,0.2906817744223119,0.11498887302259089,-0.9091197384657503,0.0,0.27144547426543086,0.0,0.1954249654900414,0.3358311970025636,0.19729836324196415,5.72703880801877,0.652616711726657,False
998,47312.0,False,8331.0,5945499.4,59418.15,0.17611428402909707,10482.441571284078,2,0.799377520583775,наблюдается,0.301100536233361,0.16563548735528005,-9.797041269409151,0.045612771576041294,0.3920297683351338,0.0,0.18755251470411716,0.3680830632577122,0.006721882126995649,13.591149355842317,0.20794362147361822,False
999,31385.0,True,4808.0,2624605.1,45513.85,0.1531939380132248,6972.119171421672,2,0.41308198887628955,наблюдается,0.3002935144148705,0.1471322061274567,-5.88472241263576,0.10773710482529118,0.27631031613976703,0.0,0.1983153078202995,0.3807196339434276,0.036917637271214776,9.136173178969443,0.6161860678887628,False
1000,14588.75,True,852.5,456333.4,44770.5,0.05842889063476753,2607.2490459164455,2,0.0,структурный ноль,0.3295804121275153,0.13616675820635551,2.256022772162231,0.24574780058651027,0.0,0.0,0.05395894428152493,0.4005865102639296,0.29970674486803517,5.251628980327498,0.9649470899470899,False
1001,58187.5,False,12066.0,10656330.649999999,73536.65,0.20738061505848504,15267.667403372168,2,0.7982415693175074,наблюдается,0.27499870268508975,0.15990729872800608,5.032018306305506,0.005055527929719874,0.4733134427316426,0.009199403281949278,0.1921515000828775,0.297778882811205,0.02250124316260571,14.217105803293355,0.38462240162347683,False
1002,16703.25,False,2089.5,1205816.65,48107.2,0.12509526566577447,6018.329292974634,2,0.46389037644430026,наблюдается,0.2947279673869241,0.16629332931433546,1.7711673491729016,0.0,0.0,0.0,0.21129456807848768,0.5324240248863364,0.2562814070351759,15.363704919000904,0.5511252446183953,False
1003,48703.25,True,11308.0,8685226.8,64203.9,0.23214128769382267,14862.416876749143,2,0.7317874279194064,наблюдается,0.284380434594002,0.16339008596675014,-9.074871565423392,0.07459320834807216,0.4055093738945879,0.0645118500176866,0.14958436505129113,0.27409798372833394,0.03170321896002826,11.703285044964296,0.26063756866227855,False
1004,34075.5,False,6304.5,3796930.9499999997,49803.950000000004,0.1851399599496783,9296.68609455434,2,0.2938419367239855,наблюдается,0.2739535022002133,0.16482610688739546,-9.343767738976522,0.01871678959473392,0.36053612499008647,0.05353319057815846,0.18066460464747403,0.30486160678880164,0.08168768340074539,12.615988925227372,0.6585806871316678,False
1005,46472.25,False,6385.5,4410029.15,57346.0,0.13740735959916084,7908.674170587695,2,0.1921154979173396,наблюдается,0.2799170413389064,0.1661099290537946,10.761731699505077,0.0613107822410148,0.21924673087463786,0.0,0.26834233810978,0.4363792968444131,0.014720851930154266,10.108196081413855,0.44709513057263645,False
1006,30803.25,False,5154.0,3335984.2,53903.55,0.16734305751125178,9033.061913752414,2,0.5405130894121511,наблюдается,0.2865346379231668,0.1556591361429653,-5.911643420402849,0.143383779588669,0.3438106325184323,0.0,0.15696546371750097,0.2503880481179666,0.10545207605743112,7.995067917052554,0.7590808426128743,False
1007,1018919.25,False,226512.0,174441885.0,64159.29999999999,0.22231122058112687,14270.772982787246,2,1.0,наблюдается,0.25054471120050253,0.1572202885980744,1.300180227249086,0.009021597089778908,0.20726054248781522,0.024694055944055944,0.380752454616091,0.3782691424736879,2.207388571040525e-06,7.804993409996817,0.23332252562575598,False
1008,315004.5,False,56391.5,42524655.5,62835.4,0.1790200282603715,11252.434263844405,2,1.0,наблюдается,0.25061640843644833,0.16725763742117683,-2.414397634465729,0.023248184566823014,0.5238289458517684,0.0055859482368796716,0.18133051967051772,0.2660152682585141,0.0,11.61001844695759,0.19614682765067804,False
1009,105016.25,False,17757.0,9891048.75,46455.0,0.16908493778973666,7850.667392315359,2,1.0,наблюдается,0.250347792258536,0.15661628571675576,-1.0321298913331454,0.008644478233935913,0.41980627358224926,0.021794221996958945,0.16782114095849524,0.38190572731880384,2.815790955668085e-05,9.182029208027554,0.18873243525099115,False
1010,82344.0,False,12084.5,6955406.8,47975.350000000006,0.14675698123085984,7041.220547396415,2,0.7230611311823466,наблюдается,0.2577920707074769,0.14958401212232347,-3.848956237497649,0.03657577889031404,0.30663246307253095,0.006826927055318796,0.22710910670693865,0.42219371922710913,0.0006620050477884609,11.327826560821926,0.4344055517530758,False
1011,35100.5,False,6950.0,3689915.0,44263.75,0.1980016567590981,8763.572508823276,2,1.0,наблюдается,0.27356392664791024,0.12974404418991348,-9.371400351757579,0.011366906474820145,0.27482014388489207,0.002805755395683453,0.21136690647482015,0.4702158273381295,0.029424460431654698,10.620218804251316,0.1822689068799584,False
1012,34193.25,False,5521.0,3189873.7,48207.95,0.16145845615803242,7776.680231149257,2,1.0,наблюдается,0.26853864935966265,0.12247576774652352,-11.3339839396096,0.07181669987321138,0.13666002535772506,0.005343234921209926,0.37112841876471653,0.4036406448107227,0.011410976272414386,14.385328187217477,0.3117606710606941,False
1013,14781.5,False,2792.0,1734713.0,51884.8,0.1888737533119312,9781.47821385117,2,0.0,структурный ноль,0.2810209804553647,0.15182889857116844,-6.145423084767453,0.18176934097421205,0.0008954154727793697,0.0,0.1523997134670487,0.44484240687679083,0.22009312320916896,10.121900753651746,0.5883548356612662,False
1014,24704.0,False,2174.5,1138416.05,43694.25,0.08801706637916337,3841.3979713437275,2,0.2862539178425217,наблюдается,0.23617221210422598,0.1853772108773037,0.7212593916015521,0.1485398942285583,0.04092894918372039,0.0,0.16279604506783169,0.6295700160956542,0.01816509542423539,8.525778472800818,0.5707727046430482,False
1015,59759.75,False,10015.5,7089048.7,59004.34999999999,0.16759815422856233,9883.666781147545,2,0.5884584968169938,наблюдается,0.22756901854050565,0.1853376175094071,2.1225419108126444,0.06450002496130997,0.3158604163546503,0.010982976386600769,0.33927412510608557,0.2664869452348859,0.0028955119564675336,7.912760709153202,0.5566535283845754,False
1016,12198.25,False,1586.5,811832.1000000001,42783.7,0.13002273538935027,5550.802975524895,2,0.32703937408567557,наблюдается,0.315560399389316,0.1570905221742123,-15.036246830049167,0.0,0.028364323983611724,0.0,0.10242672549637567,0.584620233217775,0.28458871730223756,12.094635136061386,0.5908407638286121,False
1017,28653.25,False,2760.0,1927003.85,58282.1,0.09630844094911623,5603.850460232287,2,0.506193761107242,наблюдается,0.25829580977361233,0.1639335498047908,-2.5613560165825686,0.0,0.03876811594202899,0.19094202898550725,0.1934782608695652,0.5271739130434783,0.049637681159420355,9.575799705695822,0.5530387178673437,False
1018,27981.0,False,4141.0,2426967.5999999996,48817.95,0.14800371309085628,7233.003651020459,2,0.4889765311919326,наблюдается,0.27429938436048146,0.12980423377200606,-5.232670754279192,0.12062303791354745,0.3060854865974402,0.0,0.1297995653223859,0.43817918377203574,0.005312726394590683,13.840665134492442,0.38946456272798974,False
1019,35922.25,False,5537.0,3296855.95,49688.1,0.15411331011585452,7648.676975470928,2,0.7519220389966411,наблюдается,0.2742935590779744,0.13885976101351652,-3.9595085625906874,0.09851905363915478,0.12633194870868703,0.04424778761061947,0.2996207332490518,0.4313707783998555,0.0,8.630043203698987,0.5314285714285715,False
1020,30704.0,False,3465.5,2127546.6,51168.05,0.11287235611627403,5778.025323432238,2,0.3293647396293376,наблюдается,0.2598643581647399,0.18722010076639156,-13.123226575363285,0.17284663107776654,0.18366758043572357,0.007069686913865243,0.17962775934208627,0.4313951810705526,0.025393161160005784,8.488412763420929,0.6266233034751109,False
1021,50517.5,False,6934.5,3866030.45,46457.09999999999,0.13727292676962027,6380.137851490363,2,0.4668241062279946,наблюдается,0.27290865752582344,0.15331929565282632,-4.849877334372173,0.10007931357704232,0.08025091931646117,0.026029273920253802,0.30737616266493617,0.4839570264618934,0.002307304059413151,10.984057906593087,0.3060979064740016,False
1022,40930.75,False,4970.0,3134065.05,52599.35,0.12142074424668631,6382.282317098185,2,0.30255828732728623,наблюдается,0.2614888207234812,0.14950338737428093,10.118850407780299,0.006740442655935613,0.1919517102615694,0.0,0.3188128772635815,0.45885311871227363,0.023641851106639855,4.7889265020065865,0.6922871237531489,False
1023,14519.0,False,1454.5,721174.6499999999,41323.6,0.1001795183729629,4140.785667865304,2,0.0,структурный ноль,0.2850234776127264,0.16142707968697995,-0.9368782346410743,0.0,0.018563080096253008,0.0,0.1674114816088003,0.6631144723272602,0.1509109659676865,11.208318134296892,0.3998532430977659,False
1024,15885.25,False,2341.0,1321921.15,47089.0,0.1473548446657899,6935.782044322797,2,0.0,структурный ноль,0.2649602410678049,0.1849027565812693,-8.750222677220911,0.3250747543784707,0.0299017513882956,0.0,0.06364801366937206,0.49551473729175566,0.08586074327210591,11.267659110843564,0.6524956629358956,False
1025,36858.5,False,7351.5,7136441.300000001,80692.15,0.19945584948880407,16137.274803071028,2,0.5958072868140324,наблюдается,0.20966777274192883,0.1887186685675688,-1.6631009306095434,0.002448479902060804,0.38665578453376864,0.08787322315173773,0.21519417805889954,0.29667414813303405,0.01115418622049924,11.388239741159039,0.364763191293004,False
1026,28688.75,False,4794.0,3002808.25,52392.75,0.16705808445406675,8727.560875098929,2,0.7028919509168189,наблюдается,0.267553409571303,0.15598159287842855,-11.587847063976433,0.09856070087609511,0.1768877763871506,0.0114726741760534,0.2438464747601168,0.4661034626616604,0.0031289111389236623,11.72536686578829,0.4848645205124863,False
1027,17517.25,False,1563.0,795463.45,42493.600000000006,0.08921657536510036,3786.0074411265405,2,0.0,структурный ноль,0.2924325625733015,0.16942347805140345,-4.718006202500087,0.0,0.017594369801663467,0.0,0.22392834293026231,0.6954574536148432,0.06301983365323105,9.441260445580323,0.5914737750933405,False
1028,27136.75,False,3103.5,1453628.1,39043.6,0.11436529982852751,4465.290400675796,2,0.47445990388146303,наблюдается,0.23897912943389,0.1822206140862805,-7.655177313045509,0.031255034638311585,0.1543418720799098,0.0,0.0845819236346061,0.7056549057515709,0.024166263895601725,7.666298559011263,0.8881609063272853,False
1029,12806.75,False,1175.5,608570.45,43184.25,0.09178447355191066,3962.2946708829904,2,0.0,структурный ноль,0.31889156201827495,0.15439307531031995,-3.586010990389416,0.10165886856656742,0.0063802637175669925,0.0,0.11059123777116121,0.7290514674606551,0.0523181624840493,9.047859409169858,0.5162386049003683,False
1030,28195.5,False,3704.5,1978860.85,44534.100000000006,0.13138539717309172,5851.136410394003,2,0.46874621235258057,наблюдается,0.23077744778418624,0.18653865153623567,-4.4154860408164565,0.24780672155486572,0.09582939667971387,0.0,0.16371980024294777,0.4686192468619247,0.024024834660547945,8.503281131534166,0.5814754975676976,False
1031,31462.5,False,4328.5,2362584.95,45492.5,0.1375788358690353,6260.607576750715,2,0.4701524552245812,наблюдается,0.24658243961644458,0.1465529485316562,-8.85629346870338,0.10916021716529976,0.06745985907358207,0.0,0.2920180200993416,0.46898463671017676,0.06237726695159984,13.68760897875698,0.4222299970036933,False
1032,19429.0,False,2511.5,1392540.15,46201.100000000006,0.1292753956370919,5975.477104146503,2,0.4546418497443237,наблюдается,0.2534360515025382,0.1669130917354605,-1.7498520422992467,0.1604618753732829,0.0,0.0,0.22456699183754728,0.4819828787577145,0.1329882540314553,11.497446934626964,0.40869929953279976,False
1033,19986.75,False,1891.0,1095598.0,48338.95,0.09460934196904744,4568.972990218737,2,0.3012548968495061,наблюдается,0.25593108064689873,0.19610271518168704,-4.864405665399977,0.0,0.02168164992067689,0.03225806451612903,0.16208355367530408,0.6417239555790587,0.14225277630883126,12.308212247631612,0.5059438700661055,False
1034,15791.75,False,1953.5,1303232.2000000002,55664.3,0.12368369672160894,6877.5179379190195,2,0.0,структурный ноль,0.2701223391281236,0.18932500907739008,-5.933868344165984,0.004607115433836704,0.0,0.11261837727156386,0.3114921934988482,0.5162528794471462,0.05502943434860508,9.071140301471873,0.8751107958956119,False
1035,37901.25,False,3867.5,1965092.45,42447.95,0.10202794551687065,4322.057164204537,2,0.3844957591411216,наблюдается,0.20898211959656768,0.2021265878868142,-10.65703805036574,0.11868131868131868,0.060892049127343244,0.0,0.22611506140917906,0.5661279896574014,0.028183581124757606,7.50369610581365,0.6090831918505942,False
1036,14076.0,False,1784.0,894191.6000000001,41828.35,0.12673220442955907,5296.784331675205,2,0.41343060766290435,наблюдается,0.34919770489915986,0.13806351910491305,-10.277148967007001,0.13004484304932734,0.026625560538116592,0.0,0.29035874439461884,0.49187219730941706,0.06109865470852016,11.13731313342753,0.9143518518518519,False
1037,33195.5,False,3629.5,2431334.7,55666.149999999994,0.10936820785265984,6109.6757010982365,2,0.32529964449871884,наблюдается,0.23872443990618913,0.19400581150815877,-12.716110655846622,0.0703953712632594,0.23240115718418514,0.033062405289984845,0.20016531202644994,0.45653671304587407,0.007439041190246631,9.181928667316855,0.6268212828740855,False
1038,21801.25,False,2042.0,1055486.8,43111.75,0.09366505133346867,4037.48113756131,2,0.3885060016817898,наблюдается,0.29116706308470675,0.13761126063339785,-3.9349689567216815,0.0,0.116307541625857,0.0,0.15842311459353575,0.6802154750244858,0.045053868756121496,11.404007337654173,0.39687456103650515,False
1039,61379.0,False,6209.0,4434722.6,59535.700000000004,0.10115846744812998,6020.874352677356,2,0.49923335647973727,наблюдается,0.26252673657919834,0.14864371496931228,2.2161319018888888,0.10694153647930424,0.36302142051860203,0.0,0.1490578192945724,0.373892736350459,0.00708648735706241,7.612527617166133,0.6596977425030878,False
1040,16628.25,False,1750.5,891519.6000000001,42493.2,0.10526790292181085,4469.340917772413,2,0.0,структурный ноль,0.24554859562061904,0.22285493609341767,-8.349253275480162,0.11853756069694373,0.006569551556698086,0.0,0.11282490716938018,0.7043701799485861,0.057697800628391915,11.998186128086225,0.5818269767077995,False
1041,32904.25,False,4815.5,2244913.15,38839.65,0.14634867067650886,5685.125086224978,2,0.5693910880333544,наблюдается,0.24585473131539082,0.15134996912766946,10.263349701618067,0.046931782784757556,0.19323019416467657,0.0015574706676357594,0.22801370574187518,0.5236216384591423,0.00664520818191261,9.124844411041792,0.42366377557632395,False
1042,23392.0,False,1836.5,1090096.2,49492.95,0.07850764899336234,3885.198479399739,2,0.0,структурный ноль,0.28995756002797024,0.1638196259137454,-2.746090649011515,0.21726109447318268,0.03974952355023142,0.0,0.19901987476177513,0.3882384971413014,0.15573101007350942,5.135277063448809,0.6386215017376989,False
1043,13709.0,False,1285.0,621089.8999999999,40149.45,0.09375960315275038,3777.590433588436,2,0.0,структурный ноль,0.26088051454924216,0.1638295200452484,-0.19688459800093683,0.0,0.0245136186770428,0.0,0.08599221789883268,0.47198443579766536,0.4175097276264592,5.105989420775799,0.8702608858858859,False
1044,12980.5,False,1604.0,845214.7,43953.75,0.123567719871441,5428.734737585923,2,0.26267722160181295,наблюдается,0.26336756556681284,0.17547867029687952,-4.529073224269043,0.1589775561097257,0.021820448877805487,0.0,0.20074812967581046,0.53428927680798,0.08416458852867836,13.269465689359365,0.7930962830000157,False
1045,318127.0,False,83023.5,68987842.4,69220.15,0.26097629441050463,18071.66125211874,2,0.9798181602263467,наблюдается,0.229751631747401,0.20195209265388853,-0.5151420323356625,0.015320963341704456,0.19764283606448776,0.04125940245834011,0.33810306720386396,0.40766770854035306,6.022391250581904e-06,10.304061312855065,0.43667090555079513,False
1046,299195.0,False,84570.5,90911432.35,89446.54999999999,0.282670819467755,25328.969680207774,2,1.0,наблюдается,0.23491120726481918,0.19836823168220602,-3.4014211192961934,0.0025186087347242835,0.4654991988932311,0.03705192709041569,0.2493245280564736,0.24524509137346948,0.00036064585168593677,9.319655380426859,0.2470860133950389,False
1047,18802.25,False,4606.0,3682663.0,66739.15,0.24495260781725534,16330.23408892435,2,0.6210967878831054,наблюдается,0.27943727368666005,0.18013920312965281,-1.9618093812080089,0.06752062527138515,0.06610942249240122,0.0,0.5332175423360833,0.3211029092488059,0.012049500651324374,12.937793174712585,0.33860807761418565,False
1048,9494.5,False,1163.0,701517.55,50296.7,0.1224912539648127,6161.4180742256085,2,0.0,структурный ноль,0.3128748448709622,0.19176971402623766,-3.4135806429105044,0.0,0.0,0.0,0.07179707652622527,0.6104901117798797,0.3177128116938951,16.40110273341626,0.544054302900091,False
1049,13250.0,False,2875.0,1860427.05,53960.25,0.21698763377176644,11710.9254907693,2,0.6084611552396234,наблюдается,0.32503442729222964,0.15946759476291683,-4.154993667560411,0.13478260869565217,0.2137391304347826,0.0,0.08452173913043479,0.47443478260869565,0.09252173913043482,13.391447478411537,0.5396681551026012,False
1050,6021.5,False,992.0,605904.1000000001,51078.5,0.1646999283969661,8392.586772893063,2,0.0,структурный ноль,0.3697945026060851,0.16631927672578523,-4.2428120291330975,0.15423387096774194,0.05342741935483871,0.0,0.1844758064516129,0.5272177419354839,0.08064516129032251,13.951844434090713,0.5864993215739485,False
1051,49256.0,False,9871.5,6120037.3,51674.45,0.2004147638125387,10358.058655132534,2,0.69343822194483,наблюдается,0.2806633410766879,0.17822462414492785,-3.29213182505819,0.06306032517854429,0.2175454591500785,0.0,0.18558476422022996,0.5133971534214659,0.020412298029681364,13.504604873135571,0.5341610252563445,False
1052,12426.0,False,1819.0,1055590.9,48393.95,0.14637730425380693,7080.3372520121675,2,0.0,структурный ноль,0.282137853467547,0.19554666885079408,0.07989112328848577,0.09125893347993402,0.08878504672897196,0.0,0.2361187465640462,0.5274876305662451,0.05634964266080267,13.118055173084574,0.48507462686567165,False
1053,13634.5,False,1627.0,1098974.7000000002,56316.05,0.1193322502178577,6721.486476379262,2,0.4389855221560944,наблюдается,0.30254723508707804,0.14098592276907312,-2.314611506531904,0.07805777504609711,0.0,0.0,0.2661339889366933,0.465580823601721,0.19022741241548857,10.43244383268378,0.15499865588640468,False
1054,52229.75,False,7540.5,5204162.1,57576.05,0.14436709336935938,8305.90835415897,2,0.0,структурный ноль,0.2462497796734528,0.19827870739944736,-4.265582020235717,0.36608978184470525,0.07996817187189179,0.0,0.19057091704794113,0.3583979842185531,0.004973145016908598,6.026510174827941,0.7029661665038888,False
1055,21931.0,False,5019.0,3876602.2,64351.45,0.22886412795881536,14739.854717437789,2,0.46488263424440524,наблюдается,0.2688296190026424,0.18683726509026477,-1.8580281309286155,0.29537756525204223,0.05538951982466627,0.019924287706714484,0.22345088663080295,0.3093245666467424,0.0965331739390316,12.283764298544616,0.29500968367137886,False
1056,31699.0,False,7407.5,5834911.6,65770.3,0.2336571105470712,15343.944117331004,2,0.6187564344780626,наблюдается,0.2548432640322348,0.18410397575209228,-1.1524438771676873,0.15086061424232197,0.2106648666891664,0.04373945325683429,0.3286533918326021,0.2626392170097874,0.0034424569692879103,9.644761567781494,0.4913049862189823,False
1057,16423.5,False,2739.0,2245670.0999999996,68561.5,0.1667481829131236,11395.0435486947,2,0.8172659263094805,наблюдается,0.28373635027327315,0.1762888682615148,6.75229315732009,0.04947060971157357,0.2842278203723987,0.0,0.2185104052573932,0.38627236217597666,0.06151880248265784,10.480071009804144,0.44169281155124085,False
1058,13989.75,False,2685.0,1651154.0,51288.649999999994,0.19191951655034062,9839.10094503229,2,0.5036022695595802,наблюдается,0.31350887232423974,0.15490630242776582,6.491393804412563,0.11191806331471137,0.044506517690875234,0.0,0.31992551210428305,0.4962756052141527,0.027374301675977653,11.374477029816187,0.4857008028588311,False
1059,14277.5,False,1655.5,881811.55,44441.350000000006,0.11594291984632674,5148.944323170446,2,0.0,структурный ноль,0.28446108497898015,0.18727095878752076,-3.3068148058192057,0.0,0.0,0.0,0.16339474479009364,0.584717607973422,0.2518876472364844,14.2885384757305,0.5117971699626946,False
1060,4831.5,False,815.0,462503.65,47293.35,0.16870470389709072,7984.194375216033,2,0.0,структурный ноль,0.3116886908055873,0.15575239471393745,-1.237484566127515,0.2067484662576687,0.07791411042944785,0.0,0.048466257668711654,0.5122699386503068,0.15460122699386503,9.289985327365798,0.7052671370967742,False
1061,18629.25,False,2569.0,1372850.1,44673.95,0.13787247137214648,6142.872136196801,2,0.4061176752382236,наблюдается,0.23787870832344063,0.19104419943832956,-0.4024859452822163,0.1268976255352277,0.0653950953678474,0.0,0.11950175165434021,0.5297781237835734,0.1584274036590113,14.56163430374092,0.7790317104711159,False
1062,8422.75,False,1758.0,1442101.4500000002,68408.55,0.208703594699364,14270.936207020795,2,0.0,структурный ноль,0.28768296036623,0.1944081652144228,-3.73022333036326,0.0,0.03299203640500569,0.0,0.5113765642775882,0.3768486916951081,0.078782707622298,13.9042287103917,0.5649086818184439,False
1063,44635.75,False,10014.5,6705149.25,55779.3,0.2243712274114308,12524.33543050443,2,0.8500319196652725,наблюдается,0.24046175464464126,0.1942594013836837,-3.043632414454665,0.015327774726646363,0.4365170502770982,0.0,0.14134504967796696,0.40076888511658093,0.006041240201707598,7.665535819327774,0.5259424855518557,False
1064,7984.75,False,1201.0,794434.8,55267.45,0.1503788225911612,8292.13360516927,2,0.0,структурный ноль,0.3053307082501937,0.1552859829732768,-4.053981988947494,0.17693588676103247,0.059533721898417984,0.0,0.08825978351373855,0.49916736053288924,0.17610324729392168,10.629189830246744,0.9116574456692662,False
1065,10368.0,False,1381.0,827349.3999999999,49976.85,0.13319292654730863,6652.098614651789,2,0.0,структурный ноль,0.30860685418997014,0.19350119896567913,1.4773152178339668,0.057566980448950034,0.08399710354815351,0.0,0.15821868211440984,0.6585807385952208,0.04163649529326574,12.829115732872857,0.45369773247347617,False
1066,21928.0,False,4239.5,2966636.7,58390.25,0.19332913462932153,11276.2498674728,2,0.3943621448772578,наблюдается,0.2624271113525859,0.1825922442074851,1.1390949934210621,0.1376341549711051,0.1155796674136101,0.0,0.3173723316428824,0.404410897511499,0.02500294846090334,20.40757350952344,0.1916090811738297,False
1067,7272.75,False,839.5,503920.65,50011.3,0.11543898413865257,5777.087013856806,2,0.0,структурный ноль,0.33507929177224305,0.15222746667333206,1.7707608162414252,0.052412150089338895,0.048243001786777845,0.0,0.2608695652173913,0.5765336509827278,0.06194163192376423,11.032636763601063,1.0,False
1068,15160.25,False,1911.0,1095156.85,47811.8,0.12604650414304097,6021.456974844752,2,0.5006384322482638,наблюдается,0.30541729714029964,0.1654668755047938,-1.9624291623316745,0.046049188906331764,0.11433804290947149,0.0,0.0999476713762428,0.6514913657770801,0.08817373103087389,13.442916479533148,0.4116753824743319,False
1069,12805.5,False,2141.5,1331473.5,51870.75,0.16722653486108247,8669.809554082398,2,0.648208741208732,наблюдается,0.32354224879654403,0.15183122767426271,2.888414084422596,0.0,0.11160401587672192,0.0,0.23721690403922485,0.46416063506887695,0.18701844501517628,9.525711334354071,0.5376047600292644,False
1070,10920.0,False,2022.0,1454410.0,59953.2,0.18517315526984335,11108.833617714368,2,0.7480572811298591,наблюдается,0.29975092756093086,0.179135601993206,-2.420684684840619,0.0,0.4228486646884273,0.0,0.1414441147378833,0.3548466864490603,0.08086053412462912,13.58797650517907,0.46413591216709676,False
1071,39233.5,False,3769.5,3215132.2,71128.35,0.09607900528969937,6828.739383356258,2,0.0,структурный ноль,0.30491812175568445,0.15975922174014806,8.281804321480124,0.12083830746783393,0.10173763098554185,0.0,0.33731264093381086,0.3574744661095636,0.0826369545032497,6.837351537945598,0.6119640152071116,False
1072,28836.0,False,7384.5,5203910.55,58920.399999999994,0.2560678182516956,15040.746824180678,2,0.5538922014539976,наблюдается,0.2489490052623996,0.17264002888291025,-3.468013031767049,0.08660031146319995,0.31958832690094113,0.0461778048615343,0.2071907373552712,0.33570316202857337,0.004739657390480101,10.208353258465392,0.49241882103998125,False
1073,1046641.75,False,259676.0,223544991.39999998,71707.95000000001,0.24810860279624836,17802.56160982047,2,1.0,наблюдается,0.2429091553807133,0.16609081325590297,-0.7559711014327641,0.005539595495925692,0.2204997766447419,0.01605462191346139,0.3975396263035475,0.35915332953372664,0.001213050108596958,7.610639134116804,0.09075946940194647,False
1074,67364.25,False,13034.0,7664049.45,49021.95,0.19348682650102722,9486.463980645389,2,0.8636931667270414,наблюдается,0.2731550514006076,0.1553836465605784,-10.144653290774448,0.0,0.33466318858370414,0.009551941077182753,0.15827834893355838,0.4665106644161424,0.030995856989412318,13.353505983527855,0.029220662670064974,False
1075,30510.75,False,12647.0,12884254.3,84873.25,0.41451048078468333,35191.85184057838,2,1.0,наблюдается,0.299127624658602,0.17549072585182035,9.154981196119758,0.0,0.4925674072902665,0.07242824385229699,0.22364987744129042,0.20918004269787302,0.0021744287182731137,19.837140275420378,0.14426074424177754,False
1076,34785.5,False,5789.0,3352354.75,48286.35,0.16641998002296216,8035.53556828753,2,0.4252522243105625,наблюдается,0.33925604510834695,0.1440516030667962,-0.7032557151019323,0.23674209708067023,0.1610813612022802,0.0,0.18215581274831577,0.40844705475902576,0.011573674209708118,12.26819716983632,0.49335321590530884,False
1077,48505.5,False,9984.5,6904033.2,57316.65,0.2058759230481999,11866.964651013774,2,0.4234788530595748,наблюдается,0.2836333789019476,0.1606577944965788,4.4365032606019295,0.2935550102659122,0.1534378286343833,0.013871500826280735,0.1686113475887626,0.3694726826581201,0.0010516300265410727,9.674265134700567,0.7957576743360739,False
1078,37179.5,False,4282.5,2357283.25,45952.35,0.11517879140818002,5284.652851772023,2,0.38182983431056966,наблюдается,0.24789588378824579,0.1712977978273732,-3.1491932857692477,0.034442498540572096,0.1290134267367192,0.0,0.234559252772913,0.5468768242848804,0.055107997664915365,10.264549108612222,0.015519398478552042,False
1079,42408.25,False,5789.5,3213544.3,46305.6,0.1365122443334933,6317.044522998929,2,0.6294410860942784,наблюдается,0.29178432698158585,0.14179152377217774,-5.513851852662582,0.15839018913550393,0.15502202262716988,0.009672683305984973,0.1606356334743933,0.5117022195353658,0.004577251921582093,10.381683429611545,0.38383211451188765,False
1080,18146.75,False,2713.0,1601175.2,49209.25,0.14950128809530353,7355.611992203633,2,0.0,структурный ноль,0.3301421904737248,0.14083507352589852,4.719175597248907,0.3005897530409141,0.06634721710283818,0.0,0.09675635827497235,0.5191669738297088,0.01713969775156654,14.61927597188516,0.42548069891078155,False
1081,22711.75,False,3427.0,2254341.45,54837.649999999994,0.1508906083701843,8273.190293164635,2,0.0,структурный ноль,0.30493738027257516,0.1529997391532934,5.989536299197869,0.1508608112051357,0.26831047563466587,0.0,0.2057192880070032,0.24482054274875986,0.13028888240443537,7.0888710756190365,0.5533216827720132,False
1082,14819.5,False,2155.5,1238217.75,47898.75,0.14544866918264907,6965.629520974633,2,0.0,структурный ноль,0.30979626980954367,0.1432429221985338,2.2123133642987454,0.2222222222222222,0.10020876826722339,0.0,0.10925539318023661,0.5465089306425424,0.021804685687775494,11.201316589988263,0.628194176296976,False
1083,28348.0,False,3610.5,2045017.2999999998,47162.8,0.1273706257697422,6014.333539405956,2,0.5156106571860355,наблюдается,0.31110724077637436,0.17389018566731443,5.641161887740708,0.10995706965794211,0.16895166874394127,0.0,0.12657526658357568,0.5808059825508932,0.01371001246364778,7.398982586384746,0.5199245408527697,False
1084,45511.5,False,6533.5,3811491.15,48564.100000000006,0.143582918398809,6984.839400945146,2,0.37031578667539894,наблюдается,0.3210382227322705,0.12298768294784185,-7.266239199014384,0.14004744776918956,0.22522384633045076,0.0,0.19545419759700008,0.4281778526058009,0.011096655697558688,13.586147919917487,0.32246672000464704,False
1085,16659.25,False,2612.5,1579321.15,50363.649999999994,0.15682852745059112,7904.910493313373,2,0.47465965703363616,наблюдается,0.30065848503808273,0.14686724764694928,0.8336005449523131,0.13339712918660288,0.03961722488038277,0.0,0.1726315789473684,0.26086124401913874,0.3934928229665071,10.361903694577343,0.43760229465014144,False
1086,30637.25,False,4216.0,2570739.6500000004,50861.149999999994,0.13760700540802445,6996.590989466937,2,0.33623079461529387,наблюдается,0.2949991855609192,0.14328986733825017,-7.162232569967437,0.17184535104364326,0.03806925996204934,0.0,0.3174810246679317,0.45493358633776093,0.017670777988614828,9.670457408290186,0.48734733578443173,False
1087,22751.75,False,2121.0,1447703.25,56861.05,0.09322709793126074,5303.819015490151,2,0.0,структурный ноль,0.3050432107349572,0.15197803257604614,5.375126561497801,0.0,0.03701084394153701,0.0,0.16525223950966525,0.5869872701555869,0.2107496463932108,8.741102366787954,0.09639977515529799,False
1088,94929.0,False,25279.5,18675702.0,61501.649999999994,0.26632141238270246,16404.206609348534,2,0.602004271399948,наблюдается,0.29572179085841743,0.1611256112723703,-4.4857874311387915,0.16260210842777745,0.26474020451353864,0.005636978579481398,0.31517632864574063,0.245633813959928,0.006210565873533858,13.217034635437685,0.29827633016381855,False
1089,17655.75,False,2243.5,1631780.4,60551.6,0.1270750422076622,7704.169983249264,2,0.0,структурный ноль,0.3502790031168074,0.129655013561911,9.353479675973526,0.3877869400490305,0.03989302429240027,0.0,0.0775573880098061,0.4495208379763762,0.04524180967238689,7.582350616910668,0.6189287526963583,False
1090,90272.75,False,11295.0,8389100.25,61569.25000000001,0.12506918158218677,7731.855042044355,2,0.0,структурный ноль,0.2616882174361857,0.1705917182446579,21.817946876793282,0.08114209827357238,0.16082337317397077,0.012527667109340416,0.3893758300132802,0.3544931385568836,0.0016378928729526843,8.76299801459806,0.2709822912650638,False
1091,34853.0,False,5419.0,3139174.4,48309.700000000004,0.1554818296856788,7510.825856307692,2,0.47236347938630957,наблюдается,0.30800709884315464,0.16046222662718557,-2.9466247849148193,0.16811219782247647,0.23878944454696438,0.0,0.12806790920834102,0.4546041705111644,0.010426277911053772,14.048494534035937,0.3485118202429053,False
1092,21119.5,False,3285.5,2058511.95,52181.5,0.15557374716843966,8125.7782884077005,2,0.14835101410407467,наблюдается,0.2729224782518528,0.1700531074379028,3.0485500037710436,0.15690153705676457,0.02587125247298737,0.0,0.09237558971237254,0.37482879318216406,0.35002282757571146,12.2576610113855,0.46642895684268754,False
1093,54083.25,False,7545.0,4670876.1,51615.3,0.13950558046936945,7199.59108986171,2,0.5702929744093231,наблюдается,0.3130181808340615,0.1293010642857158,-0.47893667997651596,0.12504970178926442,0.1750828363154407,0.0015241882041086812,0.20616302186878727,0.4646785950960901,0.027501656726308887,12.360676134425555,0.019976041982273308,False
1094,49352.5,False,11619.5,8246422.2,59073.5,0.2354644981361213,13935.825866461586,2,0.4387263768619402,наблюдается,0.3010740582180931,0.14863381996711322,-5.825173243606676,0.1754808726709411,0.1994922328843754,0.009983217866517492,0.18834717500753045,0.304100864925341,0.12259563664529449,10.779881276177843,0.2993696556810001,False
1095,23608.25,False,3261.0,1948491.9500000002,49911.9,0.13812118721194347,6879.710563283733,2,0.35389347704379737,наблюдается,0.2948895845135624,0.1345098266863834,2.6756494411171734,0.09076970254523152,0.20101195952161913,0.0,0.13845446182152715,0.5610242256976388,0.00873965041398339,8.672968046275841,0.23370499419279908,False
1096,16318.25,False,1336.5,731000.1499999999,45582.2,0.08190280141076006,3734.301553854366,2,0.0,структурный ноль,0.3431889403181557,0.13292378518526332,8.101868794109926,0.0,0.09053497942386832,0.0,0.09277964833520388,0.466142910587355,0.35054246165357283,9.927387357765184,0.5502642909314573,False
1097,30888.25,False,4372.0,2749874.8,52450.25,0.14154121908374823,7420.116901551801,2,0.5282413773503306,наблюдается,0.2918179516246643,0.1732556317418783,8.011315032945658,0.043458371454711806,0.2307868252516011,0.0019441903019213175,0.32090576395242454,0.39752973467520586,0.005375114364135403,8.243172045465881,0.0904466086807649,False
1098,22470.5,False,3533.0,2243072.6,52858.45,0.15724085790985357,8324.844855813837,2,0.25023422597110595,наблюдается,0.3046294415899121,0.1544775650744893,2.116042423817227,0.16685536371355789,0.31106708180016984,0.0,0.14067364845740163,0.36017548825360884,0.021228417775261743,12.40833780086564,0.05513913112613161,False
1099,40341.5,False,16401.5,14495157.0,73449.45,0.4065104405863279,29910.7020414285,2,0.20702790468631516,наблюдается,0.2784978504207632,0.17584480968222496,28.27796428826502,0.06587812090357589,0.3015577843489925,0.015425418406853032,0.4558424534341371,0.15900984666036644,0.0022863762460749726,11.93692387142279,0.516478962514504,False
1100,15023.75,False,1349.0,796933.75,49205.649999999994,0.08979700183630324,4422.772764497107,2,0.0,структурный ноль,0.30391885381622685,0.1659073898339356,3.1294670679494723,0.0,0.06041512231282432,0.0,0.13194959229058562,0.6186063750926613,0.18902891030392888,10.175479224047912,0.5577727369657215,False
1101,86848.0,False,17708.0,11645272.7,54845.85,0.20389183891654244,11177.704712986344,2,0.6902932155085528,наблюдается,0.2675319228276412,0.1604129789214188,-2.460167223318391,0.06931895188615315,0.34103230178450417,0.04918680822227242,0.2175570363677434,0.32194488366839846,0.0009600180709283812,12.463140057902946,0.14043863417450436,False
1102,67165.5,False,9791.0,6993562.05,59498.35,0.14577416777662672,8676.958651127665,2,0.583479129438355,наблюдается,0.2839149858785125,0.1533837445324368,10.022486133622003,0.06521295066898172,0.3213154938208559,0.0,0.2245429476049433,0.37560004085384535,0.013328567051373752,9.694330909525005,0.2345682729798772,False
1103,34234.0,False,4763.5,2742904.6,48010.350000000006,0.139144098215132,6679.404739793779,2,0.31840215118543963,наблюдается,0.3146085262522431,0.1482963345968063,2.1872029295378583,0.2757426262202162,0.05741576571848431,0.0,0.23701060144851474,0.42153878450719007,0.00829222210559466,11.976716088398812,0.37755102040816324,False
1104,16800.75,False,1862.5,1031986.15,46216.05,0.11085417084128996,5122.620890882607,2,0.0,структурный ноль,0.30063928583481836,0.13081687298781158,-9.078933163294428,0.11812080536912752,0.05395973154362416,0.0,0.10818791946308724,0.5785234899328859,0.1412080536912752,8.882785949611787,0.6709547276634433,False
1105,29909.75,False,4122.0,2669802.55,53952.75,0.13781436710244954,7438.278695629166,2,0.2661352292916974,наблюдается,0.3167357707912449,0.1495312813428224,17.30419842186584,0.13112566715186802,0.24041727316836486,0.0,0.11390101892285298,0.4724648229015041,0.042091217855410035,6.56560048448845,0.49996621621621623,False
1106,20184.75,False,3180.0,1830232.35,48081.35,0.15752495913417322,7559.885752339214,2,0.4823333660157077,наблюдается,0.3483132730259716,0.15302012047520386,1.5748806535754711,0.16525157232704402,0.28317610062893084,0.0,0.09764150943396227,0.44355345911949684,0.010377358490566091,11.426334077839842,0.6965175900868822,False
1107,358574.0,False,76665.5,51393597.65,55901.35,0.21380338930324233,11946.505026092433,2,1.0,наблюдается,0.2765801774831067,0.16144586632645447,3.22069700894563,0.003469618015926329,0.23947538332105053,0.001108712523886233,0.2853565162948132,0.4705962916826995,0.0,8.820596191925626,0.47916994192204887,False
1108,29621.0,False,4122.5,1765174.4500000002,35752.399999999994,0.13916147521021388,4968.493811569277,2,1.0,наблюдается,0.2959977175349499,0.16550433632700923,-3.4418956091674615,0.0,0.07653123104912068,0.0,0.1553668890236507,0.5657974530018193,0.2023044269254093,11.68243697182052,0.08151153532880692,False
1109,74907.0,False,11259.5,5658158.8,41800.25,0.15033461564877376,6298.496285836165,2,1.0,наблюдается,0.2860873846084664,0.15880590047861115,-5.741897471735339,0.0,0.29099871219858786,0.015853279452906436,0.176117944846574,0.49771304231981883,0.01931702118211287,15.454792550626637,0.8293941946488609,False
1110,30221.75,False,2749.0,1471501.25,44541.4,0.09097143982973359,4059.8459084544193,2,1.0,наблюдается,0.2231161165760858,0.1891593612323847,-7.947261504401183,0.0,0.32048017460894873,0.0,0.1345943979628956,0.4778101127682794,0.06711531465987619,8.260104629995764,0.5183963411385019,False
1111,30543.25,False,5387.5,2602637.5,40165.85,0.1764071769954597,7103.260513031122,2,1.0,наблюдается,0.2364304635043346,0.18668111124961992,-5.614937278504687,0.0,0.3077494199535963,0.0,0.14728538283062645,0.49707656612529,0.047888631090487355,11.902900047377276,0.5686541192217153,False
1112,53376.25,False,8774.0,5128607.15,48720.35,0.16438192172347738,8010.242596356689,2,1.0,наблюдается,0.2777595891584235,0.1576735205072569,-5.178576516608846,0.0,0.3567927968999316,0.0,0.13762252108502393,0.5033622065192614,0.0022224754957830273,9.07472807815178,0.010821982709895867,False
1113,15713.5,False,1274.0,542468.55,35529.95,0.08107440846149312,2879.445806554101,2,0.6486891839869292,наблюдается,0.29300779715407654,0.14222820964883354,-3.1514878969532143,0.0,0.03610675039246468,0.0,0.10086342229199372,0.41601255886970173,0.4470172684458399,7.9160285242526784,0.6570693393636524,False
1114,3936.75,False,318.0,133894.7,35162.6,0.08076533603557481,2835.4772105760044,2,0.3973383858947627,наблюдается,0.3161944471580753,0.12032835534980754,-7.925029196256818,0.0,0.0,0.0,0.09276729559748427,0.4638364779874214,0.44339622641509435,6.319186432851541,0.7426900584795321,False
1115,11922.0,False,1682.0,880278.6000000001,43745.7,0.14105682528418828,6157.3920415449065,2,0.5840306275706613,наблюдается,0.33104780719940285,0.14610708502671665,-12.317830465220078,0.2571343638525565,0.04191438763376932,0.0,0.1629013079667063,0.43608799048751484,0.10196195005945308,12.299276999501943,0.4695149087672452,False
1116,12155.25,False,1263.0,573318.75,37943.45,0.10388131801297429,3933.424299876012,2,0.6893820804581754,наблюдается,0.3466775872425586,0.14778434497006404,-7.541112097839422,0.0,0.10530482977038796,0.0,0.12311955661124308,0.684085510688836,0.08749010292953296,12.27529032110857,0.618551269881479,False
1117,40485.25,False,7764.0,5354310.35,57440.0,0.1917727535210935,11020.229023721633,2,0.0,структурный ноль,0.26391701897868497,0.16885327407018863,5.578916924240233,0.013652756311179804,0.3850463678516229,0.0,0.29140906749098405,0.2697063369397218,0.040185471406491424,6.123605088367634,0.6827844419452437,False
1118,7331.75,False,837.0,391719.8,39043.4,0.11416265734687882,4451.813421824004,2,0.4448001283273037,наблюдается,0.34593323603402115,0.1375514918647406,13.92521148785287,0.0,0.05017921146953405,0.0,0.13679808841099164,0.4743130227001195,0.33870967741935476,8.871194304855205,0.5102529049897471,False
1119,17413.0,False,4030.0,1997061.4,41213.1,0.23154359664562152,9566.404663291816,2,0.4467921037312639,наблюдается,0.3091805238618436,0.1380800389480505,-8.667453653502557,0.0,0.4094292803970223,0.0,0.041315136476426796,0.46042183622828786,0.08883374689826296,9.81456412352175,0.36065576342560923,False
1120,19497.75,False,1528.0,933150.0,50924.7,0.07836769410864891,3988.4997054672813,2,0.4307674902975356,наблюдается,0.3106182159904383,0.1335370947671585,13.489069666420498,0.0,0.23036649214659685,0.0,0.15215968586387435,0.5683900523560209,0.04908376963350791,6.898181024721178,0.5337316813419662,False
1121,14882.5,False,2799.5,1778238.1,53008.25,0.1881010734965962,9966.608972436814,2,0.4715779394020771,наблюдается,0.30916776230949056,0.17561722124278056,-5.087559897042465,0.0,0.06590462582604037,0.0,0.08180032148597964,0.3048758706911949,0.5474191819967851,9.42500203845938,0.6501588302372591,False
1122,7398.75,False,492.0,225806.90000000002,38281.65,0.06649560334882258,2544.651402746701,2,0.33528906732405606,наблюдается,0.36303961809095164,0.10728362022545196,-3.8424577235087543,0.0,0.0,0.0,0.09857723577235772,0.6961382113821138,0.2052845528455285,8.51555465233773,0.6326530612244898,False
1123,8507.0,False,1190.5,626495.3500000001,43833.6,0.13996456023492995,6144.75361758349,2,0.5229486272482352,наблюдается,0.33782213800046224,0.14428430812172588,-9.840225936900637,0.0,0.004619907601847963,0.0,0.20453590928181437,0.46745065098698024,0.3233935321293574,7.976709291998035,0.5666204166204166,False
1124,4750.25,False,558.5,265971.3,39898.25,0.11750411861523226,4666.820392253987,2,0.6240126978847396,наблюдается,0.37647637316557475,0.12926818062118758,-3.533121064748149,0.0,0.0,0.0,0.1432408236347359,0.6553267681289168,0.20143240823634734,14.36863807436929,0.5107317560147748,False
1125,21561.75,False,3121.0,1720162.7000000002,45934.35,0.1447510685912288,6651.003678695493,2,0.7350611257689909,наблюдается,0.27889235688021485,0.1707928927702187,1.8737158651589598,0.0,0.0868311438641461,0.0,0.19817366228772829,0.5490227491188722,0.16597244472925343,14.779926985088972,0.3247358185185775,False
1126,10537.5,False,1726.5,811289.2,39284.850000000006,0.1638070363073459,6419.325022985271,2,0.6243853792340032,наблюдается,0.3742218761334739,0.12958094437131468,4.962960947382743,0.08022009846510281,0.05531421951925861,0.0,0.12163336229365769,0.5893426006371272,0.15348971908485365,12.855389811426962,0.35472853407789756,False
1127,29846.75,False,4581.5,2255745.0,40338.35,0.1535742460427288,6303.322275328697,2,0.7924402360596879,наблюдается,0.2815207385732163,0.1764563916314551,-0.23620841734259057,0.0,0.44865218814798646,0.0,0.16206482593037214,0.3837171232129215,0.005565862708719838,10.15349121025338,0.3886701608412673,False
1128,9730.5,False,991.0,496877.64999999997,41815.6,0.10184538570864263,4258.834005373079,2,0.4653353886357156,наблюдается,0.3338981617786204,0.14027242038548743,-6.601788523233736,0.0,0.016145307769929364,0.0,0.14682139253279516,0.5408678102926338,0.2961654894046417,8.981468663041122,0.5917865125229517,False
1129,9980.75,False,583.0,266852.1,38152.95,0.05841307145166208,2230.4124903625716,2,0.1895848715186685,наблюдается,0.3108045206316613,0.1586734636574676,-15.477439560161972,0.0,0.09777015437392796,0.0,0.11921097770154374,0.5471698113207547,0.23584905660377364,6.163204566684217,0.717027417027417,False
1130,33589.5,False,5528.5,3317143.8499999996,50070.3,0.16458394425717632,8234.033250793238,2,0.8604058890301151,наблюдается,0.2941143765040456,0.16977637230629467,0.593701472811206,0.0,0.49299086551505833,0.0,0.07587953332730397,0.3345392059328932,0.09659039522474444,9.653544522125342,0.4511070974076378,False
1131,19223.5,False,1096.5,507851.5,38613.45,0.057040911412501186,2203.60109042957,2,0.119289220404775,наблюдается,0.2847381152661579,0.16227628155462615,-9.325227702811503,0.0,0.21158230734154126,0.0,0.0784313725490196,0.4518923848609211,0.2580939352485181,4.688567572708708,0.901382728307258,False
1132,19079.0,False,1982.0,1022689.8500000001,43048.6,0.10387818230881729,4468.543161781419,2,0.6573578060055202,наблюдается,0.2995303053503922,0.15051919449268092,-1.3274053103722503,0.0,0.004036326942482341,0.0,0.15388496468213925,0.7830474268415741,0.059031281533804325,6.646325580299161,0.600847391440175,False
1133,11467.5,False,1235.0,554114.1,37465.45,0.10767014194420779,4028.2011708750542,2,0.6466158457887584,наблюдается,0.33304203247752384,0.1266759840988204,-9.05230989257805,0.02388663967611336,0.0,0.0,0.15708502024291499,0.6684210526315789,0.15060728744939267,13.834658973738787,0.49836423118865864,False
1134,607415.25,False,191513.5,214042246.9,93086.9,0.3152992041217755,29370.79663001474,2,1.0,наблюдается,0.21767185906028158,0.1861751169918447,-7.545050840229796,0.032352810637370215,0.15255843582828366,0.027509810013393313,0.3939539510269511,0.3936328248400243,0.0,9.320004454488052,0.1590499959812485,False
1135,226300.25,False,51597.5,46077477.8,74542.5,0.2279885954796996,16987.766461247447,2,0.9660349727338039,наблюдается,0.22546488276869311,0.21025132792600126,0.03141237630330934,0.012006395658704394,0.35203255971704056,0.04838412713794273,0.22482678424342264,0.34619894374727456,0.01655118949561518,10.292098474873272,0.5749652576238904,False
1136,220200.75,False,48599.5,50357594.849999994,86331.8,0.22070772223105983,19060.431577636504,2,1.0,наблюдается,0.24295342632154074,0.18367296766795327,-0.42556603797920806,0.022675130402576158,0.33741087871274394,0.006316937417051615,0.24998199569954424,0.3830389201534995,0.0005761376145845265,8.662102861108055,0.20394179292751954,False
1137,29904.0,False,6442.0,5630986.05,72868.6,0.2154223962718484,15696.976506681574,2,1.0,наблюдается,0.1889170418968924,0.26319756422846097,-5.513685581200042,0.007916796026078858,0.1561626823967712,0.0,0.37930766842595465,0.4396150263893201,0.016997826761875112,13.882554429785449,0.3834775946942458,False
1138,35691.5,False,10883.5,8266938.15,63393.1,0.3049375612214852,19300.60015056833,2,1.0,наблюдается,0.25911935792983315,0.21292492615862896,7.610366659347467,0.08572609914090136,0.3542977902329214,0.003950934901456333,0.12670556346763448,0.4105756420269215,0.018743970230165052,12.991291368411668,0.27100275374610966,False
1139,37594.75,False,8559.0,6531343.85,63506.799999999996,0.22768794123855032,14481.222268624068,2,1.0,наблюдается,0.21016703188632718,0.23857904609184885,-5.317286642841923,0.009522140436966935,0.08347937843205983,0.04597499707909802,0.27935506484402384,0.5715036803364879,0.010164738871363488,12.382961710529512,0.3447927036538293,False
1140,72597.25,False,12618.5,9287989.9,61333.5,0.173823404381851,10666.851614885636,2,1.0,наблюдается,0.2393582442568603,0.2332143068521168,-6.070732911255304,0.006855014462891786,0.23588382137338035,0.001703847525458652,0.18338154297261958,0.5593771050441811,0.0127986686214685,21.505481152927977,0.10220215025551334,False
1141,77750.75,False,15653.5,15520662.149999999,82785.95000000001,0.20130132658834488,16636.90907037685,2,1.0,наблюдается,0.24259347744712936,0.20558214995272267,-2.7371657213193097,0.019771935988756508,0.34085028907273135,0.0245951384674354,0.20110518414412112,0.41358162711214747,9.58252148082206e-05,11.81375327673979,0.2992476966179753,False
1142,53153.5,False,11612.0,9012233.15,64692.2,0.2184608319888466,14131.756124283645,2,1.0,наблюдается,0.20785353314447186,0.25577064486539974,-0.8339159355824276,0.14601274543575612,0.09425594212883225,0.010075783672063382,0.22373406820530486,0.5136496727523252,0.012271787805718248,9.228049279254531,0.5041947913317706,False
1143,15250.75,False,2154.0,1455166.2999999998,56456.45,0.14122851840290856,7953.636649211593,2,1.0,наблюдается,0.23271411982091864,0.23990783134390337,-1.2497876858662158,0.0,0.38904363974001854,0.0,0.1532033426183844,0.3342618384401114,0.12349117920148567,11.79525984939557,0.4853834099515134,False
1144,8578.5,False,1324.5,939506.1499999999,59151.95,0.15439563732246658,9128.189985598521,2,0.0,структурный ноль,0.19156701505123142,0.25103763255029665,-3.568358101332884,0.04454511136277841,0.015477538693846734,0.0,0.10758776896942242,0.753114382785957,0.07927519818799544,12.049834915688574,0.45625431070636546,False
1145,12789.75,False,15742.5,28040487.65,148575.9,1.2308957808618373,182935.8098726222,2,0.9357504622076993,наблюдается,0.20588190317562305,0.25078114081941194,-46.84150830776284,0.611942194695887,0.07301889788788311,0.08670795616960457,0.1079879307606797,0.11002064475146896,0.010322375734476696,22.183522451965352,0.4468728352690206,False
1146,47233.0,False,9912.0,9773609.1,82180.2,0.20986063324435028,17252.322174469464,2,0.45010831292622006,наблюдается,0.23986123692205938,0.2186217588977017,-7.705068337733116,0.11183414043583535,0.1285815173527038,0.045601291364003226,0.29227199354318,0.4142453591606134,0.007465698143664268,10.31078055040461,0.8032162140218406,False
1147,9363.75,False,20756.5,30530754.200000003,122714.1,2.216710044290529,271710.82456031843,2,0.5900175304497844,наблюдается,0.17801244465477986,0.23892048778382777,46.58439344573737,0.1523378218871197,0.022643509262158842,0.7003589237106449,0.04482933057114639,0.04668417122347217,0.033146243345458126,12.027748088153,0.5750487402146559,False
1148,26228.0,False,4734.0,3405846.5,59973.95,0.18049335398027244,10823.867744335226,2,0.5154830851773674,наблюдается,0.1900157002540372,0.29380157224878767,-1.1882473787235694,0.020278833967046894,0.04383185466835657,0.0,0.1767004647232784,0.6511406844106464,0.10804816223067171,11.604516697828599,0.4162094981672694,False
1149,12068.25,False,2212.5,1525832.65,57522.25,0.18332665391067737,10539.170508686486,2,0.0,структурный ноль,0.21572978303747534,0.2485207100591716,,0.0,0.017627118644067796,0.0,0.11389830508474576,0.4533333333333333,0.41514124293785315,9.314793628326871,0.8808621933621934,False
1150,168363.25,False,12189.5,8887386.3,60660.95,0.07239319009065047,4394.974037046742,2,0.259581879502032,наблюдается,0.16880589799371526,0.23553299492385787,,0.027810820788383445,0.08335042454571558,0.02391402436523237,0.23019812133393494,0.633249928216908,0.001476680749825654,9.17701108939287,0.6334460080850141,False
1151,14961.5,False,10740.0,14227294.7,110974.04999999999,0.717694934094763,79256.08339337082,2,0.6394103461010247,наблюдается,0.21250641531787062,0.2159994270600801,-8.327532220511754,0.0979050279329609,0.12346368715083798,0.4179702048417132,0.2127094972067039,0.14660148975791434,0.0013500931098696656,18.81537070662211,0.9044633605748803,False
1152,3010.25,False,7301.0,12362461.899999999,140200.9,2.425972521105777,342424.19243755634,2,0.0,структурный ноль,0.239506982046167,0.22595720893526536,-5.33672255679628,0.5578003013285852,0.021572387344199424,0.10299958909738392,0.22839337077112723,0.07211340912203808,0.017120942336666167,19.26744330408873,0.9524797570850202,False
1153,15037.25,False,2688.5,1903203.3,58997.399999999994,0.17878933617334256,10549.915587092994,2,0.42022348587101993,наблюдается,0.2309833170677445,0.27900711292173913,-2.262104383320534,0.054119397433513114,0.044820531895108796,0.0,0.16812348893435,0.7247535800632323,0.00818300167379582,15.353783495499771,0.7140237016415766,False
1154,15878.25,False,7313.5,9408762.45,107557.4,0.46057036125850137,49384.38018099303,2,0.7891210048695775,наблюдается,0.21753852143266944,0.23280356877244426,1.3223922168850564,0.1862993094961373,0.06043617966773775,0.1951186162576058,0.2563068298352362,0.25979353250837495,0.042045532234908034,16.436281587895653,0.7996584953475809,False
1155,26890.75,False,4050.5,2753233.3,56675.7,0.1506255582623523,8535.838860990732,2,0.3641355919574538,наблюдается,0.1992096746608675,0.26677268581467883,-9.130450905952124,0.08813726700407357,0.029132205900506112,0.0,0.16602888532279966,0.6947290457968152,0.021972595975805476,12.962312762186253,0.7247423606903087,False
1156,3163.25,False,880.5,950725.25,89970.70000000001,0.27837307164790503,25063.074953705058,2,0.9587052543738923,наблюдается,0.24949437572595928,0.23125261580471168,-10.75644904009182,0.04997160704145372,0.06246450880181715,0.0,0.131175468483816,0.4645088018171493,0.2918796138557638,16.0005654592126,0.923682770481551,False
1157,41870.25,False,12950.5,13484961.2,86863.0,0.3092835664358593,26852.34718373489,2,0.8495232063651077,наблюдается,0.24508096310512295,0.2265206733496521,-7.258743641843048,0.0894560055596309,0.17532141616153815,0.0017759932048955639,0.20196131423497163,0.30767151847419016,0.22381375236477363,14.632366079506083,0.5733392407714132,False
1158,51680.75,False,13268.5,10923198.8,68702.3,0.2567193485403074,17620.211424519803,2,0.7444151709585008,наблюдается,0.22243748957918574,0.23877842518948364,-4.814371242557994,0.035233824471492634,0.1699137053924709,0.021743226438557486,0.31450427704714173,0.4575875193126578,0.0010174473376796112,11.438319073515224,0.7151776697523726,False
1159,10471.5,False,1276.5,888122.4,58010.24999999999,0.12190233161704789,7067.755307035082,2,0.0,структурный ноль,0.20097523663830194,0.25709914905822734,,0.07128867998433217,0.03211907559733647,0.0,0.1797884841363102,0.709361535448492,0.007442224833529076,17.36855762785923,0.7487533176149248,False
1160,38432.75,False,7975.0,6613214.8,69175.3,0.20749990761253706,14341.808595041308,2,0.8867284620184104,наблюдается,0.25253685105399376,0.22452094365479913,-0.6709055710543435,0.04996865203761756,0.08357366771159874,0.06407523510971787,0.3895924764890282,0.4123510971786834,0.0004388714733540855,13.400111367302326,0.36813962054656113,False
1161,69751.5,False,17307.5,16596594.25,79858.75,0.24815756502676234,19841.973858462352,2,0.7810469969515726,наблюдается,0.20421959313912139,0.23774916333015242,-6.9527490821954165,0.015137945977177525,0.1917665751841687,0.029842553806153402,0.3458616206846743,0.41060234002600027,0.006788964321825852,11.808776430745166,0.5674228344993923,False
1162,19146.75,False,4163.5,3464327.35,69288.20000000001,0.21748288786436157,15088.670268889877,2,0.0,структурный ноль,0.2308206255634643,0.2525157904268035,-8.749552568426981,0.3501861414675153,0.023778071334214,0.0,0.17233097153836915,0.35042632400624474,0.10327849165365677,8.617260445667453,0.9017380075105943,False
1163,47844.5,False,8269.0,7399729.2,74653.45,0.17282714086874493,12897.126152093617,2,0.5562686837717133,наблюдается,0.20999462876502914,0.23806966078585298,,0.22795985004232677,0.11222638771314548,0.0396057564397146,0.24658362558955133,0.3298464143185391,0.04377796589672278,6.646765368253848,0.7340901489093938,False
1164,12808.25,True,4156.5,5316024.4,106652.20000000001,0.32450726018481857,34597.99696328117,2,0.4456997423247173,наблюдается,0.26295041904941685,0.20956617603837183,-10.577422673877418,0.4893540238181162,0.03163719475520269,0.0,0.15108865632142426,0.18898111391795983,0.138939011187297,7.573045703011334,0.9160469667318982,False
1165,41908.75,False,33951.0,50225511.05,122911.65,0.8102286317007632,99919.28828588736,2,0.903294314562252,наблюдается,0.22281304409204272,0.21613100559973647,,0.31873877058113165,0.11912756619834468,0.2372389620335189,0.2074902064740361,0.11737504049954346,2.9454213425150755e-05,18.253302629897988,0.3159749523971128,False
1166,13268.5,False,2063.0,1369681.75,55352.0,0.15547814510748437,8604.069760560695,2,0.0,структурный ноль,0.19309252522415568,0.2684875139964876,-5.443248345178351,0.06374212312166748,0.029083858458555503,0.0,0.09355307804168686,0.7491517207949588,0.06446921958313134,13.217467873182471,0.5925676754815062,False
1167,28167.0,False,3506.5,2501738.15,59480.45,0.12448813710933772,7402.9890278360535,2,0.26201399094485417,наблюдается,0.21966194996294858,0.2629591728713081,,0.0,0.0691572793383716,0.0,0.14815342934550121,0.4853842863253957,0.29730500499073154,9.0666314001626,0.7020936953891652,False
1168,26593.25,True,5013.0,3596821.65,59848.90000000001,0.18849772816207283,11274.761490469773,2,0.7617696958636235,наблюдается,0.25272855081579043,0.2520625994302416,,0.036106124077398764,0.11001396369439458,0.0,0.22571314582086574,0.6157989228007181,0.012367843606622797,13.91433632876937,0.47038458146945855,False
1169,63707.5,False,12411.5,12175793.850000001,81703.85,0.19482749724617854,15932.135904130862,2,0.6388256388292466,наблюдается,0.23153008613841336,0.21436470973068117,,0.008983603915723322,0.430366998348306,0.03186560850823833,0.18096120533376303,0.3468154534101438,0.0010071304838255024,8.600405093192744,0.26371231915851484,False
1170,22242.75,False,3180.5,2206962.75,57890.2,0.14298887663810278,8268.799565706757,2,0.0,структурный ноль,0.16814891857903883,0.27403105851754644,4.404388956416443,0.010061311114604623,0.024052821883351675,0.0,0.12482314101556359,0.7827385631190065,0.05832416286747366,8.564664384272415,0.9721695905792604,False
1171,11538.5,False,1599.5,1140301.75,59431.45,0.13862165407894228,8237.16365145039,2,0.0,структурный ноль,0.18572053311347475,0.27314649714870887,-3.992627140430422,0.006564551422319475,0.03344795248515161,0.0,0.12222569552985307,0.8161925601750547,0.02156924038762109,10.790407556930623,0.5483838882715287,False
1172,25130.25,False,3123.5,2094222.6,55915.65,0.12429312151532618,6944.253000418903,2,0.0,структурный ноль,0.17284619754544886,0.28594337128181296,0.4974562821910137,0.026572754922362735,0.024491756042900593,0.0,0.10100848407235473,0.811269409316472,0.03665759564590998,9.475684853376485,0.5921699495021413,False
1173,14877.0,False,2352.0,1642882.35,58202.0,0.1581016052270623,9206.613676813868,2,0.0,структурный ноль,0.16813293244515404,0.2961246874989847,-7.229639985453551,0.06866496598639456,0.01913265306122449,0.0,0.06823979591836735,0.6915391156462585,0.15242346938775508,9.569208785068218,0.5874748634288272,False
1174,20723.25,False,2535.0,1755451.65,57714.350000000006,0.12232670395021814,7060.172308825708,2,0.0,структурный ноль,0.15524086853960523,0.3095594556001497,-6.663507756840438,0.022879684418145956,0.03333333333333333,0.0,0.12268244575936883,0.8191321499013807,0.0019723865877712132,8.402371927130629,0.7579564029105736,False
1175,29594.5,False,5970.5,3964690.9,55331.399999999994,0.20174342088955383,11163.071523141874,2,0.0,структурный ноль,0.18294617522947057,0.2760329434680787,2.778096513554582,0.03885771710911984,0.12402646344527259,0.0,0.16874633615275103,0.6660246210535131,0.0023448622393433816,12.798010823460583,0.5291856887492602,False
1176,489398.25,False,114725.0,102001732.30000001,74048.40000000001,0.23442146324698077,17369.413497875885,2,1.0,наблюдается,0.24330824062062578,0.17441696118722516,3.376447554825057,0.019947701024188275,0.1969579429069514,0.0329396382654173,0.34365221181085204,0.4065155807365439,0.0,8.480579269410333,0.3102120499585831,False
1177,3728.0,False,356.5,220699.75,51369.7,0.09563451007446488,4934.243883400433,2,0.9761798636505481,наблюдается,0.25637257452290596,0.1922199948403838,6.562960426178785,0.0,0.0,0.0,0.06030855539971949,0.5511921458625526,0.3884992987377279,7.577713389426461,0.2631578947368421,False
1178,8453.75,False,581.0,357621.55,51277.05,0.06872894700315224,3526.530988286274,2,0.9747593216480078,наблюдается,0.24112116308432063,0.16496993412956834,5.2348744614425895,0.0,0.2289156626506024,0.0,0.13941480206540446,0.42512908777969016,0.206540447504303,12.18408790083335,0.373134328358209,False
1179,12844.5,False,2042.5,1605096.9500000002,65374.350000000006,0.15903322996265912,10419.222684877052,2,1.0,наблюдается,0.27134837897533637,0.179147106168756,11.446580239898891,0.0,0.24332925336597308,0.0,0.09645042839657282,0.5686658506731946,0.09155446756425945,13.956927635235925,0.24265991361579597,False
1180,27478.5,False,5925.5,6890797.85,96057.5,0.215684791439127,20906.264314884582,2,0.7612762602530466,наблюдается,0.2577360622947781,0.1612593829100735,3.7156663306987325,0.0,0.44755716817146235,0.0038815289848957895,0.32258881107079573,0.1971985486456839,0.028773943127162194,10.249462336520315,0.2760846103008612,False
1181,38458.0,False,5822.5,3811048.5,54557.2,0.15139895895577657,8260.274550624381,2,1.0,наблюдается,0.2524701100277498,0.14458452230524804,3.678414036556671,0.0,0.3550021468441391,0.0,0.11318162301416917,0.44147702876771144,0.09033920137398033,9.468321049660146,0.3399711823624867,False
1182,7211.75,False,1449.5,1456036.75,83614.04999999999,0.20099621042359722,16826.749226054235,2,0.9065173243123694,наблюдается,0.21767509580377858,0.14753862438878507,0.004713609962183241,0.0,0.0,0.0,0.04035874439461883,0.12176612625043118,0.83787512935495,13.20871465097079,0.38461500853628716,False
1183,32997.75,False,4322.5,3042314.95,58530.0,0.1309894272749279,7681.951041227534,2,0.19436477427242574,наблюдается,0.22325798688645776,0.18630908441603833,4.036360561919976,0.0264893001735107,0.4611914401388086,0.0,0.05772122614227877,0.4254482359745518,0.029149797570850122,5.148083244497082,0.6448007560707789,False
1184,29275.0,False,7289.5,3990953.35,45640.200000000004,0.24900651955407935,11358.185895848244,2,0.9788076401707789,наблюдается,0.23100641793524757,0.17850798542155866,8.806989224907012,0.0,0.10460251046025104,0.0,0.11008985527128061,0.7014884422799917,0.08381919198847654,12.403423012728561,0.20452853214399078,False
1185,28977.5,False,2827.5,1797749.75,52982.95,0.09757775246666946,5171.328044120094,2,0.4794953485361994,наблюдается,0.23500213673038564,0.16481417598246334,-5.909383482287821,0.0,0.181078691423519,0.0,0.12060123784261716,0.5407603890362511,0.1575596816976127,10.417956784827673,0.3737784292762052,False
1186,110190.0,False,11123.0,9476229.2,70914.5,0.10094253827090963,7159.01255503062,2,0.25808082553480444,наблюдается,0.18613192698093273,0.1922269465904492,27.76387389435685,0.04023195181156163,0.2407174323473883,0.008990380293086398,0.36249213341724357,0.29951451946417335,0.04805358266654669,8.074385895208618,0.3455986142698799,False
1187,37413.0,False,5096.5,2960309.0,48493.45,0.13621788805382706,6595.198040929089,2,0.7690066623218371,наблюдается,0.21583603994667444,0.17405343239594473,-1.6046889881948476,0.02305503777101933,0.2188756990091239,0.0,0.11674678701069362,0.562641028156578,0.07868144805258515,12.298898704666312,0.30514854985018924,False
1188,39500.0,False,5886.5,4962052.75,70258.9,0.1490277325236956,10467.039615838668,2,0.43393644290391253,наблюдается,0.2532577232998288,0.1669320612517331,20.104633042924974,0.008918712307822985,0.23494436422322262,0.18814235963645629,0.1936634672555848,0.34816954047396587,0.02616155610294746,12.132644682911778,0.47897569476316654,False
1189,10831.25,False,803.0,570554.35,59067.5,0.07416933857093871,4393.59801905474,2,0.30569911030623925,наблюдается,0.24073541892246342,0.18446971725200462,-4.645826176840048,0.019925280199252802,0.029887920298879204,0.0,0.06787048567870485,0.5896637608966376,0.2926525529265255,11.657425772967247,0.5542490906708999,False
1190,21107.5,False,3590.0,2608624.95,60533.600000000006,0.17008576839821782,10292.2582684515,2,0.8085982295702275,наблюдается,0.2968751296006922,0.1500925472778201,25.78374391060202,0.0,0.00947075208913649,0.04331476323119777,0.14818941504178273,0.6701949860724234,0.12883008356545955,25.602363191339332,0.18039138270134558,False
1191,15252.0,False,1775.0,1204787.1,56207.55,0.11644190014360442,6589.828982179923,2,0.5977213354013058,наблюдается,0.27265621056747213,0.19509249596023182,0.9039470972132362,0.06394366197183099,0.08873239436619719,0.0,0.18788732394366198,0.5659154929577465,0.09352112676056334,10.490887531054058,0.4144144144144144,False
1192,11623.0,False,1629.5,1104851.5499999998,56311.149999999994,0.14023999625261768,7929.608188357935,2,0.28559373563395024,наблюдается,0.2407658650368284,0.1903153904599561,-2.642640816107794,0.2804541270328322,0.02332003682111077,0.005523166615526235,0.08806382325866831,0.5250076710647438,0.07763117520711882,10.731194872288183,0.6911739255489255,False
1193,12539.5,False,1347.0,860848.1499999999,53472.8,0.10738450796584534,5721.20593652304,2,0.34388590332141894,наблюдается,0.2272121621353788,0.19874467207356128,2.6027199779696004,0.46547884187082406,0.0,0.0,0.026726057906458798,0.40014847809948034,0.10764662212323683,7.97507363213543,0.5838738738738738,False
1194,16991.75,False,1674.0,1077618.4,53337.05,0.0985427290445493,5289.769619707746,2,0.4074686850388902,наблюдается,0.24127418482008595,0.18880987186882103,3.8236654511004913,0.07974910394265233,0.09647550776583035,0.0,0.09259259259259259,0.6000597371565114,0.13112305854241335,11.799181422476316,0.48345833891842005,False
1195,18054.5,False,2717.0,2134566.95,65485.65,0.15048961538744254,9856.230052225525,2,0.21667989350650194,наблюдается,0.22566342321673177,0.20075327486696848,-3.4799550610271184,0.2418108207581892,0.07048214942951785,0.0,0.24549135075450865,0.3378726536621273,0.10434302539565699,8.052755973400807,0.44568806804225003,False
1196,15578.0,False,1349.5,719804.6,44467.649999999994,0.08662497245234013,3851.562101438743,2,0.25512140289833884,наблюдается,0.23630565796042494,0.19287921353549103,-8.109238845817963,0.15709522045201926,0.039644312708410526,0.0,0.039273805113004816,0.6506113375324194,0.11337532419414598,8.50606255385725,0.6198938304442891,False
1197,45365.25,False,5943.0,4000171.0,56017.4,0.13101429409353366,7353.007558482908,2,0.7789677495026371,наблюдается,0.2473073284637557,0.17242813354557646,-3.813567604066966,0.00563688372875652,0.20747097425542654,0.02170620898536093,0.22328790173313143,0.5064782096584217,0.03541982163890289,11.377566905451356,0.5634788695258336,False
1198,351032.5,False,110584.0,96191274.7,72545.79999999999,0.31502077288286967,22848.98236760449,2,0.9388267856546356,наблюдается,0.25558745679943773,0.17086185273562998,-7.50332276672052,0.004919337336323519,0.3609337698039499,0.020409824206033423,0.2814014685668813,0.3323401215365695,0.0,10.010136221647556,0.2244869792006161,False
1200,20681.0,False,3332.0,2507837.4,62663.84999999999,0.16111435707868577,10105.411346635214,2,0.5118841999906735,наблюдается,0.2531085163484167,0.17031960123423226,1.7161608816333258,0.03811524609843937,0.5004501800720288,0.0,0.0856842737094838,0.3365846338535414,0.03916566626650653,10.577376602897965,0.3727041412934342,False
1201,5435.5,False,744.5,496855.7,55648.75,0.13697679316041717,7616.234998065103,2,0.0,структурный ноль,0.2663769474705006,0.16753901682510464,10.07027482313887,0.21087978509066488,0.0,0.0,0.08462055070517126,0.41034251175285424,0.2941571524513096,6.554394729418178,0.4,False
1203,56368.5,False,10842.5,8170609.15,62844.3,0.19234754578033864,12082.12916500637,2,0.6877442909245907,наблюдается,0.28513498356416356,0.14655410795591928,8.139565425356391,0.1630159096149412,0.40899239105372376,0.0,0.12598570440396586,0.27419875489970025,0.02780724002766899,9.407110403649298,0.30648452051011177,False
1204,13259.25,False,1117.5,525071.15,39328.25,0.0842692683836476,3300.186873171004,2,0.4086589617569833,наблюдается,0.29330506576113713,0.14050280080964583,5.637238176735249,0.0,0.08456375838926175,0.0,0.1185682326621924,0.4993288590604027,0.29753914988814323,9.926563409321833,0.042495096158971735,False
1205,9801.5,False,856.5,420712.05000000005,40945.600000000006,0.0873833665221614,3577.742393250167,2,0.5504249973804379,наблюдается,0.25492275338296133,0.18927595377640444,-3.99373974617999,0.0,0.0,0.0,0.14010507880910683,0.5685931115002919,0.29130180969060127,11.08271374400542,0.5403402567581672,False
1206,60262.75,False,8453.0,7663066.7,75530.1,0.140280465771624,10606.896638903363,2,0.6236268964835109,наблюдается,0.2519407428675607,0.17647395706731353,-18.824140700413306,0.04986395362593162,0.30811546196616585,0.0,0.39175440671950784,0.24985212350644742,0.0004140541819472876,8.76634598505378,0.4349857065126306,False
1207,37560.0,False,6935.5,4317637.15,51911.09999999999,0.18464952485389402,9581.361824582717,2,0.7313457688680938,наблюдается,0.2781290478417823,0.16316361463617746,-0.2588432010371042,0.0,0.32232715737870377,0.0,0.19962511715089035,0.40451301276043544,0.07353471270997036,10.656170235101511,0.29888407590844185,False
1208,6376.0,False,620.0,434780.19999999995,55643.850000000006,0.09726283902914022,5685.162185495913,2,0.0,структурный ноль,0.27900894326285886,0.15353040178964908,5.940544116757372,0.06935483870967742,0.0,0.0,0.12258064516129032,0.5088709677419355,0.2991935483870968,8.21430002518613,0.45111399596693713,False
1209,38114.25,False,6337.5,3954154.9000000004,51982.05,0.16627655415784026,8645.681742763521,2,0.7302929054187329,наблюдается,0.28159482589664914,0.15911091485199044,1.4492492680675817,0.03771203155818541,0.3394082840236686,0.0,0.12173570019723866,0.4018145956607495,0.09932938856015783,9.953635452166415,0.18955128522749345,False
1210,7283.0,False,969.0,586383.45,50356.0,0.13305307882809098,6711.163277633303,2,0.0,структурный ноль,0.27697741661817765,0.17309720177820415,2.011882733471258,0.0,0.0,0.0,0.15841073271413827,0.4071207430340557,0.43446852425180604,10.829638727118345,0.6214817544159211,False
1211,38138.25,False,9595.0,6385248.15,55493.2,0.2515831845360659,13959.079533019842,2,0.9164050037130534,наблюдается,0.27366795869419136,0.16603340023697905,-2.2499035020066276,0.0,0.42636789994788954,0.0,0.08040646169880146,0.25914538822303285,0.2340802501302761,10.56053819404639,0.3129569285964765,False
1212,69415.5,False,10199.0,8647407.55,70464.0,0.1468975417478265,10368.225015440472,2,0.606776509484214,наблюдается,0.2448390509428071,0.1782812172855538,8.158580476128943,0.037209530346112366,0.47068340033336603,0.035444651436415335,0.19570546131973723,0.2594862241396215,0.0014707324247476006,8.007066042812383,0.487816153798042,False
1213,12237.5,False,2860.0,1604708.8,46684.6,0.23369620199156757,10925.349334572,2,0.6559152878227056,наблюдается,0.26431203025910366,0.14233767133736963,-2.973633091749221,0.0,0.3396853146853147,0.0,0.12115384615384615,0.19755244755244755,0.3416083916083916,15.526257786664312,0.5316343559567109,False
1214,11277.25,False,779.5,417890.85,44692.0,0.06912089804849894,3088.2847928883393,2,0.3290951104457029,наблюдается,0.269304431055043,0.15965354923743175,-0.3365849376780702,0.0,0.0,0.0,0.1892238614496472,0.6600384862091084,0.15073765234124437,9.654292247515956,0.6869509116937914,False
1215,9027.25,False,869.5,476084.2,45667.65,0.09631650928635854,4395.921073264164,2,0.47166865476454406,наблюдается,0.30525101378980524,0.166383070859265,3.2479353859393805,0.18458884416331225,0.0,0.0,0.12708453133985048,0.4703852788959172,0.21794134560092004,10.772199673581582,0.9458410089785421,False
1216,14417.25,False,1545.0,1013813.65,54366.8,0.10715473322694169,5857.859852747566,2,0.0,структурный ноль,0.2878926572280362,0.15253024751996797,6.705994491433098,0.17572815533980582,0.0,0.0,0.10420711974110032,0.4407766990291262,0.2792880258899677,7.83768761542309,0.6495125298978038,False
1217,7316.0,False,937.5,509329.55,45262.8,0.1281449175934531,5802.496708153615,2,0.6268584635968143,наблюдается,0.3113268460964125,0.14522414052002272,10.424868446696552,0.0,0.0,0.0,0.13493333333333332,0.35413333333333336,0.5109333333333334,13.292308485630468,0.46619718309859154,False
1218,22223.5,False,3869.0,2207463.7,47577.05,0.17409040044958868,8279.58681385411,2,0.7212259588711651,наблюдается,0.28419162078342514,0.14360013520252402,-4.136478296343885,0.11333677952959421,0.1072628586197984,0.0,0.2503230808994572,0.4738950633238563,0.05518221762729392,9.376608521228052,0.5757912081926135,False
1219,16370.25,False,1920.0,1331589.25,57943.45,0.11728387891155831,6779.1695336195935,2,0.5938338812285946,наблюдается,0.33942339523546794,0.1385718602534286,1.523137374712566,0.0,0.14244791666666667,0.0,0.20494791666666667,0.4083333333333333,0.24427083333333333,14.828562101552246,0.40794648248067994,False
1220,6924.5,False,611.5,381229.4,51906.45,0.08832197290599605,4590.661989780135,2,0.0,структурный ноль,0.2618317880358816,0.1822953434547409,3.7917834809418167,0.0,0.02044153720359771,0.0,0.17825020441537204,0.4668847097301717,0.33442354865085855,7.65423130555858,0.5,False
1221,18109.75,False,2234.5,1744511.9500000002,65037.3,0.1233921359889387,8020.681717331752,2,0.0,структурный ноль,0.24563654546905023,0.18581944749834195,19.65720225013208,0.14343253524278363,0.20161109867979413,0.0,0.06914298500783173,0.3553367643768181,0.23047661669277242,6.895647403002545,0.5380398196853893,False
1222,9689.75,False,1085.0,575829.8,44183.15,0.11197306807158416,4951.643296433161,2,0.0,структурный ноль,0.2609527773442242,0.1904454662968788,0.7446934252021208,0.22811059907834103,0.010138248847926268,0.0,0.22534562211981568,0.4184331797235023,0.11797235023041464,9.778643564527268,0.568625668212807,False
1223,12617.25,False,1498.5,809300.75,45133.399999999994,0.1187566057475056,5346.045216762743,2,0.5089904005724604,наблюдается,0.3333962529485722,0.12704140595849028,0.7587955562716653,0.0,0.0,0.0,0.16216216216216217,0.4264264264264264,0.41141141141141135,10.134653601832559,0.4649806278971544,False
1224,544600.0,True,135830.0,126801219.2,77793.8,0.24941241278002205,19402.80621863141,1,1.0,наблюдается,0.22798810256260899,0.17945544103887784,-7.224163009336754,0.00865788117499816,0.18947949642936024,0.03383641316351321,0.346837959213723,0.4211882500184054,0.0,11.97759823723834,0.17491243481378219,False
1225,69293.0,True,13794.0,8967329.9,54175.5,0.19906772689882096,10784.314312653034,1,0.9790887968481665,наблюдается,0.264997577588418,0.18849212003761862,-3.544852227489485,0.05226910250833696,0.24423662461939974,0.018558793678410904,0.22031317964332317,0.4609250398724083,0.0036972596781209566,8.98900321821829,0.39269913731533196,False
1226,119175.0,True,28803.0,24767086.3,71657.3,0.241686595342983,17318.429690231453,1,0.986221942521502,наблюдается,0.24512465235565473,0.19612969840291772,0.10739896236079442,0.2219907648508836,0.15494913724264833,0.025587612401485955,0.3011491858486963,0.29614970662778184,0.0001735930285040599,8.881896370883155,0.49092245717632715,False
1227,45757.0,True,7402.0,5728793.9,64498.2,0.16176759840024477,10433.36520459529,1,0.9539305461459449,наблюдается,0.2709126923662959,0.18769726388193553,3.5367123763235546,0.28924614968927315,0.14117805998378816,0.0,0.20724128613888138,0.3623345041880573,0.0,9.386541949865594,0.18896288911674658,False
1228,29026.0,True,6230.0,5290454.1,70769.5,0.2146351546888996,15188.83673258458,1,0.7251085233928203,наблюдается,0.2772897514470548,0.18556350017024173,-2.588235294117647,0.31027287319422153,0.18459069020866772,0.01781701444622793,0.13370786516853933,0.3399678972712681,0.013643659711075395,9.112519809825674,0.33394788698006606,False
1229,85300.0,True,16367.0,13360442.8,68025.3,0.1918757327080891,13052.40601797577,1,0.9502344665885112,наблюдается,0.2659047398039102,0.2051052967453733,-3.0025212010084803,0.26247937923871206,0.16356082360848048,0.012403006048756644,0.24286674405816583,0.3183234557340991,0.0003665913117858466,7.420867526377491,0.5890320068049785,False
1230,90570.0,True,23812.0,19754012.2,69133.2,0.2629126642376063,18175.639652570753,1,0.9858010378712598,наблюдается,0.25476769416972883,0.20021589558504432,-5.784759631409739,0.0,0.20527465143625062,0.02603729212161935,0.2557534016462288,0.3202166974634638,0.19271795733243746,8.60246218394612,0.06113253832458837,False
1231,96216.0,True,29018.0,26645565.4,76520.8,0.30159225076910284,23077.905788365068,1,0.9881932318949032,наблюдается,0.24823165111486242,0.18404291676591514,2.5257471572458017,0.33651526638638085,0.12223447515335309,0.031669997932317874,0.2978496105865325,0.21121372940933214,0.0005169205320836312,8.464028851750228,0.3801178607124568,False
1232,41229.0,True,9258.0,7578643.9,68218.9,0.22455068034635814,15318.190068479307,1,0.9512236532537777,наблюдается,0.2565699638262703,0.1979254006659799,1.309461454216466,0.2119248217757615,0.18708144307625837,0.027867790019442645,0.23460790667530784,0.33786995031324263,0.0006480881399870686,10.271895995537122,0.44992317477459076,False
1233,531186.0,True,123095.0,105827005.4,71643.2,0.23173615268474695,16602.314663162557,1,1.0,наблюдается,0.23308875207331814,0.18753478957577802,1.5772164925389829,0.04949023112230391,0.3008245663918112,0.03524107396726106,0.3011332710508144,0.3133271050814412,0.0,8.20757700692413,0.16970896270338692,False
1234,43655.0,True,8105.0,6168726.4,63422.8,0.18566029091742067,11775.524758523268,1,0.8984766922460199,наблюдается,0.26789691377664654,0.20087723285305215,-5.060570097852616,0.0,0.20049352251696484,0.0,0.19555829734731647,0.40974706971005553,0.19420111042566313,11.679647233993816,0.0787424898766362,False
1235,27901.0,True,5006.0,4338546.9,72218.1,0.17942009246980395,12958.158309738003,1,0.9095731335794416,наблюдается,0.258258793343074,0.20530273333095755,4.478885255225366,0.4143028365960847,0.06252497003595685,0.0,0.11626048741510188,0.3076308429884139,0.0992808629644426,8.888570302139707,0.2978265405259773,False
1236,172618.0,True,26038.0,17914384.5,57334.1,0.15084174303954395,8648.376038420096,1,1.0,наблюдается,0.26148496788841297,0.18701925551444307,-2.2389958442880165,0.09236500499270298,0.1591136031953299,0.019164298333205314,0.26484368999155083,0.4645518088946924,0.0,7.05604282288058,0.6157200509572152,False
1237,23065.0,True,5540.0,4267069.6,64184.6,0.2401907652287015,15416.827805477273,1,0.9511380880121396,наблюдается,0.2375645438898451,0.16454388984509466,-4.26003237624606,0.0,0.05649819494584837,0.0,0.653971119133574,0.2691335740072202,0.02039711191335747,8.053327552568826,0.49113318616629875,False
1238,78009.0,True,13192.0,7470849.8,47192.90000000001,0.16910869258675282,7980.756280258261,1,1.0,наблюдается,0.2585802736514893,0.17416617830662215,-3.4378108826233142,0.002122498483929654,0.21763189812007278,0.016221952698605217,0.19208611279563373,0.5718617343844754,7.580351728320167e-05,9.223294748041893,0.35769371426172014,False
1239,,False,,,,,,0,,нет данных,,,-3.119106339764979,,,,,,,,,True
1240,24823.0,True,12413.0,12532233.0,84135.1,0.5000604278290295,42071.97961567901,1,0.0,наблюдается,0.2406425575690433,0.22485558281237636,-12.573506654286598,0.5667445420124063,0.019012325787480865,0.04898090711351003,0.19568194634657216,0.1381616047691936,0.031418673970837085,7.206018611771341,0.8155524735744437,False
1241,36402.0,True,6569.0,5043795.4,63985.30000000001,0.18045711774078346,11546.51621705767,1,0.7838855007966595,наблюдается,0.280238640078457,0.19437179906287458,0.0,0.28086466737707416,0.04703912315420916,0.0,0.20368397016288628,0.4358349824935302,0.03257725681230017,11.136063952530082,0.2266360015560494,False
1242,9689.0,True,1590.0,902587.2,47315.5,0.16410362266487769,7762.988956548664,1,0.47538445660026835,наблюдается,0.31049401348224165,0.18331824127175772,-4.150607767565965,0.0,0.04591194968553459,0.0,0.22767295597484277,0.6295597484276729,0.09685534591194966,9.521106409330168,0.0,False
1243,45263.0,True,15602.0,14732854.7,78691.2,0.3446965512670393,27124.53641311152,1,0.0,наблюдается,0.25527734724617435,0.18343556942958808,-8.17338796635756,0.5845404435328804,0.049737213177797716,0.0,0.15613382899628253,0.1785027560569158,0.031085758236123584,6.268917217153083,0.23959627329192545,False
1244,21713.0,True,3125.0,1770429.5,47217.0,0.1439229954405195,6794.813782833632,1,0.5534472435867913,наблюдается,0.2774686105873155,0.20857287402842295,-0.1370113262696383,0.0,0.08928,0.0,0.21056,0.608,0.09216000000000002,8.681435084972136,0.09951149122317389,False
1245,21399.0,True,4704.0,4058016.7,71888.4,0.2198233562315996,15802.984173715282,1,0.0,наблюдается,0.26560542070821924,0.22801318048916322,1.42719027669076,0.2453231292517007,0.03550170068027211,0.0,0.07589285714285714,0.2967687074829932,0.3465136054421769,6.343754381045843,0.22388469457789978,False
1246,50597.0,True,9634.0,5293273.0,45788.2,0.19040654584263889,8718.028407481339,1,0.795817933869597,наблюдается,0.24880279478725076,0.19192573402417962,-2.041332115014484,0.0,0.1961801951422047,0.0036329665767074943,0.2796346273614283,0.5135976749013909,0.0069545360182686755,10.67256951993201,0.2517081287874074,False
1247,51873.0,True,29145.0,34314314.5,98115.2,0.5618529871031173,55125.5221084829,1,0.0,наблюдается,0.26845780795344326,0.17404461687681863,14.091664223590344,0.5173786241207754,0.10145822611082518,0.05970149253731343,0.24302624806999484,0.07829816435066049,0.00013724481043064785,6.515913866558711,0.7931034482758621,False
1248,,False,,,,,,0,,нет данных,,,1.569806279225117,,,,,,,,,True
1249,45477.0,True,6280.0,3912262.2,51912.5,0.13809178265936628,7168.939244013457,1,0.42390659014446863,наблюдается,0.24357289887443612,0.20452853326325932,3.104435845302901,0.0945859872611465,0.1285031847133758,0.058439490445859874,0.22643312101910829,0.46687898089171975,0.025159235668789748,9.579017965125228,0.6933753393201447,False
1250,48876.0,True,10590.0,7714003.2,60700.5,0.21667075865455437,13152.336525083885,1,0.9040019641541861,наблюдается,0.24461650133075247,0.20459311234776997,-6.708336651007246,0.32332389046270066,0.09745042492917846,0.011709159584513693,0.18800755429650615,0.3785646836638338,0.0009442870632672129,13.631434650953434,0.051714699078974344,False
1251,17957.0,True,3473.0,2431951.9,58358.3,0.19340647101408923,11285.99756826493,1,0.6408085983182046,наблюдается,0.27948003714020425,0.19159975968103118,-7.286364854004821,0.0,0.04981284192340916,0.0,0.20731356176216528,0.5044630002879354,0.23841059602649017,12.133151417274602,0.06296720454786733,False
1252,40525.0,True,7112.0,4850117.7,56833.6,0.17549660703269587,9973.509561998766,1,0.6632202344231956,наблюдается,0.2510187048946929,0.2253424321272522,2.4141630901287554,0.0,0.31200787401574803,0.0,0.3294431946006749,0.3581271091113611,0.0004218222722158771,8.581122763726096,0.5206489943616932,False
1253,18381.0,True,3498.0,1883643.1,44868.5,0.19030520646319568,8539.810583392271,1,0.643436156901148,наблюдается,0.30010610079575595,0.18312997347480106,-6.607356537120857,0.0,0.12121212121212122,0.0,0.17695826186392224,0.6014865637507147,0.10034305317324177,13.954627060551656,0.4784616675745708,False
1254,12997.0,True,3187.0,1681531.5,43965.5,0.24521043317688698,10781.536123720858,1,0.3957067015465107,наблюдается,0.2510926902788244,0.19065561416729465,-5.656445370646026,0.2874176341386884,0.15061186068402888,0.0,0.10166300596171948,0.4411672419203012,0.01914025729526203,11.166038316534584,0.0,False
1255,19321.0,True,2274.0,1320542.5,48398.8,0.11769577144040164,5695.6269516760685,1,0.0,наблюдается,0.27094857611145257,0.20641262036467936,1.5712113532691332,0.0,0.17766051011433598,0.0,0.15259454705364994,0.41644678979771327,0.2532981530343008,4.205268878422443,0.0403271692745377,False
1256,15502.0,True,3329.0,1897958.7,47515.0,0.21474648432460328,10202.76254676816,1,0.5865049671010192,наблюдается,0.2582684203805389,0.18541693270335843,-2.268716914544996,0.0,0.1835386001802343,0.0,0.19585461099429258,0.5229798738359868,0.09762691498948639,11.256612050058058,0.6036111111111111,False
1257,26089.0,True,5835.0,3890041.0,55554.9,0.22365748016405382,12425.54652663319,1,0.48848173559737823,наблюдается,0.2611557043405486,0.206299691862898,2.119125104064179,0.07420736932305055,0.46118251928020565,0.005655526992287918,0.13436161096829477,0.3196229648671808,0.004970008568980333,9.898807926712408,0.2995169082125604,False
1258,499710.5,False,135555.0,106448693.7,65371.8,0.27126185598815067,17748.124630347524,2,0.9497475076221219,наблюдается,0.22933277632091797,0.1878365783440487,9.681476469473598,0.010659879753605548,0.3345837482940504,0.014783667146176828,0.2746412895134816,0.36532034967356425,1.1065619121453096e-05,7.614688423772166,0.16627856533757354,False
1259,28911.25,False,7481.5,4341019.35,48377.2,0.2587732814217645,12517.413207873775,2,1.0,наблюдается,0.3325345115714171,0.16677257322979272,-0.7016632620354443,0.0024059346387756467,0.26398449508788346,0.0,0.1775045111274477,0.35240259306288846,0.20370246608300469,16.31663909431671,0.1906533129264949,False
1260,64595.75,False,18769.0,13801357.350000001,61309.9,0.29055908175707135,17812.21304898595,2,1.0,наблюдается,0.3341158132786558,0.14159670234084248,-3.0062484755072783,0.00018647770259470404,0.5058340881240343,0.011748095263466355,0.1551228088869945,0.3260163034791411,0.0010922265437690593,11.5234862704164,0.17115437322930477,False
1261,19444.25,False,4941.0,2609466.7,44019.65,0.2541137025428982,11187.675534871101,2,1.0,наблюдается,0.3152145650006054,0.1768403897283727,-1.4735521619821355,0.005363286784051811,0.25986642380085,0.0,0.2355798421372192,0.4804695405788302,0.0187209066990488,17.718162207895244,0.21335683258147412,False
1262,28522.75,False,7569.5,4575162.4,50406.55,0.2653797826568857,13373.780137938404,2,0.9892757766367682,наблюдается,0.3124470790862321,0.16336789296479132,-6.619350986792146,0.0,0.3210912213488341,0.04478499240372548,0.18528304379417398,0.39758240306493164,0.051258339388334795,14.085385231103496,0.3406170751973275,False
1263,5008.25,True,1043.0,467551.3,37364.9,0.20762416641783618,7756.068146378688,1,1.0,наблюдается,,,-12.772055165985511,0.0,0.0,0.0,0.02109300095877277,0.6030680728667306,0.37583892617449666,4.600354101794069,0.6923076923076923,True
1264,4255.75,False,838.5,404544.4,40312.399999999994,0.19698031815994438,7932.597346296683,2,0.5703119869057068,наблюдается,0.4251888353964315,0.13142739324488567,-20.422642845076542,0.0,0.0,0.0,0.17889087656529518,0.6404293381037567,0.18067978533094808,14.380806011636361,0.5255076669812104,False
1265,10542.0,False,1838.0,848286.3,38493.9,0.17435518821392298,6711.221772722807,2,0.3173740300991073,наблюдается,0.2657609986504106,0.2192231424329228,-20.92409133027754,0.0,0.06011969532100109,0.0,0.1898803046789989,0.6379216539717084,0.11207834602829159,14.720938252349429,0.5608223764022553,False
1266,15108.0,False,2436.0,1202315.6,41141.55,0.1612411219082156,6634.836915094422,2,0.6217789560081314,наблюдается,0.3626223706174243,0.15225063345893222,-7.60751020230934,0.023399014778325122,0.03078817733990148,0.0,0.29802955665024633,0.6096059113300493,0.03817733990147776,13.712141642574752,0.6047954409656537,False
1267,3158.5,False,680.5,395263.75,48445.1,0.21545651379665393,10443.276397656304,2,0.6769920518464011,наблюдается,0.4478575515001686,0.12310730495036337,-23.11162179336519,0.0,0.04335047759000735,0.0,0.09919177075679647,0.6238060249816312,0.23365172667156497,15.492625135806584,0.7446566402452323,False
1268,19601.75,False,5129.0,2620623.0,42845.3,0.2615102516878341,11148.626207917954,2,0.8352538787623492,наблюдается,0.3005957629651771,0.15279466935481412,-16.3841559924799,0.02544355624878144,0.3372977188535777,0.0,0.09612010138428544,0.5355819847923572,0.005556638720998208,12.22543441964231,0.4604665731814694,False
1269,6777.0,False,1126.5,608726.9,45064.95,0.16623307648012836,7492.545746500767,2,0.5090754675598866,наблюдается,0.3431017155616342,0.16082826762763197,-18.161652635547362,0.18242343541944075,0.012427873945849977,0.0,0.14203284509542832,0.6218375499334221,0.04127829560585883,14.27198561854186,0.5294777484251169,False
1270,22472.5,False,2396.0,1136633.85,39571.35,0.10661422286617747,4217.437168405935,2,0.5855998700778368,наблюдается,0.3743971653567443,0.14864223846746816,-0.9776044088953626,0.0,0.0590567612687813,0.0,0.1487896494156928,0.5185726210350584,0.2735809682804675,8.233811163183256,0.6448339683342997,False
1271,8116.5,False,1517.0,732251.05,40308.85,0.18685856542362012,7523.152478644728,2,0.7309207777221632,наблюдается,0.3829838352611925,0.1506156001182869,-14.376203202473862,0.06657877389584707,0.08668424522083058,0.0,0.22346736980883322,0.529663810151615,0.09360580092287407,14.781405963072599,0.4275514029416828,False
1272,16433.25,False,3662.5,2138262.3499999996,48723.55,0.22285917228797164,10853.51224234896,2,0.5735355804068423,наблюдается,0.3783870065173008,0.1395030212035334,-11.080724021905048,0.21638225255972696,0.1027986348122867,0.0,0.24177474402730376,0.3916723549488055,0.047372013651877154,13.274366001200892,0.5110053660018224,False
1273,6376.5,False,937.0,407900.69999999995,36339.8,0.1469237594230217,5334.977464656195,2,0.6225866842989619,наблюдается,0.41244733869869776,0.12374376309940881,-11.461564783792744,0.005869797225186766,0.07257203842049093,0.0,0.2417289220917823,0.6115261472785486,0.06830309498399145,12.729486731376378,0.5201457436760254,False
1274,9576.5,False,1338.0,624913.9,38929.75,0.13972513468758854,5441.868604757934,2,0.5480438685125959,наблюдается,0.34755368226994066,0.17589609644594062,-11.347761895932566,0.007473841554559043,0.04895366218236173,0.0,0.20366218236173392,0.7230941704035875,0.01681614349775784,15.938675705812068,0.5032259182980022,False
1275,19901.75,False,3311.5,2054090.65,51456.8,0.16638675705984884,8599.824843791099,2,0.0,структурный ноль,0.32407466696730247,0.16103077332461074,9.38845920742469,0.20911973425939906,0.16638985354069152,0.0,0.08138305903669033,0.5218179072927677,0.02128944587045145,8.16084652847637,0.7110906263748905,False
1276,10012.0,False,1267.0,641692.25,42332.9,0.1265084460590706,5346.955200410645,2,0.0,структурный ноль,0.4376344249637418,0.12165202715627729,-20.85715304844035,0.0,0.10615627466456196,0.0,0.15074980268350435,0.340568271507498,0.4025256511444357,8.379631450402636,0.9176244003947416,False
1277,14065.75,False,4097.0,2607652.6500000004,53113.0,0.2912607710087217,15461.668881249188,2,0.4082937185879139,наблюдается,0.3210906156122504,0.16218750079664115,-10.888174518652281,0.36294849890163533,0.10519892604344643,0.0,0.08872345618745424,0.43422016109348305,0.00890895777398093,14.477557304939499,0.38008944944081724,False
1278,5283.25,False,800.0,362329.05,37773.65,0.15142972070322297,5722.339858783837,2,0.5104287686877419,наблюдается,0.42647296938249224,0.134782346699731,-19.015145963304445,0.0,0.06625,0.0,0.15,0.73625,0.0475000000000001,15.935304369223122,0.7495492070118936,False
1279,12444.25,False,2087.0,1068138.85,42717.85,0.1676889865411654,7158.3316166952245,2,0.8760167192345643,наблюдается,0.34696662801845535,0.16441441647184799,-15.146097654748173,0.013895543842836608,0.011499760421657882,0.0,0.19214183037853377,0.5857690464781984,0.19669381887877335,16.71716555225527,0.4418604651162791,False
1280,19786.25,False,3296.5,1630160.15,41221.85,0.1666123450177197,6870.391513022534,2,0.3397298373899267,наблюдается,0.34866970186866497,0.1594706561900707,-6.272918221459055,0.1453056271803428,0.03230699226452298,0.0009100561201274078,0.19945396632792356,0.5965417867435159,0.025481571363567435,14.165798578067555,0.6898570909204939,False
1281,8765.75,False,2880.0,2066784.5499999998,59820.8,0.32860062214305175,19675.659117291816,2,0.6134664515554727,наблюдается,0.34148664634598785,0.15988048719824566,-17.75151031328385,0.11302083333333333,0.28923611111111114,0.0,0.3001736111111111,0.2543402777777778,0.04322916666666654,12.665506857346195,0.5584415584415584,False
1282,6239.0,False,1012.5,503410.9,41441.35,0.1623145558542298,6733.536196993207,2,0.6355178945757668,наблюдается,0.3975524319500223,0.13875855272943627,-23.0171681242903,0.035555555555555556,0.03506172839506173,0.0,0.16592592592592592,0.7506172839506173,0.012839506172839465,15.386341655811309,0.6635097453101366,False
1283,5604.75,False,1504.0,840712.1,46671.25,0.2683178672076587,12510.550766715809,2,0.5237769740306635,наблюдается,0.3618596068186479,0.17738024953654938,-16.297438239884283,0.48570478723404253,0.022273936170212765,0.0,0.09109042553191489,0.3567154255319149,0.04421542553191493,14.67028999522907,0.48295348548733263,False
1284,15243.25,False,2589.0,1254458.1,40461.15,0.16982098864679873,6863.259218640485,2,0.6102519274770645,наблюдается,0.3349557294498157,0.16219322025847813,-13.506066556466495,0.0600617999227501,0.07010428736964079,0.0,0.17555040556199306,0.6386635766705292,0.05561993047508684,17.46194617114586,0.4554604764389448,False
1285,33246.25,False,9673.5,5828941.45,50277.95,0.2909535426445538,14622.231533425835,2,0.8428903678669647,наблюдается,0.29228332494750653,0.16211999640512653,-9.391542904644117,0.0028428180079598906,0.47955755414276113,0.002377629606657363,0.10130769628366156,0.40486897193363314,0.009045330025326925,11.573958107080829,0.31468712739464305,False
1286,6572.75,False,1182.5,612836.7,43211.4,0.17995151816496907,7785.000457531469,2,0.5599762874650245,наблюдается,0.3564268760205451,0.1232487218686047,-31.117582628757287,0.1522198731501057,0.013953488372093023,0.0,0.15052854122621565,0.6372093023255814,0.04608879492600426,12.315564109909607,0.634456327905271,False
1287,24486.5,False,4733.5,2627696.3,46354.95,0.19329080973500123,8947.206020541285,2,0.6275240489443003,наблюдается,0.32714841986007853,0.16663811737693607,-0.7583323054889213,0.13932608006760325,0.20428858138797928,0.0,0.15083975916340975,0.4728002535122003,0.03274532586880752,10.015019091553862,0.4491625889497794,False
1288,9183.25,False,2025.5,1094160.75,45093.8,0.22054558302110103,9938.734254459283,2,0.5802779676765151,наблюдается,0.347744499925993,0.161071096891298,-15.749871974082827,0.2377190817082202,0.04542088373241175,0.0,0.14342137743766972,0.546038015304863,0.027400641816835325,11.869643336833157,0.44736625950440884,False
1289,7917.25,False,1692.5,867776.3,42766.05,0.21377727649151557,9143.118963042965,2,0.44488937575095705,наблюдается,0.3616735454534704,0.15665740732812966,-13.440541540807242,0.32200886262924666,0.08212703101920237,0.0,0.09778434268833087,0.4262924667651403,0.07178729689807972,14.302965018585075,0.5388829215896885,False
1290,11197.75,False,2110.5,1119492.2,44294.95,0.1884358552071061,8336.781493018494,2,0.7825472157415172,наблюдается,0.3801631299873941,0.14335589407026555,-11.50078333613647,0.0,0.15707178393745558,0.0,0.15754560530679934,0.55484482350154,0.13053778725420506,14.681308591077025,0.42767497307745056,False
1291,6893.0,False,1232.5,545180.55,36892.85,0.17879959908772014,6595.959089285478,2,0.5490577355960529,наблюдается,0.36630651092364264,0.1534048700596397,-3.557643476217197,0.0,0.06450304259634888,0.0,0.19797160243407708,0.6186612576064908,0.11886409736308323,14.928068935063141,0.6965209932211367,False
1292,5736.0,False,828.0,404923.55,40819.5,0.1443408576982584,5888.926945048257,2,0.6447291467083854,наблюдается,0.3698178005779117,0.1549612853568912,-13.34367558618992,0.0,0.021135265700483092,0.0,0.178743961352657,0.6769323671497585,0.12318840579710144,14.95057703821553,0.4813051112722831,False
1293,32115.0,False,3790.0,2171757.9,47781.55,0.11801771899030361,5634.192141038942,2,0.2726971036766012,наблюдается,0.30876443611687554,0.16191501634063263,9.629144229093999,0.08654353562005276,0.2969656992084433,0.0,0.12783641160949868,0.45527704485488124,0.033377308707124076,7.921433051011211,0.4237484982260572,False
1294,21453.0,False,5061.5,2685883.25,44255.649999999994,0.23593364337439415,10441.123324838156,2,0.670328004890942,наблюдается,0.32014204301257254,0.16663002133759175,-7.916222714380267,0.19440877210313148,0.20863380420823865,0.0,0.11656623530573941,0.44808851131087624,0.032302677072014174,9.35043577698472,0.5285714285714286,False
1295,4843.75,False,1253.0,710421.2,47278.25,0.25869337223689376,12236.291778024784,2,0.39031059436113685,наблюдается,0.383734943652046,0.15801574107199223,-17.76026115732433,0.45251396648044695,0.017557861133280128,0.0,0.0985634477254589,0.383878691141261,0.04748603351955305,13.450610477163321,0.5585584710074506,False
1296,5472.75,False,869.0,387464.9,37243.25,0.15875643213816645,5904.696106134636,2,0.702992261683682,наблюдается,0.39765522149083793,0.1392219652493625,-8.233067018688999,0.0,0.0713463751438435,0.0,0.20771001150747986,0.6818181818181818,0.03912543153049486,14.466251220696739,0.5015197568389057,False
1297,5741.0,False,1107.5,542258.95,40867.3,0.19289894498403093,7880.239849927388,2,0.6082997266789364,наблюдается,0.3729449629000485,0.15229011361353448,-20.127895856434826,0.02708803611738149,0.07674943566591422,0.0,0.1887133182844244,0.6934537246049661,0.013995485327313761,14.3241947577364,0.5727781526614536,False
1298,19404.25,False,4034.0,2085076.0499999998,43081.3,0.2079080784261932,8962.57839199729,2,0.42588320681596387,наблюдается,0.3401677011210542,0.1701072047724157,-8.997688466645808,0.15592464055528013,0.1101883986117997,0.0,0.18666336142786316,0.541398116013882,0.005825483391175057,13.660726240463376,0.4142097886126065,False
1299,7162.0,False,1279.5,641304.1000000001,41769.600000000006,0.178691638537724,7472.179142852128,2,0.5644527756079195,наблюдается,0.3952908364184088,0.14114764808362368,-19.118648980973298,0.10121141070730755,0.09574052364204767,0.0,0.14654161781946073,0.5916373583431028,0.06486908948808123,14.550460170652169,0.4595904773898981,False
1300,7169.0,False,1112.0,548056.0,41121.45,0.15510255648593407,6376.939894136747,2,0.5493852752996089,наблюдается,0.38294107031009483,0.16068281671087492,-21.557575170161623,0.0,0.03821942446043165,0.0,0.2648381294964029,0.6609712230215827,0.03597122302158273,15.954367976233625,0.6844444321948566,False
1301,15852.5,False,3515.0,2349589.25,55744.95,0.2217358961435474,12363.709184793915,2,0.6805815495580702,наблюдается,0.3358823016080731,0.16988535265973567,-9.322050097310147,0.042389758179231865,0.15519203413940255,0.0,0.3051209103840683,0.49445234708392605,0.002844950213371278,10.675043528548034,0.5828296970903634,False
1302,19262.75,False,3252.0,1610026.4500000002,41281.4,0.1688312948304611,6971.348103043378,2,0.7122206208899698,наблюдается,0.35903920410410584,0.145535953428505,-5.160393213804585,0.06519065190651907,0.10993234932349323,0.0,0.20925584255842558,0.564729397293973,0.050891758917589125,13.319531483658164,0.35398047981506725,False
1303,265609.75,False,64179.5,47336569.95,61461.35,0.24163113201185193,14852.969193770597,2,1.0,наблюдается,0.26599236506457735,0.18932457327998875,2.9558813608823495,0.007315420032876541,0.2516691466901425,0.021509983717542206,0.2918533176481587,0.4257434227440226,0.001908709167257383,12.648807235663355,0.12666011932546256,False
1304,19931.5,False,6885.5,4735704.3,57367.45,0.34545347876479265,19813.717247734676,2,1.0,наблюдается,0.24131044917790065,0.19477054816478967,-4.469251123420545,0.020623048435117277,0.2852370924406361,0.0,0.3900225110739961,0.2906833200203326,0.013434028029918,13.282328100798727,0.2490744547869117,False
1305,14038.25,False,5105.0,4011754.0999999996,65896.9,0.3636254776859723,23815.814263964243,2,0.9988604756076573,наблюдается,0.2578808476979788,0.1775205278107646,1.314198783469168,0.0,0.63692458374143,0.02732615083251714,0.06856023506366307,0.14309500489715965,0.12409402546523018,11.005701265859424,0.20806486254295534,False
1306,12483.5,False,4638.5,2788718.5999999996,50119.95,0.37157046526501203,18622.882328228625,2,1.0,наблюдается,0.2518043988896007,0.18223894939141577,0.9438536074713011,0.0026948366928964103,0.4298803492508354,0.0,0.19456720922712084,0.35183787862455534,0.021019726204592137,19.965562803091533,0.21065046065046064,False
1308,30055.25,False,6252.0,3783519.1,50448.899999999994,0.20801730318704856,10494.978734770728,2,0.9757574320057651,наблюдается,0.24199667907488043,0.1984428317057838,-2.9517671930668485,0.017914267434420986,0.2406429942418426,0.0,0.20249520153550865,0.4903230966090851,0.04862444017914269,9.707350400660834,0.49578824818518014,False
1309,5016.5,True,824.0,398635.95,40334.3,0.16426128465123074,6625.218540526679,2,,нет данных,0.3475615248028812,0.16039388993164794,-9.17230585494853,0.0,0.07220873786407767,0.0,0.3100728155339806,0.5637135922330098,0.05400485436893199,15.648608498624366,0.6739611022505759,False
1310,8628.25,False,719.5,323466.9,37578.95,0.08336942164996751,3124.926515196038,2,,нет данных,0.33629546576384894,0.1444576592247396,-2.5899920141988297,0.0,0.0,0.0,0.2661570535093815,0.37317581653926335,0.3606671299513551,7.038805183203786,0.8004582267689685,False
1311,6541.0,False,1422.0,664809.05,39018.850000000006,0.21737803499167507,8477.491077025823,2,,нет данных,0.36567271832474485,0.18252607974067048,-6.47334478783762,0.007735583684950774,0.10337552742616034,0.0,0.2879746835443038,0.5119549929676512,0.08895921237693383,15.591603752605224,0.49710626397769614,False
1312,6266.5,False,1045.0,708073.15,56455.149999999994,0.16677968272984667,9427.602092132138,2,,нет данных,0.3366623473046204,0.17384821664077843,-13.42874154362203,0.0,0.0,0.0,0.03923444976076555,0.27177033492822966,0.6889952153110048,7.519082841856718,0.8826245649775062,False
1313,5781.75,True,937.0,424249.05,37772.45,0.16205953395808587,6117.57358699885,2,,нет данных,0.34096240263100075,0.182991626325128,-16.13420634245393,0.0,0.0,0.0,0.1376734258271078,0.7097118463180363,0.15261472785485597,19.415082468149897,0.6799895506792057,False
1314,3938.0,False,788.0,339847.15,35986.8,0.20012996463829746,7203.378363094386,2,0.590843374340725,наблюдается,0.39740329345968617,0.15125679664439956,-24.04287321380874,0.0,0.0,0.0,0.18274111675126903,0.7131979695431472,0.10406091370558379,16.65790183468817,0.6789481133030227,False
1315,40765.25,False,5730.0,3220542.05,46905.149999999994,0.14055440345323447,6588.755728147962,2,,нет данных,0.267501587478329,0.18955025016152657,-13.808135277199579,0.05924956369982548,0.1105584642233857,0.0002617801047120419,0.2150087260034904,0.5410994764397906,0.0738219895287957,7.329558829451605,0.4299440786185369,False
1316,15971.5,False,4267.5,3624779.35,70754.45,0.26721022892440716,18923.818662670146,2,,нет данных,0.23990930553248574,0.20182149495542012,1.4530156481324576,0.0,0.550439367311072,0.0,0.13872290568248388,0.28084358523725833,0.0299941417691858,9.878107593496278,0.6445264616897993,False
1317,9973.75,True,1370.0,611219.15,37207.75,0.13735753900828496,5108.43995077737,2,,нет данных,0.3997670984343118,0.1421780435654224,-0.9419699030910025,0.0,0.0021897810218978104,0.0,0.19087591240875912,0.6897810218978102,0.11715328467153285,15.852589477664512,0.42765640070351946,False
1319,2700.25,False,457.5,219584.4,40125.35,0.16940539296033255,6788.363783120356,2,0.0,структурный ноль,0.3780146448041659,0.16449577338945545,-25.651133356457517,0.0,0.0633879781420765,0.0,0.09617486338797815,0.6644808743169399,0.17595628415300546,11.638231826001386,0.5120863753586865,False
1320,9897.0,False,1909.0,1020430.55,44571.35,0.19288751737168758,8597.556684789146,2,0.7622334423167612,наблюдается,0.33667597410049543,0.1644437920479725,-2.0651506542572786,0.06364588789942378,0.07700366684127816,0.0,0.18098480880041906,0.6471974855945521,0.031168150864326893,17.14093015742779,0.43364143847463754,False
1321,27949.25,False,5061.0,3094116.1500000004,50775.0,0.18113559742931148,9238.342717248102,2,,нет данных,0.3110920750123515,0.16196002567447987,-6.346414823759802,0.00039517881841533294,0.43766054139498123,0.0,0.165283540802213,0.39191859316340644,0.004742145820983978,11.606969783844107,0.32946549300637806,False
1322,3278.5,True,459.0,215088.65,39087.2,0.1399990696029996,5470.644311940405,2,,нет данных,0.34359598796893986,0.18030995345307022,-11.083991105447263,0.0,0.08932461873638345,0.0,0.09041394335511982,0.6405228758169934,0.1797385620915033,13.460727942613113,0.6628985507246377,False
1323,8761.5,False,1488.0,717420.05,40266.850000000006,0.16980467584145326,6827.238066741327,2,0.0,структурный ноль,0.33285119802992474,0.17007859641341028,-0.6477278884048189,0.0,0.07627688172043011,0.0,0.176747311827957,0.6764112903225806,0.07056451612903225,13.236034495368417,0.5748872108397373,False
1324,2936.75,False,488.5,217830.09999999998,37198.25,0.16632861598890608,6186.454269624899,2,0.0,структурный ноль,0.3755078538724195,0.177833977493262,-12.609725307448809,0.0,0.10440122824974411,0.0,0.11975435005117707,0.6059365404298874,0.16990788126919143,16.928514370767978,0.43224789915966383,False
1325,4296.75,False,665.5,309546.85,38795.6,0.15488706722663903,6007.648921778204,2,0.0,структурный ноль,0.32631894916951776,0.1837464868000589,-6.14732245439559,0.0,0.039819684447783624,0.0,0.06912096168294515,0.7355371900826446,0.15552216378662664,15.88125673966491,0.6213893249607535,False
1326,4608.5,False,729.0,343190.4,39401.45,0.15803146310479171,6204.446705635398,2,0.625344250678519,наблюдается,0.30257964714298524,0.1780038632043281,-15.98078817309072,0.0,0.07613168724279835,0.0,0.18175582990397804,0.49314128943758573,0.2489711934156379,14.552830670537267,0.7093857832988267,False
1327,3276.25,False,560.5,264644.9,39494.35,0.17103695213561423,6736.321973735707,2,0.0,структурный ноль,0.3449746830241573,0.20954082447962086,-10.719091373735521,0.0,0.08206958073148975,0.0,0.09901873327386262,0.47725245316681536,0.3416592328278323,18.657761225882545,0.5126937984496124,False
1328,7533.75,False,1448.0,782165.8,45036.75,0.19222005663925895,8660.67075828717,2,0.7186757731722021,наблюдается,0.2893336448299702,0.19092586657611954,-10.475240772899904,0.0,0.05662983425414365,0.0,0.22030386740331492,0.49171270718232046,0.23135359116022092,19.741751522337687,0.3472601509162774,False
1329,10752.0,False,2093.5,1240053.0,49436.35,0.19469186599375243,9614.542863673563,2,,нет данных,0.2898872882688667,0.18279203249554288,0.036922454742596006,0.008836876044900884,0.330069262001433,0.0,0.1069978504896107,0.5182708383090519,0.035825173155003553,13.198099724128163,0.48389004248028994,False
1330,5539.75,False,1377.0,715822.8500000001,43338.3,0.24858617429029323,10780.642223470808,2,,нет данных,0.3506210863259611,0.14986187871563367,8.965256386839867,0.0032679738562091504,0.070079883805374,0.0,0.11510530137981119,0.46768336964415397,0.3438634713144517,10.831062347269423,0.7072310819262039,False
1331,7660.5,False,1158.0,503871.5,36280.399999999994,0.15116354448810485,5484.384869814647,2,,нет данных,0.30710777425517516,0.18052905960720367,-8.062666104069788,0.0,0.0885146804835924,0.0,0.15889464594127806,0.6506908462867013,0.10189982728842828,18.484056286125913,0.43733907715534065,False
1332,7107.0,False,667.5,343204.55,42908.25,0.09391627707855599,4028.2843226556206,2,,нет данных,0.32639310851182335,0.1849619161019576,-8.25236798876892,0.0,0.058426966292134834,0.0,0.050187265917602995,0.4337078651685393,0.4576779026217228,10.149462926317181,0.7987080103359173,False
1333,302744.0,False,92714.5,75985792.35,68248.05,0.30625973328609957,20925.755499931744,2,1.0,наблюдается,0.2662956995007258,0.19631867557265448,-5.550061580198098,0.004254997869804615,0.3864713717918988,0.009205679801972722,0.2430148466528968,0.35663785060589226,0.00041525327753477725,11.912896893482749,0.15233948600274855,False
1334,67734.25,False,16928.0,11913083.5,58624.95,0.2499251342129311,14662.771752157672,2,1.0,наблюдается,0.26335734672106503,0.16295815815040796,3.8990075731480753,0.0038988657844990547,0.41446124763705106,0.00493265595463138,0.1832171550094518,0.39331285444234404,0.00017722117202256804,14.118584119455834,0.2912307126495358,False
1335,7413.0,False,980.0,471483.0,40139.25,0.13220902803479934,5309.074293375564,2,0.0,структурный ноль,0.34734947859816206,0.17317938450256004,-23.1722843890934,0.0,0.06785714285714285,0.0,0.11734693877551021,0.7168367346938775,0.09795918367346945,10.729399114154104,0.5915358273567228,False
1336,12680.0,False,1686.0,849946.75,42132.25,0.13294724572973565,5589.699777088862,2,0.0,структурный ноль,0.3292595622726501,0.22157202323326308,-3.552259050430004,0.0,0.07740213523131673,0.07888493475682087,0.16637010676156583,0.5886714116251482,0.08867141162514836,9.414747922141045,0.6726602049635757,False
1337,15478.5,False,2665.0,1618040.6,50738.65,0.172146543373091,8717.126049832386,2,0.536870705099918,наблюдается,0.29153728085230646,0.2077806957049302,-5.45677256418135,0.01425891181988743,0.1669793621013133,0.035459662288930584,0.3196998123827392,0.449155722326454,0.014446529080675452,9.852114661095632,0.6894379922686147,False
1338,22155.75,False,4870.5,3102176.0,53110.55,0.21983131789419735,11677.046961244443,2,0.5090430269694933,наблюдается,0.3280101794964462,0.1897063622835296,-5.830047322869027,0.0,0.16107175854635047,0.07678883071553229,0.2222564418437532,0.44399958936454165,0.0958833795298224,10.921475736738977,0.5513253315544848,False
1339,6566.0,False,1061.5,490668.5,38473.9,0.16169290156448102,6235.090215439663,2,0.0,структурный ноль,0.30989847811185356,0.20378155785414284,-2.8215085638998683,0.0,0.05040037682524729,0.0,0.1521431935939708,0.6919453603391427,0.10551106924163922,10.431327181113398,0.5867346938775511,False
1340,25317.0,False,3324.5,1840810.9,46217.200000000004,0.13130873466310963,6062.575559867578,2,0.4524766653931685,наблюдается,0.28796079630629023,0.21066707336481721,-4.849935691864742,0.010527898932170252,0.14077304857873366,0.0,0.22454504436757408,0.6152804933072642,0.008873514814257799,11.927335639613382,0.595939216345615,False
1341,18539.5,False,3302.0,1832964.4500000002,46286.55,0.1781116727009482,8247.027384710205,2,0.6198118319351643,наблюдается,0.30475449182517916,0.19962027803314933,-6.35765995934224,0.023622047244094488,0.28195033313143547,0.0,0.13506965475469412,0.4986371895820715,0.060720775287704365,12.474715816790416,0.42083752415097836,False
1342,55026.5,False,6606.0,3549683.0,44863.7,0.12005243209337828,5375.374728312459,2,0.0,структурный ноль,0.2636135661228526,0.2014861339858203,6.3592477656778055,0.0757644565546473,0.1821071752951862,0.012942779291553134,0.12004238570996065,0.5772782319103845,0.03186497123826826,5.9586097207537465,0.7907570530014194,False
1343,24205.0,False,3724.0,1946386.4,43628.2,0.15384442986456714,6706.2198840366345,2,0.6082133672709832,наблюдается,0.2969933497715307,0.21557739333651563,-1.4147916771526334,0.1362781954887218,0.06417830290010741,0.0,0.14460257787325456,0.6087540279269602,0.04618689581095603,9.946855280493724,0.5923918047882136,False
1344,10917.0,False,1511.0,773526.05,42742.399999999994,0.13839547562302792,5911.1153772860725,2,0.48867929928749226,наблюдается,0.3114291951544383,0.19331629040994958,-8.402374587027959,0.0029781601588352085,0.09827928524156188,0.0,0.157180675049636,0.6535407015221707,0.08802117802779619,11.40358993493553,0.7883713425129087,False
1345,11980.25,False,2283.5,1330798.9,48841.2,0.19051682799805153,9263.951275763928,2,0.5574303741938738,наблюдается,0.2834910320519064,0.21905249610640648,-12.795016300648186,0.0,0.07619881760455441,0.06919202977884827,0.10948105977665863,0.5601051018173856,0.18502299102255315,11.560782416713451,0.6472691181005242,False
1346,12470.0,False,2341.5,1248750.0499999998,44464.15,0.18778124544756192,8354.605456283745,2,0.5177636619544905,наблюдается,0.31961923164988904,0.1890286997211434,-10.180110015508667,0.09459748024770447,0.05936365577621183,0.013025838137945762,0.1840700405722827,0.5549861200085415,0.09395686525731373,13.473751931989518,0.5372712121238462,False
1347,8982.25,False,1264.0,614100.25,40564.8,0.1407127505432041,5703.9291050928305,2,0.0,структурный ноль,0.30281425295649145,0.21880239448362937,-13.048613331816872,0.007120253164556962,0.08742088607594936,0.0,0.17325949367088608,0.6428006329113924,0.08939873417721511,12.177060213036567,0.9404426520531028,False
1348,13613.5,False,2155.0,1125904.8,43628.4,0.1582826249368144,6899.512334470994,2,0.611702325018569,наблюдается,0.29422594193607343,0.20073907467514138,-5.226872805070192,0.0,0.0654292343387471,0.0,0.26380510440835264,0.6232018561484919,0.047563805104408385,12.728743600629887,0.4609908598902521,False
1349,7716.25,False,1295.5,629674.7,40551.5,0.16789695054822135,6811.3643950591495,2,0.0,структурный ноль,0.31688741765138595,0.20135223458493096,-10.285471912141237,0.0,0.046700115785411035,0.0,0.1485912774990351,0.6584330374372829,0.146275569278271,10.683878901634372,0.719653922031732,False
1350,9589.5,False,1315.0,700211.45,44491.05,0.1371174701349448,6095.735557192852,2,0.0,структурный ноль,0.3631365569448786,0.19475551346352804,-11.116263800128687,0.06806083650190115,0.08212927756653993,0.0,0.10418250950570342,0.6425855513307985,0.103041825095057,11.568189658136696,0.6559878616385466,False
1351,10371.25,False,1435.0,671858.15,39213.25,0.1383388896552124,5401.913396147718,2,0.0,структурный ноль,0.335455059403868,0.16092007193519858,-0.6200009421793565,0.164808362369338,0.04773519163763066,0.0,0.10662020905923345,0.5916376306620209,0.089198606271777,9.533545508020117,0.658638855323213,False
1352,11763.75,False,1599.0,756480.3,39451.25,0.13593175801804264,5365.16300363223,2,0.0,структурный ноль,0.35087790459032864,0.21054435773435387,-11.672254230057698,0.07942464040025016,0.08692933083176986,0.0,0.10569105691056911,0.6513445903689806,0.07661038148843025,14.780024163073099,0.5492011411055204,False
1353,4559.75,False,651.0,316540.85,40582.95,0.14276282895715475,5790.465426991041,2,0.0,структурный ноль,0.29356815909679346,0.2354746029856162,-13.95581232032003,0.0,0.0967741935483871,0.0,0.10599078341013825,0.6543778801843319,0.1428571428571428,10.632458214661321,0.665650406504065,False
1354,24514.0,False,2297.0,1154372.45,41916.25,0.09370339948642611,3928.691146637282,2,0.0,структурный ноль,0.30632151999806645,0.20476148265224126,-7.337368637766835,0.1434479756203744,0.04658249891162386,0.0,0.152154984762734,0.39007400957771005,0.2677405311275577,5.4715605746064275,1.0,False
1355,13671.5,False,1961.5,930800.15,39590.6,0.14346917358115263,5678.297334007215,2,0.0,структурный ноль,0.3405996669061756,0.19996968624779515,-6.710747402282231,0.03925567167983686,0.07162885546775427,0.005607953097119552,0.23349477440734132,0.47718582717308183,0.17282691817486617,13.2757809254571,0.5864993215739485,False
1356,23498.0,False,3433.5,1999342.05,48628.7,0.1461056516828117,7093.451441095642,2,0.6861256720803203,наблюдается,0.2929174273423768,0.20004637978020523,0.512202644468582,0.0,0.14125527886995776,0.0014562399883500802,0.3148390854812873,0.47560798019513617,0.06684141546526867,13.788816676477591,0.3230509549270568,False
1357,15862.0,False,3707.0,2189853.25,49283.35,0.2337057924532252,11518.848141621726,2,0.49983716088227076,наблюдается,0.29064516419770653,0.20981110557100777,-10.170957096251938,0.060695980577286215,0.1652279471270569,0.008902077151335312,0.1582141893714594,0.548556784461829,0.05840302131103314,13.64827346751042,0.5106585216588198,False
1358,15645.25,False,3545.5,2344267.05,55146.6,0.22661791026235262,12495.671245502725,2,0.40926637771338265,наблюдается,0.2912616128711738,0.20601451680133437,-2.6652845670682384,0.0562685093780849,0.12692144972500352,0.016358764631222676,0.28162459455648003,0.48892962910731913,0.029897052601889795,11.226147844654303,0.48063323115498474,False
1359,435688.75,False,109421.0,78919282.1,60108.6,0.2511448817258939,15094.741354351889,2,1.0,наблюдается,0.25828871617072535,0.172905436042118,2.227533649638235,0.0036418968936492995,0.2604527467305179,0.013566865592527943,0.2967209219436854,0.4256221383463869,0.0,5.49302705755215,0.3304808344645614,False
1360,95580.25,False,28981.0,23222457.5,66829.7,0.30320866863951346,20256.026816475915,2,1.0,наблюдается,0.25312310364309776,0.17722697691937475,0.08023577328998978,0.0007073599944791415,0.28598046996307924,0.011783582347054967,0.23653428108070804,0.2195403885304165,0.2454539180842622,8.682599718836533,0.30679986793582886,False
1361,39095.25,False,29466.0,34317647.1,96706.54999999999,0.7538868143468841,73214.48056376216,2,1.0,наблюдается,0.23455750649333942,0.16787261992537733,-7.407190331431453,0.0,0.2723308219642978,0.512845313242381,0.09616167786601507,0.1023043507771669,0.016357836150139193,7.801675286297792,0.26731539316219227,False
1362,16788.25,False,3531.0,1958617.05,46314.700000000004,0.21030736061352334,9728.009128701577,2,1.0,наблюдается,0.27394319157606095,0.1618184784823163,-8.289924381367303,0.052676295666949875,0.09190031152647975,0.0,0.2605494194279241,0.551118663268196,0.043755310110450196,18.9431396827274,0.4943564577632106,False
1363,14429.5,False,3540.0,1873881.1,44115.5,0.2453331132824335,10825.455469474738,2,1.0,наблюдается,0.28004737405695423,0.17907707930054326,-3.023573990641612,0.0,0.3190677966101695,0.0,0.19364406779661017,0.4477401129943503,0.039548022598870025,15.446437814811523,0.3984278549382716,False
1364,13937.25,False,2953.5,1690224.0,47779.35,0.21188564543596822,10113.773848310047,2,0.0,структурный ноль,0.32328561302883496,0.15372701094979102,-6.5078481169990425,0.2688335872693415,0.12899949212798376,0.0,0.06720839681733537,0.4648721855425766,0.07008633824276278,15.126123811793642,0.41999585058887806,False
1365,10075.75,False,2125.0,1392371.75,54802.95,0.21086382313786517,11527.768355402859,2,0.0,структурный ноль,0.30006020999870453,0.14454893499118826,-6.971762172764301,0.33035294117647057,0.13294117647058823,0.0,0.07788235294117647,0.42658823529411766,0.03223529411764714,11.217928305326351,0.3429609003172924,False
1366,19033.5,False,3483.5,1703270.35,40827.34999999999,0.182929289794234,7457.483743761718,2,0.428134883947894,наблюдается,0.28361605317854555,0.1576205525454415,-5.554090372781632,0.22620927228362278,0.15372470216736042,0.0,0.07219750251184154,0.5251901822879288,0.02267834074924646,10.549460951959077,0.4534419409734434,False
1367,14161.75,False,4361.5,2851797.75,54577.05,0.3079622495109163,16800.19857918784,2,0.3517434925461764,наблюдается,0.32829575138956746,0.145458711153523,0.3191108505144471,0.27662501432993236,0.3297030838014445,0.0,0.12323741831938553,0.24452596583744124,0.025908517711796475,9.63948053033491,0.8865979381443299,False
1368,13407.25,False,2432.5,1496252.0,51275.5,0.18144421637635205,9308.664488056957,2,0.4528021836193719,наблюдается,0.3533765094387573,0.12781844635372447,3.2179975746195435,0.37841726618705035,0.026104830421377186,0.0,0.1393627954779034,0.4380267214799589,0.018088386433710135,12.736494373562183,1.0,False
1369,14843.25,False,3329.5,2343109.0,58384.600000000006,0.22437210854421846,13167.240844568554,2,0.0977230213616024,наблюдается,0.3243150566660199,0.15737338199121836,-4.7805836792006176,0.42513890974620816,0.08785102868298543,0.0,0.12133954047154227,0.24538218951794563,0.12028833158131846,6.400142278168423,0.6019345238095238,False
1370,20096.75,False,3194.0,1926073.15,50170.40000000001,0.15897978693808076,7997.0694649427405,2,0.2133281050207155,наблюдается,0.27658496701605445,0.17636917893868026,-12.859324580270455,0.18659987476518472,0.22182216656230433,0.0,0.16358797745773326,0.3727301189730745,0.055259862241703206,9.07020397920499,0.6270393087977524,False
1371,13744.25,False,3946.5,2735252.4000000004,57750.350000000006,0.2871578471714906,16597.898065800815,2,0.5173870646354275,наблюдается,0.31463896509647427,0.14400565661285147,-2.817994029924142,0.15748131255542885,0.39047257063220575,0.003800836183960471,0.14886608387178513,0.2925376916254909,0.006841505131128911,11.696394492374491,0.8357268662782821,False
1372,8051.5,False,2175.5,1490136.0499999998,57455.55,0.2700770137683382,15438.827010939918,2,0.4409070398739942,наблюдается,0.31745849177376667,0.14717562771369777,-1.2822051459531505,0.0,0.012640772236267524,0.0,0.122040910135601,0.28614111698460126,0.5791772006435302,12.808591573241376,0.565466728023204,False
1373,14266.25,False,2964.0,1722084.1,48494.9,0.207691573211614,10061.338224487512,2,0.37140611910574733,наблюдается,0.2752957868431625,0.16490281115249594,-6.438094219638869,0.25134952766531715,0.018556005398110663,0.0,0.12027665317139001,0.40823211875843457,0.2015856950067476,11.95209116727822,0.8483085541909071,False
1374,55611.5,False,10598.5,7111364.75,56009.5,0.1905939914882085,10653.428313155324,2,0.0,структурный ноль,0.2618729314770828,0.17596439586836438,14.101335292866741,0.20823701467188754,0.07746379204604426,0.0,0.24862008774826627,0.4628956927867151,0.002783412747086711,4.53160663150575,0.8455247227341594,False
1375,16746.25,False,1901.5,1196389.1,52465.05,0.1135496438740344,5958.707717448957,2,0.5884189099794163,наблюдается,0.28696949654044857,0.15085974863719911,-6.480438247069826,0.11201682881935314,0.034446489613463055,0.0,0.12726794635813832,0.41283197475677097,0.31343676045227453,10.44313329804404,0.5610610077408292,False
1376,11472.5,False,798.5,394487.9,41212.850000000006,0.06959508848959245,2866.6344132786144,2,0.0,структурный ноль,0.31244244597268755,0.14935004580355382,-2.2542489913303063,0.24045084533500313,0.0,0.0,0.029430181590482152,0.606762680025047,0.12335629304946782,4.957057100248307,0.9497126436781609,False
1377,10968.75,False,2225.5,1598951.9500000002,59873.899999999994,0.20292284723589432,12159.607034137403,2,0.0,структурный ноль,0.3024951501957156,0.15198395296498854,0.023769844694298322,0.31161536733318357,0.010334756234554033,0.0,0.08784542799370929,0.4536059312514042,0.13659851718714888,12.104418100799885,0.8127136021872864,False
1378,15815.75,False,3433.0,2580846.8,62698.45,0.2170528428254178,13602.684315263446,2,0.27287256208355976,наблюдается,0.29456231896305224,0.1634907431448986,-3.457653500905587,0.2289542674046024,0.09539761141858433,0.0,0.11739003786775415,0.35129624235362655,0.20696184095543257,11.871508463643973,0.6928442846993944,False
1379,27308.75,False,4066.0,2290541.3,46994.6,0.14888109326338833,6992.066576913533,2,0.42605530930108565,наблюдается,0.2949477249178052,0.16379540007406224,4.20864125878028,0.21261682242990654,0.02176586325627152,0.0,0.2030250860796852,0.5023364485981309,0.060255779636005924,11.521221031034438,0.38646269094572705,False
1380,23133.75,False,5989.5,4609160.199999999,63822.100000000006,0.2589362700874748,16611.066545974296,2,0.2233626843461722,наблюдается,0.23948750242659836,0.18244605120969343,6.193430255631568,0.0,0.006427915518824609,0.0,0.04424409383087069,0.21879956590700392,0.7305284247433008,8.645384083732438,0.6033018867924528,False
1381,10588.5,False,1561.0,826234.2,44146.899999999994,0.14742022200908061,6505.231761986532,2,0.455431514060805,наблюдается,0.22385703329204223,0.20733799957414006,-6.817475099314355,0.11210762331838565,0.024343369634849454,0.0,0.2158872517616912,0.6034593209481102,0.04420243433696358,9.917928792218069,0.5925443968156766,False
1382,13851.0,False,3169.5,2111716.9,55479.09999999999,0.2288685275692971,12716.902982690925,2,0.5212410458008211,наблюдается,0.27104081376182987,0.1706367832993077,-3.1834547229654366,0.34579586685597097,0.02019245937845086,0.0,0.1545985171162644,0.33475311563338067,0.1446600410159331,10.538924016856733,0.5355871806764664,False
1383,28862.5,False,5197.0,2831313.9000000004,45423.3,0.18006754674514586,8181.124366334228,2,0.5128256350795363,наблюдается,0.30277375674103923,0.13476732623186397,-2.9378834299610994,0.13055609005195304,0.1727919953819511,0.01712526457571676,0.15893784875889935,0.5068308639599769,0.013757937271502874,10.828959259743796,0.27314265687206013,False
1384,15661.0,False,3389.5,2122912.25,52260.8,0.21641689803562608,11302.103563833643,2,0.3406725113892833,наблюдается,0.29204044142659713,0.14951977047016446,-4.997006295669583,0.16565865171854255,0.02522495943354477,0.15739784629001327,0.16256084968284407,0.3782268771205193,0.11093081575453612,13.559337515921275,0.4067780802205579,False
1385,11750.75,False,1877.0,1059281.7000000002,47079.2,0.15973356402765065,7519.617625706407,2,0.2924935036552084,наблюдается,0.2976625460461936,0.18127534215800795,-2.27915140328746,0.1875332978156633,0.013319126265316995,0.0,0.1768779968034097,0.6030900372935536,0.01917954182205639,11.47881531928342,0.6317251599918235,False
1386,24204.5,False,5084.5,3053630.1500000004,50136.5,0.20995300655510232,10512.843005207062,2,0.2039708040764535,наблюдается,0.26772340631530117,0.18147971847809688,-2.6352297167674736,0.1775985839315567,0.15498082407316355,0.07080342216540467,0.1437702822303078,0.45038843544104634,0.0024584521585209185,14.566064340518546,0.30741511013446343,False
1387,9757.0,False,1397.5,722355.75,43117.899999999994,0.14322861185537678,6173.68618025211,2,0.30096283697831566,наблюдается,0.2853809889173895,0.16254410048912188,-5.919365850577488,0.06189624329159213,0.024329159212880144,0.0,0.11449016100178891,0.6332737030411449,0.16601073345259387,13.094155748925958,0.5122700096838028,False
1388,16128.5,False,3484.5,2189479.85,52348.5,0.21606860579121712,11323.456590776337,2,0.2848526644697269,наблюдается,0.2713577274464887,0.1900638992932518,-5.276731131845795,0.34050796383986226,0.0165016501650165,0.0,0.14062275792796672,0.4343521308652604,0.06801549720189404,8.4102077683289,0.8172846889952153,False
1389,8085.5,False,1499.0,825594.55,45954.899999999994,0.1853817643272089,8514.191848838978,2,0.45499955369020584,наблюдается,0.3355741113657956,0.14519531117510687,-6.7819392680393475,0.2628418945963976,0.0590393595730487,0.0,0.0857238158772515,0.5206804536357572,0.07171447631754502,13.465774486023676,0.570827079464869,False
1390,7404.0,False,1640.5,925462.95,47037.7,0.22157891325942258,10426.668326162588,2,0.4338665059531777,наблюдается,0.29016305514904717,0.16230429604237584,-14.188269228753093,0.14995428223102714,0.025601950624809508,0.0,0.19689119170984457,0.5056385248399878,0.12191405059433091,13.965395746946676,0.5178571428571429,False
1391,9100.25,False,1404.5,910372.8,54043.8,0.154341796226017,8341.656266623286,2,0.0,структурный ноль,0.3075768459318337,0.16253781230795186,-0.7026797008713147,0.3631185475258099,0.0,0.0,0.06763972944108224,0.5161979352082592,0.05304378782484864,5.382968723256207,0.9613536373047242,False
1392,50705.5,False,9546.0,7945739.65,69454.05,0.18825480967271524,13062.677602810554,2,0.7695794380778213,наблюдается,0.2872693547821898,0.15009011324095378,3.62682207327446,0.032317200921852085,0.42185208464278234,0.00010475591870940707,0.17200921852084644,0.32353865493400374,0.05017808506180588,8.92949303233521,0.4683506259921163,False
1393,50274.0,False,6545.0,4949041.25,63097.2,0.1301881634464282,8202.960278414808,2,0.22788276137327526,наблюдается,0.2552672892211728,0.15956318176561085,5.603461492331671,0.13315508021390374,0.14950343773873187,0.0,0.23919022154316272,0.41970970206264324,0.058441558441558406,9.003146607106075,0.3708769141868875,False
1394,78730.25,False,19720.5,16702431.85,70635.65,0.2504771040082868,17685.068222578535,2,0.724741967822062,наблюдается,0.2975834846154745,0.13201796287422182,0.1056927397320939,0.040997946299536014,0.29897822063335106,0.03389873481909688,0.33077254633503206,0.29418625288405464,0.0011662990289293962,12.735889189194552,0.2081334456226661,False
1395,571393.0,False,75099.0,81878957.8,90473.65,0.13137274506445823,11918.977411721902,2,0.7432332452315872,наблюдается,0.18243557803816307,0.14659176318664566,42.055669483407875,0.02300296941370724,0.24935751474720036,0.04310310390284824,0.3815563456237766,0.30300669782553696,0.0,7.294151472541662,0.20502196622056165,False
1396,194672.75,False,40540.5,41132556.2,84647.85,0.2082447920225,17609.829589498568,2,0.6443898169029413,наблюдается,0.28043830503152395,0.1372427586183984,1.8932152713612524,0.08231274897941565,0.3345790012456679,0.030475697142363808,0.2474932474932475,0.3051023051023051,3.700003700002341e-05,10.462650023425882,0.5428783301809332,False
1397,261616.0,True,45096.0,41101428.95,76230.85,0.1723720729680319,13092.349499201222,2,0.5900335771036008,наблюдается,0.271408455189966,0.1298437643898097,2.07430476544791,0.023172786943409615,0.27515744190172076,0.013149725031044881,0.3270356572645024,0.342901809473124,0.01858257938619834,9.133672483140378,0.27202241811171257,False
1398,85097.75,False,38129.5,51689961.05,111286.6,0.4470777773202894,50415.45903105779,2,0.680980222542353,наблюдается,0.2590082584530694,0.1357176403764731,0.621963598569973,0.005612452300712047,0.14997574056832635,0.40939430100053764,0.27341035156506116,0.15276885351237232,0.008838301052990438,12.812657058375642,0.1928572583533959,False
1399,59062.25,False,18926.5,18032241.6,79607.29999999999,0.3203936665946203,25449.060682365274,2,0.883621167983708,наблюдается,0.2806223346178125,0.15075553522364632,-5.45419282048104,0.01600929913084828,0.40667846670012947,0.07172483026444404,0.2295194568462209,0.23276886904604654,0.0432990780123107,15.534123235839896,0.19894339911793163,False
1400,108336.0,False,21444.5,20812073.4,80695.20000000001,0.19794366942317562,16008.691149223547,2,0.8928183602477713,наблюдается,0.2768937274857212,0.12670920600785135,3.0373142041539385,0.08256196227470913,0.27883606519154097,0.027815990114015247,0.26123248385366876,0.26097600783417657,0.08857749073188925,9.929713074173787,0.40236463391376676,False
1401,27226.25,False,4729.5,3075404.1500000004,54400.8,0.1736767974181216,9415.155776712416,2,0.7127589479757223,наблюдается,0.2829319769173002,0.1433248570692671,-0.679628438355434,0.0658631990696691,0.05264827148747225,0.0033830214610423934,0.2566867533565916,0.520879585579871,0.10053916904535365,12.718159372181956,0.3764749339471992,False
1402,90151.75,False,20135.0,25820578.85,106593.29999999999,0.22330588714206645,23816.75025688333,2,0.2338186768420727,наблюдается,0.2247751687189774,0.1534271068191851,63.2955523385367,0.04810032282095853,0.4005959771542091,0.04805065805810777,0.3299230196175813,0.16791656319841072,0.005413459150732547,7.1883691468070126,0.3121859062081448,False
1403,74380.25,False,10175.5,7906278.15,64702.5,0.13681665566305878,8863.440175280512,2,0.5352591857179534,наблюдается,0.3108394252566988,0.1337641575536651,-2.554200506614684,0.05896516141712938,0.22485381553732003,0.00044223871062847036,0.22426416392314874,0.4740307601592059,0.0174438602525675,10.490751440773494,0.15351680046767585,False
1404,25115.5,False,3973.0,2687052.6500000004,56355.95,0.15819767622924696,8921.564183950108,2,0.8956600321730827,наблюдается,0.3491582241261914,0.11340619215146655,-5.003983343409403,0.0,0.17631512710797886,0.0,0.17858041782028694,0.5378806946891518,0.10722376038258241,12.741733539747433,0.26735434508045286,False
1405,56725.5,False,11100.5,8643241.2,65002.7,0.19567779379620998,12699.975598065233,2,0.389502764595502,наблюдается,0.3124763441475119,0.1369164471929778,3.125256800564819,0.11044547542903473,0.11044547542903473,0.0,0.21215260573848024,0.36750596819963066,0.19945047520381964,15.960608473384278,0.18132833974129714,False
1406,44431.0,False,5864.0,4889745.5,69466.75,0.13199177474053506,9181.107516011713,2,0.754667049939444,наблюдается,0.2878466534797953,0.14197642102877833,-3.979897478843552,0.04783424283765348,0.32128240109140516,0.0,0.11843451568894953,0.43579467939972716,0.07665416098226463,7.602149410011484,0.12442264194816725,False
1407,65856.5,False,18291.5,16051860.25,72923.25,0.2777654038154376,20319.530778529916,2,0.819636528138933,наблюдается,0.30084018581543426,0.1514149503414735,-0.8722372086267907,0.01768581034906924,0.5527704124866741,0.0031982068173741903,0.1461334499630976,0.2575786567531367,0.02263346363064822,12.218187351091544,0.24334966261808366,False
1408,131072.25,False,24414.5,21869485.4,74643.15,0.18627418767411563,13911.823903971848,2,0.7161808550662719,наблюдается,0.2565872493792547,0.13385271851675407,-11.342736479359958,0.034651539044420324,0.2871039750967663,0.02539474492617092,0.3870445841610518,0.2658665956706056,0.0,9.50763615543774,0.256702228113868,False
1409,63697.75,False,23953.0,32241457.75,112087.70000000001,0.376047715086825,42185.6657757178,2,1.0,наблюдается,0.281470361367618,0.15407351153645973,-6.509102855280677,0.0,0.36909781655742496,0.16352857679622596,0.31534672066129504,0.1510040495971277,0.0010228363879263291,8.705389302283598,0.23274154742547717,False
1410,485997.0,False,129674.0,112668916.35,72298.75,0.26683799076488496,19328.5393631013,2,1.0,наблюдается,0.25474687415889796,0.1738155243990963,-4.664223819635986,0.007387756990607215,0.3641323626941407,0.040574826102379814,0.2553287474744359,0.3325724509153724,3.855823063947383e-06,6.966063968370139,0.4358502391375363,False
1411,95120.75,False,23303.5,15557968.450000001,55602.7,0.24502008620127053,13641.155738543963,2,1.0,наблюдается,0.26335665201510555,0.1687818568274211,-11.703540079950454,0.01924603600317549,0.3593666187482567,0.013688930847297616,0.23717467333233205,0.36550303602463147,0.005020705044306739,12.470213194009949,0.2888998404917689,False
1412,12354.75,True,1623.0,827243.5,42462.7,0.1306395138246066,5548.916032787325,1,0.0,наблюдается,0.29410942774419546,0.13911511789907866,-2.080489726383361,0.17991373998767715,0.0,0.0,0.15588416512630932,0.5939617991373999,0.07024029574861368,11.107980842757678,0.7662337662337663,False
1413,77312.5,False,14783.0,12418476.899999999,70066.04999999999,0.19121185526590587,13384.896231995395,2,0.5658860166172132,наблюдается,0.2657351622721154,0.18806294693510922,5.506419953876646,0.05327064871812217,0.4582290468781709,0.004160183995129541,0.1834539673949807,0.3005141040384225,0.00037204897517417734,6.223056034309773,0.45228736216773324,False
1414,31457.25,False,6613.5,4265392.25,53805.0,0.21023091001287117,11304.914404438161,2,0.5878497423368266,наблюдается,0.29233997883019186,0.15688450911572488,0.6185753416811188,0.2565963559386104,0.1809178196114009,0.0,0.12179632569743706,0.346185832010282,0.09450366674226962,11.301108326947393,0.3666958308747228,False
1415,32218.5,False,4518.0,3221726.95,59469.1,0.14022905993099488,8337.90266715652,2,0.0,наблюдается,0.2898035619700767,0.15092217589743417,-3.1396399530756365,0.3113103142983621,0.08266932270916334,0.0,0.12239929172200088,0.42076139884904823,0.06285967242142543,10.166621657259418,0.04985151027095506,False
1416,26957.5,True,3761.0,1948852.2,43185.2,0.1396998737092341,6032.402867543273,1,0.0,наблюдается,0.3209980514288763,0.15268577328644856,13.09655124996589,0.2722680138261101,0.01728263759638394,0.0,0.11752193565541079,0.4886998138792874,0.10422759904280776,9.741103929871482,0.3156548127250455,False
1417,15740.25,False,2679.5,1653700.35,51467.6,0.17023279622607657,8761.901543511758,2,0.0,наблюдается,0.29946576787518486,0.15942408056349178,-0.10125289269882028,0.251352864340362,0.0,0.0,0.1207314797536854,0.4601604777010636,0.16775517820488894,10.356950666542053,0.07175510204081632,False
1418,29254.5,False,5417.0,3972235.85,61095.299999999996,0.18516851881577545,11315.99621752636,2,0.0,наблюдается,0.2621930395942249,0.16755758700948803,8.592272058541532,0.3874838471478678,0.08325641498984677,0.0071995569503415175,0.1908805611962341,0.30579656636514674,0.025383053350563012,5.664294107587831,0.6892180900775441,False
1419,33274.25,False,5889.0,4389334.85,62094.45,0.17699092666210592,11002.843294325246,2,0.2859890910051755,наблюдается,0.3134002913977557,0.13941594244363895,-1.0534301291736037,0.24180675836304977,0.08863983698420784,0.0,0.16938359653591442,0.4227373068432671,0.07743250127356083,11.751186703521789,0.08,False
1420,14831.75,True,2372.0,1272865.1,44710.7,0.1595748259275455,7135.934048684226,1,0.0,наблюдается,0.29941591064402306,0.15731336864192277,0.5005118404098257,0.24536256323777403,0.0,0.0,0.17706576728499157,0.3456998313659359,0.23187183811129852,11.133909650509604,0.41352401129943506,False
1421,13134.5,True,2551.5,1842091.8,59752.6,0.19429916000266367,11695.007068687628,2,0.0,наблюдается,0.27640926218443523,0.16601524727764844,4.92402333591088,0.20458553791887124,0.0,0.0,0.2596511855771115,0.36331569664902996,0.17244757985498738,11.4776180716149,0.5755102040816327,False
1422,38842.0,False,10655.5,7666367.7,60037.35,0.2743146653417271,16455.434531409635,2,0.48995079563781646,наблюдается,0.27416333657790415,0.1609383733643856,-4.839473138207458,0.1476232931350007,0.4800807094927502,0.0,0.14274318427103375,0.2188541128994416,0.01069870020177377,9.826848954304138,0.5768811341330425,False
1423,16151.5,False,2770.5,1853822.0,55858.85,0.1715204911188592,9573.02961504725,2,0.0,наблюдается,0.25040043978727605,0.16976577776574095,-10.190013051600893,0.2992239667929977,0.023280996210070383,0.0,0.21584551524995488,0.28117668290922215,0.1804728388377549,10.787391865635987,0.034447981397106676,False
1424,60133.0,True,10466.0,8130011.949999999,64680.84999999999,0.17404831013937613,11267.586055889418,2,0.0,наблюдается,0.2681511829705806,0.1737644298259849,8.394265972422895,0.18684311102618,0.3893082361933881,0.015669787884578637,0.13935600993693867,0.21201987387731702,0.05680298108159765,5.432483123488301,0.4075281352647459,False
1425,16498.75,True,2645.0,1584167.0,49907.3,0.16053166631262708,8012.254827582719,1,0.0,наблюдается,0.2899109124163888,0.15653021747954435,7.008995809492315,0.1621928166351607,0.0,0.0,0.33081285444234404,0.3379962192816635,0.16899810964083173,8.936970837253057,0.578853706431026,False
1426,20439.75,False,4657.5,3172771.8,56694.45,0.22787953459856888,12941.366572499266,2,0.0,наблюдается,0.2652783143235109,0.16805788058706567,3.5021350681727137,0.17691894793344068,0.25453569511540525,0.02318840579710145,0.0966183574879227,0.2640901771336554,0.18464841653247444,11.125012460143234,0.2539547546969949,False
1427,49132.5,False,7207.0,5194314.1,60087.8,0.14668708676258668,8808.138915781528,2,0.39031543982345296,наблюдается,0.27307064428164074,0.1658712385737574,0.9266531746813906,0.2770917163868461,0.10024975718051894,0.0,0.11481892604412376,0.47814624670459277,0.029693353683918455,7.973616600332821,0.5765843101710109,False
1428,18285.5,False,3106.5,1989848.6,53435.05,0.16988472569900773,9073.844731370034,2,0.0,наблюдается,0.3115441086254697,0.14993907191136102,-8.220788275019414,0.1453404152583293,0.0061162079510703364,0.0,0.3190085305005633,0.3729277321744729,0.15660711411556405,11.818389154863791,0.4990600146777348,False
1429,29848.75,False,4949.0,3227433.95,54416.6,0.16579442013812964,9013.72128415678,2,0.38697584408267,наблюдается,0.26345847764720015,0.1599867698385687,0.6141520837457723,0.1842796524550414,0.13588603758335016,0.0,0.25368761365932513,0.39209941402303494,0.03404728227924836,15.751314515763001,0.4329700630252101,False
1430,95284.25,False,30803.0,53639814.4,145207.15000000002,0.3232823215346299,46906.491865170385,2,1.0,наблюдается,0.1903395124795828,0.18993668756023163,-5.4476504012136315,0.026198746875304352,0.07807681070025647,0.0174658312502029,0.3665552056617862,0.4927929097815148,0.018910495730935284,11.952324185261896,0.25878807722037783,False
1431,8502.0,True,1894.0,2450914.45,108018.20000000001,0.22712302987532346,22538.453697169294,1,0.6637261820748059,наблюдается,0.20027720027720028,0.21055671055671055,15.160538906753073,0.0,0.0,0.0,0.08315733896515312,0.6544350580781415,0.2624076029567054,9.409550693954364,0.12903225806451613,False
1432,4400.0,True,3448.0,7673452.05,185492.45,0.785,134615.15151515152,1,0.9997727272727273,наблюдается,0.14452243958573074,0.19094649021864213,-23.392606428320715,0.527407192575406,0.0,0.14878190255220416,0.09135730858468677,0.1677784222737819,0.06467517401392109,15.795454545454547,0.4422268907563025,False
1433,1525.0,True,1891.0,4246642.4,186778.7,1.2118032786885247,207724.22950819673,1,0.8308196721311475,наблюдается,0.1817569278534389,0.2584617247795308,-13.16766807605766,0.6012691697514543,0.0,0.0,0.06530936012691697,0.20756213643574828,0.12585933368588043,10.655737704918032,0.6354166666666666,False
1434,2182.0,True,1913.5,3160918.75,138533.15000000002,1.0618698441796517,142687.55728689276,1,0.9665444546287809,наблюдается,0.23778103961422017,0.1530356444655253,-36.280980697750316,0.0,0.1256859158609877,0.4324536190227332,0.15312255030049648,0.1816043898615103,0.10713352495427231,12.37396883593034,0.051644736842105264,False
1435,6243.0,True,4054.5,8488860.3,174976.90000000002,0.672112766298254,107886.39275989108,1,0.956431202947301,наблюдается,0.20368514694639211,0.14797511812632735,-22.265194900197177,0.5583919102232088,0.1595757799975336,0.0,0.07608829695400172,0.1626587742015045,0.04328523862375133,13.415024827807143,0.26561951561951563,False
1436,3044.0,True,6930.0,13719285.350000001,165180.59999999998,2.3101182654402104,349247.08169075777,1,0.8288436268068331,наблюдается,0.21234798551396494,0.1254289431398725,-13.941399461764876,0.644011544011544,0.04040404040404041,0.049134199134199134,0.14704184704184703,0.07056277056277056,0.0488455988455988,17.16491458607096,0.6196008852258852,False
1437,6934.0,True,1741.0,2544667.65,122457.4,0.26391693106432074,29023.602297855978,1,0.8980386501297952,наблюдается,0.21071688851148312,0.14812658826943093,19.04400419056834,0.10080413555427915,0.1479035037334865,0.0,0.09304997128087306,0.5893164847788627,0.06892590465249859,9.08566483991924,0.5629713423831071,False
1438,6077.0,True,4427.5,8381013.7,157954.8,0.7452690472272503,110896.78295211453,1,0.9985190060885305,наблюдается,0.2298972671743964,0.11792649039051085,-12.467515491664495,0.4870694522868436,0.16792772444946358,0.0,0.06583850931677018,0.22461885940146809,0.054545454545454564,16.290933026164225,0.5876785714285714,False
1439,556845.5,False,62997.5,71493829.44999999,94404.5,0.1131202248624744,10690.457260966828,2,0.9571731635669302,наблюдается,0.21588441617178178,0.19800578732063517,3.961701825497717,0.0,0.18682487400293663,0.026104210484543037,0.43519187269336085,0.35035517282431844,0.0015238699948409984,10.737584906402084,0.08848487200428687,False
1440,21076.5,False,5503.0,4923879.5,74554.35,0.2610996302031078,19472.13914011812,2,1.0,наблюдается,0.2122344850133362,0.20776924760565635,-6.72792552783903,0.0,0.31228420861348355,0.0,0.3660730510630565,0.23514446665455208,0.08649827366890794,18.35664352439818,0.11522455767415996,False
1441,28555.75,False,,,,,,0,1.0,наблюдается,0.1774020003862909,0.25023750106327636,6.511465117992131,,,,,,,2.2342927456688066,0.5545986943164362,False
1442,2057.75,False,,,,,,0,1.0,наблюдается,0.1878879498143122,0.22820396328870163,4.103450917810639,,,,,,,1.9438721385096869,0.6666666666666666,False
1443,57469.0,False,12150.5,14594098.1,100032.4,0.21143009305770738,21165.73736749334,2,1.0,наблюдается,0.20396720757135806,0.2161932204120181,2.483420455285256,0.0,0.43467347022756264,0.06086169293444714,0.3339368750257191,0.15653676803423727,0.013991193778033706,5.792555660033751,0.22886626485644904,False
1444,119223.75,False,22035.5,34177618.55,128819.85,0.18484304269991023,23896.768994467886,2,1.0,наблюдается,0.2241536979911959,0.19151023389205346,-9.308905290959704,0.0,0.24301694992171724,0.0125025526990538,0.43674979011141113,0.2869460643053255,0.020784642962492272,6.337017223672549,0.3097579741673072,False
1445,226746.75,False,66634.5,86098717.0,107496.5,0.2938448599207254,31615.03515325387,2,0.6910551577840315,наблюдается,0.2144301981668571,0.18920122722310795,21.593666969826224,0.011135372817384389,0.11635113942477246,0.02395155662607208,0.6677621952592125,0.18076221777007406,3.751810248453502e-05,9.326279085269874,0.23006124175196563,False
1446,74120.0,False,18815.5,24757638.15,109024.05,0.2538503443150272,27834.646568574077,2,1.0,наблюдается,0.28276219468939134,0.171645599922947,0.1417067743940078,0.0,0.4800563365310515,0.001939889984321437,0.24490446706173102,0.2701496106933114,0.0029496957295847004,9.784767904811162,0.04983483116835417,False
1447,111611.25,False,20262.0,18613407.4,76557.15,0.1815408917343157,13897.180468968807,2,0.6628080504371298,наблюдается,0.2633195898005325,0.1531312023694043,10.2887833722442,0.011820155956963774,0.44677228309150135,0.0023442898035731913,0.186062580199388,0.35302536768334813,0.0,7.74450153762457,0.04697776733792123,False
1448,110126.0,False,27458.0,35755558.55,108566.75,0.24933081484082634,27059.494399364896,2,1.0,наблюдается,0.24538868217567472,0.1691115686208749,3.3536167800192,0.0,0.09957025274965402,0.02228858620438488,0.6198557797363246,0.24930803408842597,0.008977347221210574,10.094263424677642,0.06215048385740079,False
1449,36553.5,False,5303.0,3810923.35,60021.350000000006,0.1450726234400855,8688.311096192814,2,0.5570907280913442,наблюдается,0.26410083542317175,0.18978195930535047,8.400784911796993,0.15321516122949275,0.1378465019800113,0.0,0.2193098246275693,0.39901942296813125,0.09060908919479549,12.071495184922222,0.3526819926082116,False
1453,171867.25,False,36794.5,45289252.25,102538.85,0.2140876863022685,21961.36949367029,2,0.41304566183854535,наблюдается,0.23323595777824327,0.1462675357780413,-2.5084037969846054,0.009824837951324246,0.26037858919131934,0.04205791626465912,0.47206783622552284,0.20947424207422305,0.0061965782929513935,8.546089389438652,0.3268604088674736,False
1454,65989.5,False,15146.0,14139320.25,77805.7,0.22952131459656466,17857.335675137576,2,0.6771266774919953,наблюдается,0.2486751938681994,0.136428642982133,0.8287213969150636,0.10243628680839825,0.3365244949161495,0.005777102865443021,0.27627756503367223,0.2459395219860029,0.033045028390334075,10.196815005639266,0.10398558151813539,False
1456,226356.75,False,47562.5,62192555.2,108975.5,0.21012179724908678,22897.11050745018,2,1.0,наблюдается,0.21728424003808486,0.19326506346292216,0.6430722185198198,0.0,0.2876846254927727,0.002859395532194481,0.4573981603153745,0.2518370565045992,0.00022076215505906216,6.077329498678065,0.07113573764524533,False
1457,72167.25,False,11189.5,14954627.1,111149.75,0.1550249818646667,17239.017194136348,2,1.0,наблюдается,0.12365724862995663,0.26684179205233943,57.18436245241074,0.0,0.09987041422762412,0.03771392823629295,0.6699137584342464,0.1747620537110684,0.017739845390768227,7.675038744517977,0.1984354952821235,False
1459,335650.25,False,94416.0,143668654.3,126681.29999999999,0.2813109658171369,35624.557979007805,2,0.7398600910040134,наблюдается,0.18443719409032505,0.17903058563805652,31.735627456461522,0.0,0.1500804948313845,0.05276118454499237,0.46345428740891376,0.33369873750211826,5.2957125911134995e-06,9.255262089883344,0.36267014809613524,False
1460,44600.75,False,,,,,,0,1.0,наблюдается,0.21297929617842926,0.2312027329931959,8.976174286184591,,,,,,,4.097573685175897,0.34210526315789475,False
1461,81651.75,False,24086.5,41258918.35,142953.45,0.2949949018096555,42102.81937031878,2,1.0,наблюдается,0.19697649714536664,0.25602114632674156,-1.8166736356337023,0.0,0.13943495318954602,0.005168870529134577,0.7179540406451747,0.13702696531251946,0.00041517032362525796,10.011830170491159,0.18790367454937767,False
1463,61051.0,False,14416.0,14716175.35,85064.29999999999,0.2361313583566089,20083.1598261147,2,0.5862388092495557,наблюдается,0.263256717802052,0.20582039856106582,12.128315113413953,0.12090732519422863,0.26553829078801333,0.0006936736958934517,0.31360987791342954,0.24042730299667037,0.05882352941176472,11.291418333002168,0.30206998346624336,False
1464,66515.25,False,11832.5,14526625.15,102143.15,0.17788304133523955,18193.582886092743,2,1.0,наблюдается,0.21994636558105443,0.22537955110252744,16.149471819885612,0.0,0.4000845129938728,0.020832452989647157,0.36594126346925837,0.15820832452989647,0.054933446017325194,5.41418525174403,0.27279272159555257,False
1465,369360.25,False,58491.0,73042127.7,103977.0,0.15840473410475492,16454.2180971767,2,0.9460049718642515,наблюдается,0.22751208387255642,0.17472885371671254,22.380039328314485,0.0,0.18667829238686293,0.03792891214032928,0.46041271306696757,0.3146210528115437,0.0003590295942965671,4.738436371782784,0.6274740273715449,False
1466,2862.0,False,,,,,,0,1.0,наблюдается,0.19124792105797153,0.2252200547394053,-9.56050671371135,,,,,,,2.7952727342760033,0.2,False
1467,308334.25,False,76121.5,93504412.15,102245.79999999999,0.24687300549952534,25246.770842733546,2,0.8881497402391115,наблюдается,0.18572320349308039,0.20961119784504,28.337438320971028,0.00047949659426049145,0.21538592907391474,0.056370407834842984,0.46030359359707834,0.26744743600691,1.313689299342613e-05,5.025410057267632,0.06277036316843457,False
1468,198335.5,False,29046.0,28761111.85,82224.75,0.1464092271694572,12071.231917327324,2,0.7952485079917825,наблюдается,0.18738313411419805,0.1987670953803692,15.132570619867728,0.0204847483302348,0.29136542036769264,0.012239206775459616,0.3795531226330648,0.2963402878193211,1.7214074227167586e-05,11.197685876758463,0.2810515165095957,False
1471,91858.0,True,13501.0,11758421.8,72580.1,0.1469768555814409,10667.208989237011,1,0.772191861351216,наблюдается,0.2504735570119097,0.1592784515230029,13.64402566956393,0.0,0.38211984297459445,0.0,0.2087993481964299,0.28109028960817717,0.12799051922079852,7.163230203139629,0.49291103672406,False
1472,350822.0,False,97741.5,188042902.5,159927.45,0.27859806231596856,44662.0910833563,2,0.891770605775455,наблюдается,0.2184805609016676,0.18912222061076273,0.13315957898018377,0.0008542942353043487,0.2835489531058967,0.036258907424174994,0.5012865568872996,0.1771867630433337,0.0008645253039907264,9.148479076443158,0.19323862930077423,False
1473,37162.0,True,7969.0,7884849.449999999,82557.0,0.21444429394356573,17678.75093687509,2,1.0,наблюдается,0.28337567566867655,0.18312298732164892,4.467989898333234,0.0,0.23723177312084326,0.0017568076295645626,0.5335675743506086,0.21615008156606852,0.011293763332914986,10.450637414764305,0.16136363636363635,False
1474,19354.5,True,3244.5,3153630.7,81266.1,0.16763041473471907,13578.566038046027,2,1.0,наблюдается,0.303820263825059,0.1917399747484313,4.559160530514471,0.0,0.0,0.0,0.6142703035906919,0.19910617968870395,0.18662351672060418,7.783859141839211,0.45533543182879466,False
1475,113836.25,False,19941.0,23364210.6,97457.6,0.17515753208593438,17083.924565259746,2,1.0,наблюдается,0.22087910929176172,0.18770257835740212,-3.4934977141250636,0.0,0.10084750012536985,0.016323153302241614,0.5246226367784965,0.3582317837620982,0.0,11.083228459737263,0.061652861445783136,False
1477,79934.75,False,15816.5,16078706.8,84959.6,0.1978903745325756,16760.056583492682,2,0.4815681089329691,наблюдается,0.2815190299465411,0.13415190021210954,12.088375821073166,0.05519552366199854,0.224891726993962,0.008124427022413302,0.2965573925963393,0.4029652578003983,0.012265671924888588,11.269927165556162,0.36626289838481524,False
1478,23339.0,False,4069.0,3201551.6,65658.3,0.17433879821464315,11432.451761206095,2,0.3759182314449674,наблюдается,0.26430744528718536,0.18378678840492668,0.6328297241250024,0.05025804866060457,0.0,0.0,0.3542639469157041,0.3246497911034652,0.2708282133202261,7.862964543394892,0.5825964917292803,False
1480,118244.5,False,31747.0,34313646.55,90968.3,0.2684943855170586,24182.26917054635,2,0.6774084473299178,наблюдается,0.25803340128931707,0.19028105646596605,5.941347808687171,0.023514032821998928,0.4516647242259111,0.012442120515324282,0.2650486660156865,0.24714146218540334,0.0001889942356758656,9.026758217008021,0.28799954497224645,False
1481,58882.5,False,16730.5,23415800.65,116534.65,0.28415609395760766,33151.33753840826,2,0.9997114922132413,наблюдается,0.24017795958292032,0.19225467334813823,-5.953553098406632,0.0,0.6907743342996324,0.004064433220764472,0.15579331161650878,0.12653536953468217,0.02283255132841222,6.534584102108599,0.2328310010564344,False
1482,,False,,,,,,0,,нет данных,,,5.543873064423629,,,,,,,,,True
1483,21373.5,False,10690.0,16996386.0,131746.34999999998,0.5004161163782681,66339.69107712823,2,0.8693762252153597,наблюдается,0.29508172954357414,0.14820040429588202,-13.552659647396718,0.0,0.1429373246024322,0.0,0.7840037418147802,0.06290926099158092,0.010149672591206693,9.126857968312931,0.0383989694557091,False
1484,147312.25,False,25222.0,25344128.85,83621.0,0.17120826096585162,14331.164192426364,2,0.6232473266479519,наблюдается,0.20827064431002607,0.1633401502240429,-0.367565882282143,0.0061256046308778055,0.2188962017286496,0.0326500674014749,0.32735310443263815,0.3758821663626992,0.03909285544366026,14.98582020944364,0.35336799040652567,False
1486,29776.25,False,3686.0,2984152.6,67081.65,0.12377250566659567,8349.329282531078,2,0.42703221749658016,наблюдается,0.2591412601850352,0.16217295561494194,7.947734365782701,0.0,0.10919696147585459,0.0,0.3823928377645144,0.29896907216494845,0.20944112859468267,8.567921623006436,0.379345417111671,False
1487,29930.0,True,3286.0,2456099.9,62289.8,0.10978950885399265,6838.45611983517,1,1.0,наблюдается,0.2555629802873371,0.1770464416972937,6.022975640177683,0.0,0.4646987218502739,0.0,0.09525258673158855,0.24923919659160074,0.19080949482653675,5.237220180420982,0.16116599546941857,False
1488,151409.25,False,28597.5,50068099.1,146433.5,0.1888743418261325,27558.30422488215,2,0.9408664931272456,наблюдается,0.22456414058440155,0.1905162397050355,-6.140435498501169,0.0,0.4823498557566221,0.006923682140047207,0.2589911705568669,0.24711950345309905,0.004615788093364825,10.293359198596908,0.16651663912706322,False
1489,64729.25,False,8813.5,7567862.3,71594.9,0.13615779753980517,9745.072776848545,2,0.4467106723585421,наблюдается,0.315871394725137,0.15472251650317909,5.997239118282354,0.07687070970669994,0.23146309638622567,0.005389459352130255,0.25574402904634935,0.4145345209054292,0.0159981846031656,18.47196989047058,0.18938889034712694,False
1490,160996.25,False,23345.5,22922548.4,81793.35,0.14500592624527092,11862.856440546355,2,0.757787298526628,наблюдается,0.2414477932752914,0.17361756263973288,4.7007837126502,0.010880041121415262,0.3664089439078195,0.041228502280953504,0.2965025379623482,0.2806750765672185,0.00430489816024493,7.9614054467477455,0.3265071881042522,False
1491,164788.25,False,39774.0,39666678.0,82996.85,0.2413482094372717,20047.441718269954,2,0.596512177831055,наблюдается,0.22923758828461333,0.19338684841935458,-2.7559497023707937,0.0403781364710615,0.3467214763413285,0.0353371549253281,0.3289963292603208,0.243789913008498,0.004776989993463099,6.26741733924312,0.416806864064603,False
1492,148818.0,False,22256.0,20396147.2,76360.6,0.14955217624673628,11418.856236738226,2,0.7139912937878519,наблюдается,0.2666622654498346,0.1685029596582091,4.461437931928519,0.0024712437095614666,0.4099568655643422,0.011412652767792955,0.27471243709561466,0.2996495327102804,0.0017972681524083267,7.724111003775415,0.29923548689558244,False
1493,326439.0,False,42798.0,56163362.85,109224.8,0.13114393450040984,14309.365048664502,2,0.5956315628127142,наблюдается,0.12447760180284731,0.25501948171241146,53.99667769260768,0.0,0.1339665404925464,0.13293845506799384,0.5085751670638815,0.21335109117248469,0.011168746203093605,3.3611721433612978,0.4206411664813346,False
1494,21885.25,False,1980.0,1343310.65,56507.3,0.09047238155980325,5115.352267002241,2,0.2814704974043652,наблюдается,0.28948486251439315,0.1567844338298931,2.739413308982993,0.041666666666666664,0.0,0.0,0.1696969696969697,0.36742424242424243,0.42121212121212115,8.253186195443092,0.38407466129497175,False
1495,92746.75,False,12426.5,9997611.45,66972.65,0.1339792043090865,8981.033760445807,2,0.39645701181534115,наблюдается,0.2684818876827078,0.1360404591267418,9.153708212270706,0.06514304108155956,0.3120347644147588,0.012272160302579166,0.21965155112058907,0.3869955337383817,0.0039029493421317563,8.908097855842973,0.11088405251507194,False
1496,220371.75,False,58686.5,68753215.65,97312.79999999999,0.2662679666457042,25982.97094088982,2,0.7664814809282641,наблюдается,0.2724093634718787,0.1380666912630882,7.863250380242246,0.010104538522488136,0.36009133275966365,0.020882144956676577,0.40688233239331023,0.2020140918269108,2.555954095062596e-05,11.008332420601498,0.20804585669104939,False
1500,334161.75,False,58025.5,62911826.15,90263.75,0.17366421399194987,15698.924037027984,2,0.5347217115670264,наблюдается,0.24498635004091035,0.1547987692784838,11.350314155477912,0.03961189477040267,0.26877838191829456,0.008978811039973805,0.45955657426476293,0.2230571042041861,1.723380237994565e-05,3.9918675224087505,0.42231075697211157,False
1501,208563.0,False,49574.5,49249258.85,82667.4,0.23769858575990685,19679.614237797636,2,0.7719136166255591,наблюдается,0.24726705965936885,0.1793264860993726,-3.12270441988524,0.003640984780481901,0.39316584130954424,0.03015663294637364,0.2869620470201414,0.28607449394345885,0.0,9.298148713172667,0.26810465258235117,False
1503,,False,,,,,,0,,нет данных,,,28.46737687621252,,,,,,,,,True
1504,64308.25,False,7203.0,6830735.300000001,79080.04999999999,0.11200919195285394,8850.231551793608,2,0.7183132726692744,наблюдается,0.2931645853335158,0.16739050108485679,2.9909385264589963,0.009857004026100236,0.24198250728862974,0.0,0.26065528252117176,0.32896015549076774,0.15854505067333058,7.5259980112406,0.5101447657492025,False
1506,266280.75,False,84000.0,118152562.05,117261.29999999999,0.3154538847815766,36983.158727951864,2,1.0,наблюдается,0.22491309211665664,0.17692465190829804,-0.6303015570101933,0.06294047619047619,0.12111904761904761,0.023761904761904762,0.3794166666666667,0.41275,1.1904761904713013e-05,8.091389874832009,0.37425435927031236,False
1507,48435.75,False,12680.0,14311411.3,94112.8,0.26178694513595524,24625.46645769107,2,0.9996837605785216,наблюдается,0.23795476249107564,0.17563860373566725,-2.3262109313779415,0.0,0.1999211356466877,0.017981072555205046,0.3175867507886435,0.4152208201892745,0.0492902208201893,9.907632833626053,0.2715447576164645,False
1508,25994.25,False,15845.5,26950548.1,141574.55,0.609624237290422,86446.22250415274,2,0.9216979248945524,наблюдается,0.23333354618726193,0.1817152180614029,-6.658033019725231,0.0,0.03622479568331703,0.0798333911836168,0.20314915906724307,0.19727998485374396,0.48351266921207914,8.516246623056492,0.36717302423824166,False
1509,41411.75,False,14751.0,18543616.549999997,104731.0,0.3562156815508399,37325.38729394853,2,0.9458193373901675,наблюдается,0.23903054499944512,0.17620382380259803,-0.20368491821071633,0.0,0.22008677377804894,0.017964883736695816,0.25991458206223306,0.28794657989288863,0.21408718053013354,11.201852501330503,0.2199470019861233,False
1510,27881.5,False,7631.5,8367809.899999999,91270.65,0.2737170855222816,25013.857731529944,2,0.7432501645673791,наблюдается,0.19980997392990574,0.18950179745542856,-1.1443540574842468,0.0,0.09113542553888489,0.053921247461180634,0.15894647186005373,0.4138111773570071,0.2821856777828736,9.586874603805983,0.2429400048650056,False
1511,15650.25,False,6642.5,10973003.7,137673.0,0.42443364403233846,58432.0341432142,2,0.8957149576859355,наблюдается,0.2344596779201638,0.17904183743641977,0.3960903583936144,0.0,0.5165223936770794,0.0,0.12352277004140008,0.2544975536319157,0.10545728264960474,9.820884962488243,0.25388503664539724,False
1512,16701.75,False,6799.0,8816404.25,107982.95000000001,0.4071053435108757,44013.24969588428,2,0.9215740444109827,наблюдается,0.25574850224862333,0.17744832001586525,-0.9632432781876751,0.0,0.07817326077364319,0.013237240770701575,0.07662891601706133,0.20708927783497574,0.6248713046036182,15.05850953405867,0.31683168316831684,False
1513,32579.25,True,10787.0,10116439.0,78149.8,0.33228086928396505,25968.752085675707,1,0.971067585646364,наблюдается,,,-0.2560414354660116,0.0,0.31092982293501437,0.0,0.11337721331232038,0.5535366645035691,0.022156299249096234,10.48220982133609,0.25065979783353814,True
1514,4329.5,True,1174.0,994242.4,70592.9,0.27081891580161477,19112.69511726259,1,0.0,структурный ноль,,,-5.231295265194761,0.0,0.0,0.0,0.013628620102214651,0.5877342419080068,0.3986371379897785,6.0338637277841976,1.0,True
1515,7768.25,True,2245.0,1908086.2,70841.5,0.2890992209130127,20476.103706565365,1,1.0,наблюдается,,,-2.028806934301076,0.0,0.09799554565701558,0.0,0.027616926503340758,0.7229398663697104,0.15144766146993327,9.767385996289827,0.2293411183327927,True
1516,1356.25,True,371.0,381195.4,85653.4,0.26854867897213175,22994.052358547473,1,0.9858792691679713,наблюдается,,,-55.859037785297936,0.0,0.0,0.0,0.0,0.4528301886792453,0.5471698113207547,11.063742657141855,0.6153846153846154,True
1517,51747.0,True,14400.0,12551477.9,72637.4,0.27971484625395776,20317.330503810466,1,0.9346902123046322,наблюдается,,,7.548155136034083,0.0,0.11645833333333333,0.0,0.10159722222222223,0.7493055555555556,0.032638888888888884,8.45833488381972,0.25089207677461167,True
1518,39390.25,False,11620.5,12136225.0,87077.45,0.2950086097421408,25687.51996445605,2,0.8015990827588554,наблюдается,0.26308803961280713,0.17455309799604118,-3.597427171284101,0.0,0.23122929305967901,0.04066090099393314,0.3080332171593305,0.4149993545888731,0.005077234198184177,11.107776004857545,0.25083770772056196,False
1519,33190.25,False,24188.0,37531137.4,129466.74999999999,0.72871789737493,94256.80479120105,2,0.7801700639171968,наблюдается,0.23367100019126064,0.17823841716969996,-3.6454567112990164,0.046035224078055235,0.10732594675045477,0.44234744501405654,0.18792376384984288,0.21055895485364642,0.005808665453944206,12.328548222472177,0.5876433189296647,False
1520,8697.25,False,3155.5,3006102.75,79451.4,0.3628080450904117,28812.767885607944,2,0.7304890481677887,наблюдается,0.24829073839602966,0.18672981431418073,6.9707584586211455,0.0,0.056409443828236414,0.0,0.08223736333386152,0.444145143400412,0.4172080494374901,12.57138525272114,0.3783492380587033,False
1521,29693.25,False,9655.5,11661956.9,100872.04999999999,0.32505606142204213,32742.482441662796,2,0.8438892414876319,наблюдается,0.15645646406539904,0.20883864485015957,-30.7626574435594,0.023717052457148776,0.20226813733105484,0.004090932629071514,0.2362384133395474,0.3090984413028844,0.2245870229402931,10.741637545726896,0.37196940450741894,False
1522,4653.75,False,1058.5,1041965.6000000001,82102.65,0.22744672118837717,18658.723099289717,2,0.8635264324276513,наблюдается,0.36544909410857906,0.14128828295513624,21.847689351574704,0.0,0.036372224846480866,0.0,0.18705715635333017,0.4553613604156826,0.3212092583845063,16.22338293069935,0.07739009582327554,False
1523,1229176.0,False,387325.0,390370864.5,83955.7,0.3151164014921202,26473.73342281995,2,0.9822858320446457,наблюдается,0.25822662240945154,0.1774229976911758,-1.611740980765506,0.0019221583941134706,0.23818369586264765,0.021543923062028014,0.44216743045246243,0.29614664687278125,3.61453559671876e-05,6.196363677795088,0.3100083001641865,False
1524,,False,,,,,,0,,нет данных,,,-1.4415958856074182,,,,,,,,,True
1525,117555.5,False,24480.5,18684304.0,63637.25,0.2082454006968183,13246.642213238583,2,0.6576276333761496,наблюдается,0.2667465795788412,0.16136261086329498,3.3879372465884985,0.04540348440595576,0.3772390269806581,0.005432895569943424,0.2423765854455587,0.3254631237107085,0.004084883887175539,8.141979949568865,0.05936429273124113,False
1526,72529.0,False,30180.5,29961189.150000002,82541.54999999999,0.41613803452635295,34433.86347543067,2,0.8173811918610085,наблюдается,0.24630862306620926,0.20106039563910982,0.9430909722351671,0.006113218800218684,0.5726379615977204,0.06418051390798694,0.17705140736568314,0.1734895048127102,0.006527393515680657,9.73770901668701,0.5008793087698126,False
1527,225130.0,False,51332.0,44934627.25,72809.55,0.2280269062602932,16641.603826104227,2,0.9695798285203994,наблюдается,0.25859323626356234,0.17621641813576,2.0324103359633834,0.002289020494038806,0.44589145172601885,0.005230655341697187,0.29143614119847266,0.25516247175251305,0.0,6.072646392606847,0.29851441015045277,False
1528,45007.5,False,9437.5,7143690.15,63055.45,0.20969647470804476,13234.453275354015,2,0.7958419179349923,наблюдается,0.26305530266382227,0.18463241931445654,1.5546512372273318,0.0,0.5682649006622517,0.0,0.11152317880794702,0.28736423841059605,0.03284768211920519,9.543320854020752,0.6316846386677024,False
1529,20670.25,False,4801.5,3378621.95,58912.850000000006,0.23219996035856824,13623.969328152953,2,0.6863895401390817,наблюдается,0.30618355405762077,0.14658232849707215,-4.005029399168544,0.0,0.4727689263771738,0.0,0.1336040820576903,0.28116213683223995,0.11246485473289591,11.528714585977065,0.3572847951408078,False
1530,16016.25,False,2039.0,1158923.25,47337.6,0.12731490398611656,6032.369137779277,2,0.5499818054065096,наблюдается,0.27184627022473773,0.15478293771939106,0.4263719289046243,0.0,0.08263854830799411,0.0,0.2474252084355076,0.6150073565473271,0.054928886709171176,11.121156184483127,0.5024847855556517,False
1531,93993.25,True,13819.0,9645022.8,58162.8,0.14716328106280452,8559.43026011022,1,,нет данных,,,8.645674928120506,0.0,0.0,0.0,0.0,0.0,1.0,,,True
1532,45366.75,False,8255.5,4660225.4,46945.0,0.18198141134002727,8562.84680594006,2,0.6459986104732137,наблюдается,0.2527863152298048,0.18272644704192686,4.433422448059452,0.025922112531039914,0.31524438253285686,0.0,0.17570104778632425,0.48204227484707163,0.0010901823027072988,9.717963992424878,0.05242603978882308,False
1533,28478.75,False,5623.0,3134341.9000000004,46526.6,0.19743042705859168,9179.180782752574,2,0.815310942438133,наблюдается,0.3008463671845384,0.1926942551118142,-4.2400581709494,0.0,0.19927085185843857,0.0,0.266494753690201,0.4743019740352125,0.05993242041614799,15.613237157040752,0.6210945852809568,False
1534,17093.0,False,5333.0,3640531.15,56967.45,0.311990208362786,17763.381138834262,2,0.8273885629876775,наблюдается,0.2953365650284717,0.15429349595007094,-1.0653022641668093,0.0,0.02278267391711982,0.0,0.12178886180386274,0.1943558972435777,0.6610725670354397,11.702505120812939,0.5260650863298576,False
1535,10803.75,False,2011.0,1239573.65,51361.85,0.18614361157218648,9564.605240565337,2,0.544078868410939,наблюдается,0.3183964286706283,0.16466109272776247,3.9701758349145084,0.0,0.10939830929885629,0.0,0.1461959224266534,0.511685728493287,0.23272003978120326,13.82509834372193,0.5789283899766964,False
1536,19018.25,False,2931.5,1661632.0,47338.0,0.15411998654880235,7284.307212808343,2,0.5912922725973278,наблюдается,0.3231871747666829,0.1725572935119061,-1.0001599861869326,0.0,0.275797373358349,0.0,0.16322701688555347,0.5099778270509978,0.0509977827050998,12.777871195016823,0.4484848484848485,False
1537,22218.25,False,3699.5,2139096.8499999996,48291.9,0.16648973212500753,8023.648010866022,2,0.595499787986859,наблюдается,0.280806256196113,0.1588260648494383,-0.9977325542072297,0.07379375591296121,0.2247601027165833,0.0250033788349777,0.18745776456277877,0.46208947155020946,0.02689552642248949,12.095363307909993,0.44278418496310074,False
1538,,False,,,,,,0,,нет данных,,,5.434643287446487,,,,,,,,,True
1539,72178.75,False,14155.0,9739795.6,57297.15,0.19611970339679952,11251.445569382917,2,0.922353975880981,наблюдается,0.2758463274098032,0.1731012029374288,0.12324910959291491,0.0,0.5232073472271282,0.0036382903567643943,0.1416460614623808,0.3282585658777817,0.0032497350759448373,8.742357840640661,0.50625,False
1540,57867.0,False,7428.5,4433380.9,49847.0,0.12836604151106057,6385.6385527021175,2,0.5876268097331184,наблюдается,0.25653814141058084,0.1755411558211318,-8.045547983199803,0.0,0.28996432658006327,0.003971192030692603,0.21531937807094298,0.47593726862758295,0.014807834690718114,8.59486240187322,0.36373539831486046,False
1541,10175.25,False,1776.5,1031117.2999999999,48338.75,0.174600809073924,8449.119949708876,2,0.0,наблюдается,0.28853784837654894,0.14959975454718905,-2.9173990610626195,0.07064452575288488,0.03996622572473966,0.0,0.2364199268224036,0.5161835068955812,0.13678581480439067,12.922954338910566,0.5025413974713772,False
1542,10247.0,False,1728.0,1030082.0,49698.6,0.16863370351636198,8379.837428341147,2,0.5361302647779481,наблюдается,0.2976791956614145,0.14869985876939246,6.215916891459485,0.09953703703703703,0.06944444444444445,0.0,0.14149305555555555,0.5170717592592593,0.17245370370370372,9.502092380006765,0.706224725212067,False
1543,12895.5,False,1893.5,1055370.05,46483.100000000006,0.1468313809942394,6822.236488920735,2,0.52755377832643,наблюдается,0.30976196215054197,0.1741246725739839,-0.7767957014082162,0.0,0.022709268550303672,0.0,0.18141008714021653,0.6316345392130974,0.16424610509638238,10.313793928261038,0.44707832832832833,False
1544,13285.75,False,3314.0,2444258.25,61383.7,0.249346940770573,15324.463633421314,2,0.0,наблюдается,0.26532056488180855,0.18105552472744055,-2.186060206492918,0.16294508147254075,0.036511768255884126,0.0,0.07966203983101991,0.4488533494266747,0.2720277610138806,11.790154651098346,0.42924037239443064,False
1545,9631.75,False,2710.0,1264644.35,38985.95,0.28131854253657623,10947.459115197325,2,0.32876964695459066,наблюдается,0.2600725333076196,0.15966702177024025,-1.0731643247695688,0.0,0.14852398523985239,0.0,0.06752767527675277,0.6411439114391144,0.1428044280442804,16.669279575481323,0.36077254209080994,False
1546,16701.25,False,1967.5,1021039.7000000001,43373.05,0.11779008384039501,5096.096067174771,2,0.3066850245906776,наблюдается,0.33834550263182417,0.13767796560333093,4.65706805716927,0.0,0.022617534942820837,0.0,0.2119440914866582,0.6155019059720458,0.14993646759847512,9.82565305460905,0.560850378322196,False
1547,12516.0,False,2326.5,1128228.6,40411.100000000006,0.18588819727321382,7515.849561588977,2,0.73201807952599,наблюдается,0.28527097456609307,0.15517521182749866,-5.257427581280766,0.0,0.1031592520954223,0.0,0.17859445519019987,0.6483988824414356,0.06984741027294228,15.380880322115404,0.6612088323353293,False
1548,14321.75,False,1769.5,911300.85,42965.35,0.12354791131603826,5305.555480037675,2,0.4141154095255551,наблюдается,0.29858685161924453,0.14559672013355246,-5.780688807267548,0.0,0.01723650748799096,0.052274653857021756,0.1825374399547895,0.63294716021475,0.11500423848544783,9.202839935392914,0.5740323147172463,False
1549,47881.75,False,10246.0,7182065.6,58356.15,0.21398809472597907,12501.923233942016,2,0.6194921973252349,наблюдается,0.25220908297250394,0.15802120282681303,3.221518020373532,0.10823736092133515,0.11536209252391177,0.0,0.15474331446418113,0.5887175483115362,0.03293968377903567,6.116722658558226,0.47697876175990084,False
1550,13386.5,False,2484.0,1447926.0,48592.9,0.1855698058578898,9021.31370091844,2,0.4731410441698152,наблюдается,0.3437427710598162,0.16987836225945133,-4.724852787156877,0.0,0.12238325281803543,0.0,0.2246376811594203,0.5754830917874396,0.07749597423510468,16.698736599893476,0.6286057692307692,False
1551,16040.0,False,2044.0,1060195.0,43240.95,0.12743435336987197,5511.42761705892,2,0.33947264341638794,наблюдается,0.30178818221309484,0.17637833437248218,-1.0812577509668648,0.0,0.036937377690802346,0.0,0.27666340508806264,0.62720156555773,0.05919765166340496,12.864943109902445,0.49188422923877145,False
1552,9663.5,False,1894.0,996422.45,43818.5,0.19602065616016084,8600.6298933341,2,0.0,наблюдается,0.3384145701478046,0.1310824363088608,-3.914254659246626,0.22888067581837382,0.029567053854276663,0.0,0.2286166842661035,0.4788806758183738,0.034054910242872216,10.27095213046464,0.4798639392817475,False
1553,80122.0,False,19777.5,12972638.95,54693.149999999994,0.2468417531159024,13499.547647416492,2,0.8204626571980929,наблюдается,0.27875433644881514,0.18235587019062993,2.914282994554389,0.028896473265073948,0.4275565668057136,0.0,0.18859815446846165,0.34354695992921247,0.011401845531538335,7.961486080052345,0.5883885778876482,False
1554,20283.75,False,2445.5,1477645.5,50388.95,0.12056326754558183,6071.532443948097,2,0.23504907716799897,наблюдается,0.28664906593778067,0.17205145374549072,-1.0472014183857237,0.11490492741770598,0.0856675526477203,0.0,0.18544264976487426,0.582089552238806,0.03189531793089351,10.10663798481292,0.6036585365853658,False
1555,14941.5,False,2128.5,1191987.25,46702.5,0.14245393318894167,6650.790209224435,2,0.0,наблюдается,0.3104063978303606,0.16529732734403835,2.9428591505528754,0.04815597838853653,0.06506929762743716,0.0,0.164200140944327,0.6058256988489547,0.1167488841907447,13.787192615497924,0.9554096498262497,False
1556,10777.25,False,2820.5,1839712.55,54381.55,0.2617072322459323,14230.534080187155,2,0.5936559718370517,наблюдается,0.24914637278075816,0.1616990444523997,2.8370180571082035,0.0,0.2903740471547598,0.0,0.15954617975536253,0.4582520829640135,0.09182769012586411,10.264036153631539,0.5786316171156455,False
1557,17091.25,False,3173.5,1784202.5,46816.05,0.18569077689258903,8703.32426797956,2,0.4044464269380523,наблюдается,0.2741261497919677,0.1865336488921318,-1.888939222130212,0.21900110288325192,0.22593351189538366,0.0,0.1142271939498976,0.4247676067433433,0.016070584528123488,13.050896801689102,0.43967731889147393,False
1558,18526.0,False,3396.5,1704085.55,41953.4,0.18330378440560718,7668.878443054055,2,0.632002394497032,наблюдается,0.2525147655371025,0.18107593219537543,-3.211433702229819,0.0,0.09612836743706757,0.0,0.17473870160459296,0.672898572059473,0.05623435889886652,10.761523628904293,0.46910595385737275,False
1559,8594.25,False,1252.5,567819.6,37806.7,0.14573672236913476,5510.292230592186,2,0.0,наблюдается,0.3602850422456172,0.11830953242303544,-3.206037324006343,0.0,0.024351297405189622,0.0,0.14331337325349303,0.5964071856287425,0.23592814371257487,10.109450299722097,0.7273809523809524,False
1560,121575.25,False,26210.0,24388168.25,77505.04999999999,0.21558900465739184,16719.53802827156,2,0.5068170774524005,наблюдается,0.2384715178925855,0.17047189790815387,-5.644559360511336,0.0052079359023273555,0.3158145745898512,0.047882487600152616,0.36442197634490653,0.26673025562762304,0.0,8.527667309780375,0.36152163375704277,False
1561,25747.5,False,4134.5,2019588.3,40728.95,0.16057885956053686,6540.271523596119,2,0.5610286259881546,наблюдается,0.2943425097078621,0.14038474249643762,-1.2457492701488182,0.042447696214778084,0.07122989478776152,0.0,0.2584351191196033,0.5859233280928771,0.041963961784980075,9.970168317216851,0.39119300807065416,False
1562,34083.0,False,7267.0,3959699.8,45445.75,0.2132119828983456,9687.333571431423,2,0.6232561491048078,наблюдается,0.2942757480568632,0.1658344220239938,-2.063448953911491,0.07506536397412962,0.30280721067840927,0.0,0.18707857437732214,0.4232833356268061,0.011765515343332922,10.474790754135224,0.5737704918032787,False
1563,91797.25,False,21139.5,17669160.6,69657.35,0.23028837209571573,16051.035538770493,2,0.8136445660146622,наблюдается,0.2712691231579709,0.1537347066853731,-0.14349843719449826,0.06279713332860286,0.4759336786584356,0.0008041817450743868,0.16696232172000283,0.2923200643345396,0.0011826202133448094,8.061401712176604,0.5584443656533401,False
1564,18092.5,False,3059.5,1787162.7999999998,48731.799999999996,0.169060760637608,8230.682741898006,2,0.3565764267304201,наблюдается,0.33984259119415716,0.15188401792363623,0.7652763490071802,0.08972054257231574,0.10295799967314921,0.0,0.23337146592580488,0.5157705507435856,0.05817944108514461,11.655782170322587,0.47032332751271766,False
1565,25402.75,False,4596.5,2629547.75,47748.75,0.18092726953868518,8629.888621894726,2,0.0,наблюдается,0.2945361303593603,0.1522688709203454,-0.290826853716027,0.09333188295442184,0.10344827586206896,0.0008702273468943762,0.39530077232677036,0.38866528880670076,0.018383552703143735,11.415877670439642,0.42084948654312926,False
1566,26786.75,False,6399.0,4132338.5999999996,53989.0,0.23876533846589099,12852.713502043323,2,0.7358939070458851,наблюдается,0.2907665488361968,0.16591900094988993,-2.7999614658616063,0.05360212533208314,0.1799499921862791,0.10282856696358807,0.3318487263634943,0.327551179871855,0.0042194092827004814,13.718376617256938,0.6640513890205746,False
1567,13467.25,False,2378.5,1396420.1,48989.5,0.17659453661090252,8644.172988196946,2,0.0,наблюдается,0.28150151575685967,0.16653929953091415,0.48221760273856784,0.050872398570527645,0.05549716207693925,0.0,0.12066428421273911,0.5413075467731764,0.23165860836661767,12.250951851566654,0.7006021031207599,False
1568,16168.25,False,3112.0,1877977.5499999998,50160.84999999999,0.1925025044956057,9687.862825389146,2,0.5188742209694195,наблюдается,0.31380448236755004,0.1482104877407608,3.5554264214512146,0.0,0.2377892030848329,0.0,0.17994858611825193,0.4207904884318766,0.1614717223650386,19.975820015889823,0.39487785044465207,False
1569,9375.25,False,1476.0,724490.9,40921.3,0.15743881003219384,6443.863473067275,2,0.0,наблюдается,0.32383496104490783,0.1294015382267184,-5.0665154370522,0.0,0.0508130081300813,0.0,0.14261517615176153,0.6415989159891599,0.1649728997289973,9.55754413572615,0.4787485328638498,False
1570,7014.25,False,1189.5,575255.7,40313.85,0.16958729786851645,6838.557062480712,2,0.6280216641015602,наблюдается,0.2946073497236108,0.17960024023972085,-3.8258762045211925,0.0,0.09289617486338798,0.0,0.14081546868432115,0.698192517864649,0.0680958385876419,9.001294270803797,0.7843137254901961,False
1571,14357.5,False,2986.5,1445186.85,40402.9,0.20798652352560537,8390.478231967858,2,0.6033029541161304,наблюдается,0.22201941262370767,0.19455669500547698,-6.140490243810695,0.008203582789218148,0.22367319604888666,0.0,0.15637033316591328,0.5946760421898544,0.01707684580612756,8.585442313325181,0.47101153414310504,False
1572,27893.25,False,4523.5,2487086.5,45858.55,0.1621685396203224,7432.434681616311,2,0.6100037711411028,наблюдается,0.24578429764068005,0.2037197138343767,-2.224806737709358,0.038244722007295236,0.22228362993257433,0.0,0.1755277992704764,0.5574223499502597,0.006521498839394235,13.844845519694633,0.508273732561368,False
1573,11310.25,False,1690.0,837408.0,41325.399999999994,0.14941812447266833,6171.412423362566,2,0.5928718241607251,наблюдается,0.22870244074143803,0.20713143450435462,-2.12220518300153,0.0,0.0,0.0,0.21804733727810652,0.6757396449704142,0.10621301775147929,10.444005537212055,0.5202273148200115,False
1574,22589.75,False,3616.5,1928600.0,44459.899999999994,0.16009395483301353,7117.473375622505,2,0.4261207572632961,наблюдается,0.295527950824566,0.15078544818709583,2.4914636378502406,0.0,0.17074519563113508,0.0,0.1739250656712291,0.5907645513618139,0.06456518733582195,9.6948688789752,0.5912408759124088,False
1575,222635.0,False,62112.0,51486119.45,69069.55,0.27898606669309045,19272.559947666305,2,1.0,наблюдается,0.25464513900781505,0.18451526897647752,1.4893335078733447,0.003300489438433797,0.3051986733642452,0.012324510561566204,0.3079276146316332,0.3712487120041216,0.0,13.836025147252876,0.18923832613006883,False
1576,4785.0,True,587.0,303590.9,43219.8,0.12266333276919131,5287.314008738742,2,0.0,структурный ноль,0.29789140610983345,0.14867478918954186,9.838833375246008,0.0,0.06729131175468483,0.0,0.16013628620102216,0.5357751277683135,0.23679727427597952,13.21823015903346,0.7958199902301346,False
1577,60242.5,False,14374.5,9416014.8,54626.25,0.23860737312661404,13031.24404903145,2,0.7781176346883028,наблюдается,0.265194964216657,0.18512903123199054,2.8925485080216324,0.0,0.45914640509235105,0.0,0.1551010469929389,0.3347942537131726,0.05095829420153741,15.364256733272217,0.23840331671728052,False
1578,21706.25,False,5468.5,3621800.25,55158.8,0.2519552043461756,13912.688360522634,2,0.6332499247757118,наблюдается,0.2905760612032313,0.16646415571190545,0.47870345951976756,0.03959038127457255,0.1856999177105239,0.0,0.4089786961689677,0.3510103319008869,0.014720672945049085,17.853670350865578,0.3376516034376506,False
1579,4053.75,False,435.5,232119.8,44376.7,0.10744535021525065,4775.829217258346,2,0.0,структурный ноль,0.2706516547033594,0.17013346553486117,-3.151247695156543,0.0,0.0,0.0,0.12743972445464982,0.5338691159586682,0.33869115958668206,10.635389730666013,0.6969686059907834,False
1580,9518.5,False,1397.0,745376.35,44642.649999999994,0.14669594988455587,6525.212858361306,2,0.4594885331061727,наблюдается,0.32315949617295814,0.18269284256639523,-1.519346323011638,0.06406585540443809,0.05332856120257695,0.0,0.17823908375089478,0.5952040085898354,0.10916249105225484,17.177618927861772,0.5035460992907801,False
1581,11191.5,False,2429.0,1863152.0,63998.7,0.2170342261109417,13884.511727814788,2,0.7046238433278095,наблюдается,0.2647614223066722,0.1778315176082027,-10.48303325839603,0.24248662000823384,0.038081515026759986,0.0,0.29971181556195964,0.2900370522848909,0.12968299711815567,21.52298580834977,0.516869938109812,False
1582,7052.25,False,1341.0,840943.1000000001,52231.0,0.19020183116112205,9948.362502262366,2,0.5743708135142703,наблюдается,0.32316405904857315,0.14739612959104134,-5.574687774042011,0.05630126771066368,0.04287844891871737,0.0,0.1912751677852349,0.4500372856077554,0.25950782997762856,12.852827377440692,0.7921641791044776,False
1583,13072.75,False,2147.5,1430859.4,55543.35,0.16428022627792724,9127.087757753325,2,0.7391422583338448,наблюдается,0.2835294295082363,0.15484622463764056,6.909780789696219,0.0,0.0470314318975553,0.0,0.29545983701979045,0.5026775320139697,0.1548311990686846,16.648896763508304,0.6969252873563219,False
1584,3193.75,False,510.5,250237.44999999998,40863.6,0.1598487554947828,6534.188668431638,2,0.0,структурный ноль,0.31114985649306603,0.15846930407758955,-7.52425900000481,0.0,0.0,0.0,0.06953966699314397,0.6101860920666013,0.3202742409402547,12.32907482915756,0.13505747126436782,False
1585,5578.0,False,713.0,339905.65,39784.5,0.12781469097618148,5081.044096687348,2,0.0,структурный ноль,0.3300882242735974,0.15571432896942997,-11.42850606689444,0.0,0.04488078541374474,0.0,0.11009817671809256,0.605890603085554,0.23913043478260865,10.371621703064243,0.6304089876458298,False
1586,64040.25,False,9092.0,6589789.6,60294.649999999994,0.14197519005587422,8575.898507751646,2,0.23010087672405236,наблюдается,0.25271868669145464,0.17198921997489042,6.206929228442742,0.11917069951605808,0.2736471623405191,0.005774307083150022,0.27491201055873293,0.30070391553013637,0.02579190497140349,5.810741478494651,0.6232850351368382,False
1587,18077.5,False,4367.0,3056452.6,58496.2,0.24151165146079748,14101.352487885082,2,0.7435732692944272,наблюдается,0.29409226173836095,0.1840389156201087,-13.622662785038111,0.011220517517746737,0.39054270666361346,0.0,0.18181818181818182,0.41264025646897184,0.0037783375314861534,15.864822114523905,0.3997788975730152,False
1588,11538.0,False,2036.5,1071837.45,43976.75,0.17647366017235372,7742.838238998529,2,0.5404549593878926,наблюдается,0.27349825954012574,0.14899552104932018,-1.5059276489458668,0.0,0.16646206727228088,0.0,0.1060643260495949,0.4564203289958262,0.27105327768229803,12.542953209696998,0.3188382334466595,False
1589,18207.25,False,2383.5,1387292.6,48485.350000000006,0.13091364111719678,6351.549310691093,2,0.7489419146043592,наблюдается,0.25093463216047934,0.19160657993124064,-2.275826175164336,0.0,0.004405286343612335,0.020138451856513532,0.16782043213761275,0.514159848961611,0.2934759807006504,15.50273604937443,0.46535950224099665,False
1590,3210.75,False,491.0,242038.95,41083.649999999994,0.1529329443297991,6286.714649638521,2,0.0,структурный ноль,0.30107383431020907,0.16141194996063335,-5.566813408516762,0.0,0.0,0.0,0.1975560081466395,0.6079429735234216,0.19450101832993882,13.082375703897473,0.7777777777777778,False
1591,10734.75,False,1665.5,839824.55,42062.55,0.1551469982895841,6524.418901788217,2,0.7547470653886731,наблюдается,0.32650851595309716,0.1771724196504211,-5.768626169264514,0.0,0.07535274692284599,0.0,0.11558090663464425,0.6052236565595918,0.20384268988291798,21.580029312489035,0.8519123330568479,False
1592,37410.0,False,7471.0,4560077.4,50914.05,0.1996872423027131,10161.616290424816,2,0.7169862044374878,наблюдается,0.3297051541082067,0.13746341674058396,1.6861036953772657,0.0021416142417347074,0.3699638602596707,0.0,0.12849685450408246,0.4518136795609691,0.04758399143354308,13.69465459479622,0.331933050694005,False
1593,13113.5,False,2616.0,1682943.45,53564.850000000006,0.1995203587989517,10704.154090660475,2,0.4540207172932942,наблюдается,0.30098396085310286,0.16308408264925123,-2.340929721179512,0.06173547400611621,0.09824159021406728,0.0,0.42966360856269115,0.33811162079510704,0.07224770642201828,13.432678235629883,0.5212607502473959,False
1594,4663.25,True,687.0,403766.05000000005,48546.350000000006,0.147371486055925,7221.53962728119,2,0.6640331114933975,наблюдается,0.3062343082728308,0.17633270373417287,-2.9578194351264475,0.0,0.10262008733624454,0.0,0.2074235807860262,0.4985443959243086,0.19141193595342065,11.232231114768371,0.5692133672416787,False
1595,18353.25,False,3448.0,2612300.4,63057.7,0.18788597832579637,11868.291571355603,2,0.7567792109989745,наблюдается,0.27914706611365836,0.17851379950354818,-2.5306702431134234,0.0,0.39327146171693733,0.0,0.21041183294663574,0.29988399071925753,0.0964327146171694,13.457625269567526,0.3755618102391055,False
1596,9086.75,False,1409.5,901035.85,53338.3,0.15510717831428744,8264.270199394252,2,0.3698837237964567,наблюдается,0.32689605245554676,0.17737499793310474,5.063498658360956,0.0,0.07520397304008514,0.0,0.045406172401560835,0.5537424618659099,0.32564739269244414,12.187741337106983,0.44022251072596746,False
1597,1634222.75,True,390768.0,369297379.3,78754.6,0.23906112494566695,18827.16576394533,1,1.0,наблюдается,0.25021711241686306,0.18616578530049213,2.3877165249881167,0.004025406379232691,0.19928448593538878,0.019420730458993573,0.43558326167956435,0.34168355648364246,2.5590631781424733e-06,6.047531032859921,0.11656013319166796,True
1598,102811.25,True,15161.0,10753858.0,59108.5,0.14739093449993923,8712.16267671244,1,1.0,наблюдается,0.25021711241686306,0.18616578530049213,8.048075386544896,0.0,0.3040696523975991,0.028955873623111934,0.2626475826132841,0.3999076578062133,0.00441923355979168,9.090716352619578,0.10435450551305678,True
1599,56685.75,True,12245.0,9333913.8,63523.8,0.21589456516948033,13714.041521576233,1,1.0,наблюдается,0.25021711241686306,0.18616578530049213,5.540712582258961,0.04687627603103307,0.30216414863209473,0.013311555737035524,0.22253981216823193,0.37754185381788485,0.03756635361371996,8.8228150357627,0.40028457315042676,True
1600,30978.0,True,10841.0,11114797.1,85436.2,0.3507733126253802,29969.361666558812,1,0.9975247741190194,наблюдается,0.25021711241686306,0.18616578530049213,10.604002683729075,0.0,0.016419149524951573,0.0,0.768563785628632,0.21483258002029332,0.0001844848261229881,10.184589643960132,0.5027470885212599,True
1601,20880.5,True,6501.0,8435102.7,108127.19999999998,0.31138040042149634,33668.22612319187,1,1.0,наблюдается,0.25021711241686306,0.18616578530049213,0.6758161779995842,0.0,0.13228734040916781,0.08767881864328565,0.2461159821565913,0.21750499923088756,0.3164128595600677,7.902115471095681,0.28563356740391893,True
1602,14008.25,True,2900.0,1516257.5,43568.8,0.20613427159967304,8981.397566667853,1,0.0,структурный ноль,0.25230812601310876,0.2235534569032349,-13.57481976437489,0.20482758620689656,0.039310344827586205,0.0,0.20655172413793105,0.5382758620689655,0.011034482758620623,11.457285346608868,0.6781851433621366,False
1603,38701.25,True,8789.0,5730204.5,54331.7,0.22666958954983302,12315.2340240794,1,0.7091063752904847,наблюдается,0.2621463991161584,0.20004624752704195,-1.1446158542013762,0.013198316076914325,0.1485948344521561,0.0,0.45477301171919443,0.38172715894868586,0.0017066788030493107,11.272273883099253,0.4889605293627325,False
1604,25266.25,True,4455.0,2602881.3,48692.5,0.1758957654723127,8564.081531931695,1,0.6095649855857801,наблюдается,0.24777996070726915,0.20982318271119843,-5.097871346849827,0.0,0.055667789001122334,0.0,0.26823793490460157,0.5236812570145903,0.15241301907968574,9.513603298476134,0.40830551532149667,False
1605,14785.25,True,2865.0,1536866.4,44699.4,0.19293578908380754,8624.68096568908,1,0.0,структурный ноль,0.30818533849646146,0.2336092936306583,-9.242540168324407,0.1612565445026178,0.0,0.0,0.15776614310645723,0.6481675392670158,0.0328097731239092,17.365387076990405,0.6466326269389845,False
1606,12720.75,True,2593.0,1301539.0,41826.5,0.20291896544977892,8487.81807984766,1,0.0,структурный ноль,0.33821932681867534,0.22118814952691174,-8.257403189066059,0.06440416505977632,0.06556112610875434,0.0,0.20516775935210183,0.6567682221365214,0.008098727342846113,12.420907293299646,0.42113821138211377,False
1607,11782.25,True,2199.0,1218629.6,46176.6,0.18573419485620168,8577.428663935696,1,0.0,структурный ноль,0.3449891249790865,0.17768111092521333,-13.92480604734434,0.10050022737608004,0.19008640291041382,0.0,0.1432469304229195,0.5479763528876762,0.01819008640291042,12.677288837706815,0.556089178854424,False
1608,58479.5,True,12237.0,8826489.4,60110.3,0.20890451883845196,12556.818944864595,1,0.30166267342837316,наблюдается,0.28001429252024773,0.19609678077996326,6.186008653557812,0.2788265097654654,0.3415869902753943,0.0016343875132793985,0.097818092669772,0.2790716678924573,0.0010623518836315737,8.053955757506435,0.9350758785942492,False
1609,38331.25,True,9088.0,5547457.2,50870.5,0.23676840308986935,12043.927729362877,1,0.6446300148350674,наблюдается,0.2503637497401788,0.2346185824152983,-2.4582531504128124,0.04940580985915493,0.18474911971830985,0.0022007042253521128,0.36806778169014087,0.3951364436619718,0.00044014084507049134,13.42559013313276,0.2626461824413116,False
1610,14043.5,True,2987.0,1604696.2,44773.7,0.2120545222206446,9493.446211368262,1,0.5853065622987876,наблюдается,0.30929362783148684,0.22863594665161244,3.24619263045205,0.19517910947438902,0.05456980247740208,0.0,0.20689655172413793,0.530967525945765,0.012387010378305918,13.031274423786872,0.5845859189988072,False
1611,24350.5,True,3657.0,2138275.8,48725.9,0.14982792527040315,7300.4609144542765,1,0.5097789387982173,наблюдается,0.26530196142396933,0.1974880724218081,-7.061493842209239,0.17117856166256495,0.062346185397867106,0.0,0.18840579710144928,0.5381460213289582,0.03992343450916047,10.791193048220457,0.6162295930776521,False
1612,45197.75,True,5716.0,3690570.6,53807.90000000001,0.12652595929299526,6807.6887319734815,1,0.4940511834689215,наблюдается,0.23527717463552975,0.21540302211193335,7.214023357600017,0.13925822253324002,0.18491952414275717,0.0,0.22673198040587825,0.44226731980405876,0.006822953114065777,7.75206119583687,0.5912343157581115,False
1613,11526.0,True,2106.0,1176494.7,46554.6,0.18219569166882948,8481.808547452201,1,0.0,структурный ноль,0.3086451612903226,0.2023225806451613,6.170333685150605,0.1899335232668566,0.04938271604938271,0.0,0.2207977207977208,0.5289648622981956,0.010921177587844277,15.063240290544382,0.5029828591722018,False
1614,27533.0,True,4174.0,2441996.4,48759.4,0.15116068518451453,7369.706297758302,1,0.3232796685768232,наблюдается,0.30364022611889246,0.20318294746696433,-5.506785145983444,0.19190225203641592,0.023957834211787255,0.0,0.19405845711547676,0.5869669381887878,0.0031145184475322996,12.089941607487324,0.47008786391255464,False
1615,53790.75,True,9631.0,5938785.2,51386.6,0.17859162764823142,9177.113099377251,1,0.7718587237633299,наблюдается,0.2730392428183982,0.17850224165605802,0.2201067517746107,0.003634098224483439,0.2746339943931056,0.0,0.17204859308483023,0.5411691413145052,0.008514172983075552,11.122380632716249,0.2890397593107622,False
1616,25463.25,True,4802.0,2641582.4,45843.5,0.1879856720624792,8617.583693815368,1,0.5853469500675494,наблюдается,0.27354417084840704,0.2045746294783522,-5.575711285086882,0.05393586005830904,0.12036651395251978,0.0,0.2865472719700125,0.5318617242815493,0.007288629737609353,12.636017543420031,0.505094726062468,False
1617,9025.25,True,1595.0,860336.2,44944.0,0.17592235151381458,7907.647199397047,1,0.0,структурный ноль,0.3023281232921631,0.21882172915072687,-10.030411353572001,0.0,0.0,0.0,0.16112852664576802,0.7893416927899687,0.04952978056426327,13.530181219120088,0.6477850787262653,False
1618,23541.75,True,4230.0,2762847.5,54424.0,0.179575895226168,9774.247698697402,1,0.5580233774082417,наблюдается,0.2560318873765,0.21939532714243312,-2.0470829068577276,0.31465721040189126,0.022222222222222223,0.0,0.12009456264775414,0.458628841607565,0.08439716312056733,14.240631400801414,0.4285822272215973,False
1619,40516.5,True,5186.0,3458578.0,55579.5,0.12787887754598806,7106.939718235767,1,0.33629172261518536,наблюдается,0.2505107189445962,0.21332053459351694,2.6729771816030508,0.0,0.04300038565368299,0.0,0.3197069032009256,0.6228306980331663,0.01446201311222517,11.637369822898386,0.46959689290863915,False
1620,169226.75,True,31857.0,26433100.9,69145.8,0.18926168515795572,13086.535717645196,1,0.17642872921134056,наблюдается,0.217873572192128,0.19665013152047275,25.504057179157396,0.051542832030636906,0.2323822079919641,0.012524719841793012,0.4492262297140346,0.25435540069686413,0.0,6.991215457157045,0.4918024091750478,False
1621,33670.0,True,5249.0,3158878.4,50150.9,0.1556781445561586,7807.333590374786,1,0.2801723768140524,наблюдается,0.29987282245423086,0.20256721185413032,8.929986028892827,0.14497999618975044,0.11011621261192608,0.0,0.2381405982091827,0.5012383311106877,0.005524861878453136,10.502584639315296,0.7638029996970817,False
1622,7358.5,True,1338.0,686793.0,42768.5,0.18085969180859693,7736.24628277913,1,0.0,структурный ноль,0.29570683429182826,0.201150193928046,-14.59943565206723,0.0,0.014947683109118086,0.0,0.16591928251121077,0.6591928251121076,0.15994020926756347,13.130265835890032,0.5899676131656248,False
1623,31114.25,True,5065.0,2631521.2,43292.4,0.16241001715485867,7031.6782368439335,1,0.4936229520902194,наблюдается,0.258146883278542,0.20318534358941623,0.3852698494237005,0.20138203356367226,0.1512339585389931,0.0,0.19486673247778874,0.43968410661401774,0.012833168805528095,10.461463608620075,0.5931354533016726,False
1624,36730.5,True,6815.0,3993767.9,48832.0,0.1851097348978705,9039.928065696075,1,0.638748720786621,наблюдается,0.2483034579717198,0.20001622191580826,-0.35236559285511,0.09112252384446075,0.15730007336757154,0.0,0.29244314013206163,0.4478356566397652,0.011298606016140855,13.445483857238386,0.3032623208290092,False
1625,53596.75,True,9103.0,5333131.5,48823.7,0.16941960339099765,8271.421725090962,1,0.543429862459906,наблюдается,0.26013926441720064,0.20967443238638467,-6.01484157503189,0.10534988465341097,0.22432165220257058,0.0,0.1958694935735472,0.4677578820169175,0.006701087553553808,10.626013094556575,0.5758745683307824,False
1626,11326.5,True,2299.0,1159643.4,42038.4,0.20209212376933897,8494.809247538678,1,0.0,структурный ноль,0.3201742919389978,0.19320261437908498,-9.283342003121124,0.058286211396259245,0.07612005219660722,0.0,0.1644193127446716,0.6289691170073946,0.07220530665506741,16.079420992992347,0.5109823697572208,False
1627,10711.5,True,2067.0,1078914.0,43499.3,0.1924222677341277,8369.903183764662,1,0.0,структурный ноль,0.2640007405350366,0.20068499490882163,-5.681289000651952,0.20125786163522014,0.011611030478955007,0.0,0.12143202709240446,0.6081277213352685,0.05757135945815195,14.307102708458466,0.7762796504369538,False
1628,20386.25,True,4336.0,2619735.0,50346.1,0.2120345240714932,10675.627765960047,1,0.38732709117503483,наблюдается,0.26215007776049765,0.22059681181959565,-11.63886532843276,0.046125461254612546,0.03805350553505535,0.0,0.1418357933579336,0.621309963099631,0.15267527675276749,14.936910175513258,0.578,False
1629,49084.75,True,6807.0,4051960.8,49608.5,0.13850990446540304,6870.827864766149,1,0.58370810911839,наблюдается,0.242895420591101,0.20463218577460215,4.29879824236328,0.07888937858087264,0.20728661671808432,0.0,0.2215366534449831,0.4759806081974438,0.016306743058616124,7.9454530764366575,0.40613016352786174,False
1630,13848.25,True,2485.0,1247932.9,41844.1,0.17893789378937894,7488.346234623462,1,0.38341153811496753,наблюдается,0.28848632392954315,0.19833882285550622,-4.82548915917504,0.0,0.05754527162977867,0.0,0.22132796780684105,0.7018108651911469,0.019315895372233438,12.582662567799252,0.5513001389994112,False
1631,19020.25,True,3792.0,2311600.5,50802.1,0.19872651521106832,10095.295181196447,1,0.5716169221496932,наблюдается,0.2868152468235784,0.20495730056238284,-2.6756865912762517,0.0,0.1405590717299578,0.0,0.3206751054852321,0.4641350210970464,0.0746308016877637,11.580349354319166,0.5874850012568117,False
1632,1105293.25,False,275517.5,236716315.75,71582.7,0.24927344831732198,17850.471798133687,2,1.0,наблюдается,0.2459944055215157,0.18615645360913957,-3.2923665301715976,0.0022249040442077184,0.26895932200313954,0.03493607484098106,0.32547115881931277,0.36807280844229495,0.00033573185006396944,8.35855134828653,0.17299040291604253,False
1633,25276.75,False,3008.5,1679395.4500000002,46567.5,0.11902271965625275,5536.623297363494,2,0.0,структурный ноль,0.21370431587624206,0.22766824568629196,4.664254778858147,0.29333554927704836,0.05850091407678245,0.0,0.13528336380255943,0.46551437593485123,0.04736579690875853,6.794780147179354,0.7303370786516854,False
1634,21485.25,False,3471.0,1734954.9500000002,41718.5,0.16153776391728006,6732.705824806786,2,0.4520207239522372,наблюдается,0.30269289983305203,0.19424940221026107,-2.6808725343700073,0.06554307116104868,0.04335926246038606,0.0,0.257850763468741,0.57850763468741,0.05473926822241437,11.69566043617521,0.6742110982654335,False
1635,5829.5,False,1187.0,584776.0,41099.4,0.20361652836232297,8366.010489759337,2,0.0,структурный ноль,0.2912168606221913,0.2038051916499209,-5.790714476393029,0.0,0.0,0.0,0.2784330244313395,0.6566975568660489,0.06486941870261154,15.995723586725019,0.0,False
1636,18068.25,False,2119.5,1042287.25,40992.149999999994,0.11730778666767594,4809.986148589164,2,0.2637790842474424,наблюдается,0.27408086429056305,0.19869379705856716,-6.103377172312146,0.05402217504128332,0.07784854918612881,0.0,0.20500117952347252,0.4427931115829205,0.22033498466619483,9.733837175606379,0.6645147510296283,False
1637,9786.5,False,1922.5,907123.75,39343.55,0.19644195884724586,7727.515389179154,2,0.0,структурный ноль,0.2542994513570242,0.23307126262721067,-7.254590000310481,0.0,0.07698309492847855,0.0,0.24031209362808842,0.6332899869960988,0.04941482444733425,15.72304066779004,0.6418669509697912,False
1638,35268.5,False,6427.0,3278840.6,42566.2,0.18222052462903504,7751.160670684592,2,0.5597763306102964,наблюдается,0.22713304720624256,0.22334646585282938,-11.646632053395688,0.15971681966702972,0.0823090088688346,0.0013225455111249417,0.27835693169441417,0.47782791348996423,0.00046678076863237994,11.45222694121411,0.2886799554509936,False
1639,35496.25,False,6256.5,3612403.7,48193.899999999994,0.17624087509446207,8485.531777149637,2,0.5774922004066106,наблюдается,0.27042030187225774,0.18901821568336666,-11.165347735019632,0.01902021897226884,0.2500599376648286,0.016303044833373293,0.2671621513625829,0.4472948133940702,0.00015983377287609457,13.027465777672738,0.6010474951295229,False
1640,8777.75,False,1654.5,800670.35,40354.45,0.18848386576148757,7607.135571617797,2,0.0,структурный ноль,0.3057240868826423,0.19909257545283443,-14.045800934177253,0.0,0.08008461770927773,0.0,0.22030825022665457,0.6376548806285887,0.06195225143547911,15.921799356655816,0.9120797119304691,False
1641,23133.25,False,3636.0,2118889.45,48698.7,0.15715711251608888,7635.993087230185,2,0.3917556568847025,наблюдается,0.23437011035104327,0.21672768873979095,-0.85130883650382,0.2383113311331133,0.14287678767876788,0.0,0.16625412541254125,0.42312981298129815,0.029427942794279405,8.949424472875556,0.7162804847275241,False
1642,12694.25,False,2209.0,1126987.75,42570.5,0.17400458184256223,7403.57894300288,2,0.5244813601636834,наблюдается,0.2922343685608817,0.192035760579517,-3.8472777343675864,0.13263920325939338,0.06677229515617927,0.0,0.20280669986419195,0.5737890448166592,0.023992756903576273,14.780063423791782,0.9594760883437603,False
1643,38122.25,False,5070.5,2822946.55,46343.25,0.1330158139147372,6173.663800048105,2,0.428512263070741,наблюдается,0.23085407923897827,0.21141346745444906,-1.3532716354697794,0.09939848141208954,0.22798540577852283,0.0,0.16734049896459915,0.48713144660289914,0.018144167241889386,10.046361724937697,0.7066846314870072,False
1644,25267.25,False,3489.5,1946670.05,46533.3,0.1381007560581647,6421.485380190902,2,0.34001756848286147,наблюдается,0.21599049793219524,0.2305990063351057,2.593755400920833,0.15217079810861156,0.17294741366958016,0.0,0.17581315374695516,0.48402349906863446,0.015045135406218657,9.622258674314669,0.7313823510739251,False
1645,26363.25,False,3807.0,2020667.5,44307.350000000006,0.14439530765473074,6389.754097433615,2,0.34121626624732054,наблюдается,0.21066221764234777,0.23794136715580533,-7.0002714957036885,0.2119779353821907,0.11268715524034673,0.0,0.18505384817441556,0.48817966903073284,0.002101392172314198,9.445298833875375,0.6121592725424168,False
1646,16983.25,False,2973.0,1426225.7,40007.2,0.17505541010918393,7003.320554417898,2,0.5357945104113235,наблюдается,0.3055086865058871,0.19629238918363406,-9.066948375746954,0.060544904137235116,0.07988563740329634,0.0,0.18129835183316514,0.6357214934409687,0.04254961318533468,13.154013265763185,0.8599792078839487,False
1647,17772.5,False,2756.0,1426254.95,43140.2,0.15507991714847805,6693.379932242432,2,0.5745923779000595,наблюдается,0.2605136702819588,0.18000282363340667,-12.176516661037043,0.008345428156748911,0.08254716981132075,0.003265602322206096,0.23494194484760522,0.6041364296081277,0.06676342525399126,13.07738522898203,0.5315864604567988,False
1648,12194.25,False,1815.5,879150.65,40376.0,0.14888926417326517,6013.074236672082,2,0.0,структурный ноль,0.29851826425429895,0.20237085511595776,-6.492890106141163,0.031120903332415312,0.07435968052877995,0.0,0.23079041586339852,0.4725970806940237,0.19113191958138254,12.075438111722361,0.9707226498748776,False
1649,20367.25,False,3160.5,1768617.7,46716.40000000001,0.1551601532229542,7239.50091155307,2,0.43177735279857266,наблюдается,0.2525690618169845,0.20767719327499426,-7.289635682932267,0.09729473184622686,0.07878500237304224,0.0,0.33950324315772823,0.47539946211042555,0.009017560512577072,9.96009170253153,0.05575562909501834,False
1650,15874.25,False,2347.5,1233492.1,43822.2,0.14787818351296517,6477.380146089854,2,0.0,структурный ноль,0.21701081498726546,0.22585604019052502,-5.770312468040717,0.09158679446219382,0.04984025559105431,0.0,0.2739084132055378,0.5497337593184238,0.03493077742279027,9.448966009795221,0.5636427528881665,False
1651,11754.5,False,1575.0,791977.35,42010.3,0.13396642865290756,5616.946496743729,2,0.39558438057192274,наблюдается,0.23935715728344803,0.1976759550214034,-6.085273563484772,0.05206349206349206,0.09396825396825396,0.0,0.20761904761904762,0.4641269841269841,0.18222222222222229,12.197933730206294,0.5885491888590986,False
1652,100643.5,False,16663.5,10189424.1,51062.25,0.1655661884496728,8437.417557987439,2,0.014854191595730528,наблюдается,0.24511955443653752,0.21392781858133686,0.21892348305820003,0.11789239955591563,0.26429021514087675,0.05536051849851472,0.148708254568368,0.3284123983556876,0.08533621388063739,7.36886404823416,0.8165520869635667,False
1653,17450.0,False,3100.5,1646084.15,44322.45,0.1776658405302889,7863.116337424154,2,0.41438044898383225,наблюдается,0.23927957711842338,0.2064741974053324,-2.539591151124628,0.32801161103047893,0.0651507821319142,0.0,0.17900338655055636,0.4005805515239477,0.027253668763102645,9.148585478780708,0.5054008119407182,False
1654,18128.0,False,3024.5,1598978.45,43961.25,0.16688526851368324,7357.286979002144,2,0.3448106355269916,наблюдается,0.2327785880832731,0.20800780733334193,-12.010316183487985,0.12878161679616465,0.13026946602744255,0.0,0.20300876177880642,0.49429657794676807,0.04364357745081826,12.626114048580154,0.19732273109548665,False
1655,15591.75,False,2677.0,1329331.2,41449.95,0.17167685180790476,7109.289200058162,2,0.3877087516962154,наблюдается,0.24394385193898666,0.22552547791263222,-8.700564971751414,0.21105715353007098,0.05565932013447889,0.0,0.1998505790063504,0.5246544639521853,0.008778483376914448,8.642337068122234,0.8241300952978297,False
1656,15815.25,False,2144.5,1072568.75,41689.25,0.1355998384774523,5654.725551178222,2,0.4778076320359172,наблюдается,0.274806483034808,0.18837022789974306,-6.917018415782398,0.0338074143156913,0.09256236885054792,0.0,0.21730006994637444,0.62205642340872,0.03427372347866631,13.443807527241717,0.6519233754911444,False
1657,8144.0,False,1507.5,738480.5,40844.75,0.1851044900360519,7560.755990172956,2,0.0,структурный ноль,0.28604800308299133,0.2068290023391663,-8.31425179795425,0.003648424543946932,0.05373134328358209,0.0,0.22719734660033167,0.6799336650082919,0.0354892205638474,12.431286632572403,0.7295381282255078,False
1658,33282.0,False,4306.0,2286434.75,44152.85,0.12939633230278513,5727.678948771734,2,0.3487491945798625,наблюдается,0.2435452704760569,0.2175980013145074,-3.4051588911146693,0.03901532745006967,0.082559219693451,0.0,0.22480260102183,0.5880167208546214,0.06560613098002788,8.236438734037357,0.6292623954435396,False
1659,39784.5,False,6881.5,3775302.1500000004,45727.8,0.17297377516535445,7911.851145451358,2,0.6803374553572796,наблюдается,0.23028446874395592,0.18458289959372365,-1.8388886854308149,0.005304076146189058,0.11167623337935043,0.0,0.25837390103901764,0.6167260045048318,0.007919784930611073,12.372931951164242,0.28882274712393197,False
1660,11962.75,False,1949.5,980597.8500000001,41947.75,0.1629615504762733,6835.751486009413,2,0.5628980026936397,наблюдается,0.24469902091194656,0.22208722808456177,-7.674749569131827,0.0,0.06591433700948961,0.0,0.25698897153116185,0.478327776352911,0.19876891510643757,13.917437468713032,0.7715942079642273,False
1661,19110.25,False,3057.5,1576829.6,43015.09999999999,0.15999004102923706,6881.0725177603,2,0.5052548783726065,наблюдается,0.2740210770149677,0.19900573422329837,-10.533694795056176,0.0,0.060997547015535565,0.0,0.25936222403924775,0.6006541291905151,0.07898609975470161,12.044006693270704,0.5801693075699481,False
1662,9159.25,False,1589.5,782387.5,41057.25,0.17354210848087762,7126.197768211329,2,0.0,структурный ноль,0.25893425910650847,0.22522562671505814,-18.846735463350793,0.0,0.0603963510537905,0.0,0.2720981440704624,0.5127398553004089,0.15476564957533823,19.460945580967707,0.6807263953838283,False
1663,24884.25,False,3054.5,1511789.7000000002,41276.25,0.1227495706174431,5066.458284789346,2,0.39516002904290465,наблюдается,0.2586405127777826,0.22448417931914566,-8.803134923989534,0.06482239319037486,0.0528728106073007,0.0,0.22327713210018008,0.6197413651988869,0.03928629890325741,11.600632816523813,0.47552893530308077,False
1664,18750.25,False,2798.0,1424872.5,42514.7,0.1492075099013484,6335.02549413393,2,0.34457953593641294,наблюдается,0.2268846564621989,0.22777992204941916,-6.34356640505132,0.19549678341672624,0.027162258756254467,0.0,0.18727662616154395,0.5514653323802716,0.03859899928520372,11.187067333060272,0.45545143297660073,False
1665,550866.5,False,151770.0,132058331.55000001,72516.85,0.2755113813813985,19979.124846394618,2,0.9754956069405755,наблюдается,0.23917697842504576,0.18316301130461643,-2.905199561798145,0.058598537260328126,0.17049482769980892,0.016959873492785136,0.3201851485800883,0.4337484351321078,1.3177834881750172e-05,7.4828883291971104,0.3474048198585356,False
1666,23461.25,True,4047.0,2845611.7,58750.25,0.17247983011723322,10109.156215865158,2,0.7190655302498214,наблюдается,0.30640663153968456,0.16869500585176422,-4.379092086898123,0.0,0.0737583395107487,0.0,0.47837904620706695,0.38015814183345686,0.06770447244872746,9.135786936548014,0.5322128851540616,False
1667,42553.5,False,8211.5,5607089.7,56811.2,0.19300870427123581,10985.963350630445,2,0.9925531128994777,наблюдается,0.2515889048657803,0.16317122814240864,-6.12753187880787,0.023199171893076784,0.20940144918711562,0.0,0.28868050904219694,0.4650185715155575,0.01370029836205311,19.071679865792447,0.045357618553990994,False
1668,88324.75,False,27860.0,24478071.549999997,73219.5,0.3154269606114416,23096.04135756591,2,1.0,наблюдается,0.21091928458867443,0.1731913721508725,4.435103021286178,0.4401830581478823,0.11631371141421393,0.004540559942569993,0.19838478104809762,0.24054199569274945,3.589375448675991e-05,9.855709666307513,0.2652876219857302,False
1669,39176.25,True,13078.0,11890892.15,75837.5,0.3338183535210717,25301.909064365114,2,0.8267246280959006,наблюдается,0.26751884983186214,0.17773838124848582,-8.170780449995593,0.0,0.2194907478207677,0.0,0.10097109649793547,0.2202171585869399,0.4593209970943569,10.146709420365399,0.09377162957835951,False
1670,40462.0,True,4777.0,2724792.35,47554.45,0.11806090327803939,5613.097315623861,2,0.6512461321453362,наблюдается,0.31057574616153794,0.1629706260277488,-3.9063272991713314,0.0,0.11534435838392297,0.0,0.41898681180657316,0.4313376596190077,0.03433117019049614,8.350748353575542,0.5357142857142857,False
1671,24158.0,False,4504.5,3184658.35,58873.95,0.18648131492215303,10995.200647300044,2,0.9533379410876743,наблюдается,0.2844696111035236,0.17139630486182408,-0.07678808328832995,0.0,0.5647685647685647,0.0,0.14985014985014986,0.27261627261627264,0.01276501276501274,11.814290781240475,0.32295315088716187,False
1672,79409.25,False,24322.5,19912230.700000003,68290.85,0.30628467130347803,20901.823950702572,2,0.9378546208449056,наблюдается,0.2525002809083513,0.16987040959863625,1.4122004659483633,0.006187686298694624,0.6153355946140405,0.0029602220166512487,0.13234659266111626,0.22896495014903895,0.014204954260458424,10.16463853845693,0.08762877240029614,False
1673,189938.0,False,39769.5,31001264.7,64866.75,0.20939240814379523,13609.38618648996,2,0.9852136754989882,наблюдается,0.23793094318538743,0.18365682074945022,3.89479778525048,0.040860458391480906,0.36482731741661323,0.011088899785011127,0.22971121085253776,0.35351211355435697,0.0,10.258539188313234,0.10687662124551843,False
1674,45353.25,True,8365.0,4665533.9,46529.55,0.18443506180953034,8575.281270706757,2,0.5619968196423825,наблюдается,0.22922969736430193,0.2211458277737969,-12.461844070426478,0.013986849970113568,0.0543335325762104,0.0,0.3196054991034071,0.5433950986252242,0.06867901972504475,10.638462999519513,0.3853508536093561,False
1675,39969.5,True,5535.0,2989426.8,45121.6,0.13846806315861704,6233.70096144934,2,0.6990975048639183,наблюдается,0.2368826119513688,0.1926475854788009,-4.521476974432078,0.027009936766034328,0.15176151761517614,0.0,0.34959349593495936,0.4621499548328817,0.009485094850948506,11.965704005049798,0.44579444891063824,False
1676,17832.5,True,4255.5,2981321.7,58285.45,0.23864737176223477,13935.808016078474,2,0.8605007277612411,наблюдается,0.23213337363237416,0.21250817030366637,-5.171006700684081,0.0,0.040418282223005524,0.0,0.07613676418752204,0.33262836329455997,0.5508165902949125,13.06085277325404,0.37691438197224075,False
1677,,False,1496.0,730154.3,40665.5,,,0,,нет данных,,,,0.0,0.0,0.0,0.0,0.0,1.0,,,True
1678,19014.75,False,2344.0,1114069.25,39696.5,0.12325742510755049,4888.246472166176,2,0.0,структурный ноль,0.25451989055470753,0.2159522531363116,-19.853733280157993,0.15443686006825938,0.06356655290102389,0.0,0.21203071672354948,0.5499146757679181,0.020051194539249195,10.58487388950756,0.5623009640687423,False
1679,19022.0,False,2586.0,1169721.6,37807.25,0.13593135594638223,5126.283910564398,2,0.0,структурный ноль,0.2469371068212396,0.22367821997066517,-9.885408452281823,0.0,0.05046403712296984,0.0,0.14095127610208816,0.7420726991492653,0.06651198762567667,13.48912207233103,0.4355458273705187,False
1680,12750.75,False,1776.5,1067249.3,50188.3,0.13928554164671142,6976.496448429762,2,0.0,структурный ноль,0.28205172083924723,0.192286243141502,-10.18173383336385,0.08443568815085843,0.04024767801857585,0.0,0.13087531663383056,0.5164649591894174,0.22797635800731775,10.353655842563153,0.7626683012861875,False
1681,15722.25,False,1626.0,901542.35,46326.4,0.1033967690607462,4781.809854647075,2,0.0,структурный ноль,0.32272919384588367,0.18606465108856288,-9.29044782408995,0.04212792127921279,0.01783517835178352,0.0,0.11623616236162361,0.6374538745387454,0.18634686346863472,12.741749435559717,0.6071821055162323,False
1682,13144.0,False,1639.5,893706.6,45535.100000000006,0.12471844217242231,5671.15566728735,2,0.0,структурный ноль,0.2933459099959121,0.20047988202020645,-12.625856912074466,0.10186032326928941,0.02683745044220799,0.0,0.1378469045440683,0.5895089966453188,0.14394632509911554,13.10933244719325,0.13265705627080604,False
1683,16251.25,False,1203.0,729016.8,50534.5,0.07403208313741552,3741.7656902341937,2,0.0,структурный ноль,0.27035943627925013,0.1980989910470895,-18.497695374064886,0.0,0.0,0.0,0.342477140482128,0.48171238570241065,0.17581047381546133,8.887828688086952,0.7098048040386965,False
1684,31005.75,False,2117.0,1380191.35,54208.1,0.06828350606741646,3711.0578193209385,2,0.0,структурный ноль,0.2379564055219644,0.22967722255644224,-5.001099327579575,0.0684931506849315,0.05266887104393009,0.0,0.2420878601794993,0.46291922531884744,0.17383089277279162,7.434238994211614,0.9141497945830314,False
1685,10561.75,False,1562.5,900082.7,48083.65,0.14793399139391922,7109.345198165356,2,0.0,структурный ноль,0.33160590963378744,0.19181761089878419,-11.000845853629961,0.0,0.0112,0.0,0.24768,0.48064,0.26048000000000004,13.73208014604793,0.1639764359351988,False
1686,11125.75,False,1898.5,1157313.2000000002,50986.7,0.17057515450119,8672.038688308356,2,0.0,структурный ноль,0.2537508532918912,0.22927160127047638,-16.021481840282615,0.0,0.04635238346062681,0.0,0.3887279431129839,0.5443771398472478,0.020542533579141486,10.142571570034235,0.22580036242826942,False
1687,25223.25,False,2413.5,1262222.95,43612.149999999994,0.09568402099178219,4172.285535117779,2,0.0,структурный ноль,0.24574999248066945,0.21505881536758853,-3.246782924630572,0.12575098404806298,0.015330432981147711,0.0,0.1379738968303294,0.6490573855396726,0.0718873006007873,10.6892975576528,0.5033538738481071,False
1688,14469.0,False,1746.0,1032563.0,49469.350000000006,0.12061449346916356,5950.694168809782,2,0.0,структурный ноль,0.2692830607855685,0.20348285152896126,-20.719810842222977,0.0,0.01918671248568156,0.0,0.1927262313860252,0.5879152348224513,0.20017182130584188,9.784373563124467,0.4477945696833184,False
1689,16952.0,False,1425.5,714185.5,41814.600000000006,0.08408604806552228,3512.8418882711157,2,0.0,структурный ноль,0.28105001936791907,0.21630128034307317,-5.462387210093444,0.0,0.002455278849526482,0.0,0.14345843563661873,0.6713433882848123,0.18274289722904247,12.37560567766795,0.9281325472527239,False
1690,14146.25,False,1543.0,885076.6,47992.25,0.10901929563962448,5214.622234089459,2,0.0,структурный ноль,0.31095217859626323,0.19179858098919836,-8.814861779337004,0.0,0.0,0.0,0.28548282566429034,0.5722618276085548,0.14225534672715479,13.489584693359475,0.497393812198878,False
1691,8830.0,False,1136.0,596444.6000000001,43521.55,0.1287214160281892,5641.722313509639,2,0.0,структурный ноль,0.3510715818846053,0.18855775655490067,-12.736864913214504,0.0,0.025088028169014086,0.0,0.2777288732394366,0.6566901408450704,0.040492957746478986,11.967887352609303,0.5215049452616868,False
1692,23482.25,False,3371.5,2521201.7,62395.15,0.14356005951057085,8949.394727849558,2,0.0,структурный ноль,0.27611765649438735,0.22312220459917675,-9.30786804238828,0.003114340797864452,0.26338425033367935,0.0,0.23609669286667656,0.48346433338276734,0.013940382619012315,7.31447707246579,0.5699208800126231,False
1693,28863.0,False,5213.0,3235766.7,51808.2,0.18058901180253134,9345.652145097414,2,0.0,структурный ноль,0.2730733348313342,0.22031139649953624,-11.194562390526652,0.1170151544216382,0.07097640514099367,0.0,0.32265490120851714,0.4223096105889123,0.06704392863993869,15.686860307683466,0.5473039467105683,False
1694,17065.0,False,3035.5,1807815.3,49684.25,0.17786796623553963,8831.912305443184,2,0.0,структурный ноль,0.28235621836893743,0.21008056584304244,-5.130900975111853,0.2006259265359908,0.0,0.0,0.2813375061769066,0.4465491681765772,0.07148739911052537,12.826618102176065,0.05167683721900589,False
1695,118289.25,False,17588.0,14850728.149999999,70396.55,0.14871453221129566,10457.49433165762,2,0.0,структурный ноль,0.1975816829070709,0.22886604526718798,23.033956127072,0.10126222424380259,0.2858198771889925,0.05924493973163521,0.31936547646122354,0.23385262679099386,0.00045485558335234266,5.331176041080087,0.33158769261084176,False
1696,20595.75,False,2442.0,1432220.3,48670.45,0.1186346517822594,5805.404151381209,2,0.0,структурный ноль,0.23223740954920252,0.23486737378750452,-18.89998107444884,0.04504504504504504,0.006142506142506142,0.0012285012285012285,0.14332514332514332,0.6345208845208845,0.16973791973791974,12.207127223788712,0.6794994138753896,False
1697,20292.25,False,2869.5,1698005.55,49400.600000000006,0.14139949286730866,6977.157393508727,2,0.0,структурный ноль,0.3001943384755987,0.21107005604337675,-4.293759207146746,0.15595051402683394,0.08119881512458617,0.0,0.2516117790555846,0.5093221815647325,0.0019167102282627857,10.525242480534695,0.6985971422061648,False
1698,12890.75,False,1182.5,548955.3,38760.45,0.09172736401874527,3550.7493418704817,2,0.0,структурный ноль,0.3170046995615735,0.1650329442016812,-2.493989780997065,0.0,0.0,0.0,0.11797040169133192,0.7420718816067653,0.13995771670190282,12.083605288104565,0.490579570717991,False
1699,29225.5,False,3468.0,2054078.55,49498.0,0.11866016998616788,5857.522589842715,2,0.0,структурный ноль,0.250456392776682,0.21973018636619046,3.947301302343646,0.29930795847750863,0.022058823529411766,0.0,0.09515570934256055,0.4979815455594002,0.08549596309111884,8.551349191165839,0.5436813862441303,False
1700,39774.75,False,3878.0,2189028.9,47159.55,0.09748998156972183,4587.573646558546,2,0.0,структурный ноль,0.259619877647811,0.2032680698774371,-3.134681729621667,0.12880350696235174,0.033522434244455904,0.0,0.14569365652398145,0.631253223310985,0.06072717895822588,9.488492473312016,0.5595361628805254,False
1701,9717.75,False,1083.5,538661.05,41431.95,0.11150845525395844,4624.964654305953,2,0.0,структурный ноль,0.2645639303944968,0.20809318996505016,-18.16779329715724,0.0,0.026303645592985696,0.0,0.11029072450392248,0.6479003230272266,0.21550530687586522,11.632988503919359,0.470207763561667,False
1702,10750.25,False,1887.5,1261844.8,55732.7,0.17558358030838517,9789.380584149094,2,0.0,структурный ноль,0.32320984607506675,0.1391732785326533,-6.9631367350224105,0.23655629139072848,0.011125827814569536,0.0,0.2842384105960265,0.4023841059602649,0.0656953642384106,12.919319166759813,0.7894467254205246,False
1703,19869.5,False,3810.5,2417506.9,52988.0,0.19175477316740866,10142.718556303944,2,0.0,структурный ноль,0.2580652152494428,0.227944627423002,-8.229407758980415,0.3534969164151686,0.00433014040152211,0.0,0.19944889122162446,0.36386301010366096,0.0788610418580239,14.947433520988609,0.4573620676781768,False
1704,30800.5,False,3066.5,1566862.4500000002,42708.0,0.09954451644647966,4241.609846420095,2,0.0,структурный ноль,0.19918890566927636,0.19341718828891935,-18.75075925619267,0.01728354801891407,0.019892385455731288,0.0,0.1818033588781999,0.766509049404859,0.014511658242295722,11.411963081389452,0.49034739894671314,False
1705,17098.25,False,1978.5,926393.4,39042.8,0.11571237081598526,4517.1500990279155,2,0.0,структурный ноль,0.2971410740809184,0.2017044705323715,-7.1819636926452795,0.0,0.0,0.0,0.1306545362648471,0.7174627242860753,0.1518827394490776,11.746218667349709,0.842741966210872,False
1706,14838.25,False,1712.5,890333.55,43373.2,0.1154045190036116,5001.285613165104,2,0.0,структурный ноль,0.3172334506959479,0.1872636989426016,0.7388069893738304,0.0,0.0,0.0,0.06598540145985402,0.703941605839416,0.23007299270073,12.87815557543795,0.5722888222888223,False
1707,292737.0,False,79145.0,54151958.3,56985.4,0.27038455607314515,15423.76072312698,2,1.0,наблюдается,0.27569218640664583,0.15450401267889824,-6.728312802034855,0.010569208414934615,0.1764167035188578,0.013873270579316444,0.3408996146313728,0.45161412597131845,0.006627076884199834,11.256051685543271,0.09694945821368978,False
1708,42643.0,False,12579.5,7208957.800000001,47788.7,0.2949908629012563,14092.428668979812,2,1.0,наблюдается,0.26217925597253106,0.15680143039509323,0.6721624901364948,0.022814897253467945,0.4778409316745499,0.0011526690250009937,0.13692913072856633,0.32529114829683214,0.03597122302158273,12.323825725151995,0.11101632313314579,False
1709,35573.5,False,9392.5,5445898.6,47820.75,0.26420599195038486,12775.343473486577,2,1.0,наблюдается,0.29487943999684724,0.1333083368315024,-4.789720418505162,0.012084109661964333,0.4509981368112856,0.0,0.13750332712270427,0.3957412829385148,0.003673143465531048,13.013154845190876,0.1239405868181036,False
1710,14998.0,False,2716.5,1370395.5,42030.100000000006,0.18113830625845517,7618.798641243724,2,0.6155137291225029,наблюдается,0.25689515831789866,0.17912995801830456,-5.155227176063945,0.04527885146327996,0.03257868580894534,0.0,0.07546475243879992,0.5794220504325419,0.26725565985643285,12.267622311000336,0.281931716037704,False
1711,14510.5,False,2394.0,1374925.0499999998,47949.8,0.16497038379564571,7900.827173580799,2,0.48150487539286124,наблюдается,0.2986619427062408,0.16591937845406934,-5.4087180838311255,0.1098579782790309,0.06516290726817042,0.0,0.24060150375939848,0.4730576441102757,0.1113199665831246,10.044697375406562,0.7267140793084189,False
1712,10168.0,False,1572.5,863776.8,45764.1,0.15465611430780968,7081.586073108192,2,0.4540214364030863,наблюдается,0.3089022671918024,0.16934547911341297,5.183017362143155,0.20922098569157394,0.0397456279809221,0.0,0.04992050874403815,0.5227344992050874,0.17837837837837833,10.977900002347255,0.5208607774764303,False
1713,10368.25,False,1713.0,1033108.6000000001,50255.6,0.16522245843508565,8306.121399483214,2,0.4976847346343665,наблюдается,0.29631819196256226,0.16207164016615794,4.726487745075618,0.34938704028021017,0.03561004086398132,0.0,0.053415061295971976,0.5154699357851722,0.04611792177466434,9.76313566199263,0.38591865413067944,False
1714,8560.0,False,1818.0,1042224.7,47812.3,0.21237393937991242,10151.60265722871,2,0.40598792485938723,наблюдается,0.28113935658526806,0.16819560483086465,-0.9708093578111756,0.19911991199119913,0.04702970297029703,0.0,0.2654015401540154,0.4521452145214521,0.03630363036303619,12.046318244573401,0.42715428156986346,False
1715,11700.25,False,2096.0,1125568.5,44830.25,0.17913497802429423,8017.882919863217,2,0.3757267254489934,наблюдается,0.29476712431409263,0.190754358053278,7.494211299766271,0.2666984732824427,0.047471374045801526,0.0,0.060353053435114504,0.4627862595419847,0.16269083969465647,10.266852314435836,0.5528154520917679,False
1716,4255.75,False,547.5,272028.6,41444.600000000006,0.12864778584934483,5326.928265835396,2,0.0,структурный ноль,0.28151671367852615,0.16651145675517542,9.24408895663822,0.0,0.08493150684931507,0.0,0.03287671232876712,0.5031963470319635,0.3789954337899544,9.428108613807765,0.6590909090909091,False
1717,12283.25,False,1779.5,1275635.7999999998,59728.5,0.14488120969363977,8664.606524630064,2,0.42727723382834254,наблюдается,0.3076926667507843,0.13610309077325639,0.1212366134572641,0.2000561955605507,0.06378196122506322,0.0,0.05479067153694858,0.4355155942680528,0.24585557740938468,9.921167202828205,0.5630339637354539,False
1718,5083.5,False,1184.5,677741.25,47696.649999999994,0.23300490151689293,11113.75868678355,2,0.0,структурный ноль,0.3136558823808215,0.16528821817561357,1.2758338157649152,0.0,0.03334740396791895,0.0,0.04221190375685943,0.31025749261291685,0.6141831996623048,11.875134960051826,0.46359574949513976,False
1719,20528.75,False,4790.0,2854254.05,49687.4,0.23333200950571348,11585.947265508883,2,0.34129127057482117,наблюдается,0.25909978833038794,0.17174003363318924,5.808795641370129,0.15501043841336118,0.20073068893528184,0.0,0.11461377870563674,0.34248434237995823,0.18716075156576206,7.507822643100219,0.5167568260315859,False
1720,3717.75,False,562.0,296867.5,44049.25,0.15117705435937215,6659.91289284591,2,0.0,структурный ноль,0.2600568926761999,0.17657869111187768,-8.771050605152585,0.08540925266903915,0.05249110320284697,0.0,0.025800711743772242,0.6832740213523132,0.15302491103202842,13.450731844270717,0.8518518518518519,False
1721,25755.75,False,4142.5,2730719.6500000004,54943.9,0.16083990025048184,8839.455751968373,2,0.0,структурный ноль,0.3192219189605183,0.1571337980694658,3.112940604706296,0.5197344598672299,0.16499698249849126,0.0,0.02848521424260712,0.25660832830416413,0.03017501508750764,5.891641154154318,0.9044380479248315,False
1722,9314.0,False,1628.0,844318.35,43325.95,0.17477712223055797,7555.1406513699885,2,0.37672487176742697,наблюдается,0.28260721833913044,0.16658100719436342,-1.7855208107702636,0.21652334152334152,0.03961916461916462,0.0,0.10872235872235872,0.3578009828009828,0.2773341523341524,11.756638163078737,0.4882629148135477,False
1723,16480.75,False,2963.5,1908024.5,53736.25,0.17980705532397537,9657.655823235282,2,0.0,структурный ноль,0.3105319635819118,0.17235829074264314,-7.941946514107675,0.23148304369832967,0.27754344525054836,0.0,0.0976885439514088,0.35970980259827906,0.03357516450143416,6.135710050223805,0.8113151337412932,False
1724,9010.0,False,1722.5,992390.8,48138.5,0.19115346242130413,9180.906725943893,2,0.42767636162018285,наблюдается,0.2951658353727583,0.15515797480752794,-0.012279868411321608,0.35936139332365746,0.023802612481857766,0.0,0.07692307692307693,0.427866473149492,0.11204644412191578,10.488315503288957,0.6575172866031552,False
1725,6555.25,False,1050.5,583802.85,46098.1,0.16033428017710927,7432.4809848385485,2,0.43949312125638557,наблюдается,0.2813098648173275,0.1869418061209106,-2.912245873294169,0.15849595430747263,0.09424083769633508,0.0,0.10851975249881009,0.45311756306520706,0.1856258924321752,11.691039687110415,0.44572873841741767,False
1726,69773.25,False,13321.5,9771026.8,61068.899999999994,0.1909284472463678,11671.213412540383,2,0.1375230352673573,наблюдается,0.25052126276761244,0.1903398751710663,-0.06435968159428616,0.11436399804826784,0.2596179108959201,0.09255714446571332,0.24081372217843336,0.28896895995195737,0.0036782644597079805,4.383868477119741,0.7624783428280811,False
1727,11846.25,False,2225.0,1345964.8,50417.350000000006,0.18782512947938845,9471.287083329018,2,0.31664319394717727,наблюдается,0.2839522956872367,0.15581119497950238,2.269399416550511,0.42292134831460676,0.05438202247191011,0.0,0.04853932584269663,0.4303370786516854,0.043820224719101075,13.70722700363359,0.55482138623586,False
1728,13344.0,False,2556.5,1415023.2,46163.55,0.1915820972808021,8837.414143019076,2,0.36876694411564076,наблюдается,0.2653801300517413,0.17803866827072412,2.227049629215291,0.1975356933307256,0.029923723841189125,0.0,0.26892235478192844,0.39252884803442206,0.11108938001173474,9.601630432904754,0.7199264413800931,False
1729,5052.0,False,760.5,392784.55,43067.4,0.15053164342696024,6482.223928039031,2,0.0,структурный ноль,0.3084807418503134,0.1383279314606773,-8.386647375144635,0.0,0.030900723208415515,0.0,0.03879026955950033,0.44970414201183434,0.4806048652202498,8.28797259234284,0.6804907161803714,False
1730,7684.25,False,1300.0,816910.3500000001,52343.65,0.169182594203171,8860.642907205789,2,0.0,структурный ноль,0.29231571394715605,0.17720256744348983,-2.329997793668718,0.38,0.026153846153846153,0.0,0.051923076923076926,0.48615384615384616,0.05576923076923079,7.693411032309625,0.6306821291735084,False
1731,17260.25,False,3098.5,1480924.2,40064.149999999994,0.1794927319909462,7150.524939657945,2,0.540217750265933,наблюдается,0.24661330813150412,0.18320034962297782,5.255559614449425,0.05664030982733581,0.27916733903501695,0.0,0.12086493464579635,0.49378731644344037,0.049540100048410585,10.32648599823698,0.5218135385555926,False
1732,7827.5,False,1464.0,870990.8,49643.95,0.18702127607484126,9275.841430907367,2,0.44515652905479963,наблюдается,0.2831822237638646,0.177174133277604,1.934831161025108,0.273224043715847,0.022882513661202187,0.0,0.15949453551912568,0.46755464480874315,0.07684426229508201,14.181863474371351,0.4264231280333089,False
1733,5826.5,False,1404.5,930693.0,55068.25,0.24112787329735896,13326.248504980682,2,0.4747451849943285,наблюдается,0.31072995371360135,0.14620023082364758,-8.219387561977747,0.5297258810964756,0.018155927376290494,0.0,0.04307582769668921,0.24528301886792453,0.16375934496262023,7.6146184341971725,0.6747636262513904,False
1734,,False,125975.5,92597501.9,61212.7,,,0,,наблюдается,0.276993029368663,0.1592373864907028,,0.014725085433278693,0.2555854114490516,0.005429627189413815,0.32053057935868484,0.40370151338950827,2.778318006280145e-05,,0.17814628204462743,False
1735,,False,12154.0,6991539.0,47903.95,,,0,,наблюдается,0.25794724712250827,0.16201185639298304,,0.0,0.2209972025670561,0.03628435083100214,0.18878558499259504,0.5372716801053151,0.01666118150403162,,0.13737369573399777,False
1736,,False,8175.0,5060218.6,51582.2,,,0,,наблюдается,0.2723825789923143,0.15374893253629376,,0.0,0.2736391437308868,0.0,0.1817737003058104,0.44024464831804283,0.10434250764525999,,0.4890841978444706,False
1737,19055.75,False,2772.0,1865538.6,56104.25,0.1454696410732072,8161.981123571944,2,,нет данных,0.2689526150850965,0.1526267887906025,-1.133528172720074,0.28805916305916307,0.0036075036075036075,0.0,0.3246753246753247,0.25703463203463206,0.12662337662337653,11.322367037731064,0.9353346994652614,False
1738,13467.25,False,2629.5,1374381.3,43563.25,0.19526327661797638,8512.116750356852,2,,нет данных,0.29029703689969055,0.1551825492118249,-3.1735781456348637,0.2719148127020346,0.33409393420802436,0.0,0.07339798440768207,0.29397223806807377,0.026621030614185193,11.666379389404856,0.557185082193961,False
1739,23677.0,False,3340.0,1717684.7000000002,42916.5,0.14105340376130585,6048.558362768279,2,,нет данных,0.32539844089340664,0.12111375497899357,-2.2404928158277353,0.10808383233532934,0.3146706586826347,0.0,0.13682634730538923,0.4187125748502994,0.021706586826347296,9.598721362401603,0.530803950936363,False
1740,44933.0,False,6594.5,4431323.3,56004.85,0.14676443703385436,8222.124713501713,2,,нет данных,0.26570290249815187,0.18058241664393762,-6.10226614593727,0.2937296231708242,0.19766472060050042,0.0008340283569641367,0.14117825460611116,0.36174084464326334,0.004852528622336871,6.125901281868801,0.9194620796156485,False
1741,7142.5,False,705.0,369749.0,43686.5,0.09870942470429372,4317.13161539238,2,,нет данных,0.3323081707467591,0.12645535534595442,0.4272089088712982,0.0,0.0,0.0,0.16170212765957448,0.42624113475177305,0.41205673758865247,12.722932369207795,0.5662586561110816,False
1742,45336.25,False,3382.5,1778770.0499999998,43794.6,0.07461035884384115,3270.203707772056,2,,нет данных,0.26418373319356825,0.18146890066676,2.762961147099515,0.0,0.2549889135254989,0.0,0.11352549889135255,0.5776792313377679,0.05380635624538066,9.316379266779142,0.8374135792389392,False
1743,18567.5,False,2374.0,1360155.7,47739.9,0.1278640217129938,6107.516094175258,2,,нет данных,0.3304643432655481,0.12323244481203238,-1.6697071343657073,0.2335720303285594,0.2375737152485257,0.0,0.09245998315080034,0.29001684919966303,0.1463774220724514,10.051308942606218,0.5879686310045983,False
1744,8266.5,False,1028.5,555186.35,44968.25,0.12443273733079956,5601.20977362921,2,,нет данных,0.35440421072227646,0.1326593557624795,-2.386716777094485,0.11959163830821584,0.0,0.0,0.12299465240641712,0.29314535731648034,0.4642683519688867,14.76079356974788,0.8088827838827839,False
1745,48382.75,False,6236.0,3829528.4,51123.350000000006,0.12890336175993114,6600.3286381294965,2,,нет данных,0.3105714503051031,0.14626744106349576,-0.6306306306306306,0.13502245028864657,0.24406670942912123,0.0,0.20525978191148173,0.39857280307889675,0.017078255291853695,21.028311472993,0.20557984119995706,False
1746,9880.0,False,958.5,447895.9,38986.350000000006,0.09701012681487142,3780.2071214109283,2,,нет данных,0.33100943344994593,0.13256067958470047,-3.664052140181026,0.0,0.0297339593114241,0.0,0.08346374543557643,0.7230046948356808,0.16379760041731872,9.85603232976542,0.0,False
1747,20491.0,False,2533.0,1368173.95,45035.399999999994,0.12361495562496205,5566.882323089125,2,,нет данных,0.3196953625232575,0.13607409408292948,-1.1785767434142362,0.3239242005527043,0.02763521515988946,0.0,0.12297670746150809,0.48322147651006714,0.04224240031583104,8.559732457339916,0.5240105366707553,False
1748,33491.5,False,1774.5,1020578.1000000001,48024.25,0.05297830594145172,2540.9988383782265,2,,нет данных,0.27333541403020506,0.1621202542556071,-1.885055357217065,0.10340941110171879,0.0,0.011270780501549732,0.24936601859678784,0.44744998591152435,0.18850380388841925,6.725821852960327,0.03293692360809643,False
1749,11292.5,False,1029.5,530116.25,42935.7,0.09116782867000306,3914.759671454779,2,,нет данных,0.34181368748258645,0.12674935668897103,0.14116403322653245,0.0,0.0,0.0,0.08984944147644487,0.3963088878096163,0.5138416707139388,10.327149951243157,0.8328879559259307,False
1750,15632.0,False,1585.5,799883.7,42037.65,0.10143409937195383,4267.580397672064,2,,нет данных,0.3218451546363932,0.15124610640160052,-3.073805408085593,0.12267423525701672,0.011037527593818985,0.0,0.27309996846420687,0.4099653106275623,0.1832229580573952,10.091852154763835,0.6142987945788729,False
1751,7950.5,False,660.5,301915.80000000005,38083.600000000006,0.08308198682876325,3166.4048203883303,2,,нет данных,0.34968148157369594,0.12913701811678072,-1.136151632008634,0.0,0.0,0.0,0.10825132475397427,0.5268735806207419,0.3648750946252839,7.908367780394972,0.6570679804691433,False
1752,23554.0,False,3048.5,1649215.65,45216.299999999996,0.12940462994010554,5839.177890360435,2,,нет данных,0.3000388556040748,0.14961582325393563,-10.700818675164776,0.12629161882893225,0.22371658192553714,0.0,0.13432835820895522,0.5046744300475644,0.01098901098901095,12.790217400897358,0.5708507458250187,False
1753,9741.0,False,1060.5,558848.0,43973.4,0.10886328296338833,4783.510352941997,2,,нет данных,0.30587433842374956,0.13502403859655035,0.8223963511447941,0.3823668081093824,0.0,0.0,0.10655351249410655,0.40924092409240925,0.1018387553041018,8.596527368177584,1.0,False
1754,13074.25,False,1029.0,456725.05000000005,36989.55,0.0787068880356954,2912.9194195774026,2,,нет данных,0.3246318469165136,0.1324727566591538,-6.054871785596862,0.0,0.0,0.0,0.09037900874635568,0.6117589893100097,0.29786200194363466,9.484132293700847,0.6007730615527945,False
1755,35544.0,False,12695.5,9036529.05,59266.4,0.3572044322334367,21200.289080673647,2,,нет данных,0.2913900442521901,0.14654650418733717,1.546884766848992,0.3318104840297743,0.3268874798156827,0.0,0.14985624827694852,0.18947658619195779,0.0019692016856365235,13.044208896569984,0.26770520742378934,False
1756,27478.75,False,3330.0,1889323.1,47305.85,0.1211861600602047,5733.51781542345,2,,нет данных,0.328164895669023,0.13452972248779665,0.4177219611236504,0.06831831831831832,0.2765765765765766,0.0,0.21756756756756757,0.3899399399399399,0.04759759759759763,10.071598077249101,0.42911001127309734,False
1757,12933.0,False,1072.0,561072.35,43676.15,0.08288352279733913,3617.6825507885296,2,,нет данных,0.3115223401642129,0.12745655782940785,0.2560579849196301,0.22621268656716417,0.03451492537313433,0.0,0.11753731343283583,0.4603544776119403,0.16138059701492535,9.749665452601084,0.19549028700727994,False
1758,66297.25,False,7579.0,4930719.65,54149.5,0.114316864005111,6197.108480061632,2,,нет данных,0.2246460692263513,0.20145004808877168,10.652611514340366,0.1132735189338963,0.11690196595856973,0.05693363240533052,0.2828869243963584,0.42591370893257685,0.004090249373268184,8.674805867981878,0.4754636147981491,False
1759,44280.25,False,7104.5,3761080.5,44145.75,0.16044085950462728,7081.358711493547,2,,нет данных,0.29069485079120166,0.15081336244658505,-0.8809473968001972,0.11816454359912731,0.2208459427123654,0.0,0.20782602575832218,0.448659300443381,0.004504187486804145,12.215201026110758,0.3997912783123136,False
1760,13512.75,False,1049.5,451151.85,35840.1,0.07767052168006836,2784.3845935129266,2,,нет данных,0.3221170949795614,0.13083670643443218,-6.310767761079953,0.0,0.0,0.0,0.16626965221534065,0.5059552167698904,0.32777513101476896,10.555885017548215,0.504395668374476,False
1761,10829.5,False,1092.0,605902.8500000001,45959.4,0.10088726820649117,4668.927681543676,2,,нет данных,0.25751083843432077,0.16286531238961366,-2.7017108530758,0.0,0.0,0.0,0.17124542124542125,0.4913003663003663,0.3374542124542125,13.155216906147155,0.34624581267201027,False
1762,12648.0,False,1402.0,760702.05,45208.45,0.11085960520487803,5015.995139163585,2,,нет данных,0.3114397069709031,0.13679317475732955,-2.7278858322488975,0.1979315263908702,0.06134094151212553,0.0,0.17724679029957205,0.3448644793152639,0.21861626248216837,8.006300580201133,0.8751854028793684,False
1763,14327.75,False,1210.0,540070.75,37209.649999999994,0.08445279958446947,3143.0184413726556,2,,нет данных,0.31803501650779376,0.13870764506729577,-0.8828433269659525,0.025206611570247933,0.0,0.0,0.20867768595041322,0.5020661157024794,0.2640495867768595,10.7242690600486,0.5617863314500179,False
1764,187264.75,False,51006.5,36133832.6,59041.85,0.27238141007155486,16086.790346871285,2,1.0,наблюдается,0.24788437316625558,0.1716655031061478,-8.955614364500475,0.006234499524570398,0.21263956554556773,0.016223422504974855,0.32914432474292493,0.4288963171360513,0.006861870545910698,10.635427224213181,0.2177940745697229,False
1765,85382.0,False,28057.5,18727389.0,55558.7,0.32862738709846306,18288.375834067756,2,1.0,наблюдается,0.2697659405368969,0.16550431915740094,1.8781126088638687,0.0,0.4911520983694199,0.001300899937628085,0.16541031809676557,0.26351242983159584,0.07862425376459059,8.91247262962424,0.33980582524271846,False
1766,9874.25,True,1988.5,1058288.4,44449.8,0.20134759065468733,8934.755487571969,2,0.4274007723351454,наблюдается,0.33807641221869356,0.134689298815183,-9.251626662864734,0.16343977872768417,0.15841086245914004,0.0060346995222529546,0.22957002765903947,0.3749057078199648,0.0676389238119186,9.837920956078497,0.5951672522890393,False
1767,18975.0,False,2017.5,1208353.65,50033.15,0.10630900045579539,5308.578782311088,2,0.0,структурный ноль,0.28867782794138613,0.1619617031493242,6.059816576206217,0.08574969021065676,0.04114002478314746,0.0,0.2889714993804213,0.5045848822800496,0.07955390334572487,4.933189218102594,0.9696639115109977,False
1768,8564.75,False,1231.0,597196.5,40501.2,0.14370632859516624,5815.855929389653,2,0.3802302779859574,наблюдается,0.3452225563833252,0.14673340559355152,-13.89883662651552,0.0,0.1478472786352559,0.0,0.17912266450040618,0.6320064987814785,0.0410235580828594,14.785607844706103,0.5634457200674879,False
1769,11443.0,False,2150.0,1229946.7999999998,47727.8,0.18787849764621384,8962.46980410116,2,0.574421415782438,наблюдается,0.32104710449914925,0.16881331731986654,-8.669012757970977,0.0,0.18302325581395348,0.0,0.18232558139534882,0.3967441860465116,0.23790697674418604,10.574965622715375,0.9337121212121212,False
1770,10584.25,True,3091.5,2130158.2,57446.45,0.29208340135946753,16776.362971841143,2,0.7237628240481276,наблюдается,0.29892797769062923,0.16233334295416912,-0.8002636162500588,0.0,0.39835031538088306,0.0,0.35775513504771145,0.21462073427138928,0.02927381530001627,10.723696595277978,0.11615515771526001,False
1771,6204.5,False,930.0,399541.15,35840.5,0.149897231712545,5372.27399366494,2,0.542143780828377,наблюдается,0.3334880876650109,0.13840812045367995,-2.8017664119014074,0.0,0.057526881720430106,0.0,0.08978494623655914,0.7129032258064516,0.13978494623655913,11.42529456085426,0.7192857142857143,False
1772,7366.0,False,752.5,380580.75,42181.75,0.10215443241605687,4308.429224567452,2,0.3796486185603462,наблюдается,0.32180294882180516,0.15009036134779113,-5.952891396417846,0.02857142857142857,0.11694352159468438,0.0,0.12956810631229235,0.6059800664451828,0.11893687707641187,10.725991566898935,0.7966101694915254,False
1773,7509.25,False,936.5,427443.1,38017.5,0.12472516648827489,4746.975631303743,2,0.45623296001670854,наблюдается,0.3456500779989629,0.14850500167530678,0.27716279195221916,0.0,0.08328884143085959,0.0,0.17084890549919915,0.6636412172984517,0.08222103577148954,12.631282668118452,0.6884258398074188,False
1774,20437.25,False,3540.0,1823082.7,42885.3,0.1732394462816768,7445.148155926994,2,0.6490620108464998,наблюдается,0.35143582850189986,0.13494015644992252,-7.075703379241481,0.0,0.057768361581920905,0.0,0.16059322033898304,0.40268361581920903,0.378954802259887,11.004978347810667,0.45205999511883627,False
1775,7676.25,False,924.5,399024.15,36047.45,0.12042027705777836,4333.718784570958,2,0.408434088240951,наблюдается,0.3541956382117226,0.13492765662442394,1.2353370841690656,0.0,0.08707409410492158,0.0,0.1752298539751217,0.5267712276906436,0.21092482422931313,12.198239263499179,0.5182894736842105,False
1776,11431.5,False,1917.0,1114060.7,48449.95,0.167704429555885,8128.316271710259,2,0.5825419806543105,наблюдается,0.3129151504252481,0.16754209889448946,-5.595035185346396,0.13849765258215962,0.09285341679707877,0.0,0.30412102243088157,0.3982785602503912,0.06624934793948889,8.507700232480694,0.6943421052631579,False
1777,14723.0,False,2401.5,1156814.8,40163.75,0.16311464292103223,6552.389274036172,2,0.6354993501966166,наблюдается,0.33613497691361816,0.16482887597075263,-9.065618381509747,0.0,0.11971684363939204,0.0,0.17905475744326463,0.6402248594628357,0.06100353945450765,21.872920245131557,0.1553398058252427,False
1778,26605.5,False,4273.5,2177199.85,42628.2,0.16059807961315692,6820.122502180417,2,0.780257818440513,наблюдается,0.29690928082232293,0.1490960770361392,6.370721820719976,0.03744003744003744,0.2203112203112203,0.0,0.17596817596817596,0.5118755118755118,0.0544050544050545,13.591645007029216,0.36234347112158205,False
1779,7200.75,False,851.0,420268.9,41194.2,0.11818125844907976,4868.334306577693,2,0.3823891284062831,наблюдается,0.3142318597599767,0.1530700411111066,-9.923926931212138,0.0,0.06345475910693302,0.0,0.0699177438307873,0.6133960047003525,0.2532314923619272,7.846741051874311,0.4166666666666667,False
1780,18207.0,False,2799.0,1615545.1,48711.59999999999,0.15352983816131943,7391.460659915081,2,0.5263106172634345,наблюдается,0.2985488553544309,0.16026477397919217,-9.399473554658384,0.0,0.04751697034655234,0.0017863522686673813,0.21400500178635226,0.5385852090032154,0.19810646659521258,11.395878814465275,0.4789624418559951,False
1781,6194.75,True,1058.0,630108.3,49237.25,0.17091586302195155,8493.282624295123,2,0.48833597522062794,наблюдается,0.37934512389302916,0.13789110271852933,-17.11484722282345,0.0,0.09735349716446125,0.0,0.19234404536862004,0.43100189035916825,0.2793005671077504,14.066856678896476,0.6085999503968254,False
1782,14742.5,True,3222.0,1631064.2000000002,42246.600000000006,0.21853275955086682,9223.822816672207,2,0.47090152897403587,наблюдается,0.3379873752856175,0.15722131553610474,-6.924157373226736,0.06734947237740534,0.1494413407821229,0.0,0.15083798882681565,0.5178460583488517,0.11452513966480438,12.549544528533255,0.4883406519877036,False
1783,44676.75,False,5520.0,3221639.4,48678.05,0.12358067697697087,6004.463796066926,2,0.0,структурный ноль,0.2243744543733589,0.19386520965223297,24.324108771341617,0.2453804347826087,0.1480072463768116,0.011322463768115942,0.13460144927536233,0.42182971014492754,0.038858695652173925,4.773188736833182,0.5872852578613961,False
1784,7186.25,False,933.5,454355.1,40571.95,0.1299204490565052,5274.610767432363,2,0.5360450326376037,наблюдается,0.36398187479036564,0.1275584991845064,-10.927216160485829,0.0,0.07177289769683985,0.0,0.323513658275308,0.5313336904124264,0.0733797536154257,17.309155483494646,0.5206023651145603,False
1785,7099.0,False,1799.5,961028.15,44553.05,0.2534858508730712,11293.66029985042,2,0.5919138963561986,наблюдается,0.3556109786756847,0.16971644065725164,-2.4769864574356593,0.0,0.047513198110586276,0.0,0.3136982495137538,0.4045568213392609,0.23423173103639905,22.619517224323538,0.359864925540672,False
1786,9503.5,False,1536.0,886710.2,48232.8,0.1615674792930117,7775.203654537334,2,0.5572500026641437,наблюдается,0.27353197130438067,0.18625230714053434,1.2634074752742868,0.0,0.060872395833333336,0.0006510416666666666,0.15397135416666666,0.7093098958333334,0.0751953125,12.614534340568444,0.4638863045953027,False
1787,18337.0,False,2976.5,1709226.6,47883.65,0.16232175837673027,7772.350369373164,2,0.6398631395180118,наблюдается,0.2755876269931843,0.13674370813805992,-6.668667456959568,0.005543423483957669,0.05946581555518226,0.0,0.24676633630102468,0.6386695783638502,0.04955484629598517,11.310437698522923,0.3398451637273717,False
1788,9469.0,False,1385.0,665492.6,40123.149999999994,0.14623953407672616,5861.418097629171,2,0.4814609134069372,наблюдается,0.33574322303126386,0.15073009136515092,-12.708029580591349,0.0,0.11227436823104693,0.0,0.16787003610108303,0.6137184115523465,0.10613718411552353,11.512690952747192,0.501039397158651,False
1789,4726.75,True,404.5,177679.34999999998,36638.55,0.08557558548606847,3132.7918640889943,2,0.55509090487123,наблюдается,0.3076833539827116,0.12389937177093115,3.0729784316208004,0.0,0.10259579728059333,0.0,0.15822002472187885,0.6402966625463535,0.09888751545117436,9.440476105221887,0.7288896516837693,False
1790,1140016.25,False,285264.0,272435440.35,79562.95000000001,0.2502274128318757,19911.653931065644,2,1.0,наблюдается,0.24512783396351917,0.16441185986555257,2.7419107072630764,0.002187447417129396,0.16003771944584666,0.02625112176790622,0.42979310393179654,0.38173411296202814,0.0,16.951598529419154,0.34877782408097274,False
1791,80347.75,False,16902.0,11533373.3,56754.25,0.210373562207086,11965.910484670783,2,1.0,наблюдается,0.2462700232996084,0.17541917006045699,-0.9452976136589426,0.0,0.4225239616613419,0.020530114779316058,0.2113655188735061,0.3243403147556502,0.02124008993018567,15.935511710551346,0.33941969901297897,False
1792,125218.75,False,19075.0,14167464.7,61956.25,0.15233302008104932,9428.744508803211,2,1.0,наблюдается,0.21846928569023494,0.19391259749258227,-5.603527921278653,0.0,0.1672083879423329,0.012608125819134994,0.5041939711664483,0.3133420707732634,0.002647444298820467,9.526401680682843,0.1335446446521298,False
1793,164100.25,False,34739.5,28526785.05,68413.35,0.21170279290701138,14491.939616550399,2,1.0,наблюдается,0.2601433661480649,0.16483902784190602,-5.5193433796104046,0.0036269952071849047,0.4622547820204666,0.043135335856877614,0.18543732638639013,0.28589933649016247,0.01964622403891836,8.697140402196698,0.26757037529562994,False
1794,58884.75,False,5882.0,3097550.55,44025.05,0.09986858244539251,4383.724032675355,2,1.0,наблюдается,0.30445445202861987,0.13615965557028925,2.9473949996044477,0.0,0.24047942876572595,0.0,0.16099965997959878,0.5437776266575994,0.05474328459707589,18.863366202492617,0.4172392056277413,False
1795,45728.25,False,4404.0,2146633.95,40686.149999999994,0.09630195681659515,3913.138601906282,2,1.0,наблюдается,0.27232044381602594,0.14756094154942442,2.2287184241647124,0.0,0.2826975476839237,0.0,0.13794277929155313,0.5113533151680291,0.06800635785649412,9.88917856328388,0.3099914456800684,False
1796,19344.5,False,4398.5,3013740.3,57129.6,0.22735349428251578,12983.080576259463,2,0.9548240961286476,наблюдается,0.26418189286142457,0.17001749300461466,-7.111166403052577,0.0,0.017051267477549165,0.0,0.09537342275775833,0.367852677048994,0.5197226327156985,8.862503964078092,0.6865451260329966,False
1797,83384.75,False,18801.0,13521893.4,59871.5,0.22549825679592095,13523.050125777118,2,1.0,наблюдается,0.26179031450882295,0.1580789177789546,-6.971620159515373,0.0,0.45048135737460776,0.009893090793042923,0.22509440987181534,0.3141056326791128,0.00042550928142115474,14.582045504359709,0.19493709545252433,False
1798,160725.0,False,34626.5,24140369.0,58151.85,0.21544034461325437,12515.915461502802,2,1.0,наблюдается,0.22818296002091706,0.16040511044793598,-2.8143397166222615,0.0,0.45280348865753106,0.001342902112543861,0.16924898560351176,0.37592595266631046,0.0006786709601028784,10.628378306804613,0.3012403512298746,False
1799,101353.0,False,11754.5,7292237.55,51705.3,0.11597520053071561,5996.230468006014,2,1.0,наблюдается,0.26861354290257056,0.14871625471994454,0.31004365043735793,0.0,0.2668339784763282,0.0,0.2910800119103322,0.43140924752222554,0.010676762091114012,8.22444583812826,0.32705383562287377,False
1800,241374.0,False,52493.0,39632886.8,62927.9,0.21747615031879358,13686.371885920667,2,1.0,наблюдается,0.26239145459158864,0.16809082268764347,3.7070503966452755,0.0,0.4326481626121578,0.00359095498447412,0.261453908140133,0.3022402987064942,6.667555674089165e-05,13.292230687093415,0.29225352112676056,False
1801,220801.0,False,31491.5,21429503.45,56697.2,0.14262701822483131,8090.822081149412,2,1.0,наблюдается,0.25919328818285603,0.15970208618327666,-2.914511310291701,0.0016353619230586032,0.4376419033707508,0.008351459917755585,0.14483273264214153,0.38864455487988825,0.018893987266405232,20.322943104509747,0.2769723338125718,False
1802,106657.75,False,7700.5,4479566.15,48487.25,0.07219819707514938,3500.5220656537094,2,0.0,структурный ноль,0.24663118421354335,0.17554423886695486,3.397782292177178,0.10369456528796832,0.09473410817479384,0.0013635478215700278,0.17044347769625348,0.6131420037659893,0.016622297253425122,6.590287256258902,0.4157433454852536,False
1803,124683.75,False,31404.0,27476467.1,72984.15,0.25189074902596476,18356.870701139,2,0.39190068920103727,наблюдается,0.21293979143305078,0.18660707245275207,10.391647750594899,0.012211820150299325,0.23167430900522226,0.043545408228251176,0.47721627818112344,0.2343013628837091,0.0010508215513947983,9.28590278680229,0.642657526965866,False
1804,32147.5,False,4235.5,3395837.45,65343.1,0.13181148623374309,8814.422568675378,2,0.0,структурный ноль,0.253231880570056,0.19486111947357165,0.8360754019147073,0.05265021839216149,0.02679730846417188,0.3155471609019006,0.0936135048990674,0.49533703222760006,0.016054775115098563,11.743535784978453,0.6296077884850716,False
1805,88176.0,False,14680.5,8884411.1,50435.2,0.16649909903196186,8402.427141030317,2,0.5242880128892479,наблюдается,0.2938293063864871,0.14315787044702827,-4.416719806835529,0.022308504478730288,0.35111201934539016,0.008344402438609039,0.12271380402574844,0.4100677769830728,0.08545349272844938,11.01149871835483,0.5006758329696771,False
1806,13149.5,False,1662.5,793001.7,39770.600000000006,0.12642955484768892,5027.229714277235,2,0.0,структурный ноль,0.26517292309835105,0.17225455859062877,-3.493342914825319,0.057443609022556394,0.04180451127819549,0.0,0.16,0.5924812030075188,0.14827067669172922,15.029652039730346,0.3939393939393939,False
1807,17439.0,False,1934.5,1005694.75,43396.8,0.11091730675769762,4807.89632615397,2,0.0,структурный ноль,0.3035067881490069,0.15159316734451256,-3.3861138937213067,0.10674592918066685,0.002843111915223572,0.012664771258723184,0.13259240113724477,0.6278108038252779,0.1173429826828638,11.37084301237049,0.5373256408807983,False
1808,25509.25,False,3194.5,1918524.85,50151.8,0.12521955126824116,6269.457013470339,2,0.0,структурный ноль,0.23007094548459844,0.17477160971221345,0.4213998507717959,0.41414931914227576,0.0,0.011269369228361246,0.08389419314446706,0.4474878697761778,0.04319924870871816,11.509304018924261,0.3480274503649345,False
1809,33897.5,False,2180.0,1133114.75,43316.7,0.06431153999197536,2785.7251792839033,2,0.0,структурный ноль,0.2349137735916827,0.19939573654970638,4.79038778322022,0.0,0.0,0.0,0.1341743119266055,0.7293577981651376,0.13646788990825698,5.992277141937664,0.6442150335209771,False
1810,20191.0,False,2184.5,1160978.25,44354.25,0.1081874142665841,4792.83407918552,2,0.0,структурный ноль,0.24392250920062883,0.19813882528625332,-2.4879202348067246,0.10780498970016023,0.046463721675440606,0.017166399633783476,0.10711833371480887,0.6617074845502403,0.0597390707255665,9.507174508936375,0.545341468132109,False
1811,29620.25,False,3535.5,1905838.9,45031.90000000001,0.11934423877825855,5363.259614840923,2,0.0,структурный ноль,0.26055573000636767,0.18878470498926175,-9.073306677061796,0.0,0.07735822373073116,0.0,0.1680101824352991,0.674869183990949,0.07976240984302074,12.679213427902582,0.6950354609929078,False
1812,15383.75,False,1503.5,740746.9,41102.45,0.09772865576593504,4013.4075378619928,2,0.0,структурный ноль,0.21677324439324935,0.1819289390368992,-1.260174307064436,0.0,0.0,0.0,0.10941137346192219,0.8067841702693714,0.08380445626870636,8.753630609776689,0.6493366396279018,False
1813,51692.25,False,8481.0,4969076.449999999,48833.3,0.16406943272390714,8014.125253592836,2,0.45455714457722757,наблюдается,0.25414761160416993,0.1876155256980744,-2.9378911642811896,0.20540030656762173,0.13547930668553237,0.0,0.20846598278504894,0.4378021459733522,0.012852257988444804,13.179939672032022,0.31228480120729135,False
1814,31913.5,False,4400.0,2415196.25,45814.350000000006,0.13786420383227183,6307.881866477972,2,0.0,структурный ноль,0.22924115670220688,0.2118394763718483,-4.206092425429998,0.18443181818181817,0.04409090909090909,0.033295454545454545,0.2134090909090909,0.5122727272727273,0.012499999999999956,11.861499904079313,0.44915982877799515,False
1815,28671.5,False,3968.5,2485181.05,52154.8,0.13841366928247034,7224.086030522998,2,0.0,структурный ноль,0.24636034426420683,0.18381428175529577,6.286401343767085,0.29255386166057706,0.06992566460879425,0.0,0.16983747007685523,0.41539624543278314,0.05228675822099027,9.927134783407299,0.7790000377629244,False
1816,40725.75,False,4726.0,2683415.1,47335.5,0.11604708950403092,5494.787122520081,2,0.1945832729789971,наблюдается,0.2935207012103914,0.15152538225541096,-7.7833448148084505,0.14071096064325012,0.03554803216250529,0.0,0.26036817604739737,0.4427634363097757,0.12060939483707145,8.824634964321339,0.1899697076218505,False
1817,19081.0,False,2745.5,1510665.65,45915.35,0.14387585691717705,6601.265986511085,2,0.0,структурный ноль,0.29541477497161783,0.14720361861741424,-9.168812033252534,0.17064287015115645,0.06155527226370424,0.0,0.06428701511564378,0.639956292114369,0.06355855035512659,13.473980007275665,0.49783082110356425,False
1818,30045.5,False,3778.5,1833297.45,40498.4,0.12575221398142278,5086.194515432691,2,0.5611138868368332,наблюдается,0.24281858048024862,0.18047639101295035,-4.386881491900787,0.0,0.059944422389837236,0.0,0.2061664681752018,0.671827444753209,0.062061664681752005,14.940746678598606,0.3416984973674094,False
1819,71321.0,False,13079.5,10091224.85,64344.350000000006,0.18338653632755061,11795.791244460243,2,0.5566299711407111,наблюдается,0.27332895961197995,0.15036852288385394,7.3145938277004925,0.25952826942925955,0.2143048281662143,0.08754157269008754,0.11303948927711303,0.3248595129783249,0.0007263274590005864,11.341620136685622,0.5213428489598326,False
1820,13007.0,False,1460.5,851930.95,48621.6,0.11228783483734321,5460.699559082523,2,0.0,структурный ноль,0.2685268635497975,0.1768389617588942,-5.096998597663777,0.0,0.0,0.0,0.09654228004108183,0.6956521739130435,0.20780554604587476,11.706390306177203,0.47142875631532716,False
1821,34187.5,False,3140.0,1518872.65,40371.6,0.09184051164747425,3703.4061423778485,2,0.0,структурный ноль,0.2242399225210366,0.21486100344432207,-2.437709781511231,0.13280254777070064,0.0,0.0,0.12420382165605096,0.6971337579617835,0.04585987261146496,10.772792906888487,0.4125166555180616,False
1822,46156.0,False,4847.0,2730595.75,47008.2,0.105014086772621,4930.014801204315,2,0.0,структурный ноль,0.24642575702898248,0.19142605116197814,49.59538756597827,0.15494120074272746,0.06952754280998556,0.06519496595832473,0.12616051165669487,0.5592118836393646,0.024963895192902763,10.43020122918108,0.597284234468449,False
1823,63322.25,False,11747.5,7285397.2,51716.8,0.18551646081596793,9589.994007995432,2,0.5411902040773576,наблюдается,0.24868517937914114,0.17087970659384305,-0.7477345081941654,0.13930623536922748,0.24541391785486275,0.02949563736965312,0.21391785486273676,0.37190891679080657,0.0,12.59799172904118,0.4647169736536156,False
1824,12419.75,False,1700.5,938628.25,45987.15000000001,0.13693540519776964,6302.3464287766055,2,0.0,структурный ноль,0.2904971416616463,0.149259244836704,-9.473866925245957,0.21875918847397824,0.0073507791825933545,0.0,0.12055277859453102,0.4939723610702734,0.15936489267862397,11.602623517460861,0.55020400682374,False
1825,35182.0,False,6692.0,3955756.95,49320.399999999994,0.19020288811483566,9372.685192954646,2,0.6784404530753462,наблюдается,0.25323588857814794,0.1794080523252184,0.5319437410083465,0.0885385534967125,0.29901374775851763,0.0,0.19418708906156604,0.38172444710101616,0.036536162582187726,9.987008614234634,0.7642086354816049,False
1826,54166.0,False,7726.5,5919802.949999999,63827.75,0.14266840752591547,9096.292199359807,2,0.0,структурный ноль,0.22222552058868772,0.18603350906037386,14.113748510330101,0.0896913220733838,0.1770529994175888,0.0,0.39565132983886625,0.3279622079855044,0.009642140684656741,14.279653326913023,0.46835396972383275,False
1827,89771.75,False,7917.0,4477283.9,47160.45,0.0881899509014987,4156.290311470423,2,0.0,структурный ноль,0.28151174633526416,0.1564584356262705,12.569669735867432,0.20279146141215107,0.04635594290766704,0.01522041177213591,0.13212075281040797,0.5642288745737022,0.03928255652393586,6.905555394373783,0.6586585052544507,False
1828,16501.0,False,1792.0,906207.8,42229.05,0.10858459300744686,4577.873881548063,2,0.0,структурный ноль,0.2778888401404651,0.1589967555036519,-1.9530888123083572,0.08844866071428571,0.04296875,0.018136160714285716,0.15652901785714285,0.6512276785714286,0.042689732142857095,11.860795658269911,0.34576677560976543,False
1829,72327.5,False,10465.5,7471447.15,59510.75,0.14469696317052916,8612.570001327611,2,0.16945557670841913,наблюдается,0.2333389227079118,0.16347039774973277,-1.4644581997188575,0.10654053795805266,0.18723424585542975,0.004968706702976447,0.29324924752759063,0.3650088385648082,0.04299842339114224,6.789648607305592,0.596760508180137,False
1830,32053.25,False,4197.0,2265208.6500000004,44998.65,0.1309384551817253,5891.954701946926,2,0.0,структурный ноль,0.27062561518842554,0.16523523298946,-4.531789981457129,0.09471050750536097,0.1734572313557303,0.0,0.1925184655706457,0.4930903025970932,0.0462234929711699,13.552375854104667,0.41338864344018683,False
1831,25591.0,False,3265.0,1915899.8,48945.2,0.12757890998279792,6242.60997615809,2,0.0,структурный ноль,0.2993049317518407,0.15502404031538683,-7.693559491661641,0.18958652373660032,0.033843797856049004,0.0,0.16952526799387443,0.5081163859111791,0.0989280245022971,10.975342187334478,0.14159768173271634,False
1832,33023.0,False,4170.0,2401111.0,48025.75,0.12627301487493453,6061.380680516595,2,0.5724048707079056,наблюдается,0.23066365893340934,0.1709361475386754,-1.0774209650793498,0.2146282973621103,0.13369304556354916,0.0,0.17086330935251798,0.4693045563549161,0.01151079136690647,10.330481629354574,0.7078246939949068,False
1833,16257.25,False,2126.0,1039888.05,40809.45,0.13076410509757835,5332.004256470849,2,0.0,структурный ноль,0.26000122042181906,0.1901436490285664,-4.627149389952193,0.11876763875823142,0.027986829727187208,0.0,0.09454374412041393,0.6698024459078081,0.08889934148635925,10.973924526942017,0.4141188762176104,False
1834,21915.75,False,2584.5,1550003.2000000002,49987.55,0.11792848208564005,5894.27818706987,2,0.0,структурный ноль,0.2660590812331729,0.16958088841452945,8.690453410405704,0.0,0.0,0.0,0.19733023795705165,0.6331979106210098,0.16947185142193855,11.97208960650626,0.5393064544060326,False
1835,102722.25,False,15990.0,9658650.75,50371.5,0.15566083887540072,7836.545805399865,2,0.5543579061590943,наблюдается,0.2525377544226704,0.179919071548769,1.035223852902044,0.05143839899937461,0.18802376485303315,0.00709818636647905,0.31885553470919326,0.43358348968105065,0.0010006253908693141,17.34234483221774,0.4340572439913277,False
1836,47146.0,False,7444.5,4321309.699999999,48343.2,0.15791224995838238,7642.430957881222,2,0.45240979937123765,наблюдается,0.2580525146100177,0.1909315382657233,0.9641644368486161,0.18228222177446438,0.2701323124454295,0.017193901538048225,0.15145409362616696,0.3598629860971187,0.01907448451877225,15.260747881820155,0.312568296126937,False
1837,5773.0,False,696.0,325457.75,39008.600000000006,0.12055827468297177,4700.800743614256,2,0.0,структурный ноль,0.2335322151604527,0.1819305669552187,-5.215094000535303,0.0,0.0,0.0,0.0668103448275862,0.8225574712643678,0.11063218390804597,8.994313253260785,1.0,False
1838,26375.75,False,3446.0,1831664.5499999998,44317.3,0.13064972430521463,5789.646379822467,2,0.0,структурный ноль,0.2838125645657096,0.1427067664472801,-1.5837994477306974,0.10577481137550783,0.03322692977365061,0.0,0.18615786419036565,0.6352292513058618,0.03961114335461402,11.364909314386752,0.838833446520176,False
1839,33488.75,False,3995.5,2259327.9,47226.95,0.11929164168698053,5624.973486793604,2,0.0,структурный ноль,0.27237662832970366,0.15564836394996462,-3.0408507690799857,0.054686522337629835,0.12902014766612438,0.009886121887123013,0.08972594168439495,0.5063196095607558,0.210361656863972,12.953720601951066,0.47047697649865017,False
1840,30814.25,False,3478.0,2043535.9500000002,49005.65,0.11286513337675771,5528.368699460969,2,0.3265306550982104,наблюдается,0.29678665652991454,0.14819976787860617,-0.9552211942175486,0.1532489936745256,0.07159286946520989,0.019695227142035653,0.15382403680276022,0.5214203565267395,0.08021851638872923,10.21527376257939,0.4303181312335948,False
1841,29188.5,False,4233.0,2839066.35,55846.649999999994,0.14503850005560692,8111.682153992236,2,0.0,структурный ноль,0.26383818151817384,0.1826299048530183,-4.228570323757432,0.2969525159461375,0.031537916371367825,0.0,0.20824474368060478,0.42570281124497994,0.03756201275691007,11.514276354622984,0.4988223311148444,False
1842,34565.75,False,5558.0,3975599.8499999996,59690.450000000004,0.16079237746284872,9590.396768679302,2,0.42424454578950893,наблюдается,0.25955858153273303,0.1940507515981822,2.7969966397294947,0.09913637999280317,0.33537243612810363,0.0,0.12495501979129184,0.39555595537963295,0.044980208708168434,10.21257302224612,0.6443661971830986,False
1843,29692.5,False,3825.5,2229333.8499999996,48626.600000000006,0.12882735996222508,6259.861995974545,2,0.0,структурный ноль,0.28972272387377795,0.15551376918065418,1.4411666312329094,0.16533786433145994,0.025356162593125082,0.013462292510782905,0.20703176055417594,0.5701215527382042,0.01869036727225193,10.772651543221047,0.5501331706240807,False
1844,24497.75,False,3683.0,1913326.3,43328.7,0.15033498943969698,6510.5067378495505,2,0.0,структурный ноль,0.278045582871429,0.17380530919058917,-1.5060846154582046,0.01982079826228618,0.0795547108335596,0.0,0.31971219114852023,0.5510453434699973,0.029866956285636626,16.445007488698113,0.36215648156172203,False
1845,520509.0,True,148433.0,113269120.7,63591.799999999996,0.28516894040256746,18134.351935637358,1,1.0,наблюдается,0.28077056133087924,0.16023990688126788,-0.37221944913430344,0.0059622860145654944,0.3480358141383655,0.018722251790370067,0.27631321875863185,0.35095295520537884,1.3474092688259276e-05,8.681886384289225,0.3234344581440623,False
1846,27537.0,True,6630.0,3571241.0,44889.1,0.24076696807931147,10807.40155669342,1,1.0,наблюдается,0.2532619244455627,0.17041084073182128,-2.081314816808411,0.0,0.35158371040723985,0.0,0.14947209653092006,0.4855203619909502,0.013423831070889847,14.017503722264589,0.3509624315036686,False
1847,21220.0,True,6210.0,3555526.3,47711.1,0.29264844486333647,13962.952796104304,1,1.0,наблюдается,0.3083411875589067,0.15150801131008482,0.5622188905547226,0.0,0.22560386473429953,0.05780998389694042,0.22801932367149758,0.4748792270531401,0.013687600644122333,41.70593779453346,0.7115117891816921,False
1848,25424.0,True,4724.0,2325351.9,41017.1,0.18580868470736311,7621.905483008181,1,0.9594870988042794,наблюдается,0.2988563871168508,0.15532130076240858,-0.15530964861192,0.0,0.11727349703640982,0.0,0.1699830651989839,0.6458509737510584,0.06689246401354787,15.1431718061674,0.18791888182702426,False
1849,6511.0,True,841.0,433509.1,42973.6,0.12916602672400554,5548.419341626991,1,0.5132852096452157,наблюдается,0.3524804177545692,0.1391491322377515,-5.010628606134224,0.0,0.0,0.0,0.3412604042806183,0.47919143876337694,0.17954815695600468,9.983105513745969,0.565883190883191,False
1850,7831.0,True,1056.0,535908.0,42297.1,0.13484867832971523,5702.847656748819,1,0.0,структурный ноль,0.32230877282594816,0.15732345805133444,-19.196988707653702,0.3248106060606061,0.0,0.0,0.11553030303030302,0.4365530303030303,0.12310606060606055,10.088111352317712,0.6288265306122449,False
1851,7386.0,True,695.0,280459.7,33649.6,0.09409694015705389,3164.3164996840874,1,0.6811535337124289,наблюдается,0.3258868128892499,0.13593284592472243,-16.004267804747933,0.0,0.0,0.0,0.18129496402877698,0.6503597122302158,0.1683453237410072,8.800433252098564,0.4186046511627907,False
1852,27244.0,True,5061.0,3137571.3,51666.2,0.1857656731757451,9597.132396123918,1,0.24170459550726767,наблюдается,0.3211716341212744,0.14726178241080604,2.846351743390443,0.11993677138905355,0.20470262793914246,0.0,0.23177237700059278,0.351906737798854,0.09168148587235714,8.442225811187784,0.7415730337078652,False
1853,20955.0,True,3066.0,1598954.2,43462.4,0.14631352899069436,6358.682096556112,1,0.4743975184920067,наблюдается,0.3355285134812694,0.14053925077547125,-3.778932451582428,0.020221787345075015,0.010110893672537508,0.0,0.1797129810828441,0.5978473581213307,0.19210697977821267,15.986638033882127,0.3675690882728473,False
1854,21903.0,True,2455.0,1285469.2,43636.5,0.11208510249737479,4890.765344168987,1,0.46039355339451216,наблюдается,0.28904716248915674,0.16956581290234216,-5.749988681124644,0.2224032586558045,0.0,0.0,0.15274949083503056,0.40610997963340123,0.21873727087576378,7.487558781902022,0.3873440285204991,False
1855,10730.0,True,1322.0,618109.7,38962.2,0.12320596458527493,4800.479186082634,1,0.4940354147250699,наблюдается,0.29450139794967384,0.17371854613233922,-12.710693561757392,0.0,0.0,0.0,0.16792738275340394,0.518910741301059,0.3131618759455371,9.785647716682199,0.47368421052631576,False
1856,31518.0,True,4279.0,2602361.3,50677.0,0.1357636905895044,6880.621919749561,1,0.5062186686972524,наблюдается,0.2833618884446983,0.15403896186306237,5.820114188109886,0.0,0.3648048609488198,0.0,0.15704603879411078,0.4484692685206824,0.029679831736387108,10.755758614125261,0.4879349000758101,False
1857,10529.0,True,2024.0,1063683.8,43784.0,0.19223098109981954,8418.683319086967,1,0.3423876911387596,наблюдается,0.24959635293000285,0.18235349985753632,-5.377104853544645,0.4090909090909091,0.011857707509881422,0.0,0.16057312252964426,0.34881422924901184,0.06966403162055335,12.916706239908823,0.40425531914893614,False
1858,4629.0,True,780.0,427259.2,45638.6,0.16850291639662995,7691.7116727875,1,0.41196802765176066,наблюдается,0.3445668610931087,0.11903218837761935,6.6516468190108355,0.0,0.0,0.0,0.1076923076923077,0.3217948717948718,0.5705128205128205,9.289263339814214,0.46875,False
1859,30144.0,True,5228.0,2912304.1,46419.3,0.17343418259023355,8051.088386854211,1,0.7135416666666666,наблюдается,0.28134952229299365,0.17373274946921444,5.363084104414613,0.04992348890589136,0.3886763580719204,0.0,0.16775057383320582,0.3047054322876817,0.08894414690130059,11.511411889596602,0.32993503843275973,False
1860,6884.0,True,830.0,582975.2,58497.1,0.12056943637420105,7057.127638969591,1,0.0,структурный ноль,0.2732423009877978,0.1705403834979663,-7.489018506516887,0.0,0.0,0.0,0.12891566265060242,0.37710843373493974,0.49397590361445787,8.570598489250436,0.6976744186046512,False
1861,38973.0,True,8620.0,6860340.8,66319.4,0.2211787647858774,14669.003327089693,1,0.5439663356682831,наблюдается,0.2622328278551818,0.15256716188130243,8.049734025507915,0.11473317865429235,0.0,0.043271461716937354,0.5461716937354988,0.28074245939675174,0.015081206496519783,7.107484668873323,0.6755134006265229,False
1862,27032.0,True,4814.0,2360731.3,40863.6,0.17808523231725362,7277.582433165631,1,0.747151524119562,наблюдается,0.25318141461971,0.17545871559633028,-5.104195354815019,0.09140008309098463,0.26651433319484835,0.0,0.16784378894889904,0.44432904029912756,0.02991275446614039,13.058597218111867,0.34051724137931033,False
1863,62396.0,True,10641.0,7353693.4,57592.0,0.17053977819090968,9821.267121824048,1,0.0,структурный ноль,0.29301557792166166,0.15363164305404192,20.08096904788787,0.2026125364157504,0.20571374870782821,0.050277229583685745,0.2109764119913542,0.2694295648905178,0.06099050841086373,6.3786140137188285,0.7929648826509813,False
1864,9059.0,True,1512.0,788199.5,43440.8,0.16690583949663318,7250.611730507414,1,0.32939618059388454,наблюдается,0.32851308091400816,0.13180262722154762,-5.898738325413731,0.0,0.0,0.0,0.0496031746031746,0.21494708994708994,0.7354497354497355,9.162159178717298,0.4296875,False
1865,14601.0,True,2441.0,1296303.3,44262.9,0.16718033011437572,7398.484692829258,1,0.3357304294226423,наблюдается,0.3167591260872543,0.14807204985959865,-7.921730593452723,0.2351495288816059,0.0,0.0,0.17124129455141335,0.3814010651372388,0.21220811142974194,12.60187658379563,0.5424307162779657,False
1866,15524.0,True,1253.0,488265.9,32463.8,0.08071373357382118,2621.0271192991495,1,0.0,структурный ноль,0.3158335480546251,0.13965472816284463,-4.084628394549575,0.0,0.0,0.0,0.047885075818036714,0.461292897047087,0.4908220271348763,6.183973202782788,1.0,False
1867,26747.0,True,3390.0,2153393.9,52936.0,0.12674318615171795,6709.144639274186,1,0.13792200994504056,наблюдается,0.2512805174412084,0.17545892997345497,3.352829415490072,0.06814159292035399,0.4259587020648968,0.0,0.16755162241887905,0.3064896755162242,0.031858407079646045,4.112610760085243,0.8028169014084507,False
1868,24474.0,True,3193.0,1570958.8,41006.0,0.13046498324752798,5349.073847075808,1,0.23310451908147423,наблюдается,0.3401160415134428,0.14713573588297785,11.71404665210914,0.048230504227998745,0.19198246163482618,0.0,0.13247729408080175,0.5790792358283746,0.04823050422799868,13.728855111546949,0.5983193277310924,False
1869,15692.0,True,2888.0,1652118.8,47671.40000000001,0.18404282436910527,8773.678732262724,1,0.31449146061687483,наблюдается,0.2524216161101198,0.19213612031608462,3.9406362220739193,0.3331024930747922,0.0,0.0,0.09522160664819945,0.3414127423822715,0.23026315789473684,9.049197043079277,0.5748709122203097,False
1870,8264.0,True,864.0,384674.7,37109.8,0.10454985479186835,3879.020450145208,1,0.4669651500484027,наблюдается,0.3115924491771539,0.15488867376573087,-9.930605407992344,0.0,0.0,0.0,0.09490740740740741,0.5324074074074074,0.3726851851851851,14.399806389157792,0.5354081632653062,False
1871,6742.0,True,844.0,407799.1,40250.2,0.1251854049243548,5040.530752496787,1,0.38045090477603083,наблюдается,0.29768614654405223,0.1352714328092554,-9.966290488055108,0.0,0.0,0.0,0.2334123222748815,0.33175355450236965,0.43483412322274884,6.377929397804806,0.6770833333333333,False
1872,20503.0,True,3348.0,1689031.5,42046.3,0.16329317660830123,6864.977076525386,1,0.28244647124811,наблюдается,0.32941520753060527,0.1304199385455787,-2.270641093772646,0.20041816009557945,0.0,0.0,0.14635603345280765,0.6167861409796893,0.036439665471923566,12.583524362288447,0.4341692298035277,False
1873,34695.0,True,5239.0,2716689.3,43213.8,0.1510015852428304,6525.1700533218045,1,0.6112408127972331,наблюдается,0.329038766392852,0.14172070903588413,3.067396726199008,0.015651841954571484,0.2196984157281924,0.0,0.2210345485779729,0.5210918114143921,0.022523382324871166,11.730796944804727,0.4680187738073644,False
1874,1159033.5,False,330540.5,298507242.7,75236.2,0.2851894966453221,21466.12775389452,2,0.9999223246985194,наблюдается,0.25448357804778643,0.17339951982538881,0.3718415868529983,0.022193952027058712,0.23933678323836263,0.02009889862210531,0.4078940402159493,0.3104748132225854,1.512673938552922e-06,6.748363895882544,0.2377272755687815,False
1875,52221.0,False,10863.0,7581183.699999999,58202.850000000006,0.20801867423825626,12106.360494473469,2,0.9312282888721778,наблюдается,0.28622705968472506,0.2004362136346137,-6.718247557801868,0.0,0.4708644020988677,0.014452729448586946,0.14310043266132744,0.30488815244407624,0.06669428334714156,9.219077228273406,0.5974741379916594,False
1876,57723.0,True,10759.5,7320348.45,56750.7,0.18639877031573504,10568.243524019095,2,1.0,наблюдается,0.20716296002993762,0.20586416563617552,-0.3596266228068302,0.00771411310934523,0.07416701519587342,0.06961290022770575,0.47925089455829734,0.3358427436219155,0.03341233328686277,11.544365092971344,0.49108198929558106,False
1877,98564.25,False,27117.5,21231665.9,65370.9,0.2751068892732611,17954.663174726797,2,0.9790571577834289,наблюдается,0.2498155817005757,0.18624256470604678,0.2155484463722899,0.0,0.36290218493592696,0.12965796994560708,0.24788420761500876,0.23130819581451093,0.02824744168894633,9.273908059043757,0.20662966075038955,False
1878,19962.75,True,4368.5,3080692.1500000004,58740.05,0.2188409539724731,12864.393142938367,2,1.0,наблюдается,0.32109244870965237,0.14269883758540358,-5.256626386292005,0.0,0.024379077486551447,0.0,0.5690740528785624,0.29712716035252373,0.10941970928236244,10.031422559543914,0.30494004649711864,False
1879,46548.75,True,12983.0,10968100.75,70390.95,0.27891297779277596,19638.13413033863,2,1.0,наблюдается,0.25499862666210926,0.1661713976304871,1.280988230115042,0.3491103751059077,0.24601401833166447,0.0,0.18404837094662252,0.21897866440730185,0.0018485712085034578,12.734386097970011,0.20733653950984815,False
1880,27673.25,False,5414.5,3363457.0999999996,51804.09999999999,0.19565384548247067,10131.697371852064,2,0.9628226489165951,наблюдается,0.23839158166055588,0.21420828711952664,-2.5231186468436944,0.10139440391541232,0.09400683350263182,0.0,0.3094468556653431,0.4805614553513713,0.014590451565241525,11.513961650750502,0.15750946228477178,False
1881,162284.75,False,39517.5,28676291.25,60468.7,0.2435158599734584,14734.147388333098,2,0.9953407875958736,наблюдается,0.25047322565124097,0.17587250494481013,-2.3514258066419993,0.0,0.37275890428291264,0.03135319795027519,0.20204972480546593,0.346618586702094,0.047219586259252266,10.672635676745395,0.06047653349657044,False
1882,669624.5,True,146200.0,125655401.2,71588.85,0.21833463876823153,15642.927166680896,2,1.0,наблюдается,0.25958228955130963,0.17325496939062893,-4.551213712064215,0.0,0.459233926128591,0.017178522571819427,0.2454343365253078,0.2668502051983584,0.01130300957592345,13.362884476760195,0.09923465738973601,False
1883,68761.25,False,14023.0,9730102.2,57492.45,0.20397137986499933,11799.377499246777,2,0.9998738867228463,наблюдается,0.26852295671983495,0.15416405591237384,1.2226770190848981,0.0,0.44755045282749767,0.00424302930899237,0.2225629323254653,0.31006204093275336,0.015581544605291264,9.23496428120383,0.5806451612903226,False
1884,10507.25,False,1443.5,804217.15,46397.899999999994,0.13739141126547513,6382.3872601579515,2,0.0,структурный ноль,0.30004379723914876,0.16559312433701412,-5.240416290229429,0.0,0.0401801177693107,0.0,0.24211984759265673,0.5923103567717354,0.12538967786629718,10.849333524593103,0.8485407066052227,False
1885,35921.25,False,7394.5,4808217.25,54216.75,0.205854736623623,11161.787375396576,2,0.6274774676651044,наблюдается,0.28247435351793654,0.16734210463912375,-9.84994036311039,0.13631753330177834,0.2246264115220772,0.018527283792007573,0.25951720873622286,0.3303130705253905,0.030698492122523513,9.573794216909754,0.630680095526248,False
1886,13023.75,False,2252.5,1331942.55,49375.899999999994,0.17294426066521332,8524.766391464707,2,0.0,структурный ноль,0.31049296206389787,0.17535838083071037,3.9266864764035674,0.0,0.02397336293007769,0.0,0.13451720310765816,0.47480577136514984,0.3667036625971143,9.771427782337101,0.6389824587314391,False
1887,17861.25,False,2688.5,1558176.85,48259.55,0.1505305785946795,7273.304248181132,2,0.0,структурный ноль,0.2765719732075823,0.1655792158825209,-3.017114443905188,0.18207178724195647,0.05467732936581737,0.0,0.20736470150641623,0.49321182815696485,0.06267435372884511,12.72303542762859,0.3519072938236637,False
1888,17068.75,False,2990.5,1743040.1,48458.350000000006,0.17526518028881594,8517.948083355694,2,0.0,структурный ноль,0.263532950424727,0.17784354173106887,-9.698962239537448,0.11720448085604414,0.13358970071894333,0.0,0.3081424510951346,0.40645377027252966,0.03460959705734834,12.01578951604101,0.3850740706206286,False
1889,22167.0,False,2415.5,1277976.65,44164.8,0.10895983456223268,4807.063315974219,2,0.0,структурный ноль,0.28180167153622737,0.16514360165054986,-6.635148591303095,0.0,0.07803767335955289,0.0,0.212792382529497,0.667356654936866,0.04181328917408411,10.500697134130764,0.4965188457603198,False
1890,130205.75,False,23273.5,19564790.8,69977.25,0.17874519311104206,12507.427630158854,2,0.3595123909666904,наблюдается,0.1947352863440689,0.1838041778332808,24.673294366338457,0.004189314026682708,0.25922186177412077,0.04786559821255935,0.3949771199003158,0.2704793004919758,0.023266805594345463,6.190254936609985,0.6919036742234964,False
1891,9141.0,False,1094.0,594634.55,45375.149999999994,0.11965762623417375,5422.518605898587,2,0.0,структурный ноль,0.29806211422248446,0.1608535836372197,-11.358834292278301,0.037477148080438755,0.02102376599634369,0.0,0.10786106032906764,0.7367458866544789,0.09689213893967097,7.673770809074515,0.45849918914934396,False
1892,12287.5,False,1618.5,810854.2,41857.5,0.131705455237906,5501.321944451343,2,0.0,структурный ноль,0.26776454898967944,0.15015106126439065,-2.235961978524908,0.0,0.05344454742045104,0.0,0.15477293790546803,0.6410256410256411,0.15075687364843982,10.77305995048972,0.708127225105838,False
1893,10414.0,False,1273.0,701739.15,45982.7,0.12221990750585185,5615.998991048207,2,0.0,структурный ноль,0.2873163885378076,0.16758827719484326,-3.0698373430582353,0.0,0.06598586017282011,0.0,0.17517674783974863,0.6563236449332286,0.10251374705420269,10.416675503612796,0.6830324734249417,False
1894,30342.25,False,4258.5,3536314.05,67731.6,0.1404027070020497,9719.738733816128,2,0.0,структурный ноль,0.282876391182933,0.16033424582215006,-1.31001490417664,0.16578607490900552,0.32769754608430196,0.0,0.22190912293060938,0.25842432781495833,0.026182928261124783,6.706887687069438,0.5156648489095814,False
1895,40600.75,False,6236.5,3879102.55,51873.149999999994,0.1536011920571254,7964.636273653099,2,0.0,структурный ноль,0.27690166951363426,0.17532490530194905,-8.162131714852482,0.15192816483604585,0.08418183275875891,0.0,0.24340575643389722,0.4717389561452738,0.04874528982602422,8.226590102155175,0.6464867620915133,False
1896,13992.5,False,2153.5,1274314.25,49156.8,0.15394323169257088,7596.101345010133,2,0.0,структурный ноль,0.28151643592309017,0.13865844311667208,-7.94840394572535,0.1316461574181565,0.062456466217785,0.0,0.1845832365915951,0.5335500348270258,0.08776410494543763,10.801216326058729,0.4191628264208909,False
1897,20740.0,False,3157.5,1875382.15,49698.25,0.1522084241705174,7537.892251554103,2,0.0,структурный ноль,0.26685796449038746,0.17267134317332755,-5.603264139050904,0.16785431512272367,0.1817893903404592,0.0,0.13222486144101345,0.4430720506730008,0.07505938242280286,8.93240679405596,0.561738386990251,False
1898,15808.25,False,2377.5,1437734.05,50531.25,0.1503726658070375,7581.3900651052445,2,0.0,структурный ноль,0.2787393923081023,0.18149456798236407,-8.894289621722576,0.11251314405888538,0.05026288117770768,0.0,0.25404837013669823,0.526813880126183,0.05636172450052568,8.950404337856677,0.3236205517792883,False
1899,56298.75,False,9168.5,6791071.1,61724.600000000006,0.16285446851111668,10052.581572653104,2,0.44481500240077104,наблюдается,0.2615779629455614,0.1741570814306992,0.1696309128132159,0.05224409663521841,0.14435294759229972,0.11414080820199596,0.2922506407809347,0.3920488629546818,0.00496264383486944,9.942523486271797,0.5358502650680252,False
1900,31932.75,False,6509.0,3983036.5,51002.15,0.20383508736804612,10396.693632404282,2,0.5580900888532532,наблюдается,0.27928265265573937,0.15093038021813632,1.6116194401407198,0.158165616838224,0.2687816868950684,0.0,0.22369027500384084,0.3171762175449378,0.03218620371792902,9.257528631655079,0.38095117998328093,False
1901,14494.0,False,2596.0,1671524.9,53494.2,0.17913933448089542,9614.910651696173,2,0.0,структурный ноль,0.3021531852490077,0.16345644733347953,2.3389505101060917,0.05373651771956857,0.04275808936825886,0.0,0.19375963020030817,0.5063559322033898,0.2033898305084746,15.09289486918756,0.4393587339257845,False
1902,25641.0,False,2023.0,1084348.85,44772.5,0.07888807747539868,3525.821482092697,2,0.0,структурный ноль,0.3085574117890896,0.14760585631545298,-4.857235211194977,0.01606524962926347,0.024715768660405337,0.0,0.047207118141374196,0.5519031141868512,0.3601087493821058,4.922802762581443,0.8005309794372295,False
1903,21578.5,False,3082.0,1692842.5,45807.05,0.14282518873930716,6539.68484811827,2,0.0,структурный ноль,0.2726537442282048,0.17074994260081405,-1.6821669807787254,0.17115509409474366,0.09231018818948734,0.0,0.14016872160934457,0.5905256327060351,0.005840363400389403,8.909195604645616,0.6904170062618046,False
1904,43621.0,False,9844.5,7661450.75,64790.45,0.22569653973868845,14643.9002502919,2,0.2999563677908295,наблюдается,0.25781264332583237,0.1735344546184441,-3.508557602948422,0.3582711158514907,0.07389913149474325,0.0,0.18650007618467165,0.3790949261008685,0.0022347503682259573,9.227361487244474,0.44912429011116745,False
1905,87813.5,False,10035.5,7594636.050000001,63194.0,0.11435975996021569,7204.378798443776,2,0.0,структурный ноль,0.2528054312184027,0.17648073705867462,36.234098725472506,0.07672761695979273,0.14503512530516666,0.10293458223307259,0.3614169697573614,0.30222709381694984,0.011658611927656715,5.666434756988475,0.6088844394292803,False
1906,23274.75,False,3171.0,1977811.05,52041.2,0.1362354180877242,7086.198152816574,2,0.21599101244619565,наблюдается,0.3240347927078744,0.1564952362463767,-6.619440991077273,0.13733837906023336,0.0026805424156417534,0.005834121728161464,0.27136549984232106,0.45269631031220436,0.130085146641438,7.553958482593961,0.7029740856500566,False
1907,15801.0,False,2132.5,1234357.95,48244.45,0.13495943300466234,6511.518887153632,2,0.0,структурный ноль,0.2718880635138937,0.1621407870184985,-0.631182022233518,0.09706916764361079,0.03634232121922626,0.0,0.21430246189917937,0.5753810082063306,0.07690504103165297,7.507385558630998,0.4214540075040019,False
1908,14457.0,False,1998.0,1060407.0,44247.600000000006,0.1382051678379198,6116.283629463247,2,0.0,структурный ноль,0.3054966678657701,0.13936233918599966,-4.674060451155456,0.022772772772772773,0.04154154154154154,0.0,0.16416416416416416,0.5533033033033034,0.21821821821821819,8.36012592782076,0.7573963060032337,False
1909,12567.5,False,1998.0,1091990.35,45570.9,0.1589820045537894,7245.149240892632,2,0.0,структурный ноль,0.3139941898050108,0.1554942310967668,0.8546830853172738,0.033783783783783786,0.06806806806806807,0.0,0.16416416416416416,0.5900900900900901,0.14389389389389395,8.971711514400914,0.15267437304075235,False
1910,19242.75,False,3210.0,2097923.3,54566.4,0.1667637430562206,9084.277833304786,2,0.0,структурный ноль,0.3155422452090214,0.15293188013447234,3.503396990077735,0.037383177570093455,0.03489096573208723,0.21417445482866043,0.1378504672897196,0.5585669781931464,0.017133956386292892,7.7762034547414105,0.610469052808452,False
1912,4869.25,False,687.5,385857.6,46840.2,0.1411843782363832,6608.284956154703,2,1.0,наблюдается,0.3575358959429984,0.14240001894402304,-6.4922571947859575,0.0,0.01309090909090909,0.0,0.05672727272727273,0.7149090909090909,0.21527272727272728,9.037097011800377,0.6,False
1913,2320.25,False,821.0,471913.7,47705.200000000004,0.35395091622246433,16970.41310546272,2,0.0,структурный ноль,0.16421741488907243,0.1791727154724106,-4.5918360951472454,0.0,0.22838002436053592,0.0,0.0,0.1735688185140073,0.5980511571254568,3.069733032771126,0.975,False
1914,12999.25,False,1747.0,725549.7,34609.9,0.13493994515892327,4670.179199011316,1,0.0,структурный ноль,,,8.604263034618969,0.0,0.0,0.0,0.15569547796222094,0.522610188895249,0.32169433314253004,3.553083845054648,0.38541507512095746,True
1915,14288.25,False,1894.5,1093057.15,48111.8,0.13258772864529056,6377.183164145001,2,0.0,структурный ноль,0.2159337880584179,0.20518395881244564,-10.46237317064231,0.0,0.0,0.0,0.10979150171549222,0.5750857746107152,0.31512272367379257,11.347152471752292,0.7418819729888433,False
1916,19033.5,False,3000.5,1478869.3,41106.05,0.1576487381767802,6481.12869280239,2,0.5583874743971978,наблюдается,0.33473602928426394,0.13488689684019223,-8.897092315903635,0.16147308781869688,0.015330778203632729,0.0,0.24629228461923014,0.5377437093817697,0.03916013997667056,14.40371280072405,0.9078908595599569,False
1917,33501.5,False,5269.0,2809281.65,44460.4,0.15727423578767416,6991.217881781415,2,0.6483537160350322,наблюдается,0.29692479246838344,0.14282608839635869,-12.162566607840526,0.03435186942493832,0.07193015752514709,0.0,0.2875308407667489,0.5213513000569368,0.08483583222622892,9.872377397410368,0.2318638702729297,False
1918,25018.0,False,3644.0,1701373.1,38938.0,0.14565586462022218,5671.528230070811,2,0.42001744224680887,наблюдается,0.3005645791766005,0.15048182801064341,-11.858522772939313,0.026344676180021953,0.1263721185510428,0.0,0.12280461031833151,0.7006037321624589,0.02387486278814488,11.832885176266295,0.8528138528138528,False
1919,200286.25,False,42074.5,33565831.25,66472.35,0.21007468418862596,13969.983167327438,2,0.9072616508834853,наблюдается,0.27370167393000466,0.14191003769613741,2.0256024864617532,0.005145634529227917,0.4357627541622598,0.026251054676823253,0.20086988556013738,0.2991360562811204,0.03283461479043126,9.419220989401182,0.4327842056887045,False
1920,99820.75,False,15032.0,7985718.949999999,44290.95,0.15058860288337123,6668.669642532676,2,0.7589806439898451,наблюдается,0.29081211602336376,0.1419934631419126,2.1054262666204697,0.012672964342735498,0.08644890899414583,0.0,0.23303618946248003,0.5467003725385844,0.12114156466205428,7.260718660103897,0.453483742417452,False
1921,9836.0,False,1253.0,563148.2,37466.2,0.12738994926239527,4773.491718846339,2,0.0,структурный ноль,0.2863337456467649,0.16759891956220058,-5.356385044673957,0.1564245810055866,0.0,0.0,0.11372705506783719,0.6608140462889066,0.06903431763766954,10.828136384194824,0.6672260896705206,False
1922,80406.75,False,17351.0,9549152.350000001,45890.75,0.21578727865167485,9900.10881572491,2,0.7598908682069845,наблюдается,0.2954722251584483,0.13483233812292011,-4.9888029521462025,0.007463546769638637,0.21497320039190826,0.023082243098380497,0.1537951703071869,0.5665955852688606,0.03409025416402511,6.761756956232504,0.5827115057910961,False
1923,10857.5,False,1375.0,726534.45,44132.85,0.1266286223263742,5577.753588096277,2,0.0,структурный ноль,0.35384508932927466,0.12836249375053393,-6.870520618191606,0.015636363636363636,0.0,0.0,0.13127272727272726,0.42363636363636364,0.4294545454545454,11.834958572634743,1.0,False
1924,15695.75,False,2811.5,1248038.25,37000.75,0.17913535512794543,6630.03697972456,2,0.46071517465119355,наблюдается,0.3014319977056351,0.17107511134207465,-15.420569703548926,0.1826427174106349,0.06704606082162547,0.0,0.08109550062244354,0.5923884047661391,0.07682731637915707,11.316408105401976,0.5390435637490067,False
1925,9851.75,False,1552.5,849446.3,45640.600000000006,0.15758462640161924,7192.769549534175,2,0.44619689479499675,наблюдается,0.31900752056040804,0.1454411374557671,-12.284160876873385,0.25539452495974235,0.0,0.0,0.12689210950080515,0.548792270531401,0.06892109500805144,15.110479278893497,0.8371253541802514,False
1926,16288.5,False,2048.0,1105101.0,44982.35,0.12573340172566141,5656.417046259818,2,0.35028329117381424,наблюдается,0.282683404766332,0.15590505261665366,-5.071506285639089,0.104736328125,0.0,0.0,0.179931640625,0.40283203125,0.3125,10.124372564819954,0.6219311360950063,False
1927,30941.5,False,7695.0,4563014.35,49531.7,0.24864968524648204,12298.27317269217,2,0.556693137221353,наблюдается,0.31072937170846887,0.13608765622025648,-12.929296166331508,0.13118908382066277,0.21189083820662769,0.0,0.2692007797270955,0.35743989603638726,0.03027940220922687,12.395906586438793,0.4761227390192109,False
1928,12326.25,False,2262.0,1098839.25,40516.85,0.1835061356806062,7431.63702822563,2,0.0,структурный ноль,0.2745530796349963,0.18438222801329995,-7.571290516331663,0.28735632183908044,0.0,0.0,0.124447391688771,0.3779840848806366,0.210212201591512,13.749032717446191,0.8590676516982183,False
1929,26744.25,False,4261.5,2252713.65,44103.05,0.15933413476871822,7023.19248306187,2,0.5471020938483832,наблюдается,0.30688278117255674,0.13339097134393807,-8.365555862987943,0.23536313504634518,0.06840314443271149,0.0125542649301889,0.12284406898979233,0.49923735773788575,0.061598028863076415,15.92499985734977,0.7267015356228795,False
1930,40496.75,False,5779.5,2759112.85,39808.95,0.1427131059924528,5679.863795340436,2,0.5793839448482084,наблюдается,0.2739663508979673,0.1384554335223699,-1.0071229932514476,0.007440089973181071,0.11255298901289039,0.0,0.1472445713296998,0.6164893156847479,0.11627303399948086,9.111889211068819,0.7155161861719028,False
1931,30351.0,False,3903.5,2041243.7,43573.7,0.12861666246007436,5607.954231081758,2,0.4515595987443018,наблюдается,0.2434731581448457,0.1788423432535028,-8.067109008665499,0.03432816702958883,0.035737158959907776,0.0,0.19444088638401436,0.5997182016139362,0.1357755860125529,8.9445637448748,0.5274144180754373,False
1932,8790.75,False,1378.0,639148.95,38703.5,0.1567483730914095,6066.3923979117535,2,0.4645081068453792,наблюдается,0.35056099173952415,0.13819730114906947,-16.845378523038022,0.12264150943396226,0.018142235123367198,0.0,0.147677793904209,0.6389695210449927,0.07256894049346885,12.218378671478622,0.784741041854863,False
1933,17204.75,False,2577.5,1533469.0,49494.5,0.1497404827507598,7422.69160508554,2,0.3867399154089472,наблюдается,0.27745139149486797,0.1604746984250341,-4.193032388571275,0.07468477206595538,0.006401551891367604,0.0,0.08806983511154219,0.5367604267701261,0.2940834141610087,10.64441349052683,0.6262380952380953,False
1934,57345.5,False,8709.0,4627559.15,44248.600000000006,0.15187856301620747,6727.9351498144215,2,0.49521101975208265,наблюдается,0.2588874536100809,0.1689138054653509,-2.9184176741950405,0.15415087840165345,0.20346767711562752,0.0022390630382363073,0.12050752095533357,0.4948329314502239,0.024801929038925308,10.574756064155014,0.4999434126714276,False
1935,14811.5,False,1695.0,837303.3,41184.600000000006,0.1144358108133942,4712.290584404578,2,0.38497959591621234,наблюдается,0.28813317532491134,0.15911157983004953,-5.71776267203331,0.20442477876106194,0.0,0.0,0.11504424778761062,0.46932153392330384,0.21120943952802362,8.196063094281374,0.989739500265816,False
1936,26351.75,False,3044.5,1381615.85,37874.25,0.11551605512354218,4369.996010737319,2,0.5662491627612573,наблюдается,0.2368573548255761,0.1879147548363554,-7.535145925980134,0.021678436524880933,0.07587452783708326,0.006076531450156019,0.13614715059944163,0.6876334373460339,0.0725899162424043,12.225041168644195,0.36868635074027906,False
1937,14311.5,False,1964.5,870725.05,37038.35,0.1372338396606329,5072.749196465103,2,0.5179433459132472,наблюдается,0.25109315610254485,0.19779331538273187,-18.363801854413026,0.0,0.027233392720794097,0.0,0.10002545176889793,0.7645711376940697,0.10817001781623825,13.231658779160112,0.294421164190759,False
1938,10956.75,False,2075.0,1054235.7,42395.75,0.18936070199355684,8023.20732390083,2,0.0,структурный ноль,0.25235163514605385,0.2259029569771514,-15.576076205262138,0.2701204819277108,0.0,0.0,0.07253012048192771,0.4383132530120482,0.21903614457831333,15.527690871117235,0.6243476287724075,False
1939,36044.0,False,4365.0,2306215.55,44011.5,0.12111307079186404,5335.901296085839,2,0.708201319363738,наблюдается,0.3081147941528279,0.141019228312515,-2.31365405276935,0.007216494845360825,0.031958762886597936,0.0,0.2580756013745705,0.5435280641466208,0.15922107674684993,11.28467606833094,0.44630127738630065,False
1940,14497.0,False,1484.0,638013.55,35833.95,0.10236487587135613,3668.5573925734116,2,0.0,структурный ноль,0.2568297871741426,0.17083867168836664,-3.598658774843152,0.0,0.0,0.0,0.09198113207547169,0.7702156334231806,0.1378032345013478,9.164891187524324,0.6416882374107146,False
1941,54383.75,False,9207.0,4650593.550000001,42164.05,0.16928137820047842,7127.918655893924,2,0.7252911033812485,наблюдается,0.26815850848248324,0.16979039819836944,-3.0049790957484395,0.11784511784511785,0.19984794178342566,0.005267731074182687,0.20283479960899314,0.47181492342782666,0.002389486260454099,10.16881052266898,0.5186216660577275,False
1942,16313.75,False,1409.5,653883.05,38700.75,0.08639226542220986,3340.7755882312676,2,0.2704263424747374,наблюдается,0.22857653664015365,0.23487951238221194,-13.928101488791674,0.0,0.01312522170982618,0.0,0.153600567577155,0.7350124157502661,0.09826179496275267,8.354443948237142,0.5595396838033068,False
1943,12089.75,False,1194.0,530064.35,37013.35,0.0987596343977088,3655.222793874571,2,0.47106294815256144,наблюдается,0.33219828109170974,0.13393204211921036,-4.027117536729864,0.019262981574539362,0.02554438860971524,0.0,0.1474036850921273,0.46063651591289784,0.3471524288107203,9.926373257518303,0.5816326530612245,False
1944,50158.25,False,9137.0,5007944.1,45680.1,0.1821682460656067,8324.523242070696,2,0.7404670611403615,наблюдается,0.2939443874296216,0.13961090064192166,-0.5480522150664002,0.04180803327131444,0.11519098172266608,0.0,0.41616504323081976,0.38946043559155086,0.03737550618364882,11.915056587960143,0.5705574912891986,False
1945,15919.0,False,1893.0,820884.4,36131.4,0.11892382965043694,4299.723195353696,2,0.3998050351980929,наблюдается,0.3061514097566794,0.15477345901458078,-5.298684159102119,0.0,0.0,0.0,0.24088748019017434,0.7136819862651875,0.04543053354463811,11.723795567931562,0.47133881124887705,False
1946,23749.5,True,,,,,,0,0.709074181619339,наблюдается,,,,,,,,,,,,True
1947,24242.0,True,2721.5,1542208.9500000002,47221.25,0.11244946786568764,4928.5781563677365,1,0.7074498803729066,наблюдается,0.2773285245904904,0.1549844346250327,-6.713703125163806,0.0,0.13025904831894175,0.0,0.21862943229836487,0.5054198052544553,0.14569171412823811,10.529246761818332,0.6771173616400954,False
1948,26337.5,False,4693.0,2853584.9,50697.7,0.17864800947737444,9091.621389134867,2,0.27538903821482,наблюдается,0.27028636309030474,0.1572702935471727,-4.786950794285486,0.15587044534412955,0.05231195397400384,0.0,0.38131259322395056,0.3734285105476241,0.03707649691029191,16.284076484094765,0.587203221581329,False
1949,9456.0,False,1185.5,529927.15,37315.35,0.12536265617737447,4674.608926909301,2,0.5451536716771609,наблюдается,0.34439489423782094,0.12183743921573623,-5.011946865949699,0.027836355967946015,0.0,0.0,0.14086883171657527,0.7224799662589625,0.10881484605651626,11.09292699274537,0.33330485304169516,False
1950,16454.25,False,1806.5,988955.45,45619.3,0.10979974144347959,5011.120978161028,2,0.3400151776386536,наблюдается,0.29537882453634157,0.15072220444054996,-13.733545625594072,0.0,0.021588707445336287,0.0,0.13451425408247994,0.404926653750346,0.4389703847218378,9.732956737967099,0.6983971040569338,False
1951,20581.0,False,2840.5,1308895.7000000002,38410.4,0.13802431421115036,5303.973080043532,2,0.573835585114733,наблюдается,0.33571087384614096,0.1429542266873804,-0.17139876236879148,0.010033444816053512,0.021123041718007392,0.0,0.1723288153494103,0.7123745819397993,0.08414011617672945,10.812935509716434,0.5791947857304098,False
1952,304853.5,False,50155.0,33109947.6,55015.25,0.1645219825150298,9052.018390650604,2,0.8369658664322817,наблюдается,0.23713872385788642,0.18007066185272033,-0.7854599717887808,0.01899112750473532,0.32737513707506727,0.029737812780380818,0.2498953244940684,0.3739906290499452,9.969095803086248e-06,8.283629881949642,0.18507736916458833,False
1953,187642.25,False,76649.5,134802002.8,146512.55,0.40848499066376465,59857.36283068249,2,0.9627130938079401,наблюдается,,,-7.845250498314265,0.08270112655659854,0.06533636879562163,0.0980697851910319,0.35714518685705715,0.39674100939993084,6.523199759911336e-06,11.373965597916047,0.502448698055658,True
1954,9850.75,False,2099.5,2242537.55,89099.8,0.21312755263899935,18987.709898323483,2,0.8796256484455816,наблюдается,0.2918196233294523,0.1909485856540427,-6.631697139912619,0.0,0.04096213384139081,0.0,0.14646344367706596,0.7127887592283877,0.09978566325315552,7.867771175410033,0.5504997929851541,False
1955,21053.0,False,3086.5,3714366.45,100226.54999999999,0.1466043188388575,14697.055635567598,2,0.45823962982110844,наблюдается,0.1839680365437113,0.20106872351367902,3.605700229368692,0.1519520492467196,0.011177709379556132,0.008585776769803984,0.11890490847237972,0.566661266807063,0.1427182893244776,7.875920134157272,0.6414518014586649,False
1956,22124.0,False,3383.0,3963713.5,97668.9,0.15291038666870152,14931.411859007427,2,0.5338937689041252,наблюдается,0.2444005393352598,0.20939018335839588,6.880685781214612,0.057493349098433344,0.03783624002364765,0.007981081879988175,0.09311262193319539,0.7083949157552468,0.09518179130948856,10.277294943292825,0.6283783783783784,False
1957,39636.75,False,7190.0,10387991.45,120287.0,0.18141067918109297,21847.20303174728,2,0.8341261298927699,наблюдается,0.21944107513867867,0.19478328344615828,-9.083362232901024,0.02976356050069541,0.10354659248956885,0.019819193324061197,0.24909596662030598,0.533240611961057,0.06453407510431153,9.643854686982888,0.34761608830063967,False
1958,6966.5,False,2700.5,4509390.35,139318.5,0.38767499261093774,53928.48481738645,2,0.36419947000535435,наблюдается,0.11816034590390694,0.24046896779259602,3.312348177506941,0.14682466209961118,0.15071283095723015,0.0,0.21033142010738753,0.2790224032586558,0.21310868357711532,14.121657572309372,0.6326590801327644,False
1959,6804.5,False,1484.5,1579276.7,88693.75,0.21817294204679213,19353.840648404166,2,0.8206008844027676,наблюдается,0.25952510710562915,0.20496070571733077,-16.4706911464014,0.10912765240821826,0.016167059616032334,0.0,0.07713034691815426,0.5783091950151567,0.21926574604243854,10.229782065938192,0.3941025641025641,False
1960,15066.0,False,3637.5,4435389.5,101538.15,0.24144732853779727,24539.18184087985,2,0.6986212749068416,наблюдается,0.24389882920500564,0.20469191788106708,4.235174485283732,0.0890721649484536,0.0,0.0,0.158213058419244,0.5015807560137457,0.2511340206185566,10.520174714489919,0.42422281063057765,False
1961,11258.75,False,7417.0,15844904.7,178581.05,0.6585857230066441,117334.38992027464,2,0.9163739533882108,наблюдается,0.2020778840151919,0.22000983042531808,-49.62511410007241,0.22819199137117432,0.062154509909666984,0.25879735742213833,0.26601051638128625,0.16765538627477417,0.01719023864095992,9.993589623474207,0.4061057089902695,False
1962,21113.25,False,6316.5,8964829.15,118226.2,0.2992015864525404,35406.629231386716,2,0.9280660700673314,наблюдается,0.21234106757716686,0.1802623022877866,-13.661876455075179,0.21285522045436556,0.0960975223620676,0.03047573814612523,0.2613789282039104,0.3897728172247289,0.009419773608802307,9.30729443388313,0.6117694119738655,False
1963,20307.75,False,4199.5,4329371.2,85958.4,0.20679312525866822,17774.515235240982,2,0.8559872364428677,наблюдается,0.26052056047364647,0.21372309606364015,-4.310618325948955,0.018811763305155375,0.10263126562686034,0.0,0.26372187165138705,0.5468508155732825,0.06798428384331467,12.298734003526109,0.4395650299623067,False
1964,2377.25,False,1426.5,3002965.3499999996,175412.7,0.6001751044759953,105390.83418962384,2,1.0,наблюдается,0.19693438313693482,0.18703126686439278,-9.359483153455379,0.3638275499474238,0.19102698913424465,0.0,0.11636873466526464,0.17595513494567122,0.1528215913073958,10.518170496258545,0.7532163742690059,False
1965,11235.25,False,2931.5,3130226.0,89089.05,0.2608995448159348,23222.81629133346,2,0.7434167482341763,наблюдается,0.23382108502780516,0.19751318337256837,-4.185123068925939,0.04127579737335835,0.03308886235715504,0.030359884018420605,0.11768719085792256,0.5280573085451135,0.24953095684802995,10.680952406510919,0.5194890193520331,False
1966,8179.25,False,2334.0,2670091.25,95412.6,0.28534818351061686,27218.784348552785,2,0.5167022075959841,наблюдается,0.27785685238201185,0.21710394715710096,3.58077144803822,0.05377035132819195,0.11268209083119109,0.0,0.10818337617823479,0.46593830334190234,0.2594258783204798,11.647483086589427,0.5835168690958165,False
1967,14348.5,False,3032.0,3390168.25,93450.7,0.21129431147000616,19692.600142340605,2,0.605838348113165,наблюдается,0.23941403892157057,0.21810700704925465,-4.1092395832511475,0.029188654353562004,0.07684696569920844,0.0,0.13242084432717677,0.7349934036939314,0.026550131926121434,9.347524919529622,0.6173117513319081,False
1968,16092.0,False,8202.5,13446544.95,136540.3,0.5098303260365051,69715.5972510341,2,0.8717037210773261,наблюдается,0.28495348578151086,0.18765284553176864,-24.162306490092266,0.25559280707101495,0.014690643096616884,0.052301127704967997,0.3878695519658641,0.2586406583358732,0.03090521182566297,14.079083715339335,0.5013508795016889,False
1969,32767.25,False,7270.5,8672699.0,99492.9,0.22187889805042305,22067.413125031213,2,0.7597855162977147,наблюдается,0.2702916602460993,0.17634165119080591,-4.681219149042487,0.008114985214221855,0.07530431194553332,0.0022694450175366207,0.30953854617976756,0.5613094010040575,0.0434633106388832,11.314365091956018,0.4075089249970064,False
1970,11505.0,False,4197.5,7128133.9,141564.25,0.3648458148213843,51623.31337902472,2,0.6082900927463246,наблюдается,0.12012776372866889,0.22123044183562757,-3.755828434935993,0.2320428826682549,0.29160214413341273,0.049315068493150684,0.18451459201905895,0.1823704586063133,0.06015485407980936,9.908769936234311,0.7156626506024096,False
1971,1584004.5,False,464121.5,518821367.85,93065.80000000002,0.293001350535311,27290.84201315952,2,0.9722097838289073,наблюдается,0.23247023800548722,0.20275847442826064,-2.9597224566862557,0.010127735948453153,0.20058648435808296,0.03734797892362237,0.47730497294350727,0.27463282782633425,0.0,6.725379455626096,0.04373452373126307,False
1972,41011.5,False,6534.0,4056574.8,51774.3,0.15931902901825862,8244.85272447115,2,0.8748973700811327,наблюдается,0.2620211412968194,0.20112735040421464,4.417248558463534,0.0,0.10843281297826753,0.0,0.22696663605754513,0.5979491888582797,0.06665136210590761,10.018265690138126,0.47049184921559967,False
1973,52154.25,False,10170.5,6641810.35,54311.0,0.1950259407571852,10617.145353526563,2,0.5493837963371684,наблюдается,0.27903905084542757,0.19138259287514947,0.37134633982309223,0.0,0.33336610786097043,0.0,0.23794307064549433,0.42254559756157517,0.006145223931960042,11.28926191907868,0.003561676423855629,False
1974,58232.0,False,15370.0,10509605.3,57005.6,0.26394381314228726,15045.838879451396,2,0.9630930350782215,наблюдается,0.2595555524054227,0.19730323406660505,2.007243316761028,0.0,0.21343526350032532,0.017436564736499675,0.15383864671437866,0.3414118412491867,0.27387768379960953,10.529236476327787,0.28908490159767897,False
1975,9488.25,False,1454.5,1091537.45,62654.4,0.15328639852895737,9589.182411433792,2,0.881918034067588,наблюдается,0.2870500126358885,0.18588480150872697,2.088596025396495,0.0,0.0,0.0,0.0711584737023032,0.2942591955998625,0.6345823306978342,7.563601041999644,0.0,False
1976,15118.25,False,4654.5,4480436.35,80388.4,0.30787560987490004,24695.173985308025,2,1.0,наблюдается,0.24351347763790965,0.19139300286587835,6.75653265360634,0.0,0.39929100870125683,0.0,0.06638736706413148,0.1967987968632506,0.3375228273713611,7.135354103478783,0.26141246690093123,False
1977,76858.75,False,14350.5,11911782.7,69094.7,0.18671263029912943,12915.227538126233,2,0.7880211296401783,наблюдается,0.20879545886786066,0.22348319608123562,2.2129019554732907,0.04456290721577645,0.23009651231664402,0.04877878819553326,0.3088045712692937,0.3273405107835964,0.04041671021915616,8.006570277766945,0.2070218831015284,False
1978,43473.75,False,11236.0,7893097.85,58557.05,0.25845480520213393,15134.479055689764,2,0.6843173298086138,наблюдается,0.2500864325751901,0.20228375665344053,-0.25036959116200047,0.10773406906372375,0.37063901744393024,0.0,0.13407796368814526,0.33094517621929515,0.05660377358490565,8.973674368121046,0.3556697856647929,False
1979,90484.75,False,22286.5,29543567.450000003,110242.15,0.24627648367197508,27175.66045468473,2,0.8387746491390787,наблюдается,0.1888652184380737,0.20977785686404984,24.16951796355815,0.0,0.4918448388037601,0.001951854261548471,0.23857492203800507,0.26255805083795125,0.0050703340587350265,7.6675978178952215,0.30052626534188204,False
1980,25137.5,False,3221.0,3022619.55,77989.5,0.1281211822451077,10014.504219070961,2,0.9500613148008349,наблюдается,0.1943301158629443,0.21446379564505258,13.158407487415376,0.0,0.2848494256442099,0.0,0.3562558211735486,0.25970195591431233,0.09919279726792918,6.438750108203522,0.40632361545294593,False
1981,41940.75,False,19138.0,17252533.65,75102.1,0.4563277893776321,34291.88940226966,2,0.9567691292584525,наблюдается,0.26053157718755876,0.17138068461787898,0.2428329022043904,0.0,0.7169244435155189,0.019751280175566936,0.10267530567457414,0.15821924966036158,0.002429720973978422,8.857724098212898,0.09932190672248635,False
1982,31780.0,False,9243.5,9516619.45,85773.04999999999,0.2908637626589953,24959.917745909886,2,0.8965574049380972,наблюдается,0.23259493247179971,0.2011932066219399,9.947603080500883,0.0,0.4598907340293179,0.014929409855574187,0.1563801590306702,0.27695137123384,0.09184832585059777,10.069466284186618,0.01814086814086814,False
1983,17172.5,False,4069.5,3400288.55,69887.05,0.23692645215124586,16509.198518687335,2,0.807860441296266,наблюдается,0.19020284141434013,0.1684935843127425,-8.343790416969847,0.1551787688905271,0.031944956382848014,0.0,0.30372281607077034,0.45755006757586925,0.05160339107998535,10.277975130076682,0.23275396825396824,False
1984,3404.75,False,1156.5,1329402.95,95903.45,0.3396534278189292,32554.80002624632,2,0.8258099173949246,наблюдается,0.1870975483586469,0.16233096734254288,-2.8737780464936495,0.0,0.054042369217466496,0.0,0.6476437527021185,0.12364894076956334,0.17466493731085164,8.037361664403651,0.8993421052631579,False
1985,36443.75,False,8531.5,5432107.8,53089.65,0.23409837531611652,12424.250278322681,2,1.0,наблюдается,0.23067675257681342,0.20144442483997937,-0.22668114914923598,0.0,0.21086561565961437,0.002813104377893688,0.27703217488132215,0.48350231495047763,0.025786790130692072,9.339376361476724,0.27121877743398554,False
1986,163586.5,False,48861.0,42085123.4,71804.1,0.2986850778176664,21444.582009173002,2,0.9851866776644704,наблюдается,0.23297904596263835,0.19725474914577196,0.28958238728526525,0.0,0.5296862528396881,0.004952825361740448,0.2028407114058247,0.26216205153394323,0.0003581588588035256,7.725955892726725,0.38012617941807036,False
1987,26844.5,False,7449.0,4962661.35,55555.3,0.2774866915923624,15405.7963977343,2,1.0,наблюдается,0.20295709754996086,0.221119911141907,-0.5996048016096287,0.0,0.20996106859981206,0.0,0.32501006846556585,0.44415357766143104,0.020875285273191047,15.748095901631016,0.19277732984550652,False
1988,26932.75,False,5098.0,3631393.25,59414.850000000006,0.189280542705899,11239.942475184458,2,0.9351793999316077,наблюдается,0.2452633296865584,0.1818938635065257,-3.738305052728035,0.01353471949784229,0.12318556296586897,0.0,0.21184778344448804,0.4532169478226756,0.19821498626912515,8.535179502903508,0.11996200519801742,False
1989,8556.25,False,1817.5,1146614.35,52624.8,0.2124148527585826,11170.879634641922,2,0.9772750823730902,наблюдается,0.2531272476548972,0.1519497329753709,0.2333176345662787,0.0,0.0,0.0,0.05034387895460798,0.38514442916093533,0.5645116918844567,10.22620788868635,0.014741609959201072,False
1990,38430.5,False,12003.5,10843859.350000001,75403.2,0.31232974318441853,23526.061863705443,2,0.9516182318760277,наблюдается,0.26053096031530676,0.1513916173102799,0.518663241594011,0.4711125921606198,0.11355021452076478,0.018452951222560087,0.1551214229183155,0.22518432123963844,0.0165784979381014,9.908870542995473,0.24833188360536063,False
1991,23732.75,False,6861.0,5141352.85,62500.3,0.2890884713762497,18060.173009292906,2,0.7733539291038065,наблюдается,0.27727127859980716,0.1177787080747282,-0.3820395865735536,0.0,0.5177087888062964,0.0,0.1085118787348783,0.36466987319632704,0.009109459262498176,12.072626053417201,0.3384980224052527,False
1992,10983.75,False,2742.5,1813999.7000000002,54924.100000000006,0.2497048536615184,13769.678668348466,2,0.8979717546261359,наблюдается,0.28930377088201686,0.15089591163269178,-1.004198092637067,0.024430264357338194,0.2559708295350957,0.0,0.19234275296262535,0.19708295350957156,0.3301731996353692,10.60647029290806,0.07011353849884443,False
1993,58830.75,False,16517.0,13842858.649999999,69850.75,0.28075726192740674,19614.921000361734,2,0.9421920563378525,наблюдается,0.22822177554224676,0.17359130619030239,2.0625110427387328,0.14279227462614277,0.265665677786523,0.007386329236544167,0.23766422473814858,0.3417085427135678,0.004782950899073768,7.964387946291385,0.15226566504785163,False
1994,21953.5,False,5888.0,5012910.45,70971.5,0.26820221736671906,19032.96704762423,2,0.9708744549193415,наблюдается,0.2529890300668017,0.1665568620081898,6.2997287158640605,0.0,0.425101902173913,0.0,0.14962635869565216,0.33126698369565216,0.0940047554347827,9.793315633620148,0.2098871393332525,False
1995,37842.75,False,10129.5,7908892.5,64694.0,0.26767156646203905,17415.565673482924,2,0.9870665571871536,наблюдается,0.21806308345167888,0.21668594295374127,6.089076471511081,0.0,0.09857347351794264,0.08085295424255887,0.41260674268226466,0.40357372032183225,0.004393109235401593,12.733634609172295,0.17509986743372466,False
1996,35877.0,False,7777.5,5805521.75,62001.95,0.2168123641179246,13497.478076884607,2,0.7410940437668972,наблюдается,0.2834915715750026,0.1386246172420288,-0.970422318276692,0.1452909032465445,0.23940855030536806,0.0,0.2048216007714561,0.32124718739955,0.08923175827708141,11.017076460472547,0.2516513968426809,False
1997,8395.0,False,2701.0,2322757.75,71589.9,0.32177077593210257,23069.767118584452,2,1.0,наблюдается,0.2734551604253648,0.15992311499687684,3.865966880607903,0.0,0.5085153646797482,0.0,0.03184005923731951,0.1965938541281007,0.2630507219548316,8.561988997828843,0.23529411764705882,False
1998,49485.0,True,7497.0,4781201.3,53145.7,0.15150045468323733,8051.600316594255,1,0.9751945033848641,наблюдается,,,4.646114612199378,0.0,0.0,0.0,0.0,0.0,1.0,6.390825502677579,0.3174583983699207,True
1999,37174.5,False,8234.0,6575091.9,66523.45,0.22149673963497843,14741.353325057322,2,0.5933145276740647,наблюдается,0.2658778079177072,0.19883568426178816,3.948094557857301,0.10207675491863007,0.27932960893854747,0.0,0.21253339810541658,0.393368957979111,0.012691280058294896,13.369423225169042,0.16813075402073022,False
2000,333512.5,False,105198.5,89676483.94999999,71082.55,0.3154250074849687,22419.40180773831,2,0.9920093544870938,наблюдается,0.2344816667616862,0.1952056057986713,-4.338760417108539,0.003236738166418723,0.48238805686392866,0.010123718494084992,0.22915250692738015,0.25960446204080856,0.015494517507378958,9.02245940536257,0.2665247849815808,False
2001,16261.0,False,3304.5,2284887.1,57655.85,0.20321402792999224,11714.48654599352,2,0.9898509804913393,наблюдается,0.24418531959001544,0.18436601037631928,-1.8609272703442807,0.0,0.09487063095778484,0.0,0.3486155242850658,0.36949614162505673,0.18701770313209265,8.542965988602186,0.23924587469223207,False
2002,21933.5,False,5171.0,3901350.4000000004,62802.549999999996,0.2357927138385263,14833.505023296468,2,0.808230990582472,наблюдается,0.2596343740621273,0.1954938326426524,-7.731762870221538,0.0,0.24869464320247534,0.0,0.29356023979887835,0.3601817830206923,0.09756333397795403,14.690351385618232,0.09145567656511337,False
2003,80230.25,True,15279.0,10540054.7,57486.6,0.1902348832431692,10935.958260963396,1,0.9677962352046157,наблюдается,,,4.113670217725061,0.0,0.0,0.0,0.0,0.0,1.0,8.08602778633578,0.3361546459536918,True
2004,130149.0,False,33489.0,28787773.4,71571.95,0.25732677409030474,18442.497868399565,2,0.8593137845858151,наблюдается,0.23332223849268527,0.22903907301664272,-2.314952640956889,0.013556690256502135,0.45547791812236854,0.010376541550957031,0.22982173250918211,0.2779420108095195,0.012825106751470638,6.692459962711523,0.6045197740112994,False
2005,60077.0,False,15715.0,13117400.9,69499.4,0.26159647086781,18203.4101919562,2,0.8954602394816266,наблюдается,0.26446814345408454,0.19766611897189765,-3.4284683404169662,0.0,0.5486477887368756,0.0,0.15924276169265034,0.27107858733693924,0.021030862233534897,9.896063066046407,0.10915819032197915,False
2006,60327.75,False,12693.0,11592144.75,76182.15,0.21039594625076827,16016.981001341537,2,0.97977967489597,наблюдается,0.2345551311835375,0.17758967098265638,-2.4537711976084324,0.0,0.43543685495942647,0.0,0.2353265579453242,0.29539903884030566,0.03383754825494378,6.841805735205496,0.06236261182115468,False
2007,14980.0,False,1222.0,735839.3,50227.350000000006,0.08157356093209206,4094.8005765077633,2,0.9951531518118384,наблюдается,0.26008633164195893,0.1860952073795889,-8.895613567397369,0.0,0.0,0.0,0.19435351882160393,0.4656301145662848,0.3400163666121113,8.110357378458696,0.44175698193310814,False
2008,45284.5,False,7270.0,5268739.6,60390.2,0.16054104594928228,9697.596446594966,2,0.7993170374342058,наблюдается,0.2561510855228688,0.1758761782126616,3.794321803445356,0.0,0.19958734525447042,0.0,0.1468363136176066,0.5015818431911967,0.15199449793672626,7.980076344370663,0.43221160124655256,False
2009,35105.75,False,9210.5,7562378.300000001,68412.65,0.2623703204223734,17958.552354021373,2,0.6800279174983738,наблюдается,0.2754111389157854,0.18781288432277454,2.7226842351585843,0.1328918082623093,0.118288909396884,0.033928668367623906,0.16535475815645187,0.31561804462298465,0.23391781119374633,13.217431170234573,0.2450771165067211,False
2010,98424.5,False,22349.0,17994527.65,67050.4,0.22707889390131833,15243.68141213664,2,0.938392644295314,наблюдается,0.211010372485889,0.2002875130271985,-2.326971945583529,0.0,0.4347845541187525,0.016175220367801692,0.20839858606649067,0.3344221217951586,0.006219517651796513,8.585566914736695,0.0781532452581907,False
2011,46472.75,False,10874.5,8761633.55,67150.1,0.2339973661339807,15713.260778641441,2,0.6973447680047643,наблюдается,0.23424473393250927,0.19626391720233766,0.9272141823994174,0.050898891903076005,0.42139868499701133,0.0022069980228976043,0.17435284380891075,0.34240654742746796,0.00873603384063637,15.016837631602414,0.18837395807560725,False
2012,35591.25,False,5766.5,3259127.65,47346.9,0.16198533958070488,7633.574596091237,2,0.9001479084298628,наблюдается,0.26835062335258625,0.16965619283767175,-0.8552595670360489,0.004335385415763462,0.17861787912945462,0.0,0.11367380560131796,0.6399895950750022,0.06338333477846181,9.56374322208726,0.7242995148879223,False
2013,8164.75,True,1675.0,945454.3,47027.1,0.20614116054396653,9696.370479765346,1,1.0,наблюдается,,,8.46725440596587,0.0,0.0,0.0,0.0,0.0,1.0,8.741681605551573,0.3104081632653061,True
2014,2158.75,True,453.0,227684.1,41877.1,0.2103552356628744,8810.62224286046,1,1.0,наблюдается,,,4.882834162234444,0.0,0.0,0.0,0.0,0.0,1.0,3.4759431729373196,0.203125,True
2015,22836.75,False,5064.0,3294786.75,54289.8,0.22174085295529478,12031.348876662241,2,0.4101370114496463,наблюдается,0.24938311429868182,0.20869450727101857,-2.2169316148084994,0.14869668246445497,0.36088072669826227,0.0,0.11947077409162717,0.33965244865718797,0.03129936808846767,10.810918575303818,0.48338608767220875,False
2016,4724.5,False,543.5,273758.9,41967.149999999994,0.11507312964007604,4836.380927164465,2,0.5593650206376655,наблюдается,0.320008343166029,0.16974162140665308,-16.933684869644765,0.0,0.04415823367065318,0.0,0.16007359705611776,0.5906163753449862,0.2051517939282428,11.536478896204738,0.0,False
2017,24982.75,False,3903.0,2182552.7,46639.05,0.15622548390375363,7283.820870952354,2,0.46197448970617705,наблюдается,0.2933664720814486,0.19966446408714122,-5.087334470751669,0.09979502946451448,0.04599026389956444,0.0,0.16269536254163464,0.6054317191903664,0.08608762490391997,10.982673964188313,0.16179123633187117,False
2018,13662.5,False,3254.5,2181505.4,55620.05,0.23826658126774009,13325.84020212508,2,0.3348045124124728,наблюдается,0.290058801433415,0.20948078804711928,-0.9183528064135964,0.0,0.007988938392994315,0.31602396681517897,0.04793363035796589,0.48440620679059765,0.14364725764326325,10.686374451255642,0.5157623692381095,False
2019,33633.75,False,5913.0,4293193.25,60784.45,0.17584870832012411,10633.04477233277,2,0.3859671769988222,наблюдается,0.19337245920549134,0.22038127461430118,-9.44662784549935,0.10764417385421951,0.08455944529003889,0.0,0.2677997632335532,0.5167427701674278,0.023253847454760668,12.829228978758492,0.5537238335859443,False
2020,4558.25,False,1187.0,968109.3,68202.05,0.2604384420728353,17696.186782156597,2,1.0,наблюдается,0.2422517576285928,0.19397385450901689,-9.982689962517739,0.0,0.07750631844987363,0.0,0.05349620893007582,0.17481044650379107,0.6941870261162595,9.871637785842289,0.3451332521645022,False
2021,13390.5,False,2536.5,1625796.85,53455.0,0.18942391285920074,10124.030300399856,2,0.48639988633829173,наблюдается,0.24486096203836755,0.20619490611120056,-7.499437064275692,0.04356396609501281,0.0,0.0,0.18529469741770155,0.7285629804849202,0.04257835600236548,12.31232429403925,0.17927430959826346,False
2022,2443.25,False,834.0,731289.45,73418.1,0.34095408149802153,24926.022198961888,2,0.7868841801178416,наблюдается,0.27244638590100406,0.1723460492952696,-15.499481341883893,0.0,0.0,0.0,0.3345323741007194,0.3645083932853717,0.3009592326139089,8.957393792338246,0.719047619047619,False
2023,25996.5,False,5404.0,3518571.1500000004,54352.5,0.20786530948285586,11281.545764271721,2,0.11862754936303498,наблюдается,0.2548178612481408,0.19634841639310358,-3.094945828606687,0.43921169504071056,0.0458919319022946,0.0,0.0822538860103627,0.35927091043671355,0.07337157660991867,7.217526756111577,0.733618169887855,False
2024,26318.75,False,3480.5,2099962.55,50387.200000000004,0.13223743262608215,6651.407566087961,2,0.1463308672487421,наблюдается,0.2750741715691264,0.19154400235122487,2.879156256628454,0.23459273092946414,0.12253986496193076,0.0,0.11952305703203563,0.41517023416175836,0.10817411291481105,6.75835771113652,0.13324283682157437,False
2025,22819.25,False,3076.5,1704021.2000000002,46080.350000000006,0.13483102191920615,6226.76296535258,2,0.06484322130145383,наблюдается,0.31212758370080024,0.18771426357150023,2.7017670984886757,0.0,0.0,0.06305867056720299,0.07378514545750041,0.5667154233707135,0.29644076060458313,7.329331868909704,0.9400085349546,False
2026,4352.5,False,1088.0,970256.5,74204.85,0.2499676154623578,18574.19981181425,2,1.0,наблюдается,0.24718126323267364,0.19381180804309475,4.83721590099237,0.0,0.0,0.0,0.06479779411764706,0.23161764705882354,0.7035845588235294,11.859965933683435,0.26572875142669194,False
2027,9456.75,False,1114.5,590675.6000000001,44211.85,0.11784806861383171,5208.685812717334,2,0.964580290827226,наблюдается,0.2550297966083505,0.22245523690957944,-3.9036182512019586,0.0,0.054284432480933155,0.0,0.09421265141318977,0.4876626289816061,0.36384028712427097,13.998314723764459,0.3067475946231213,False
2028,18657.25,False,3562.0,1973566.25,46501.600000000006,0.1908838454092091,8817.265216471864,2,0.5631806251966128,наблюдается,0.26142301953686664,0.1733161041747635,0.5466846002874347,0.0,0.15314430095451995,0.0,0.14668725435148794,0.523862998315553,0.17630544637843903,10.745893134124534,0.3097714632411669,False
2029,29220.0,False,3157.5,1829583.9500000002,48310.899999999994,0.10805890519930944,5220.266544138083,2,0.09529667776562949,наблюдается,0.2942246702230654,0.19046422813254266,-1.9353557996715718,0.10736342042755344,0.0684085510688836,0.0,0.22850356294536817,0.5749802058590657,0.020744259699129075,9.121472217563165,0.6058791720904618,False
2030,18478.5,False,3003.5,1744096.35,48313.15,0.1625559327958415,7869.68859095259,2,0.49073824814748335,наблюдается,0.2592887410229916,0.17498600433816752,-2.4686540292184507,0.21541534875978025,0.07441318461794573,0.0,0.1703013151323456,0.523389379057766,0.016480772432162505,12.588571425759875,0.35560577027128626,False
2031,12464.0,False,1662.5,1232838.6,62024.9,0.13335674374326795,8247.358395055922,2,0.5508535202570376,наблюдается,0.22115142982074182,0.22475963094433613,-7.24508832053172,0.0,0.0,0.0,0.1593984962406015,0.5542857142857143,0.2863157894736842,9.898658027451951,0.08664160401002506,False
2032,65310.0,False,12301.5,9581659.100000001,64821.85,0.18834761255292426,12214.902017376546,2,0.311933566559843,наблюдается,0.25378438540295356,0.17966996244943167,19.538037187900024,0.05304231191318132,0.2854123480876316,0.0,0.2661057594602284,0.3928789172052189,0.002560663333739832,9.240563048927317,0.5659495715596541,False
2033,23591.5,False,3772.0,3248069.45,71907.75,0.15992830926152268,11465.516413524525,2,0.8561878805978012,наблюдается,0.1981716833526148,0.1998540605207136,22.168603855670554,0.0,0.46076352067868503,0.0,0.1332184517497349,0.26802757158006363,0.1379904559915165,13.932258433459344,0.13154876980483307,False
2034,39730.75,False,7209.5,4488845.9,51937.899999999994,0.18145290350391333,9417.879448945318,2,0.36508336775042777,наблюдается,0.2899911349581804,0.18137692694239668,-4.183556741390674,0.07497052500173382,0.1863513419793328,0.0,0.2043831056245232,0.5281226159927873,0.006172411401622835,10.681206313951208,0.4287081270516107,False
2035,17088.75,False,2766.0,1527840.5499999998,45964.95,0.16189651159449064,7459.3705565218515,2,0.30202468221550166,наблюдается,0.2956806159146612,0.1953022392340082,-6.508304429622237,0.0,0.06109906001446132,0.0,0.10845986984815618,0.7725958062183659,0.057845263919016565,13.875044601287797,0.43712555349921933,False
2036,23627.0,False,3987.5,2281913.95,47825.7,0.16874760558554444,8052.515214823511,2,0.6999274611765519,наблюдается,0.2623264086825875,0.2330800430413436,-0.3464976593517275,0.08313479623824452,0.0677115987460815,0.0007523510971786833,0.19297805642633228,0.4990595611285266,0.15636363636363648,15.766593535810436,0.7079234358562914,False
2037,16210.0,False,2499.0,1365393.6,45586.95,0.15415816436965502,7021.7099240006355,2,0.36887706036213413,наблюдается,0.27698545642282385,0.1977878994394351,3.3305224004045235,0.14325730292116848,0.0,0.0,0.062625050020008,0.6182472989195679,0.17587034813925562,12.963349617212295,0.112518827375923,False
2038,2570.5,False,268.5,139383.75,43283.6,0.1044499498879858,4521.390902013229,2,0.9695346736893041,наблюдается,0.2813895998173435,0.20600793981899318,-2.2683872787921184,0.0,0.11731843575418995,0.0,0.10614525139664804,0.09124767225325885,0.6852886405959031,11.72030488567166,0.5,False
2039,14401.5,False,3321.5,1965990.7,49308.59999999999,0.23064312263524672,11380.771168562496,2,0.0,наблюдается,0.2756748188138148,0.19785675151401513,-2.029796151484082,0.2534999247328014,0.022730693963570674,0.0,0.08113804004214963,0.4808068643685082,0.16182447689296997,11.222732111915656,0.6553031972091978,False
2040,20520.0,False,3779.5,2100798.95,46625.899999999994,0.18418808101212836,8531.392546042058,2,0.0,наблюдается,0.20806265767556573,0.16265330998099897,1.314984732490912,0.21246196586850113,0.039158618864929225,0.0,0.10834766503505755,0.6189972218547427,0.021034528376769446,7.517059190750399,0.7530922387519364,False
2041,11650.75,False,1901.0,1096225.65,48166.899999999994,0.1631531631825197,7844.665220566082,2,0.0,наблюдается,0.287397476718018,0.14121109920828717,-4.446769340450231,0.0,0.05234087322461862,0.0,0.1459758022093635,0.6065228826933193,0.19516044187269854,13.292012877830876,0.5693026740979328,False
2042,37336.25,False,7073.5,4807308.3,56619.100000000006,0.18945873070752933,10732.949146539408,2,0.7709201005393048,наблюдается,0.29520803837379106,0.15914028445309325,2.5575469672357554,0.0,0.33943592281048984,0.0,0.1271647699158832,0.4248250512476143,0.10857425602601256,9.950143162133294,0.16213989219665598,False
2043,2679.0,False,694.0,379169.9,45569.95,0.2590608447566259,11812.196847811965,2,0.0,наблюдается,0.2664526420570218,0.17354942088521638,-3.6682277615157544,0.0,0.04899135446685879,0.0,0.04971181556195965,0.6930835734870316,0.2082132564841499,17.542071800686344,0.4375,False
2044,311161.5,False,89043.0,67021970.75,62690.5,0.2861676804391533,17952.90377843651,2,1.0,наблюдается,0.2417816645494339,0.17402242125394612,-4.518144937177007,0.0018642678256572667,0.24916613321653583,0.013763013375560122,0.31875610660018194,0.4158103388250621,0.0006401401570028664,9.921723101338122,0.25452257754072755,False
2045,24698.5,False,10696.5,10348899.4,80685.6,0.4330740414681848,34930.929778542435,2,0.9973420102018777,наблюдается,0.3040098783224867,0.15402060795043354,-3.811261594259158,0.0,0.5635020801196653,0.019398868788856168,0.1729070256625999,0.1804795961295751,0.06371242929930343,9.96310112087113,0.10254686752040534,False
2046,8882.25,True,1186.5,560084.4,39496.55,0.13356455396049888,5256.182874568146,2,0.6784629810483818,наблюдается,0.3323228084581395,0.15447256880817034,-8.620968884725228,0.0,0.06363253265908134,0.0,0.168141592920354,0.6797302991993257,0.08849557522123896,15.570558779436041,0.5566527879650803,False
2047,70122.75,True,16024.0,10559397.25,54975.399999999994,0.22850815705801097,12551.541635171343,2,0.7240623393304613,наблюдается,0.2723874757639546,0.14406795481479195,0.6580968671244867,0.012200449326010984,0.3918497254118822,0.0025274588117823265,0.2763042935596605,0.3141849725411882,0.0029331003494756924,10.616729123102017,0.4084236117119904,False
2048,39484.0,True,8779.0,7307947.75,69296.45,0.22236222594584615,15435.934435462415,2,0.6460088547990679,наблюдается,0.2812274038440301,0.156699900198027,-10.81717653538108,0.034286365189657136,0.509397425674906,0.05205604282947944,0.12757717279872424,0.27622736074723775,0.0004556327599954946,15.794119743154582,0.19722883446861447,False
2049,3409.25,True,600.5,313955.35,43600.8,0.17613703213815596,7676.3406655731005,2,0.0,наблюдается,0.32628013588173377,0.12828985529036152,-6.273005187292751,0.0,0.0,0.0,0.1523730224812656,0.43297252289758537,0.414654454621149,10.559643556858394,0.6086956521739131,False
2050,10747.0,True,1782.0,787148.75,36786.649999999994,0.1658191634909234,6105.298163603096,2,0.6962483182707675,наблюдается,0.3354087457574634,0.13662876592809708,5.066568276782331,0.0,0.04685746352413019,0.0,0.25925925925925924,0.6402918069584737,0.05359147025813693,13.89949834155589,0.5339625659894417,False
2051,23671.5,True,5862.0,4422039.95,62456.4,0.24769627668530086,15581.069203603922,2,0.8242327257196105,наблюдается,0.3201718940199614,0.12839945558912302,-9.706595212770772,0.004691231661548959,0.4927499147048789,0.0,0.11941316956670078,0.31132719208461274,0.07181849198225865,11.381507777448645,0.3330258545320587,False
2052,13708.0,True,1917.0,1060546.05,46140.05,0.1398433382014906,6449.9780776592825,2,0.6318761583436114,наблюдается,0.3190130056094873,0.12427016456507023,-8.969751622492167,0.0,0.2942097026604069,0.0028690662493479394,0.17005738132498696,0.4504434011476265,0.08242044861763165,9.6407919028845,0.5340861691240045,False
2053,10990.0,True,1269.5,626678.25,41134.3,0.11551779526646326,4754.061712129429,2,0.7229055083992626,наблюдается,0.298088060998574,0.13093913329800366,-10.726535755572847,0.0,0.062229224103977944,0.0,0.23631350925561245,0.43442300118156757,0.267034265458842,15.659886236146933,0.34941422796211297,False
2054,5082.0,True,727.0,322635.8,37036.2,0.14304612313628406,5293.023788902147,2,0.0,наблюдается,0.3384639654782834,0.11801785789735705,-7.494473815107576,0.06052269601100413,0.04264099037138927,0.0,0.04676753782668501,0.6788170563961485,0.17125171939477313,17.61237124515369,0.7019489944018246,False
2055,10675.25,True,2227.0,1248950.3,46794.85,0.20861154002064358,9751.00080266464,2,0.41454611043973993,наблюдается,0.29517785851122413,0.15486503786979522,0.7218506863761968,0.0,0.377413560844185,0.0,0.2635832959137854,0.3233048944768747,0.03569824876515493,9.781194333580823,0.48633703319834193,False
2056,10252.5,True,1268.0,618096.8,40647.4,0.1236722294831181,5025.879383966871,2,0.33620739017392653,наблюдается,0.3474380082973799,0.1289314312733734,-9.242777214000975,0.0,0.06506309148264984,0.0,0.30757097791798105,0.4810725552050473,0.14629337539432186,15.066682956985055,0.5840643387900456,False
2057,7805.5,True,1126.5,533728.65,39620.75,0.14429900595980288,5699.858087532648,2,0.3987217041797636,наблюдается,0.3690659957244591,0.12374427025724719,-5.30190917137836,0.14380825565912117,0.08566355969818021,0.0,0.18996893031513537,0.3910341766533511,0.18952507767421212,11.705921237135184,0.6186897679434994,False
2058,7110.25,True,1373.5,613736.5,37321.8,0.193142835151805,7196.497465610129,2,0.0,наблюдается,0.2970694065063939,0.13792422489364345,-13.292628069666765,0.024754277393520204,0.0,0.0,0.17801237713869675,0.6687295231161267,0.12850382235165636,15.997088087413003,0.504674690388976,False
2059,24399.0,True,5109.0,2810544.2,45860.8,0.20939333321076353,9601.811742949045,2,0.3015804817063999,наблюдается,0.31794415691462274,0.14192395688804782,1.031716805627237,0.17694265022509298,0.16940692894891368,0.0,0.18790369935408102,0.45184967704051676,0.0138970444313955,13.248880592480079,0.44774815827447406,False
2060,60161.0,True,11040.5,6513104.35,49185.3,0.18351496812973261,9025.011728333502,2,0.7270341107069678,наблюдается,0.29598787532310106,0.15080268839865507,-6.759523811243614,0.054254789185272406,0.353878900412119,0.0,0.1689235088990535,0.41465513337258275,0.00828766813097237,10.825320423395942,0.19932782758640893,False
2061,20573.75,True,3069.0,1531587.3,41663.25,0.14916394409610217,6206.930783853183,2,0.5542928004209298,наблюдается,0.32412873079294324,0.12997943185010224,-2.3259943298234265,0.006679700228087325,0.3118279569892473,0.0,0.23330074942978168,0.44330400782013685,0.004887585532746819,11.69256307114334,0.4690217323156299,False
2062,50018.0,True,10086.5,6039650.050000001,49889.899999999994,0.20165970295164226,10065.260588644855,2,0.7427666186767152,наблюдается,0.2955969117688072,0.1489364020650209,-4.145888684861476,0.031775144995786445,0.4096069003122986,0.0,0.1771675011153522,0.37446091310167057,0.006989540474892086,12.06502172320093,0.30472140664454983,False
2063,61256.0,True,10128.5,6679520.15,55048.5,0.16535185717690581,9082.67026507557,2,0.0,наблюдается,0.22389319245299022,0.1937512132452041,15.563390836640586,0.046699906205262376,0.084119069951128,0.0340129338006615,0.5013081897615639,0.32576393345510196,0.00809596682628233,6.365971553159411,0.6610798694006201,False
2064,12001.0,True,2440.5,1414961.2,48295.55,0.20336064460564646,9826.935505609868,2,0.6212023492956873,наблюдается,0.27040559697196476,0.1350788975215102,1.8399157246873956,0.12497439049375128,0.021716861298914158,0.0,0.07375537799631224,0.7391927883630404,0.04036058184798197,12.210940811813474,0.4330430318297934,False
2065,4172.0,True,537.5,252034.3,39114.0,0.12883187891599313,5036.645419211638,2,0.0,наблюдается,0.35691160863766636,0.125634516614171,-8.13355231639567,0.0,0.0,0.0,0.14046511627906977,0.4986046511627907,0.3609302325581396,15.008941730688838,0.5657131038829725,False
2066,6567.75,True,984.5,487439.8,41386.899999999994,0.1498768727529318,6187.714365748889,2,0.0,наблюдается,0.33306689487316987,0.13768565803492547,-7.349832188815016,0.0,0.0,0.0,0.18994413407821228,0.3702386998476384,0.43981716607414933,13.297212545401178,0.046875,False
2067,6448.0,True,975.0,457245.65,39113.6,0.15120715594045517,5911.421736152537,2,0.48331528923851613,наблюдается,0.349962507299187,0.11298978155540296,-4.803522438975531,0.1117948717948718,0.05384615384615385,0.0,0.14153846153846153,0.3723076923076923,0.3205128205128205,15.185487550793592,0.6689756144393241,False
2068,7766.0,True,1440.5,1010594.65,58503.7,0.18548700861122563,10848.51384112318,2,0.3889537657063239,наблюдается,0.3014956682281634,0.15050091146252867,-14.426382952883428,0.0,0.017007983339118363,0.0,0.38667129468934397,0.30336688649774385,0.29295383547379383,13.385826201529245,0.07585780229245062,False
2069,8029.5,True,1131.0,493617.1,36442.5,0.1408416639793615,5125.881187723739,2,0.37575538325325974,наблюдается,0.36221333903267616,0.1090097079784556,-12.096165349233189,0.0,0.10610079575596817,0.0,0.14014146772767463,0.6330680813439434,0.1206896551724137,11.64382573605405,0.7313974591651542,False
2070,46958.5,True,8114.0,4949105.949999999,50765.75,0.17279842559063627,8785.529815441041,2,0.8607270950740799,наблюдается,0.3253319291872609,0.1304253136216561,-0.8942093357389154,0.004375154054720237,0.4283337441459206,0.01922602908553118,0.14006655163914222,0.36985457234409663,0.03814394873058902,13.418016077816459,0.36800842636755904,False
2071,,False,,,,,,0,,нет данных,,,-3.5211390119238573,,,,,,,,,True
2072,15835.25,False,3254.5,1798812.55,46046.2,0.2055287674237994,9469.133345572865,2,1.0,наблюдается,0.3079103820097351,0.13784738220021753,-1.2952259249272964,0.0,0.2929789522200031,0.0,0.17729297895222002,0.47549546781379626,0.05423260101398064,16.923831265924427,0.13116680897139277,False
2073,26104.25,False,6882.5,4408235.8,52410.9,0.263820981373988,14089.230349179601,2,1.0,наблюдается,0.33154253047133064,0.12706663411781183,2.3599942880575933,0.0,0.49182709771158734,0.013076643661460226,0.20123501634580457,0.2289139120958954,0.06494733018525245,12.469766207585565,0.3800610455487575,False
2074,88686.5,False,18800.5,12427996.649999999,55072.4,0.2119933063899959,11682.836462506688,2,1.0,наблюдается,0.3007742437131292,0.11482215097515912,1.2187862531275855,0.0,0.27613627297146354,0.0,0.38134624079146834,0.3209755059705859,0.02154198026648224,10.450395282861967,0.258256749569587,False
2075,38294.5,False,7143.5,3420167.75,39939.4,0.1865348948080126,7444.329864872645,2,1.0,наблюдается,0.32063459459737953,0.12292229250451504,1.9085835124700652,0.008609225169734724,0.19619234268915797,0.004549590536851683,0.26233638972492473,0.452649261566459,0.07566319031287183,16.640753825555105,0.2072586322550004,False
2076,46622.75,False,6367.5,3490830.6,45648.899999999994,0.1365843585316905,6241.209670423499,2,1.0,наблюдается,0.28714318441128917,0.13522813593006242,-3.469575620483533,0.0,0.24570082449941108,0.0,0.21248527679623086,0.46164114644680015,0.08017275225755793,10.925121815624474,0.2998342663518804,False
2077,22972.0,False,4316.5,2231621.0,43088.75,0.18790453247529412,8098.07231429706,2,1.0,наблюдается,0.35804477811127783,0.12956189068145257,3.427349797845398,0.007413413645314491,0.09069848256689447,0.005560060233985868,0.20572222865747714,0.4815243831808178,0.2090814317155103,14.806964202056472,0.10690875823177058,False
2078,8200.5,False,1193.5,611669.5,42631.6,0.14557530178130945,6222.738662687679,2,0.0,структурный ноль,0.3951936621674328,0.12907733446852104,-3.5251541057046993,0.1436950146627566,0.0,0.0,0.06996229576874738,0.3925429409300377,0.39379974863845835,12.695844994358541,0.5635370638865875,False
2079,9176.5,False,1363.0,807902.25,49356.05,0.14855196520407737,7346.160867296741,2,0.0,структурный ноль,0.3164185604649534,0.14166451653932038,-9.561429372767218,0.3686720469552458,0.0,0.0,0.10088041085840059,0.45818048422597213,0.07226705796038146,9.263613935613577,0.7159948542024013,False
2080,24840.25,False,4526.5,3273703.9000000004,60189.25,0.1822517288131816,10989.04766533279,2,0.5454607698391768,наблюдается,0.30513693331200953,0.14254804726541748,-1.0682443626688922,0.3878272395890865,0.04716668507677013,0.0,0.17927758754004197,0.32707389815530763,0.058654589638793775,11.167053762395243,0.7333679699502572,False
2081,13674.75,False,2846.5,1599479.55,47014.7,0.20811659484652176,9760.262606504133,2,0.3893504731034456,наблюдается,0.3269713177237049,0.14108053444528798,-12.685809359512355,0.14790093096785525,0.036009134024240295,0.0,0.1584401897066573,0.5000878271561567,0.15756191814509046,12.478518977805921,0.4878573985004693,False
2082,17004.75,False,4052.0,2267536.05,46617.399999999994,0.23830340718672033,11120.538806623259,2,0.44087762290769555,наблюдается,0.345402140084326,0.13483214466295873,-2.8831676939053246,0.20027147087857847,0.33070088845014806,0.0,0.11105626850937808,0.30639190523198423,0.05157946692991111,15.716124548129311,0.3743567206105005,False
2083,17753.0,False,2443.0,1330657.7,45434.55,0.13760500992981076,6249.495313853262,2,0.0,структурный ноль,0.29383316033430595,0.1431394942435009,-3.823128109601891,0.20671305771592305,0.05525992632009824,0.0,0.167621776504298,0.3788374948833402,0.19156774457634052,4.9648518330248175,0.915948275862069,False
2084,31235.25,False,6302.5,4241985.3,56146.3,0.2017677333100747,11323.899852305509,2,0.0,структурный ноль,0.28785086444017044,0.15511347605284248,-7.520517949869268,0.2136453788179294,0.08330027766759222,0.0556921856406188,0.22110273700912336,0.3646965489884966,0.061562871876239544,5.990854594034146,0.7789101653716424,False
2085,13367.75,False,1951.5,1071393.05,45713.600000000006,0.14600441794339153,6682.922765234899,2,0.5115336193520003,наблюдается,0.3601172697741922,0.12593447007634426,0.08477720463304485,0.17243146297719703,0.005124263387138099,0.0,0.1716628234691263,0.5516269536254164,0.09915449654112218,14.308015773627524,0.49225681512739033,False
2086,30774.25,False,3194.0,2010019.75,52407.95,0.1038030960898849,5446.0254915173855,2,0.0,структурный ноль,0.31059132183047333,0.131243076476056,-3.113710616789469,0.17720726361928615,0.0,0.0,0.3774264245460238,0.3396994364433312,0.10566687539135877,5.041199611678043,0.7319550190342616,False
2087,10683.5,False,1357.5,682943.2,41936.25,0.1270714695279873,5331.532473671756,2,0.5370658446886769,наблюдается,0.37834007602948605,0.11302093197104916,-4.438801182447759,0.0,0.0,0.0,0.13591160220994475,0.4843462246777164,0.37974217311233893,11.140258460596302,0.5764705882352941,False
2088,15403.0,False,2343.0,1321572.9,46988.8,0.15213237249410325,7158.509688969221,2,0.4274122996636123,наблюдается,0.32661187569796507,0.12849185579051775,-11.526512147423695,0.11673068715322236,0.23175416133162613,0.0,0.22193768672641911,0.41442594963721724,0.015151515151515138,11.427407677242808,0.0707070707070707,False
2089,23722.75,False,5174.0,3225812.9000000004,51964.2,0.21810624099388415,11337.217826398639,2,0.4384412611515804,наблюдается,0.2986342253591829,0.15631932405605625,1.749139397323028,0.3385195206803247,0.12881716273676072,0.004348666408967916,0.1921144182450715,0.29406648627754156,0.04213374565133354,9.38888643118406,0.38753063925185505,False
2090,13533.0,False,2200.0,1266732.5,48009.9,0.16256953670060034,7805.03271049714,2,0.0,структурный ноль,0.3642393289870556,0.13478124611173323,-1.7634797420258135,0.2595454545454545,0.015,0.0,0.22613636363636364,0.39636363636363636,0.10295454545454541,11.109878080007803,0.6586604079620758,False
2091,10632.5,False,1357.5,703141.95,43189.350000000006,0.1276765355378217,5515.645987711729,2,0.0,структурный ноль,0.31645943650922803,0.11723225947114321,-2.0630845406198426,0.2718232044198895,0.010313075506445672,0.0,0.21141804788213628,0.3760589318600368,0.13038674033149178,9.605822449631615,0.5239972443355787,False
2092,20236.75,False,2618.0,1378133.15,43597.45,0.1294108517319189,5681.097859512046,2,0.0,структурный ноль,0.26574410429476253,0.1472405524594223,-2.8067473693269256,0.27635599694423224,0.13502673796791445,0.0,0.05213903743315508,0.37796027501909857,0.15851795263559965,6.078483224474237,0.8655279503105591,False
2093,14016.5,False,1714.5,895519.25,43536.7,0.12232051090761681,5326.820637070279,2,0.31096624752278873,наблюдается,0.3436226488821299,0.11636267148243196,1.9158897669284523,0.28550597841936426,0.0,0.0,0.215806357538641,0.44240303295421407,0.0562846310877807,12.012258506634016,0.5739116744032237,False
2094,11612.5,False,1532.0,820215.5,44675.84999999999,0.13191626391725592,5888.782562155357,2,0.0,структурный ноль,0.3017649735969783,0.14020284848103404,-3.8001127637923995,0.2669712793733681,0.0,0.0,0.1468668407310705,0.5251305483028721,0.06103133159268925,12.28399012948384,0.5364577718422442,False
2095,24275.5,False,3720.0,1673649.35,37472.1,0.15326747229681503,5750.134041769983,2,0.30142999001974097,наблюдается,0.3679350816331485,0.10574801638549267,-0.43559749844308154,0.21438172043010753,0.11693548387096774,0.0,0.1407258064516129,0.4875,0.04045698924731189,11.101649345046559,0.424415240187799,False
2096,11035.5,False,1409.0,811901.6,48047.549999999996,0.1276761967731227,6134.7394074787935,2,0.0,структурный ноль,0.3398826684540341,0.12426384029223264,-2.8729097617267265,0.31866572036905605,0.0,0.0,0.07913413768630234,0.36089425124201563,0.24130589070262598,12.630790665530135,1.0,False
2097,,False,,,,,,0,,нет данных,0.27469494872974215,0.1556776061253754,-8.769468219447173,,,,,,,,,False
2098,15024.75,False,4169.5,2823288.45,56402.5,0.2775199788702113,15666.726827356957,2,0.42884733984447365,наблюдается,0.3279367557275751,0.12301251168911338,7.006295978093708,0.27569252908022546,0.001798776831754407,0.0,0.14630051564935845,0.21933085501858737,0.3568773234200743,16.090858733897594,0.48662669447340984,False
2099,9145.75,False,951.0,584999.55,51265.05,0.1039853089520783,5333.170750033345,2,0.0,структурный ноль,0.3471784550765682,0.10104910231451439,1.3599614953764154,0.5515247108307045,0.0,0.0,0.03470031545741325,0.24868559411146163,0.16508937960042058,6.532461499562631,1.0,False
2100,9397.75,False,1079.5,574697.4,44342.2,0.1148802908793963,5100.235644353716,2,0.4414675151673683,наблюдается,0.32665022102283076,0.1277957134631693,-2.6032175769250796,0.0,0.0,0.0,0.19731357109773043,0.5636868920796665,0.2389995368226031,10.787086129679532,0.5827946415917635,False
2101,413434.5,True,116604.0,91115566.4,65117.7,0.2817372395046814,18346.03169233867,1,1.0,наблюдается,0.2764854516872571,0.17168889660426853,1.1599822787101568,0.002624266748996604,0.2691245583341909,0.0054800864464340845,0.3504082192720661,0.3583153236595657,0.014047545538746542,9.783336197382193,0.12067289603336792,False
2103,,False,,,,,,0,,нет данных,,,-0.6314357878375753,,,,,,,,,True
2105,21082.5,True,4625.0,2889220.0,52059.9,0.21843857743352382,11371.479399864607,1,0.7643436165605291,наблюдается,0.3096375386344479,0.15224313945864942,-4.540239705128518,0.022486486486486486,0.4345945945945946,0.0,0.1865945945945946,0.28562162162162164,0.07070270270270274,14.850985012910483,0.21266968325791855,False
2106,,False,,,,,,0,,нет данных,,,-9.68052452823335,,,,,,,,,True
2108,39670.25,True,10386.0,6541112.7,52482.899999999994,0.26070913084405395,13682.904926262943,1,1.0,наблюдается,0.27140794583291844,0.1529672408642836,-8.767904156904423,0.0,0.3745426535721163,0.0,0.2526477951088003,0.3587521663778163,0.01405738494126707,9.239197404277803,0.3389446200309032,False
2109,29637.75,True,9543.0,9618460.6,83991.5,0.32065993514893903,26932.960915755226,1,0.8507351700364089,наблюдается,0.2950409918016397,0.14887022595480903,-7.035347953990069,0.0,0.506758880855077,0.009011841140102693,0.20706276852142932,0.24164308917531174,0.0355234203080792,17.896065382071903,0.22601025678571557,False
2110,9813.0,True,1786.0,874802.1,40828.30000000001,0.18049519959575544,7367.374936836786,1,0.669224793326812,наблюдается,0.2962521125360374,0.14365245054180337,-18.208339620743423,0.0,0.060470324748040316,0.0,0.0851063829787234,0.5755879059350504,0.27883538633818583,11.820175972674548,0.49910209511140674,False
2111,30690.0,True,6608.0,3712435.8,46815.9,0.21445493785090708,10040.231395839419,1,0.6749712320019717,наблюдается,0.268006052995911,0.15940629125213304,-4.619839281647526,0.19612590799031476,0.22608958837772397,0.0,0.13756053268765134,0.41812953995157387,0.022094430992736003,15.913370536085203,0.33427224714645776,False
2112,4874.0,True,670.0,303072.7,37703.5,0.13684640522875818,5158.508646514161,1,0.6187937859424387,наблюдается,0.3125506072874494,0.15404858299595142,-7.718086726921905,0.0,0.0,0.0,0.1701492537313433,0.6865671641791045,0.14328358208955227,14.387744054065704,0.5606192597481163,False
2113,30367.0,True,8041.0,4724915.4,48969.7,0.26397688848035195,12926.133416499786,1,0.7030283148483929,наблюдается,0.28206466768899474,0.16072302522105125,-6.082140913601587,0.0,0.15085188409401815,0.0,0.480039796045268,0.3253326700659122,0.04377564979480164,8.887008327737933,0.4646683274830238,False
2114,9543.25,True,1129.0,514321.7,37967.0,0.11759804176865789,4464.3655712376085,1,0.6322753774584948,наблюдается,0.34554812146165725,0.14482758620689656,-8.399160083991601,0.09034543844109831,0.07794508414526129,0.0,0.10894596988485385,0.6439326837909655,0.07883082373782102,15.404111852307397,0.6289317700700211,False
2116,3966.5,True,675.0,275440.5,34026.2,0.1686656671664168,5735.476011994003,1,0.6955400184236264,наблюдается,0.35452983059170146,0.14780260250429658,-8.372322088155627,0.0,0.08592592592592592,0.0,0.06222222222222222,0.5866666666666667,0.2651851851851852,16.042721134980717,0.6481481481481481,False
2117,11993.0,True,2052.0,939339.8,38152.2,0.17041773939041607,6500.981369210753,1,0.7640251091789279,наблюдается,0.2860673972151273,0.18423004037241492,-3.2092162106562436,0.0341130604288499,0.0,0.0,0.2977582846003899,0.615009746588694,0.05311890838206623,12.892268042330187,0.4226212052001812,False
2118,14235.75,True,1804.0,966372.4,44647.9,0.12632610902979588,5639.2306525215035,1,0.43280448363604074,наблюдается,0.3013917884481559,0.17244258872651358,9.924050632911392,0.08813747228381374,0.05044345898004435,0.0,0.14800443458980045,0.5620842572062085,0.15133037694013296,15.471488824095166,0.856992890837818,False
2119,59133.25,True,10519.0,7655684.6,60649.5,0.17931081507240448,10875.138998980057,1,0.08387883310802093,наблюдается,0.25883514655948997,0.18304344813249254,30.54086178581474,0.10048483696168838,0.3223690464873087,0.0,0.2885255252400418,0.27873371993535506,0.009886871375606177,5.587226892951426,0.7182482139314226,False
2120,19081.5,True,2334.0,1198860.0,42802.7,0.12175909019771507,5211.800302571861,1,0.6322668756874423,наблюдается,0.28230976013234077,0.16123862696443342,-10.833333333333334,0.0,0.2249357326478149,0.0,0.17994858611825193,0.5848329048843187,0.010282776349614497,20.629383565903964,0.3008663806540311,False
2121,22778.5,True,4505.0,2395010.5,44298.4,0.19720714410786203,8736.832793439562,1,0.6021051779821318,наблюдается,0.32461371055495103,0.12809575625680086,-1.7986400526431237,0.013318534961154272,0.18823529411764706,0.003551609322974473,0.14672586015538291,0.48057713651498335,0.16759156492785798,11.463613678369178,0.485725932785903,False
2122,7258.75,True,5734.0,4792752.0,69657.2,0.7883412387433835,54911.115693957516,1,0.5045117820690921,наблюдается,0.2508558126797207,0.19101739011365193,-4.270560683289709,0.0,0.011510289501220789,0.0,0.029124520404604115,0.09068712940355772,0.8686780606906174,9.351976914297142,0.28282229965156797,False
2123,,False,,,,,,0,,нет данных,,,4.789977892409728,,,,,,,,,True
2124,68116.25,True,14320.0,10199175.9,59351.2,0.209346012996411,12425.26076882031,1,0.7556694964036746,наблюдается,0.307315375916959,0.14967090956536866,-9.901199867230702,0.0717877094972067,0.37451117318435756,0.00803072625698324,0.20977653631284915,0.3349860335195531,0.0009078212290503096,13.402153127706217,0.3000328988928846,False
2125,8544.5,True,1319.0,616043.0,38926.4,0.15371168861438061,5982.626345025832,1,0.5693551625686191,наблюдается,0.3048301363531315,0.16662814883290963,-4.000222234568587,0.0,0.0,0.0,0.07808946171341925,0.6512509476876421,0.2706595905989386,12.638440553793446,0.05933562428407789,False
2126,12644.25,True,1936.0,1216105.4,52338.8,0.15269945182789763,7993.226065123372,1,0.7117116795125933,наблюдается,0.2720640150623676,0.18427865380089434,-3.956629256229789,0.0,0.047520661157024795,0.0,0.09865702479338843,0.4080578512396694,0.44576446280991733,8.39317793299471,0.4308061749571183,False
2127,3848.75,True,559.0,245362.8,36594.0,0.14442578478232787,5282.754166128408,1,0.0,структурный ноль,0.3300970873786408,0.20516096065406234,-12.754783043641366,0.0,0.0,0.0,0.08765652951699464,0.7298747763864043,0.18246869409660105,18.3820775608766,0.017241379310344827,False
2128,24436.75,True,3336.0,1723700.6,43062.2,0.13599951079312664,5855.8762578392,1,0.6099977851350283,наблюдается,0.26105603884280804,0.19761278575763705,1.0418962511771424,0.0,0.3723021582733813,0.0,0.10641486810551559,0.415167865707434,0.10611510791366907,9.96919601665085,0.19273736508135567,False
2129,13861.5,True,1425.0,647002.0,37841.2,0.1024001149755677,3874.44907540481,1,0.5365819425342515,наблюдается,0.296541889483066,0.16934046345811052,-5.446029844243546,0.0,0.0,0.0,0.10596491228070175,0.6617543859649123,0.23228070175438598,12.751129639948976,0.05084745762711864,False
2130,3704.25,True,480.0,211450.8,36728.6,0.1290843081887858,4738.711846174533,1,0.4755992327737529,наблюдается,0.31251668001067523,0.1635975447024286,1.6317650258362797,0.0,0.0,0.0,0.10416666666666667,0.7270833333333333,0.16875000000000007,9.886788863854754,0.7505217391304349,False
2131,22849.75,True,4204.0,1938225.0,38418.2,0.18312098442774694,7035.554829576391,1,0.7829823214961487,наблюдается,0.2949984896215423,0.16864454321840072,-4.855842185128983,0.0,0.31232159847764035,0.0,0.13820171265461464,0.5154614652711703,0.03401522359657472,12.1884850044809,0.15193839000290615,False
2132,11410.5,True,1372.0,530666.6,32232.2,0.11982532751091703,3862.202328966521,1,0.3999100081109103,наблюдается,0.2700147454245815,0.16939890710382513,-5.368647100930565,0.027696793002915453,0.10787172011661808,0.0,0.21209912536443148,0.6005830903790087,0.05174927113702632,11.371317674356625,0.0401498127340824,False
2133,5072.25,True,734.0,315159.4,35791.8,0.14410523215863355,5156.235070841923,1,0.6309042817775821,наблюдается,0.32885514018691586,0.16491433021806853,-5.992074997583841,0.0,0.0,0.0,0.08038147138964577,0.7016348773841962,0.21798365122615804,13.651099416170046,0.23411371237458195,False
2134,14794.5,True,1207.0,618681.6,42725.4,0.08148798271671617,3480.745341614907,1,0.2760255825271233,наблюдается,0.2956152758132956,0.17107833232302821,7.542132487902553,0.0,0.0,0.0,0.17067108533554268,0.6644573322286661,0.16487158243579125,9.598174908561855,0.17487989018531228,False
2135,,False,,,,,,0,,нет данных,,,-9.138635037915614,,,,,,,,,True
2136,4814.0,True,610.0,274440.1,37497.3,0.12603305785123967,4725.208333333333,1,0.6180688331622186,наблюдается,0.33094848732624693,0.17477514309076042,-11.649294911097487,0.0,0.09836065573770492,0.0,0.05737704918032787,0.7426229508196721,0.10163934426229515,16.670334583014007,0.11212121212121211,False
2137,9952.5,True,1168.0,555242.0,39613.2,0.11697546319479218,4633.967618093807,1,0.5742092461081688,наблюдается,0.3047761194029851,0.15681592039800996,-8.796094920496834,0.0,0.08732876712328767,0.0017123287671232876,0.24914383561643835,0.6044520547945206,0.05736301369863006,16.980839202351916,0.5615384615384615,False
2138,6460.5,True,907.0,394998.1,36302.4,0.13992594878124034,5078.1407487401,1,0.5286097588985701,наблюдается,0.27371647509578545,0.2032183908045977,-5.096839959225281,0.0,0.05292171995589857,0.0,0.11466372657111357,0.5523704520396913,0.2800441014332966,10.216555825756911,0.12345098039215685,False
2139,8451.5,True,1157.0,492363.6,35453.5,0.13627797408716136,4832.779740871613,1,0.6020166225706571,наблюдается,0.2808451033033734,0.21115909886774833,-3.4513413167390055,0.0,0.08297320656871218,0.0,0.046672428694900604,0.6568712186689715,0.2134831460674158,13.414854695821726,0.7846815834767642,False
2140,20894.75,True,2776.0,1434471.8,43060.5,0.13247118894800888,5704.436385038137,1,0.31957666693755804,наблюдается,0.28775442425392606,0.1690942733785643,-4.714312653215161,0.004682997118155619,0.03494236311239193,0.0,0.14265129682997119,0.4834293948126801,0.33429394812680113,10.7264519147136,0.3369974039317133,False
2141,18875.75,True,1917.0,1144460.2,49758.5,0.10094520944682868,5022.073317360434,1,0.0,структурный ноль,0.29167533818938607,0.12070759625390219,-9.957143223753432,0.107981220657277,0.12623891497130935,0.0,0.03442879499217527,0.41679707876890976,0.3145539906103286,5.098920992706229,0.8315224182559282,False
2142,16212.5,True,4041.0,1954143.3,40301.0,0.2480967583497053,9997.86806237721,1,0.6803843042907933,наблюдается,0.2829855830646633,0.1943548877668958,-6.627703801891908,0.0,0.3382826033160109,0.0,0.09032417718386539,0.5167037861915368,0.054689433308587,15.428496492550952,0.4213682298311706,False
2143,7917.75,True,808.0,357147.4,36851.8,0.10165440020129585,3744.389926820574,1,0.4981463832058538,наблюдается,0.2835205992509363,0.15955056179775282,-8.749495221429532,0.0,0.0,0.0,0.11633663366336634,0.7314356435643564,0.15222772277227725,7.956925924790706,0.6682522903453136,False
2144,567104.25,False,132575.0,134067708.75,84272.1,0.23377754538996073,19705.299629424793,2,0.9640545849181946,наблюдается,0.21951208265930267,0.17726038843887107,-9.071069895481829,0.012951159720912691,0.20655855176315294,0.01925702432585329,0.34295681689609653,0.41827644729398455,0.0,9.892129488224858,0.39081213684529365,False
2145,2624.5,False,377.5,324827.30000000005,71699.5,0.14383954924310066,10315.451811878778,2,0.6945021135119216,наблюдается,0.2387815091304119,0.22281189044084013,0.5490516133082578,0.0,0.0,0.0,0.06754966887417219,0.6066225165562914,0.32582781456953636,15.527633685977145,0.6580682086730474,False
2146,37545.25,False,9095.0,10489856.899999999,96353.1,0.2421959808308401,23287.813745667394,2,1.0,наблюдается,0.19923817590547738,0.19163558359674562,-15.6965586105661,0.15766904892798242,0.06998350742166025,0.0,0.37130291368884,0.30780648708081365,0.09323804288070359,9.035251081085939,0.3658547725443867,False
2147,111614.0,True,16598.0,11789520.4,59191.5,0.1485492329998031,8792.847596374724,1,,нет данных,,,2.3181131634308887,0.0,0.0,0.0,0.0,0.0,1.0,,,True
2148,7232.5,False,3319.0,4687346.15,117808.9,0.45888658857550857,54050.80952887391,2,0.0,структурный ноль,0.2534621317608149,0.1788706074790687,-16.679720631280947,0.2955709551069599,0.11961434166917746,0.009038867128653209,0.2913528171135884,0.2487194938234408,0.035703525158180205,13.240089981089632,0.49238525205089734,False
2149,33280.75,False,5864.5,3383772.25,48269.25,0.17617660804607865,8473.875434555019,2,0.7388410853309684,наблюдается,0.2530826164942893,0.19233321977570073,0.5683924967975019,0.042799897689487595,0.19703299514025066,0.0,0.14417256373092335,0.5161565350839799,0.0998380083553585,10.648438546800163,0.35952315052811024,False
2150,11132.75,False,1530.0,1074825.05,58592.35,0.13742835479635354,8049.116479641874,2,0.0,структурный ноль,0.23314910016786927,0.21035226440453877,0.05387400669039204,0.0,0.003594771241830065,0.0,0.09901960784313725,0.7986928104575164,0.09869281045751632,11.092993951726779,0.567921457279479,False
2151,14416.0,False,2080.0,1517480.7,60911.05,0.14426405561378375,8775.054880906973,2,0.5359683412054571,наблюдается,0.24034997103620132,0.2008187301105342,-6.674831494778356,0.0,0.08653846153846154,0.0,0.15985576923076922,0.5269230769230769,0.22668269230769234,14.346998438446521,0.5647196117703932,False
2152,11035.0,False,1708.5,991749.3500000001,48507.95,0.1548097006852946,7489.528256042817,2,0.0,структурный ноль,0.281648973090829,0.21156485461175506,0.47356560095725403,0.07316359379572725,0.0,0.0,0.08867427568042142,0.707638279192274,0.1305238513315774,13.989615777510217,0.5096543192937096,False
2153,17411.75,False,8011.5,9025089.3,94006.15,0.4600961650143739,43203.43461186638,2,0.0,структурный ноль,0.23668875149790986,0.2208521569007447,-0.6625220043113206,0.40629095674967236,0.14760032453348312,0.018785495849716033,0.1619546901329339,0.2529488859764089,0.01241964675778573,17.58125633900161,0.6776611489980378,False
2154,20175.5,False,3407.0,2115980.55,51771.149999999994,0.16886763497134621,8742.042929679197,2,0.0,структурный ноль,0.26307296314752904,0.20722823867819137,0.32137442244277575,0.18315233343117113,0.07323158203698268,0.0,0.054886997358379805,0.37965952450836515,0.3090695626651012,10.384049433746876,0.5086876995675118,False
2155,32156.75,False,5777.0,5094105.55,73473.0,0.17965991052172306,13207.486485246096,2,0.6251983979880822,наблюдается,0.2653813218067545,0.1950453932209658,-5.254019848338582,0.0,0.10931279210662974,0.0019041024753332178,0.21767353297559286,0.6328544227107495,0.03825514973169464,15.138582332943152,0.31004941660546187,False
2156,12000.5,False,1799.0,1322601.85,61282.7,0.14991048478001692,9186.611931094414,2,0.0,структурный ноль,0.27382216405374615,0.19916128835498037,1.7508111637225972,0.11117287381878821,0.039744302390216785,0.0,0.0405780989438577,0.5022234574763758,0.30628126737076156,10.646460850406395,0.4555720945608992,False
2157,12070.5,False,2018.5,1565706.75,64672.350000000006,0.1672254625403951,10813.949559981982,2,0.0,структурный ноль,0.2541186052097477,0.21631449084227372,1.4832178912101355,0.007431260837255388,0.0,0.0,0.15382709933118652,0.7755759227148873,0.06316571711667085,14.167001390740777,0.41332595559391994,False
2158,11375.0,False,5981.5,7787549.800000001,108589.35,0.5258290233501404,57061.70160382133,2,0.0,структурный ноль,0.22105011725798385,0.23224887429255858,-0.5884167207350774,0.43383766613725655,0.06787595084844938,0.017052578784585805,0.23447295828805484,0.23271754576611217,0.01404330017554134,14.62551154430981,0.15915079650257516,False
2159,16496.75,False,2691.5,1555625.2,48204.350000000006,0.16314626206035143,7861.356293144016,2,0.0,структурный ноль,0.2508784537353541,0.21426630339927782,-8.92502137682333,0.31246516812186514,0.0122608211034739,0.0,0.0746795467211592,0.4313579788222181,0.16923648523128376,11.189691940729835,0.552978056866361,False
2160,6423.75,False,1333.5,1083698.75,67956.95,0.20752153316769542,14056.175880078974,2,0.0,структурный ноль,0.2233887870785627,0.2310162874831702,7.849355344794886,0.32208473940757404,0.0,0.0,0.02062242219722535,0.4146981627296588,0.24259467566554171,10.331433521033311,0.494964600672805,False
2161,89394.75,False,14202.5,10360962.6,60726.5,0.15886921602824022,9654.869598929636,2,0.0,структурный ноль,0.2250277518660727,0.2114136983717474,2.1796497511756154,0.22562929061784898,0.01908114768526668,0.026579827495159303,0.15923252948424574,0.38211582467875377,0.1873613800387255,6.645288389412295,0.691649512699641,False
2162,11607.25,False,1327.0,1044239.3,65615.1,0.1143231375111255,7498.500696532253,2,0.0,структурный ноль,0.25455867376517044,0.19821632250481175,2.667350790962387,0.0,0.0,0.0,0.1145440844009043,0.8108515448379804,0.07460437076111526,10.53194858174247,0.5090441611703027,False
2163,19650.5,False,2986.0,1682580.4,46999.15,0.1519502088776964,7138.017144305504,2,0.0,структурный ноль,0.2911552217399517,0.18088619175132442,3.7674415609781224,0.05910917615539183,0.019256530475552577,0.0,0.13379102478231747,0.7381111855324849,0.04973208305425325,9.97420556563296,0.6031163727016837,False
2164,538179.25,False,178290.0,169046278.8,78977.1,0.33129524767329505,26187.93835676661,2,0.8579528570551099,наблюдается,0.283540032018958,0.14879346081384479,0.8165814755694829,0.007454147736833249,0.37469011161590665,0.02553143754557182,0.3025464131471199,0.2897778899545684,0.0,16.294918627347887,0.14438720380991968,False
2165,69381.0,False,25534.5,18343314.4,58999.45,0.3683284089178781,22064.07113307753,2,0.8512779985440377,наблюдается,0.3168940158256895,0.12428154119277951,0.6034454962979056,0.0,0.324090935792751,0.008126260549452702,0.4979341674988741,0.15596545849732715,0.01388317766159508,11.892239161776386,0.2811863566210737,False
2166,3603.0,False,717.0,758154.15,88239.4,0.19899791457523336,17542.61011107475,2,1.0,наблюдается,0.2916624350142747,0.14382698557369977,4.010725451686521,0.0,0.00906555090655509,0.0,0.02301255230125523,0.25871687587168757,0.7092050209205021,7.250860607472402,0.11695906432748537,False
2167,62322.0,False,9316.0,5819426.5,51859.05,0.1495249613715081,7786.668213744779,2,1.0,наблюдается,0.27978354345710205,0.1521033757892664,-1.1484035054700104,0.0,0.5296801202232718,0.0,0.10428295405753542,0.36496350364963503,0.001073422069557739,8.306307876348404,0.07358396666818953,False
2168,56284.5,False,11107.0,7965048.4,59658.15,0.1973616687597617,11800.827218741062,2,0.6297625679300368,наблюдается,0.29796516434555864,0.1371923316636528,2.2792179807180704,0.06099756910056721,0.39349059151886195,0.0008553164670928243,0.18596380660844514,0.3581975330872423,0.000495183217790629,13.660424918354384,0.04377116782632108,False
2169,129525.5,False,29507.5,25905497.65,73175.0,0.2278156340015241,16675.595400412763,2,0.9040256632279626,наблюдается,0.2837815489617028,0.15021309196516125,2.3957371095753857,0.021994408201304754,0.38386850800643907,0.03290688807930187,0.23632974667457426,0.318275014826739,0.006625434211640968,11.260379665895167,0.19019326579549145,False
2170,1807.5,False,483.5,476832.6,81610.65,0.2676118528424879,22011.73006251338,2,1.0,наблюдается,0.2729835582792467,0.14528081276232374,-13.990698771817609,0.0,0.0,0.0,0.0,0.04343329886246122,0.9565667011375387,6.917976737642231,0.8333333333333334,False
2171,9156.0,False,783.5,409191.4,43584.4,0.0855690678907648,3725.4375200748277,2,,нет данных,0.2782205657743751,0.16725242207625252,-3.3723197443812816,0.0,0.0,0.0,0.21569878749202298,0.6687938736439055,0.1155073388640715,10.389250063363036,0.3255747525653678,False
2172,18507.25,False,2584.5,1561997.7999999998,50378.2,0.13965002374371355,7038.214488705811,2,,нет данных,0.3038339743699099,0.14079620072024274,-3.8767037295228275,0.01779841361965564,0.2582704585026117,0.0,0.09170052234474753,0.5507835171213,0.08144708841168513,10.191700075437591,0.06620662509382012,False
2173,49376.75,False,6984.5,5031569.5,60043.05,0.14145353181825226,8493.686979299226,2,,нет данных,0.2772368019234832,0.164987485495695,5.675831440325241,0.03156990478917603,0.2641563461951464,0.0,0.22413916529458086,0.41133939437325506,0.06879518934784168,11.33121824386333,0.3111971982533342,False
2174,33916.75,False,3513.5,2350121.3499999996,55732.85,0.1035932834269226,5775.929894488514,2,,нет данных,0.32519097763847693,0.12756057089630854,4.357356966421248,0.009392343816706988,0.21517005834637826,0.0,0.1973815283904938,0.5343674398747688,0.043688629571652204,10.791812712736455,0.35752931966379986,False
2175,13706.25,False,3015.5,2307585.7,63735.0,0.2200220422563749,14040.038477797414,2,,нет данных,0.26132199632317277,0.1577812535363823,-1.0796043950669765,0.2976289172608191,0.0,0.0,0.07875974133642845,0.2306416846294147,0.39296965677333784,8.299302780394488,0.5397802221196688,False
2176,14745.0,False,2032.0,1215410.6,49926.85,0.1378021419978555,6871.196736700387,2,,нет данных,0.3162815934068379,0.12208080700267837,0.17094283632588966,0.0,0.2106299212598425,0.0,0.09596456692913385,0.4926181102362205,0.20078740157480313,8.985647054471801,0.02337819365626867,False
2177,26668.75,False,2336.0,1551842.35,55446.5,0.08758983311180038,4850.213841450331,2,,нет данных,0.33646679602522556,0.10139090173287212,5.92956902034837,0.03488869863013699,0.0,0.0,0.1875,0.5507277397260274,0.2268835616438356,15.876007003943197,0.40472922430557096,False
2178,8143.25,False,1099.5,717645.85,54308.75,0.13503969263688115,7350.042397426396,2,,нет данных,0.3163342121892766,0.1389690991343637,-2.923491683570025,0.29376989540700316,0.0,0.0,0.08913142337426103,0.5134151887221464,0.10368349249658937,7.798184334399527,0.7162698412698413,False
2179,38515.5,False,5502.0,3688052.6500000004,55908.100000000006,0.14284993707509497,7981.457517947483,2,,нет данных,0.30978215584125196,0.14106390075742822,3.2163995335630005,0.0,0.3831334060341694,0.0,0.16657579062159214,0.4372955288985823,0.012995274445656069,14.724753452179568,0.2874327424863803,False
2180,73293.25,False,7198.5,4413451.55,51085.2,0.09821562876060123,5018.871612283274,2,,нет данных,0.28752434562622414,0.15005542586099654,5.026669149034197,0.04007779398485796,0.2671389872890185,0.0,0.13252760991873308,0.5410154893380565,0.019240119469333905,8.630103558849505,0.2604185765156062,False
2181,10637.5,False,1784.0,1110425.05,51882.7,0.16770899777363912,8701.33478496175,2,,нет данных,0.2976319773430495,0.12540058753982009,-0.39916473425120547,0.2320627802690583,0.0,0.0,0.2556053811659193,0.3382847533632287,0.17404708520179368,11.844970434069618,0.025,False
2182,11767.25,False,1472.5,892572.1,50404.3,0.12514162342428797,6322.63984957319,2,,нет данных,0.31229275966996883,0.1366612365294145,6.993259068934254,0.0,0.05840407470288625,0.0,0.10831918505942276,0.6200339558573854,0.21324278438030553,11.206040335368083,0.05829021825959934,False
2183,29518.0,False,4668.0,2996534.75,53412.399999999994,0.15814664978623455,8460.508374733512,2,,нет данных,0.25098621598868154,0.15595459820162147,8.385112970588311,0.18187660668380462,0.22879177377892032,0.011139674378748929,0.18026992287917737,0.390745501285347,0.007176520994001789,9.688924768205734,0.1514560193066916,False
2184,34473.5,False,4521.5,2922309.1,53849.65,0.13116738047286003,7070.310538197915,2,,нет данных,0.32156413173711906,0.12657790481292366,0.675341501209307,0.0,0.21132367577131483,0.006192635187437797,0.2076744443215747,0.5284750635850934,0.04633418113457921,9.922989560669244,0.517082988505584,False
2185,11070.75,False,1179.5,646571.3500000001,45730.95,0.10653902549305419,4869.221788909116,2,,нет данных,0.28136329853604114,0.1631086265370772,3.7667497748564798,0.0,0.0,0.0,0.1661721068249258,0.5832980076303519,0.25052988554472233,9.348395438953801,0.4001499927745715,False
2186,75302.25,False,17409.0,14061722.55,66838.9,0.23122199959129394,15567.570419929521,2,,нет данных,0.2873449690006472,0.1426698404070204,1.9743675405814964,0.04715951519329083,0.5334309839738066,0.0,0.16123843988741454,0.24946866563271872,0.008702395312769173,11.694949807061494,0.3347452006113324,False
2187,18257.75,False,2465.0,1507988.4,50951.8,0.13501339525652414,6884.352500829547,2,,нет данных,0.2654441544320001,0.17108983938289335,-5.783086293273667,0.19026369168357,0.009330628803245436,0.0,0.12352941176470589,0.5332657200811359,0.14361054766734282,10.522380258046603,0.38139835226389385,False
2188,101638.5,False,18844.0,15216996.0,67189.15,0.1854309550474572,12487.88488134039,2,,нет данных,0.2848514873498118,0.1495477390708079,-9.352144256393965,0.06182339206113352,0.41610061558055617,0.010135852260666526,0.16809063893016346,0.34384950116748036,0.0,8.152981567512224,0.26900752156274416,False
2189,30338.5,False,4586.5,4208243.5,76388.95,0.15118192444887443,11563.06154074103,2,,нет данных,0.2935015278067239,0.13131455953375226,1.3030926465925412,0.11849994549220538,0.41218794287583127,0.0,0.10094843562629456,0.33598604600457865,0.032377630001090285,10.679487768666936,0.3849942861912811,False
2190,862472.75,False,211409.5,249819114.10000002,98457.9,0.2451234337556902,24129.033430573312,2,1.0,наблюдается,0.21019359154271489,0.21988863659833505,3.5514101417857287,0.03814161615253808,0.1634505544925843,0.07324410681639189,0.3913329344234767,0.33383315319321033,0.0,9.134469752991581,0.41767616207272473,False
2191,47410.75,True,8675.5,5916850.75,56940.8,0.18298426119470684,10400.147363207005,2,0.5734871307778099,наблюдается,0.24284110413278231,0.20443763615460475,0.27443121358755523,0.18448504408967784,0.23255143795746644,0.0,0.14379574664284478,0.4221082358365512,0.01705953547345973,14.445527118751116,0.33221307161359265,False
2192,67330.0,False,14546.5,10441444.8,59855.25,0.21604800019834255,12923.119208258015,2,1.0,наблюдается,0.23118430916144334,0.17439812538061614,1.908779231238468,0.004880899185371051,0.20561647131612415,0.027876121403774105,0.3713264359124188,0.3901625820644141,0.000137490117897765,10.957194455249546,0.1266382259587649,False
2193,102855.75,False,25684.5,27160500.549999997,87974.29999999999,0.24971780122728784,22007.918218467756,2,0.9681850853281317,наблюдается,0.22090196391312136,0.2322261399442455,-1.8693440651045294,0.005236621308571317,0.2517276956919543,0.07072358815628102,0.345383402441161,0.32494305904339194,0.0019856333586403263,6.437448457904923,0.41481511541621396,False
2194,38911.5,False,6591.0,4635277.85,58676.7,0.16938355300787133,9927.26059051409,2,1.0,наблюдается,0.2586748095277901,0.1932774518407926,5.05230497199546,0.0,0.19746624184494008,0.0,0.29305113032923685,0.4602488241541496,0.049233803671673515,10.70381152300584,0.13632380724904491,False
2195,18634.25,False,1977.0,1274645.0,53781.75,0.10609210437780313,5701.959022873501,2,0.0,структурный ноль,0.26160593051738834,0.20355281619215265,-2.4496477961547387,0.1120384420839656,0.04881133029843197,0.0,0.18158826504805262,0.6385938290338897,0.01896813353566007,9.391192617287391,0.0,False
2196,9300.25,False,963.5,575734.8500000001,49819.55,0.10359819223794142,5159.975741862807,2,0.0,структурный ноль,0.2606115684807013,0.20686821167950217,-3.0839706012715564,0.0633108458744162,0.03528801245459263,0.0,0.048261546445251685,0.5998962117280747,0.25324338349766473,9.125724042549665,0.5291125429044857,False
2197,10235.0,False,1130.5,696583.8,51425.600000000006,0.11044875251986733,5673.993427646244,2,0.0,структурный ноль,0.2972268360201922,0.20334636052760136,-7.913048816619377,0.0880141530296329,0.05661211853162318,0.0,0.05749668288367979,0.18664307828394516,0.611233967271119,9.965706475424348,0.6141789815232622,False
2198,10706.25,False,1611.5,974493.6000000001,50425.55,0.1505197991538602,7589.9645146081975,2,0.0,структурный ноль,0.2772500495474245,0.21300290958227627,-7.0715713484977085,0.14861929878994726,0.042817251008377286,0.0,0.11542041576171269,0.5439031957803289,0.14923983865963386,10.962355580900706,0.5188154057099457,False
2199,17802.0,False,2553.0,1690836.75,55226.25,0.14340851281178899,7917.967199516344,2,0.0,структурный ноль,0.2460305076907638,0.2386885824361014,-6.2665139576405275,0.0,0.06717587152369761,0.010771641206423816,0.20329024676850763,0.6412064238151195,0.07755581668625144,12.088950163036156,0.7020727397104093,False
2200,14682.25,False,1676.0,994951.8500000001,49542.149999999994,0.11414540519003469,5649.191707831904,2,0.0,структурный ноль,0.262028851306708,0.2049843715276472,-6.907331869726239,0.10143198090692124,0.017601431980906922,0.0,0.12708830548926014,0.6697494033412887,0.08412887828162297,11.775196242905412,0.6387598246746902,False
2201,23396.75,True,4484.5,3014001.3,56107.2,0.19167053695316852,10735.572111996811,2,0.0,структурный ноль,0.2357964719331563,0.20247700850259523,-1.557487719709203,0.3407291782807448,0.027093321440517338,0.0,0.18653138588471402,0.4197792396030773,0.025866874790946515,11.283650290365339,0.5372306484978733,False
2202,25989.0,False,3282.0,2130247.35,54168.25,0.1262823208548397,6830.934560233007,2,0.0,структурный ноль,0.25210977438437254,0.2079183557288835,1.073273789773766,0.19622181596587446,0.054844606946983544,0.0,0.11425959780621572,0.5489031078610603,0.08577087141986595,9.311785608194203,0.61995306287941,False
2203,28178.25,False,2915.5,1878396.1,53595.25,0.10347509821411169,5556.88558448279,2,0.0,структурный ноль,0.2661556368609374,0.19694131803022386,0.37729630528529967,0.26702109415194647,0.1385697135997256,0.0,0.10461327388098096,0.4455496484308009,0.04424626993654601,7.168727246972002,0.7039473684210527,False
2204,19941.0,False,2473.5,1529658.9500000002,51567.9,0.12403954714403886,6394.048712136227,2,0.0,структурный ноль,0.2705256668073577,0.2036403251897097,-0.25276787066350137,0.24600768142308468,0.06023852840105114,0.0,0.11279563371740449,0.5417424701839498,0.03921568627450989,12.874827541400256,0.22605831663800707,False
2205,27082.5,False,2942.0,1928671.45,54670.75,0.10863097787161662,5934.579416370671,2,0.0,структурный ноль,0.22770375840655105,0.22284747357999918,5.275615627771062,0.15193745751189666,0.07681849082256968,0.0,0.1463290278721958,0.5399388171312033,0.08497620666213457,9.743385185195002,0.5189673831915211,False
2206,18391.25,False,2851.0,1817553.15,53248.899999999994,0.15501326130895882,8236.457554846962,2,0.0,структурный ноль,0.2506251312136388,0.20771898740784014,-0.7804834302749508,0.09470361276745001,0.04559803577692038,0.0,0.21746755524377412,0.47755173623290076,0.1646790599789547,12.54013228821399,0.6829608938547486,False
2207,10756.25,False,1438.0,877150.3999999999,50837.399999999994,0.1336913324480919,6797.989398548743,2,0.0,структурный ноль,0.26030561953517517,0.20726976448370543,-1.160015367493997,0.20166898470097358,0.08588317107093185,0.0,0.028164116828929067,0.5166898470097357,0.1675938803894298,9.994453119710245,0.5806912425744809,False
2208,9225.75,False,1477.0,902180.05,51010.75,0.1600710558481539,8154.370402247785,2,0.0,структурный ноль,0.2462456273975694,0.22268922793578555,-9.189317744175163,0.14928909952606634,0.07210561949898443,0.0,0.07278266756939743,0.6364251861882194,0.06939742721733233,8.87524173093511,0.6428476037851037,False
2209,21640.75,False,2274.0,1896886.7999999998,69507.4,0.10508362361699097,7307.291875665822,2,0.0,структурный ноль,0.24026207743159278,0.21324361068801517,-3.302879514026285,0.0,0.08179419525065963,0.0010993843447669306,0.26363236587510996,0.45382585751978893,0.19964819700967462,7.255733227823354,0.9954016516516516,False
2210,143349.0,False,18066.5,16509781.100000001,76118.20000000001,0.12603741219122794,9590.70462318309,2,0.0,структурный ноль,0.21296228932595343,0.2202756486618333,18.569179717592093,0.17230786261865885,0.2225389533113774,0.02977887249882379,0.22475299587634573,0.3493759167519996,0.0012453989427947398,7.355004686861848,0.328646568424745,False
2211,18653.75,False,10695.5,14451681.05,112540.5,0.5733697546548763,64560.694795670744,2,0.0,структурный ноль,0.19472507475148532,0.2421427076522459,2.01057085448873,0.40872329484362585,0.05240521714739844,0.007012294890374457,0.3585620120611472,0.17152073301855922,0.0017764480388948733,10.802129260306906,0.5182627650662566,False
2212,19376.0,False,3092.5,1870876.8,50436.55,0.1596046903103852,8046.350920203666,2,0.0,структурный ноль,0.24211622902924573,0.22175223660715185,2.0902966062053014,0.41616814874696845,0.04494745351657235,0.0,0.09345189975747777,0.4058205335489086,0.039611964430072755,13.063841708449475,0.6243236528140497,False
2213,11085.5,False,1779.5,1082697.6,50704.899999999994,0.16052489647467122,8140.937278918399,2,0.0,структурный ноль,0.26323698865760004,0.18853904732954324,0.9899424445983227,0.2245012644001124,0.06293902781680247,0.0,0.025849957853329587,0.579376229277887,0.10733352065186852,14.218851289438996,0.5814617097792804,False
2214,15969.5,False,1431.0,909614.6499999999,52903.2,0.08960857000204411,4746.785212782417,2,0.0,структурный ноль,0.24536882231999468,0.2162275341160965,3.478446362486376,0.2529699510831586,0.08420684835779176,0.0,0.0363382250174703,0.5122292103424179,0.11425576519916147,6.4654458656607305,0.8734576252790143,False
2215,23162.0,False,2631.5,1834162.25,58049.4,0.11361371625172309,6599.566376153226,2,0.0,структурный ноль,0.2314228638175242,0.22873125689415813,1.3107241270829526,0.11875356260687821,0.05377161314839445,0.0,0.23902717081512445,0.5601368041041231,0.02831084932547978,11.041689780392762,0.9880678140370072,False
2216,111738.0,False,44824.0,67823094.55,126145.4,0.4012106712220865,50564.787423000846,2,1.0,наблюдается,0.12662219266234798,0.2072080693802274,7.833206392843165,0.12425263251829377,0.051523737283598076,0.018226842762805638,0.3199959842941281,0.4860008031411744,0.0,5.693855223722421,0.3830823430636859,False
2217,63735.0,False,26621.0,41297702.7,129349.15,0.4177275517342564,53959.521776799185,2,0.9930155697876694,наблюдается,0.13307604737971923,0.24738661777374943,9.823361764454862,0.37911798955711656,0.09315953570489463,0.012189624732354156,0.34839036850606664,0.16712369933511137,1.8782164456720984e-05,4.722510514360163,0.3885847547697416,False
2218,44129.5,False,10688.0,13526157.149999999,105537.5,0.24222805701908456,25529.28869407188,2,1.0,наблюдается,0.14995242747397258,0.25487483415306134,9.763795848279587,0.2906062874251497,0.08696669161676647,0.03195172155688623,0.22950973053892215,0.3397735778443114,0.021191991017964096,4.930631965299067,0.7941483559295621,False
2219,59584.0,False,16847.5,23640846.0,116790.75,0.2827416269035513,33057.2714841302,2,1.0,наблюдается,0.16980847665000023,0.2226387930688028,2.289816877783869,0.23721620418459713,0.12722955928179255,0.06799228372162042,0.29307018845526045,0.2645199584508087,0.009971805905920839,5.768893320010772,0.32461587549082943,False
2220,126579.75,False,43164.0,64668275.4,124826.1,0.341009269212624,42555.796569937054,2,1.0,наблюдается,0.19342477586760765,0.19315468115444692,4.758375240900675,0.37601936799184504,0.1027013251783894,0.024152071170419794,0.293554814197016,0.20358400518950978,0.0,5.387953289871107,0.39983719692005243,False
2221,290323.75,False,73621.5,97461383.4,110451.70000000001,0.2536107112517755,27966.07369016778,2,1.0,наблюдается,0.17242502794739661,0.20409082556204053,8.627007673772818,0.20216920328979984,0.09151538613041027,0.08265927752083291,0.30472076771051937,0.31815434350020033,0.0007810218482372511,8.130105588425032,0.36561499147224313,False
2222,63417.25,False,14930.0,19253197.8,107502.04999999999,0.23542842392568936,25293.93458271467,2,1.0,наблюдается,0.1756562359528004,0.23414537527632256,2.229613383510972,0.18908238446081715,0.14146014735432016,0.047722705961152044,0.24387139986604153,0.37749497655726727,0.0003683858004018825,12.571759435403365,0.19673894441859593,False
2223,16475.0,False,5507.0,7034851.75,106738.4,0.3343416358455411,35575.00874284223,2,1.0,наблюдается,0.14471251569529137,0.2653854101573315,7.350157210646766,0.4642273470128927,0.021972035591065916,0.02396949337207191,0.17813691665153442,0.16006900308698022,0.15162520428545478,8.196648084484007,0.23516550179055093,False
2224,40631.5,False,15533.0,20471478.450000003,109752.55,0.38228244292293556,41966.015490380334,2,1.0,наблюдается,0.15735546655805682,0.25063859351383894,-1.890795299256393,0.37690722976887914,0.07670765467070109,0.04857400373398571,0.26807442219790123,0.21248310049571878,0.01725358913281405,12.26425507186672,0.2984718848642249,False
2225,45436.0,False,9622.0,12266929.85,107251.9,0.21193102029678276,22499.629694226605,2,1.0,наблюдается,0.156866866566497,0.25848707244946256,15.71292712020923,0.3872895447931823,0.09971939305757639,0.0,0.20276449802535856,0.30773228019122845,0.002494283932654384,8.022298682111613,0.15133680555555556,False
2226,420126.75,False,117053.0,187804432.7,133511.65000000002,0.27856814223399673,37213.80244036116,2,1.0,наблюдается,0.15468306241707408,0.22690756487480396,18.548569283226403,0.159197115836416,0.10012558413710029,0.10693019401467711,0.33838944751522815,0.29513980846283305,0.00021785003374541478,5.931448675347299,0.1805658006890463,False
2227,41276.0,False,10232.0,13010239.850000001,106050.75,0.24789415547768967,26265.578083555847,2,1.0,наблюдается,0.19253492289892843,0.2422717610069282,3.079157323429896,0.14962861610633307,0.08883893666927287,0.006939014855355747,0.3151876465989054,0.4110144644253323,0.028391321344800602,8.101044905072527,0.4645822301833069,False
2228,39161.25,False,13422.5,22058898.5,136942.34999999998,0.3427581882383136,46930.7910753662,2,1.0,наблюдается,0.18750736648446253,0.2307821020422141,10.607055080068498,0.0,0.1294095734773701,0.017656919351834607,0.48698081579437513,0.30467498603091825,0.06127770534550192,9.300502445031881,0.3458501996867861,False
2229,28510.5,False,10583.5,17720764.7,139596.05,0.3712045106061025,51806.135154219344,2,0.6986527435547253,наблюдается,0.13578603922727456,0.2510452798761212,-9.081264331101682,0.08338451362970661,0.06250295270940615,0.018755610147871686,0.5509991968630416,0.2775074408277035,0.00685028582227043,9.189782046981186,0.6878239528795811,False
2230,22723.75,False,7310.5,10142326.05,115814.65,0.32170041116002496,37196.239096994876,2,0.5962883019064925,наблюдается,0.17796914067592828,0.2418636540702529,-0.149356370876136,0.014978455645988646,0.07639696327200601,0.02277545995485945,0.3873880035565283,0.4805416866151426,0.01791943095547499,13.15214159575239,0.5193205103256651,False
2231,30370.0,False,10537.0,13742061.45,108564.85,0.3469681361185638,37715.341729117805,2,0.6868932644199574,наблюдается,0.2299630341637636,0.22163749218941858,-0.2941072269999811,0.2211730093954636,0.06500901584891336,0.06610040808579291,0.2737496441112271,0.37316124134003986,0.0008066812185631989,11.717436104524717,0.3619395568938888,False
2232,47424.5,False,27843.5,42902392.2,128045.70000000001,0.5870469687738538,75356.05792050675,2,0.5180566639154667,наблюдается,0.15051607833756014,0.2096880767222065,6.118365348479622,0.5317219458760573,0.06114533014886778,0.11139045019483901,0.18199938944457414,0.11049257456857076,0.003250309767091064,5.850592877379154,0.5131385887688409,False
2233,38704.5,False,43031.5,60664086.45,117684.0,1.1118642666349094,130591.36814652332,2,0.8004582045812662,наблюдается,0.16688310818545646,0.228041087899923,3.3075855008525523,0.738854095255801,0.07608379907742004,0.014861206325598689,0.08714546320718543,0.08209102634116867,0.000964409792826082,13.394054074044307,0.5667551398719245,False
2234,32078.25,False,15236.5,22168403.1,121424.65,0.4749769859198063,57589.93193968841,2,0.5112643643628701,наблюдается,0.1986632761699011,0.21306217130378863,-6.622217173706375,0.42135661077019,0.05470416434220458,0.053325895054638535,0.23663571030092212,0.23322285301742526,0.000754766514619476,9.445669245472493,0.1724691745887113,False
2235,46593.0,False,11959.5,14153837.6,98687.65,0.2566833634864402,25312.96260359815,2,0.9411919778133314,наблюдается,0.22125453998043115,0.2182146984198417,-0.3213264355258507,0.1804841339520883,0.12048998703959196,0.000877963125548727,0.2384297002383043,0.44617249885028637,0.013545716794180374,8.091286225940657,0.30579395483641936,False
2236,129696.0,False,93989.5,149207860.05,132546.25,0.7248640616454554,95847.36663420012,2,0.6977269557755007,наблюдается,0.12050825519210887,0.2580224051988042,5.695269368292427,0.5960559424191,0.09865995669729065,0.11450747157927216,0.0952872395320754,0.09309018560583895,0.002399204166422808,7.906104583232796,0.6308132355964687,False
2237,19012.5,False,23584.0,37079263.7,130994.95,1.2404542698680907,162472.09640974522,2,0.0,структурный ноль,0.21482936622799115,0.19444904655640244,3.6941707255737617,0.7182411804613297,0.046811397557666216,0.04723541383989145,0.09618809362279511,0.07237957937584803,0.019144335142469493,13.728415235055001,0.6584592618366213,False
2238,49222.75,False,23472.5,45131572.05,160183.4,0.4768633283645273,76384.93996706928,2,0.9973700798126353,наблюдается,0.12909606079270902,0.21917269045808946,4.795107778509445,0.009564383853445522,0.07146660986260518,0.026733411438917883,0.4099691127915646,0.48230908509958464,0.0,10.099921248567131,0.17048378933785738,False
2241,29499.25,False,8616.5,12534804.15,121337.7,0.29209997400117066,35406.07576155506,2,1.0,наблюдается,0.11633336724186567,0.22363665788624626,1.9732169546678042,0.1838913712064063,0.08715835896245576,0.015319445250391691,0.3004700284338188,0.38919514884233736,0.023965647304590165,8.911459522487027,0.24849574140332897,False
2242,108139.5,False,70162.0,140337696.2,166448.6,0.6486790545096399,108059.5965618708,2,1.0,наблюдается,0.11549579930219372,0.23015753711673265,-11.16488743845798,0.24863886434252158,0.06542715430004846,0.21471736837604402,0.32002365953080014,0.1512143325446823,0.0,14.971834396811778,0.21208223547095695,False
2243,102915.25,False,32241.5,57105267.3,147584.15000000002,0.3132984883444787,46220.35982414197,2,1.0,наблюдается,0.16400433156990793,0.1939599161511562,7.129374023453245,0.256501713629949,0.10486484809949909,0.02090473458120745,0.31400524169160865,0.303738969961075,0.0,9.956889674919013,0.2635674335210309,False
2244,5634.25,False,4752.0,9520263.55,167056.6,0.8433968407155845,140866.81641297764,2,0.0,структурный ноль,0.12068662606874284,0.2509149458569968,-16.529409196118365,0.44728535353535354,0.056502525252525256,0.03009259259259259,0.11668771043771044,0.2772516835016835,0.07218013468013473,12.445137256387524,0.045622755797174404,False
2245,65351.75,False,39143.5,87084183.8,185466.35,0.5989520697017419,111071.40190656515,2,0.8681187328404301,наблюдается,0.12234772322891467,0.22170849114710875,-21.04570922979457,0.22008762629810824,0.08522487769361452,0.05458122038141709,0.45623155824083184,0.18327436228237126,0.0006003551036569688,10.80504539986692,0.33402392472288295,False
2248,17926.0,False,31055.0,62147987.900000006,167414.05,1.7329125090609372,288861.1411430981,2,0.0,структурный ноль,0.09229473570137459,0.31839995643569674,-5.71087356926512,0.3374335855739816,0.07116406375784898,0.3142328127515698,0.17404604733537274,0.1030590887135727,6.440186765410694e-05,10.699528858496578,0.5692792433400284,False
2249,9151.0,False,3201.5,4251291.75,110689.25,0.34985427025408905,38711.64462921738,2,0.0,структурный ноль,0.15348379248446647,0.2808114179394299,-3.0659252883771595,0.047165391222864284,0.021552397313759176,0.0,0.15461502420740278,0.5174137123223489,0.25925347493362483,11.201143883293348,0.6795473183532886,False
2250,16339.0,False,38785.5,69872874.05000001,151115.40000000002,2.3755247886241113,356386.1675703373,2,0.0,структурный ноль,0.09650002925927209,0.350369571801332,-8.586093094161042,0.21239896353018525,0.06417346688839902,0.4141109435227082,0.2348815923476557,0.07417720539892486,0.0002578283121268399,10.84775427476096,1.0,False
2251,633398.25,False,153594.5,116772025.35,63342.45,0.24249303599573052,15363.82101030053,2,0.9667044871936502,наблюдается,0.2590444308114951,0.1718968011927117,0.5317646904645383,0.005296413608560202,0.3039431750485857,0.01159546728561244,0.2979305899625312,0.3663965832109874,0.014837770883723067,15.36053474017774,0.22315697074097,False
2252,108807.0,False,27427.0,19709240.05,59846.85,0.2520802296428823,15099.320030854491,2,1.0,наблюдается,0.25687328607413823,0.18423645411671302,-0.7641295227934475,0.0,0.4461661866044409,0.025868669559193494,0.19624822255441718,0.3036241659678419,0.028092755314106488,10.36255031996879,0.34120006017022875,False
2253,16764.25,False,3248.5,2154090.05,54740.65000000001,0.19382478592425437,10715.697058290792,2,0.8009783786118563,наблюдается,0.3043167802682114,0.14791303962668073,4.356384632153962,0.0,0.48822533476989377,0.0,0.10574111128213022,0.3630906572264122,0.04294289672156382,6.710971218965853,0.6876691132125915,False
2254,7259.75,False,1112.0,468878.30000000005,35061.100000000006,0.15323258660043487,5390.759884926454,2,0.5962463619178984,наблюдается,0.3007984165660109,0.1445477673423226,-5.8363176102348975,0.0,0.0,0.0,0.049910071942446045,0.7909172661870504,0.1591726618705036,12.463661981848482,0.563774462601603,False
2255,34970.0,False,4510.5,2073549.7,38336.149999999994,0.128984954394664,4945.789320259222,2,0.6539437438803339,наблюдается,0.3174495274743565,0.1657351289223592,-3.7432687917906713,0.0,0.16295310941137348,0.02427668772863319,0.12060747145549273,0.6471566345194546,0.045006096885045976,14.303033817379765,0.5048145644623501,False
2256,14293.0,False,1872.5,830679.25,37077.8,0.13097959367789203,4846.296633436414,2,0.49525271258774595,наблюдается,0.34114577012780856,0.15212563511910404,-7.105636997971943,0.07102803738317758,0.13724966622162885,0.0,0.08865153538050734,0.6226969292389853,0.0803738317757009,13.050011991097138,0.75,False
2257,25860.75,False,3958.5,1932999.4500000002,41000.149999999994,0.15299204227428526,6231.14888454182,2,0.6829529906355415,наблюдается,0.3146725782934729,0.1419951243973765,-1.889222595166796,0.0,0.0713654161930024,0.0,0.2478211443728685,0.6248579007199697,0.05595553871415937,14.785093924893072,0.4562880826936843,False
2258,19534.25,False,2845.5,1229736.65,36010.7,0.14567931585608282,5250.184175839987,2,0.5157378577732826,наблюдается,0.3191347138799496,0.17843832554133943,-4.33861874628221,0.01809875241609559,0.08223510806536637,0.0036900369003690036,0.21191354770690565,0.6789667896678967,0.0050957652433667455,17.17659117377097,0.36841212635149456,False
2259,17908.75,False,2294.5,1082183.15,39140.15,0.1281694025720709,5041.620209610875,2,0.40508043929539544,наблюдается,0.3204147745715905,0.15269117237823143,-1.1305897749883829,0.04859446502505992,0.03268685988232731,0.0,0.13837437350185225,0.5868380910873828,0.19350621050337768,15.99059570222456,0.4828961795164523,False
2260,19814.25,False,2663.0,1244586.4,39025.600000000006,0.1343833973121479,5237.602659178912,2,0.4183906714901098,наблюдается,0.33206824259267054,0.15072103468924625,-1.1932315113915768,0.0,0.04262110401802478,0.0,0.18043559894855427,0.6199774690199024,0.15696582801351866,13.551656050991946,0.6156311009252186,False
2261,29187.75,False,3337.5,1807488.65,45160.45,0.11434999953988005,5166.112636571028,2,0.333256195601734,наблюдается,0.3275571915238474,0.14837659455982172,-7.477339058331695,0.06726591760299626,0.11056179775280899,0.0,0.10936329588014981,0.569438202247191,0.14337078651685398,8.416349824573386,0.7145452815829528,False
2262,21205.75,False,2971.0,1570607.25,44099.899999999994,0.14009885956588658,6176.365907667134,2,0.26344463095272724,наблюдается,0.3197017409136601,0.1660043746125368,-6.053931833319084,0.0,0.06496129249410973,0.049646583641871425,0.29131605520026926,0.5747223157186132,0.019353752945136415,11.129009256585919,0.7554951690821256,False
2263,11555.25,False,1333.5,618200.8999999999,38692.25,0.11540001273271558,4464.5525887216245,2,0.0,структурный ноль,0.33285822699163026,0.15710209494747687,-21.423555922473284,0.0,0.05474315710536183,0.0,0.2178477690288714,0.3629546306711661,0.36445444319460063,7.4438923409357285,0.8187229437229439,False
2264,19920.0,False,4961.0,2938463.8,49312.100000000006,0.24906725492195864,12299.933685819222,2,0.5258719925644383,наблюдается,0.25056032144493345,0.20874708126801872,-7.532594425887947,0.0,0.22394678492239467,0.012799838742189075,0.2838137472283814,0.33521467446079417,0.14422495464624063,12.885338390522705,0.8389197689125901,False
2265,11580.0,False,1844.5,1017044.9,45966.0,0.15928872406505756,7323.8960275595955,2,0.4127547884728613,наблюдается,0.31665609081175694,0.14558991385281533,-9.144947614802176,0.0,0.08538899430740038,0.0,0.3659528327460016,0.5424234209812957,0.006234751965302321,11.543989288297242,0.8052995689814507,False
2266,11228.75,False,1233.0,542250.7,36687.65,0.10980220399122018,4026.359455305621,2,0.34329420369964386,наблюдается,0.3080786392282201,0.16392956149666987,-1.9082223179088635,0.0,0.06001622060016221,0.0,0.15247364152473641,0.6857258718572588,0.10178426601784263,11.072466036759208,0.6328525641025641,False
2267,18997.75,False,3113.5,1861999.15,49831.59999999999,0.16390172697792493,8176.165111086724,2,0.6437483984111666,наблюдается,0.33481030398752165,0.16090135339203226,-0.5603722014521157,0.0,0.21984904448370002,0.0,0.10775654408222259,0.48241528826079977,0.1899791231732777,10.852426159372401,0.6400983288360903,False
2268,9539.75,False,1264.0,512546.35,33813.9,0.1325128246046232,4482.726866220628,2,0.4379329032514668,наблюдается,0.4446775180120193,0.10551533471440977,-6.056262473854411,0.0,0.0,0.0,0.08583860759493671,0.6669303797468354,0.2472310126582279,10.274855916817557,0.6883116883116883,False
2269,14547.0,False,1376.0,623257.3999999999,37763.7,0.09459143360578905,3573.6474277056795,2,0.39181516600760485,наблюдается,0.2981521678939605,0.15320133623867738,-5.501733233489825,0.0,0.07013081395348837,0.0,0.10574127906976744,0.7856104651162791,0.03851744186046513,10.392897614430176,0.9832154229213051,False
2270,14429.0,False,1616.5,699247.8,36127.0,0.11202145761646048,4042.706963657788,2,0.3884024295117719,наблюдается,0.3215180906101673,0.14156487928359357,-6.128406476003347,0.06650170120630992,0.03216826476956387,0.0,0.16640890813485926,0.6619239096814105,0.07299721620785649,13.062137901569345,0.7353968722982808,False
2271,15444.75,False,1576.5,727083.4,38505.7,0.10206697681789369,3925.5517397689505,2,0.33111457140473527,наблюдается,0.3823828644517743,0.142868896279777,2.093664420053309,0.01014906438312718,0.09673326990168093,0.0,0.16555661274976213,0.5997462733904219,0.12781477957500786,9.971506585368308,0.5762626262626264,False
2272,34835.5,False,4319.5,2498950.25,48230.350000000006,0.1239968850420777,5979.957974717037,2,0.2986277221201059,наблюдается,0.26283580195647216,0.18483351586070765,4.162699219699759,0.014237758999884246,0.032179650422502606,0.0,0.13890496585252923,0.619168885287649,0.19550873943743485,8.468436851441348,0.6397209574255592,False
2273,22933.0,False,3008.5,1490647.1,41323.350000000006,0.13118324887518307,5417.93655617156,2,0.16630394609916468,наблюдается,0.28947838937487835,0.16208397160788493,5.857011819584318,0.0,0.062157221206581355,0.0,0.16386903772644174,0.5426292172178827,0.2313445238490942,9.31001739899732,0.9199989421347721,False
2274,38961.5,False,6411.0,4737960.7,61454.35,0.1645621233837205,10140.134457623984,2,0.3014972467068153,наблюдается,0.2818410939578155,0.17587413932944646,-4.1186126010795485,0.07034783965060053,0.32592419279363594,0.0017158009670878178,0.21135548276399937,0.38784900951489626,0.002807674309780017,7.357605711280851,0.7249995095202615,False
2275,1178350.75,False,327662.0,302143585.85,76750.25,0.2780726302296248,21370.75504173702,2,1.0,наблюдается,0.21990011167617868,0.18877162317224452,-2.4594581241907765,0.0031312755217266573,0.34280294938076433,0.021429094615793103,0.2940606478627366,0.338580610507169,0.0,6.188787062286778,0.26742914363229703,False
2276,25179.25,False,4859.0,3102085.8,53074.95,0.19301830790064808,10277.566018135843,2,0.8826686317909257,наблюдается,0.30753084692984234,0.21000068046126416,-1.3132108542858483,0.0,0.31199835357069355,0.030356040337518007,0.11761679357892571,0.4074912533443095,0.13253755916855314,16.447891709653096,0.0,False
2277,,False,,,,,,0,,нет данных,,,-1.853991953674921,,,,,,,,,True
2278,10409.5,False,3048.5,2192481.1,59891.25,0.2928823060464011,17566.691567902802,2,0.9764591952663434,наблюдается,0.2704289184315507,0.194306279394802,-9.542802707117383,0.0,0.03657536493357389,0.023290142693127767,0.10136132524192226,0.3231097260948007,0.5156634410365754,12.140340131747502,0.3718099283691487,False
2279,147103.75,False,25973.5,20030437.8,64246.049999999996,0.17657065387974238,11352.731152396149,2,0.9853317666080241,наблюдается,0.22164582854871281,0.20147484560473344,-3.2534179706031554,0.0,0.36285059772460393,0.0,0.23235220513215393,0.36560340346892023,0.03919379367432185,6.803649011980451,0.33293591221151664,False
2280,37126.25,False,9569.5,6878244.6,59946.2,0.2577519732094148,15441.939257185477,2,0.9485195602388047,наблюдается,0.26889531813321066,0.18494294871552902,-2.4670431049045662,0.0008882386749568943,0.4476200428444537,0.0,0.13642301060661477,0.37358273682010557,0.041485971053868975,8.828237772720984,0.18875534848862258,False
2281,408793.0,False,109468.5,98903831.15,75301.6,0.26778456876573065,20162.75750715372,2,1.0,наблюдается,0.21619948555117033,0.2032062337982302,1.9394168062043557,0.0,0.42402152217304523,0.05739550646989773,0.2661861631428219,0.2386988037654668,0.013698004448768342,7.023096405381996,0.04050973831730089,False
2282,160688.25,False,39900.5,34130308.0,71262.85,0.2483117855705729,17703.496472709372,2,0.9158998348761219,наблюдается,0.25070302991992705,0.20367984533543093,4.0153613297633015,0.005689151765015476,0.4904575130637461,0.0,0.21200235586020225,0.2810867031741457,0.01076427613689046,9.967280116992862,0.07495792257488454,False
2283,86527.0,True,13531.0,9294430.9,57241.6,0.15627959622092352,8945.692041455884,1,0.8816902114506916,наблюдается,,,4.432513852846306,0.0,0.0,0.0,0.0,0.0,1.0,5.095060733011533,0.1625025519179216,True
2284,50970.75,True,7440.0,4676840.9,52384.0,0.14603268070072134,7649.771660369335,1,0.9963394106953725,наблюдается,,,8.137650558973899,0.0,0.0,0.0,0.0,0.0,1.0,6.005906855533573,0.030322252055310108,True
2285,32524.5,True,4751.0,2807774.8,49248.8,0.1461441446983912,7197.429429798928,1,1.0,наблюдается,,,4.9534724924384665,0.0,0.0,0.0,0.0,0.0,1.0,6.883301646522433,0.009928037439886054,True
2286,69786.0,False,11893.5,7609783.25,53355.899999999994,0.17042617687437595,9088.302808549033,2,1.0,наблюдается,0.25465825650690554,0.20299829122977736,1.865777219003445,0.0,0.27136671291041325,0.0,0.1998150250136629,0.5266321940555766,0.002186068020347265,8.950702867312643,0.13162388424682483,False
2287,23311.5,False,6033.0,3699086.55,51117.4,0.2588022278113852,13232.399180434688,2,0.8928290911987822,наблюдается,0.2955077706348742,0.18925469773435688,-4.064671801050001,0.0,0.2345433449361843,0.0,0.15340626553953257,0.3274490303331676,0.2846013591911156,8.68103870112373,0.36501146186799416,False
2288,44577.0,False,9010.0,5552587.800000001,51457.350000000006,0.2021167598292225,10382.146885711689,2,1.0,наблюдается,0.23058781590349553,0.17087008224589667,3.587112930709747,0.06614872364039956,0.37275249722530523,0.0,0.1304661487236404,0.4085460599334073,0.02208657047724749,11.903761785410735,0.01392951970983531,False
2289,37252.0,False,8427.0,6334849.050000001,62666.200000000004,0.22621577688134648,14175.056961763463,2,0.9973152638660968,наблюдается,0.2703342607705711,0.19026376091836206,3.451442897798804,0.0,0.5600450931529607,0.0,0.1462560816423401,0.2802302124124837,0.013468612792215562,13.61347755728308,0.19311838758500816,False
2290,8579.25,False,1198.5,618511.6,43098.65,0.1396992636730482,6007.629209583125,2,1.0,наблюдается,0.17107861072959207,0.20600506531809115,1.7541359013474853,0.0,0.0,0.0,0.0,0.41051314142678347,0.5894868585732165,2.9140083498053166,0.0,False
2291,31735.0,False,4076.5,2542254.55,52037.3,0.12845219382239165,6676.7926893278545,2,0.0,структурный ноль,0.2364223521085056,0.22738044358619564,-0.5463068652033592,0.1539310683184104,0.13504231571200784,0.0,0.08671654605666626,0.49527781184839936,0.12903225806451613,6.7236085172467845,0.08118588730593256,False
2292,39328.5,False,4877.5,3140815.55,53831.55,0.12401427370975626,6655.946581314802,2,0.0,структурный ноль,0.22542754317307098,0.2651336829602611,1.0212381464340574,0.17150179395181958,0.1177857508969759,0.0,0.08631471040492056,0.6200922603792927,0.004305484366991297,10.19615326427074,0.0005060728744939271,False
2293,54128.5,False,14482.0,11339279.85,65238.3,0.2675692820067201,17469.311904073056,2,0.9572974687940924,наблюдается,0.2896800496896582,0.18953007304838537,-3.039682911256729,0.0149495925977075,0.5050752658472587,0.015191271923767435,0.16289186576439718,0.2646388620356304,0.037253141831238734,11.2375321908129,0.3022639501469375,False
2294,23341.5,False,2534.0,1337590.75,44079.850000000006,0.10855300679728697,4777.949329854233,2,0.0,структурный ноль,0.24277612961016948,0.2179352673074464,-8.499185790926006,0.15805051302288872,0.0,0.0,0.11917916337805841,0.670678768745067,0.052091554853985755,11.193312119038426,0.5467833706914564,False
2295,24011.5,False,5813.0,4593872.3,65902.95,0.24208997422849568,15950.07981014601,2,0.0,структурный ноль,0.2744378398162487,0.2232883277035415,-0.5985163076542176,0.17512472045415448,0.0,0.0,0.08068123172200241,0.3354550146223981,0.4087390332014451,10.167329492907877,0.6295886509981138,False
2296,31262.75,False,6567.5,5074659.55,64469.55,0.21006531159220246,13535.453822064585,2,0.48628531941101033,наблюдается,0.28795153372334337,0.21284771269472136,-6.686796624693377,0.17982489531785306,0.047430529120669966,0.0,0.05177007993909402,0.47453368861819567,0.24644080700418725,12.251432941761925,0.5233168159430701,False
2297,47280.75,False,6196.0,3625378.4000000004,48851.55,0.13104508719531205,6390.435919357489,2,0.9750632877900234,наблюдается,0.2825900348919116,0.1857310344151355,4.107916343373806,0.23377985797288572,0.1317785668173015,0.0,0.10159780503550678,0.44544867656552617,0.08739509360877995,10.059725618366285,0.26632756309739214,False
2298,29689.75,False,3982.0,2664058.25,55856.15,0.13411778557585557,7478.263452152425,2,0.0,структурный ноль,0.2549432770732123,0.18607731147690293,2.7250095457069414,0.1816926167754897,0.18558513309894525,0.0,0.11451531893520844,0.4584379708689101,0.05976896032144652,7.447930847805151,0.7737043607733263,False
2299,43288.0,False,7811.0,5484725.7,58556.6,0.1804397749596116,10562.085614158652,2,0.6166807388051514,наблюдается,0.2746741070521237,0.19875436779729402,-3.625127610288249,0.013442580975547305,0.1684163359364998,0.0,0.3786326974779158,0.35584432210984507,0.08366406350019207,11.6404919571335,0.5492751452834617,False
2300,29133.75,False,4972.0,3114226.5,52255.15,0.17065361944600663,8913.417666021436,2,0.6455046487098023,наблюдается,0.3346442148246406,0.18171181458011046,-7.811536527035535,0.0,0.1580852775543041,0.0,0.10539018503620273,0.5280571198712791,0.20846741753821407,12.151126741803731,0.12608767255112557,False
2301,26216.75,False,4241.0,2461555.4,48422.65,0.16176368828691914,7830.196825054208,2,0.9249485097095188,наблюдается,0.2848023760842946,0.2063645039638507,-3.048491848597883,0.0,0.22706908747936808,0.0,0.11801461919358641,0.47642065550577695,0.17849563782126854,16.45293211607002,0.03006615085063958,False
2302,19311.0,False,1777.5,924712.7,43378.649999999994,0.09205203368387876,3994.36668936584,2,0.0,структурный ноль,0.2862165620514522,0.1991397392767177,-18.670623555595586,0.0,0.0,0.0,0.05682137834036568,0.7946554149085795,0.1485232067510548,9.147143664408702,0.6953110680302239,False
2303,55441.75,False,8326.0,5411921.7,54120.600000000006,0.1501858739361265,8139.957620229392,2,0.9768155208986885,наблюдается,0.2749340211546357,0.21621246588177473,-5.515459804757344,0.019877492193129953,0.25384338217631514,0.0,0.17739610857554647,0.4938145568099928,0.05506846024501555,8.61547306334132,0.06398700390816324,False
2304,49910.0,False,5034.5,3334893.8499999996,55266.75,0.10088388006950963,5564.953221610142,2,0.0,структурный ноль,0.2581170519842816,0.19263511095941177,23.72643981035111,0.1143112523587248,0.22901976363094648,0.0,0.09424967722713279,0.5287516138643361,0.03366769291885974,6.8477971209226265,0.8292888827115817,False
2305,27500.5,False,3587.5,2045438.15,47396.25,0.13046766417152933,6201.71908800935,2,0.0,структурный ноль,0.2631161733208389,0.2183779228372621,-3.151679138964307,0.0,0.0,0.0,0.07526132404181185,0.5804878048780487,0.3442508710801394,8.553518479775382,0.8772069833124747,False
2306,,False,,,,,,0,,нет данных,,,0.3163055511624229,,,,,,,,,True
2307,16938.25,False,3128.0,1999576.8,53322.75,0.18466752797451963,9844.008733920991,2,0.0870245739694485,наблюдается,0.3322894380075273,0.20128107097419629,-7.426091308001007,0.0,0.02637468030690537,0.0,0.05930306905370844,0.506074168797954,0.40824808184143224,10.583871052092984,0.8545640174572728,False
2308,13717.75,True,2242.0,1134267.7,42201.7,0.16343333231282386,6892.806497356531,2,0.7375177422494237,наблюдается,0.3103607494630817,0.20576658854761898,-4.014192712118789,0.0,0.12778768956289027,0.0,0.07493309545049064,0.5187332738626227,0.27854594112399633,13.83133392396049,0.5272503229862057,False
2309,18153.5,False,2366.5,1352935.75,47733.2,0.13034993816918344,6214.974248145056,2,0.0,структурный ноль,0.30931781034143946,0.23329116331367486,-9.912351960588577,0.07754067187830128,0.027466723008662583,0.0,0.0798647792098035,0.6165222903021339,0.19860553560109873,10.658870391596466,0.5483227687335734,False
2310,24270.0,True,5370.5,6398540.1,99242.6,0.2212863917730264,21971.76805494941,2,0.7488610096818005,наблюдается,0.2599933532276544,0.22141394805509135,-0.8647576362920861,0.0,0.0,0.0,0.0714086211712131,0.3985662415045154,0.5300251373242715,10.465523093974253,0.3980228435889834,False
2311,74187.75,True,17041.5,11221259.55,54950.15,0.22970193920988224,12606.909050857126,2,0.9361834518361272,наблюдается,0.2655983161212183,0.1806302254076023,-2.5858962489376056,0.09221606079277059,0.4170407534548015,0.0,0.16260305724261362,0.32491271308276853,0.0032274154270457434,9.617718815712147,0.28494837913885857,False
2312,92737.25,False,14616.5,12509283.85,71211.6,0.15763871725590178,11216.474534688263,2,0.0,структурный ноль,0.21419070431487866,0.2096516666798241,39.74322643341018,0.04132316217972839,0.2814285225601204,0.060855882051106626,0.23018506482400028,0.2956932234118975,0.0905141449731468,6.440883190151889,0.022451864796265403,False
2313,22813.0,False,2431.5,1254359.5,43013.1,0.10658649380124081,4586.343809060214,2,0.0,структурный ноль,0.2648160029749491,0.2324657461643756,-9.348833650624368,0.21262595105901708,0.009253547193090685,0.0,0.05120296113510179,0.6171087805881144,0.1098087600246761,6.179410989757934,0.3783329937979261,False
2314,30979.0,False,5691.0,4385695.5,64248.75,0.18370423633288568,11798.345117915349,2,0.0,структурный ноль,0.24459839234027764,0.2111570228009044,0.03733881159772613,0.16280091372342295,0.15445440168687402,0.005359339307678791,0.12352837814092427,0.4048497627833421,0.14900720435775794,6.815124880551082,0.0,False
2315,20979.5,False,2474.0,1298339.05,43803.0,0.11791552536181182,5159.366026202995,2,0.0,структурный ноль,0.30651316288700353,0.18423908971451058,-5.915006592367534,0.0410266774454325,0.01434923201293452,0.0,0.08023443815683104,0.6982619240097009,0.16612772837510104,11.063484707799807,0.6652313375121012,False
2316,28576.0,False,4104.0,2651980.0,53934.649999999994,0.14361377743272424,7735.377555839669,2,0.0,структурный ноль,0.24363491733324466,0.21444226801922792,-1.0258898256129763,0.3598927875243665,0.005969785575048733,0.0,0.09442007797270956,0.4043615984405458,0.1353557504873294,8.08821188959948,0.46202633335631516,False
2317,15107.0,False,1975.0,1164155.4,49266.0,0.1307049708380842,6426.47805035991,2,0.0,структурный ноль,0.26737002947509814,0.21098570751551982,-8.599553612852544,0.0,0.0,0.0,0.12126582278481013,0.6946835443037974,0.18405063291139245,10.805521233741462,0.4045032694141081,False
2318,567356.75,False,160939.5,136736001.75,70799.15,0.2836684969598182,20089.248551706703,2,1.0,наблюдается,0.24165459297161507,0.18100126440246678,-1.171303062410315,0.0012520232758272518,0.27091857499246613,0.020016838625694748,0.36474575849931185,0.342933214033845,0.00013359057285500242,11.213804567670845,0.19779379665121863,False
2320,171777.25,False,50017.5,40121106.1,66862.5,0.29118218854305855,19474.404762879887,2,1.0,наблюдается,0.28469888383689285,0.16808610465944196,-2.950545093164683,0.0,0.4726245813965112,0.008916879092317689,0.24203528764932275,0.2764332483630729,0.0,13.592049842850132,0.0931033984379652,False
2321,9142.0,False,1489.5,836936.4,46856.2,0.16292372864370996,7632.255510334052,2,0.0,структурный ноль,0.3076050696772479,0.16417511007001995,-6.831930881546764,0.04900973481033904,0.0909701242027526,0.0,0.17992614971466936,0.49748237663645517,0.1826116146357839,9.543702833394814,0.4693216916132098,False
2322,11821.0,False,1801.0,1049936.5499999998,48610.95,0.15235369294763668,7404.035826689361,2,0.4564636771426472,наблюдается,0.2898077875792527,0.1937913805416828,1.0217977377081606,0.17656857301499168,0.039700166574125485,0.0,0.12215435868961688,0.6229872293170461,0.038589672404219844,12.45498924270444,0.6550214872816826,False
2323,5323.0,False,1003.5,511698.75,42557.45,0.18850700960829167,8013.086964987637,2,0.0,структурный ноль,0.3606676193922712,0.14140895480997134,2.0106991494429356,0.01943198804185351,0.0802192326856004,0.0,0.06576980568011959,0.6621823617339312,0.1723966118584953,20.10194476780139,0.2777777777777778,False
2324,23819.0,False,5641.5,3831881.4,56643.05,0.2368491163866778,13415.343209975916,2,0.6537527066517842,наблюдается,0.2848050355431842,0.17985171527280738,-8.029720706378615,0.003633785340778162,0.04307365062483382,0.0,0.17654879021536826,0.4528051050252592,0.32393866879376054,12.580868720560494,0.28639111779842685,False
2325,20470.25,False,4010.5,2394558.6500000004,49869.600000000006,0.19591000479756943,9749.127771017753,2,0.6627454478728526,наблюдается,0.2927483498929918,0.19775177580043207,3.412567960177154,0.017952873706520385,0.08041391347712255,0.0,0.40094751277895524,0.47961600797905496,0.021069692058346856,16.32149638345909,0.2892946586559116,False
2326,9757.0,False,1645.5,888134.7,45070.45,0.16864042018122172,7586.6254313015725,2,0.5138783094044929,наблюдается,0.30959981916501966,0.17714880398422508,-0.1902898371539057,0.1783652385293224,0.08599209966575509,0.0,0.18808872683075054,0.5150410209662717,0.03251291400790024,12.797774023699537,0.3469634513394751,False
2327,9046.75,False,2180.0,1536883.95,58794.75,0.24096397507091616,14162.366730014171,2,0.6075406090112675,наблюдается,0.3034303845273738,0.17753296525993623,0.32727877242245407,0.0,0.05252293577981652,0.0,0.48325688073394496,0.4369266055045872,0.02729357798165133,19.09579866030606,0.2457550943317599,False
2328,11422.75,False,3252.0,2115594.95,54363.75,0.28462410487149026,15441.312557160803,2,0.0,структурный ноль,0.3679099493794791,0.14518642842036114,-3.881205641931878,0.008763837638376383,0.06811193111931119,0.0,0.4215867158671587,0.4294280442804428,0.072109471094711,10.6704680001941,0.5578743545611016,False
2329,19493.75,False,3378.5,2077294.7999999998,51281.55,0.17330817040888832,8882.742694169305,2,0.4873067736766396,наблюдается,0.3353158744318334,0.16149846129121548,1.2743042122540145,0.07547728281781856,0.08716886192097084,0.0,0.13852301317152582,0.6400769572295397,0.05875388486014499,10.16353362738982,0.5952898899940885,False
2330,8353.25,False,1531.5,846474.8500000001,46109.15,0.1833371026385894,8450.538331325086,2,0.5258996644388251,наблюдается,0.3198063019648054,0.1773687482528278,-4.317486572108635,0.02056807051909892,0.06072477962781587,0.0,0.20437479595168137,0.6101860920666013,0.10414626183480247,14.288717335794132,0.4745394009517799,False
2332,10196.25,False,1754.5,869147.7,41332.399999999994,0.17206537666994218,7108.930305490587,2,0.4970676416703023,наблюдается,0.3591509159589974,0.16022800565492878,-4.045628379141896,0.01909375890567113,0.05585636933599316,0.0,0.2396694214876033,0.6329438586491878,0.05243659162154457,14.197545327648006,0.09800737641689343,False
2333,58044.0,False,13480.0,8756153.649999999,54196.4,0.23223110865499044,12574.271958185112,2,0.7264701011752289,наблюдается,0.2864402532086122,0.17677380982699453,-0.9849689813757551,0.04502967359050445,0.3625741839762611,0.004673590504451038,0.22533382789317508,0.35222551928783385,0.010163204747774435,10.951191612451238,0.3891216926599968,False
2334,26396.5,False,5302.5,3967491.95,62387.2,0.20087736812874635,12528.302096544963,2,0.0,структурный ноль,0.3117579423931237,0.15261254179465145,2.073031363489226,0.39094766619519095,0.23809523809523808,0.0,0.10787364450730787,0.2628948609146629,0.0001885902876002099,6.591776586796198,0.759760078427421,False
2335,52425.0,False,8479.0,5287534.6,52051.65,0.16173270786338811,8406.009757174266,2,0.8419782190309913,наблюдается,0.27226375279841986,0.18844891207151693,3.082085754008644,0.008373628965679916,0.40960018870149784,0.012442505012383536,0.13751621653496873,0.43124189173251565,0.0008255690529543891,9.9023109043563,0.3275882183368001,False
2336,46211.0,False,8029.5,5102638.75,52974.4,0.1737589529193437,9206.114751438769,2,0.6907540505819751,наблюдается,0.2951972435169762,0.15153753341120815,-0.5988936334834218,0.045395105548290675,0.22504514602403636,0.0,0.19316271249766487,0.47742698798181704,0.05897004794819105,13.51577436761638,0.11368985852083305,False
2337,72263.25,False,14381.0,12178625.25,70571.79999999999,0.19903485001864374,14030.357578159446,2,0.03365975285180964,наблюдается,0.2377864493091799,0.19237666996756597,30.15757918481061,0.09616855573325916,0.1257562061052778,0.061191850358111394,0.4615117168486197,0.2509213545650511,0.004450316389680964,5.9881234522739835,0.5555846255960712,False
2338,67831.0,False,18918.5,16186135.1,71281.05,0.2789171779214442,19892.98260313212,2,1.0,наблюдается,0.2264457854546617,0.20353541046117668,-9.288313184381309,0.002669344821206755,0.09929434151756217,0.0035415069905119327,0.3248407643312102,0.5645003567936148,0.005153685545894238,12.66761571289314,0.3346422473309816,False
2339,9970.25,False,1290.0,872781.85,56405.3,0.1293886608578239,7300.130017847558,2,0.0,структурный ноль,0.2026855601731028,0.23253577331838773,-9.10859626111608,0.1437984496124031,0.0,0.0,0.0562015503875969,0.6864341085271318,0.11356589147286811,6.895687121096204,0.9182438394151383,False
2340,15305.75,False,2219.5,1613704.6,60547.95,0.14502199273695066,8792.325911943599,2,0.0,структурный ноль,0.1719585171054825,0.21013364359558317,-9.45107576950883,0.005631899076368551,0.0975444920027033,0.0,0.12345122775399865,0.6476683937823834,0.12570398738454613,8.403890788858098,0.5657308377896613,False
2341,23287.0,False,8622.5,9248789.6,89368.2,0.37028761083713113,33114.8086883051,2,0.863915799934461,наблюдается,0.20704551496839102,0.17342424753888103,-3.877544681278836,0.18196578718469122,0.13487967526819367,0.08640185561032183,0.3346477239779646,0.2562481878805451,0.005856770078283446,11.127354212969776,0.3911726178083771,False
2342,7471.25,False,1077.5,682693.9,52862.3,0.144212359983047,7618.938917897618,2,0.0,структурный ноль,0.22057494282903725,0.23976380018814555,-12.874114342137108,0.0,0.10023201856148492,0.0,0.06310904872389791,0.6389791183294664,0.1976798143851508,11.427270660719632,0.8117178652771946,False
2343,22007.25,False,3833.5,3989526.4000000004,85973.5,0.17422810398072816,15115.07483313889,2,0.7012903466502745,наблюдается,0.25200645916545816,0.1844845590711916,-0.8041140817347243,0.0,0.08490935176731447,0.22068605712795095,0.2873353332463806,0.37002739011347335,0.0370418677448805,11.01905451225394,0.6240219207413286,False
2344,13447.75,False,10020.5,22405220.2,186078.2,0.7450987011100421,138788.8078117005,2,0.9724112435513309,наблюдается,0.11942012949451022,0.21744161199372536,-4.888153452888091,0.24589591337757596,0.07754104086622424,0.012374632004390998,0.21785340052891572,0.44488797964173443,0.0014470335811587187,10.410615980339822,0.3821701303908601,False
2345,5156.0,True,2273.5,4333045.7,159066.85,0.44104527933722193,70007.84590428107,2,0.6774295040456673,наблюдается,0.14803413499382045,0.22629538637450017,35.87118906656338,0.11722014515064878,0.0,0.0,0.2467561029250055,0.3505608093248296,0.2854629425995161,13.093142878316707,0.6147680995475113,False
2346,3666.25,True,1122.0,1929058.6,143601.55,0.30601470311268547,43853.300374042345,2,0.5992403707228937,наблюдается,0.11071823600310254,0.253008559209378,3.259538055755647,0.04857397504456328,0.0,0.0,0.22771836007130125,0.4532085561497326,0.27049910873440286,13.501964299816606,1.0,False
2347,4817.25,True,4666.0,10642037.5,190558.5,0.9684409568352118,184195.531943474,2,0.8560135354951637,наблюдается,0.14834250515103334,0.21174202678079126,-31.447113960868855,0.3154736390912988,0.1564509215602229,0.09365623660522931,0.23960565795113586,0.12848264037719676,0.06633090441491629,17.230833615014408,1.0,False
2348,8693.25,False,3351.0,6264689.35,155842.8,0.3854707913065424,60055.28489464868,2,0.5664322019796675,наблюдается,0.16216568534710418,0.21425369143399575,22.15176182277761,0.1539838854073411,0.0,0.01611459265890779,0.337958818263205,0.21650253655625187,0.2754401671142943,12.538396450749612,0.9349290185557791,False
2349,7274.0,False,6695.5,14855612.2,183473.2,0.9204589492842472,170186.70003995698,2,0.7482688561822401,наблюдается,0.14457893267139657,0.17867642945629686,-8.981834516310935,0.343290269584049,0.18251064147561796,0.15249047867971025,0.11403181241132104,0.18116645508177134,0.026510342767530393,15.07086418108118,0.5722453222453222,False
2350,4914.25,False,1203.5,1788152.15,123918.1,0.2448948358039267,30328.502995510964,2,0.0,структурный ноль,0.08887299431357157,0.28166262199138026,-12.625953889042894,0.18155380141254673,0.0,0.0,0.13003739094308267,0.5355213959285418,0.15288741171582887,7.223661579722187,0.8064516129032258,False
2351,33657.25,False,17777.0,21747032.9,102057.54999999999,0.5281480985095764,53852.81207713597,2,1.0,наблюдается,0.2682148009071775,0.1547792979865813,-29.671057162501388,0.0,0.43322832873938233,0.002025088597626146,0.18673004443944421,0.3541092422793497,0.023907295944197604,,,True
2352,20429.25,False,14798.5,25294627.55,142788.3,0.7243356971293025,103224.42307789648,2,1.0,наблюдается,0.2682148009071775,0.1547792979865813,13.27232610814388,0.0,0.05568131905260668,0.06355373855458324,0.5642801635300875,0.24411257897759908,0.07237219988512356,,,True
2353,24012.5,False,43212.5,81916924.25,158410.95,1.7994748122131834,284330.499423236,2,1.0,наблюдается,0.2682148009071775,0.1547792979865813,-36.143515437857026,0.004790280590107029,0.03302285218397454,0.006282904252241828,0.42233150130170666,0.2884929129302864,0.24507954874168347,,,True
2354,22192.25,False,33948.0,46884127.2,115130.4,1.5297065923426618,176084.24457431515,2,1.0,наблюдается,0.2682148009071775,0.1547792979865813,0.9798292660325291,0.0,0.033816425120772944,0.00789442677035466,0.7485860728172499,0.11392423706845764,0.09577883822316491,,,True
2355,32688.5,False,24475.0,28378796.049999997,95778.15,0.7487729616329004,72351.76207848282,2,1.0,наблюдается,0.2682148009071775,0.1547792979865813,11.629153903760157,0.0,0.09419816138917263,0.017650663942798774,0.6721756894790603,0.2109090909090909,0.005066394279877429,,,True
2356,21732.5,False,18996.5,26602435.9,116568.70000000001,0.8741363410659517,102028.89922133932,2,1.0,наблюдается,0.2682148009071775,0.1547792979865813,11.156815969665876,0.0036322480456926274,0.19261442897375833,0.06909167478219672,0.49919722054062593,0.22530466138499197,0.010159766272734516,,,True
2357,36302.75,False,45484.0,68623725.05,125680.2,1.2528975085749918,157490.85619382848,2,1.0,наблюдается,0.2682148009071775,0.1547792979865813,-54.55119506684418,0.0,0.16300237446134905,0.022238589394072642,0.42799665816550875,0.3782758772315539,0.008486500747515668,,,True
2358,31593.0,False,14500.0,21649631.95,124360.05,0.4589579661570436,57092.175436393954,2,1.0,наблюдается,0.2682148009071775,0.1547792979865813,-0.5773747921913165,0.0,0.17248275862068965,0.033379310344827585,0.47258620689655173,0.21389655172413793,0.10765517241379319,,,True
2359,41279.0,False,13682.0,28131957.35,170523.09999999998,0.33140626353247515,56772.527964972054,2,1.0,наблюдается,0.2682148009071775,0.1547792979865813,15.190292653214179,0.0,0.15955269697412658,0.02437509136091215,0.5533182283291916,0.17873848852506943,0.08401549481070014,,,True
2360,36274.75,False,2038.0,2905177.2,119419.8,0.05619416350957998,6673.989406107625,2,1.0,наблюдается,0.2682148009071775,0.1547792979865813,5.800978327650242,0.0,0.016683022571148183,0.008096172718351325,0.5723748773307163,0.2664376840039254,0.13640824337585877,,,True
2361,61099.5,False,10035.5,16969021.55,140261.85,0.16423402431353196,23138.949433738315,2,1.0,наблюдается,0.2682148009071775,0.1547792979865813,9.291248674256375,0.0,0.1551990433959444,0.017936326042548953,0.48851576901997906,0.26650391111553984,0.07184495042598771,,,True
2362,6089.25,False,1374.5,1976537.5499999998,118193.94999999998,0.2254985228166953,27014.881538273163,2,1.0,наблюдается,0.2682148009071775,0.1547792979865813,-16.761186642271237,0.0,0.3259367042560931,0.2771917060749363,0.09494361586031284,0.11313204801746089,0.18879592579119675,,,True
2363,111051.75,False,8081.0,9321243.55,96405.9,0.07284791109046418,6987.14115061478,2,1.0,наблюдается,0.2682148009071775,0.1547792979865813,47.130736680983176,0.0,0.27676030194282886,0.0,0.45718351689147385,0.2234253186486821,0.0426308625170152,,,True
2364,39230.25,False,45713.0,70021538.95,127589.7,1.1652299253318215,148711.17508526234,2,1.0,наблюдается,0.2682148009071775,0.1547792979865813,-94.09603806667612,0.0,0.23589569706648,0.05891103187277142,0.3688447487585588,0.3301795988012163,0.006168923500973533,,,True
2365,90142.0,False,33024.5,42900905.75,108444.15,0.36635884905508453,39660.6657265766,2,1.0,наблюдается,0.2682148009071775,0.1547792979865813,11.392960944439245,0.0,0.20007872942815183,0.12649699465548306,0.4334206422504504,0.22312222743720572,0.01688140622870904,,,True
2366,60624.5,False,7291.0,9041483.25,103401.2,0.12026455245535907,12428.469364202047,2,1.0,наблюдается,0.2682148009071775,0.1547792979865813,6.911900884748711,0.0,0.0,0.0,0.004526128103140859,0.9083116170621314,0.08716225483472773,,,True
2367,61155.75,False,5150.5,6191503.35,100280.7,0.08421964856178404,8436.755870827626,2,1.0,наблюдается,0.2682148009071775,0.1547792979865813,25.852560322661677,0.0,0.22978351616347928,0.0,0.3277351713425881,0.3308416658576837,0.11163964663624892,,,True
2368,60269.5,False,11273.5,16326928.85,120753.4,0.18705089997779512,22577.363863277584,2,1.0,наблюдается,0.2682148009071775,0.1547792979865813,6.028185217016106,0.0,0.41757218255200246,0.13793409322748038,0.19709939238036103,0.1993169823036324,0.04807734953652376,,,True
2369,116599.25,False,7769.0,7915380.300000001,84772.0,0.06662848248761338,5656.6752851115125,2,1.0,наблюдается,0.2682148009071775,0.1547792979865813,12.55398795791417,0.0,0.0,0.010039902175312138,0.4815935126785944,0.47000901016861885,0.03835757497747461,,,True
2370,6525.75,False,2735.0,3414065.05,104746.65,0.4192161724471902,43588.10435286607,2,1.0,наблюдается,0.2682148009071775,0.1547792979865813,-7.451966241695098,0.0,0.0,0.0,0.0,0.05246800731261426,0.9475319926873857,,,True
2371,15612.25,False,8636.0,42794845.05,414017.65,0.5525182906134265,228208.06116499854,2,1.0,наблюдается,0.2682148009071775,0.1547792979865813,40.31920257734704,0.0,0.10577813802686428,0.006194997684113015,0.7606530801296897,0.07677165354330709,0.05060213061602592,,,True
2372,191955.25,False,22561.5,31475353.55,116235.9,0.11753719006404713,13657.403090765303,2,1.0,наблюдается,0.2682148009071775,0.1547792979865813,-3.361301400025862,0.0,0.09443077809542805,0.036145646344436316,0.5982979855062829,0.2688651020543847,0.002260487999468097,,,True
2373,70226.25,False,19738.0,33895397.55,143127.9,0.2810717357132345,40217.56887947179,2,1.0,наблюдается,0.2682148009071775,0.1547792979865813,4.850740659214746,0.0,0.043570777181072044,0.05595805046103962,0.4843955821258486,0.3667038200425575,0.049371770189482245,,,True
2374,94610.5,False,15654.0,21169575.6,112746.70000000001,0.16546224243225988,18641.0187665829,2,1.0,наблюдается,0.2682148009071775,0.1547792979865813,5.17174381075206,0.0,0.02743707678548614,0.12696435415868149,0.6429347131723521,0.198894851156254,0.0037690047272262994,,,True
2375,91724.0,False,20013.0,24622340.35,102787.65,0.21821451668414335,22366.406198609657,2,1.0,наблюдается,0.2682148009071775,0.1547792979865813,7.969077308227292,0.0,0.03942437415679808,0.05184130315295058,0.47161844800879427,0.2166841552990556,0.22043171938240147,,,True
2376,115346.75,False,11749.0,17374797.75,122966.0,0.10184292498840224,12545.739464669165,2,1.0,наблюдается,0.2682148009071775,0.1547792979865813,13.463559012574727,0.0,0.1575453230062133,0.005915397055068517,0.588901183079411,0.22508298578602434,0.022555111073282896,,,True
2377,119561.0,False,13499.5,18029465.9,111037.75,0.1128807396892598,12555.60817009339,2,1.0,наблюдается,0.2682148009071775,0.1547792979865813,40.80797872444527,0.0,0.2843809029964073,0.00966702470461869,0.12670839660728175,0.5733916070965591,0.0058520685951332085,,,True
2378,67901.5,False,15123.5,23030426.95,126712.25,0.22274224377749857,28273.052427837432,2,1.0,наблюдается,0.2682148009071775,0.1547792979865813,-64.32697382116378,0.0,0.22355936125896783,0.0,0.3450259529870731,0.10473765993321651,0.32667702582074254,,,True
2379,108991.0,False,16268.0,21976042.6,112575.55,0.14926062765572445,16805.275385786685,2,1.0,наблюдается,0.2682148009071775,0.1547792979865813,4.124406416249986,0.0,0.06439021391689206,0.0,0.20438898450946644,0.712380132776002,0.01884066879763946,,,True
2380,72366.25,False,48741.0,75846147.94999999,129395.85,0.6735525335440459,87350.62830413072,2,1.0,наблюдается,0.2682148009071775,0.1547792979865813,3.392537242720238,0.002061919123530498,0.29822941671282904,0.04739336492890995,0.44728257524466053,0.17698652058841632,0.028046203401653647,,,True
2381,76856.25,False,5973.5,6828886.4,94322.0,0.07774612444187731,7408.722581206064,2,1.0,наблюдается,0.2682148009071775,0.1547792979865813,5.772151108316291,0.0,0.033564911693312126,0.06721352640830335,0.1912614045367038,0.37431991294885747,0.33364024441282325,,,True
2382,81708.0,False,8691.0,10336157.15,98914.3,0.10636475157183183,10541.054233443221,2,1.0,наблюдается,0.2682148009071775,0.1547792979865813,5.076031016842724,0.0,0.13899436198366125,0.05298584742837418,0.344551835231849,0.4505235300885974,0.012944425267518156,,,True
2383,48212.75,False,3040.5,2929619.05,80570.20000000001,0.06306062664462594,5064.376240224367,2,1.0,наблюдается,0.2682148009071775,0.1547792979865813,3.903845343334116,0.0,0.0,0.0,0.179575727676369,0.5300115112645947,0.29041276105903635,,,True
2384,76778.25,False,4647.5,4226206.6,76117.7,0.06052585069947887,4587.667540546374,2,1.0,наблюдается,0.2682148009071775,0.1547792979865813,2.3300470534922924,0.0,0.0,0.0,0.1778375470683163,0.4064550833781603,0.4157073695535234,,,True
2385,59855.0,False,11375.5,16246343.399999999,119080.0,0.19005089233855593,22631.104495428182,2,1.0,наблюдается,0.2682148009071775,0.1547792979865813,-34.43345450181964,0.0,0.03758076568062942,0.01986725858204035,0.6217748670388115,0.24921981451364775,0.071557294184871,,,True
2386,76261.0,False,4242.0,3960519.85,77840.1,0.055623273657408476,4328.653239744066,2,1.0,наблюдается,0.2682148009071775,0.1547792979865813,2.2436103333226836,0.0,0.0,0.0,0.0429042904290429,0.8369872701555869,0.1201084394153702,,,True
2387,70630.5,False,2461.0,2234422.95,75662.75,0.03484463157337929,2637.108090252092,2,1.0,наблюдается,0.2682148009071775,0.1547792979865813,3.763155430541747,0.0,0.0,0.0,0.24969524583502642,0.6227143437626981,0.12759041040227548,,,True
2388,42745.0,False,17984.0,26457370.65,122366.2,0.42077455908243677,51603.381811013256,2,1.0,наблюдается,0.2682148009071775,0.1547792979865813,3.1314466688008076,0.0,0.3200900800711744,0.03764457295373665,0.5136788256227758,0.1015068950177936,0.027079626334519546,,,True
2389,33346.75,False,37617.5,49616022.15,109488.5,1.1282605015382328,124037.00342377891,2,1.0,наблюдается,0.2682148009071775,0.1547792979865813,5.95388786047285,0.0,0.4090782215724065,0.0412706851864159,0.4031235462218382,0.13689107463281716,0.009636472386522321,,,True
2390,38401.25,False,1289.0,1265546.35,81900.35,0.0335650554725506,2747.3490769550144,2,1.0,наблюдается,0.2682148009071775,0.1547792979865813,-1.2814026349701433,0.0,0.0,0.0,0.0973622963537626,0.6140418929402638,0.2885958107059736,,,True
2391,10464.25,False,10354.5,14870223.05,119672.80000000002,0.9895282331214907,118461.60389793366,2,1.0,наблюдается,0.2682148009071775,0.1547792979865813,7.540153765667539,0.0,0.08629098459606935,0.019508426288087306,0.5866048577912985,0.28736298227823653,0.02023274904630834,,,True
2392,145710.75,False,32105.0,37225075.8,96541.0,0.22032796646266525,21278.991707043606,2,1.0,наблюдается,0.2682148009071775,0.1547792979865813,15.291270335668079,0.0,0.38095312256657843,0.0,0.27727768260395574,0.32580594922909206,0.015963245600373765,,,True
2393,27429.75,False,7920.5,10468131.45,110256.3,0.28876589323155155,31796.1671117555,2,1.0,наблюдается,0.2682148009071775,0.1547792979865813,8.812643976128683,0.0,0.22984660059339687,0.0,0.19613660753740295,0.12455021778928098,0.4494665740799192,,,True
2394,2107.5,False,552.0,924007.45,139088.45,0.2618796797670263,36510.710560182546,2,1.0,наблюдается,,,6.179447061723933,0.0,0.020833333333333332,0.0,0.8559782608695652,0.06159420289855073,0.061594202898550665,,,True
2395,8573.75,False,3878.5,5265520.4,113073.6,0.45236752759094356,51176.90986901749,2,1.0,наблюдается,0.2682148009071775,0.1547792979865813,5.731379850699518,0.0,0.33891968544540413,0.0,0.04086631429676421,0.10790253964161403,0.5123114606162177,,,True
2396,1651.75,False,529.5,459666.1,72592.75,0.3208399964219123,23180.934136453947,2,1.0,наблюдается,,,-5.84048384048384,0.0,0.9848914069877243,0.0,0.0,0.0,0.01510859301227574,,,True
2397,2612.75,False,218.0,271148.75,103553.20000000001,0.08343738315224258,8648.977672838853,2,1.0,наблюдается,,,10.880250489082723,0.0,0.0,0.0,0.0,0.0,1.0,,,True
2398,75681.25,False,10018.5,12247789.45,101670.45000000001,0.13236264268526082,13479.630394253141,2,1.0,наблюдается,0.2682148009071775,0.1547792979865813,-14.138770734144378,0.0,0.09212956031342018,0.0,0.4368418425912063,0.28342566252433,0.1876029345710436,,,True
2399,57994.5,False,13231.0,17805829.15,112202.25,0.22814193330310656,25585.635189674715,2,1.0,наблюдается,0.2682148009071775,0.1547792979865813,7.4506641330228245,0.0,0.1536920867659285,0.023051923512961984,0.5082382284029929,0.3143753306628373,0.0006424306552793579,,,True
2400,43261.75,False,19256.5,31616100.950000003,136819.44999999998,0.4451162579880722,60903.8099791881,2,1.0,наблюдается,0.2682148009071775,0.1547792979865813,5.172828912324653,0.0,0.052397891621011085,0.010645755978500766,0.6897670916313972,0.15766104951574794,0.08952821125334309,,,True
2401,128488.5,False,9176.5,10272687.95,93299.0,0.07141881935417824,6662.640256853489,2,1.0,наблюдается,0.2682148009071775,0.1547792979865813,4.342532803693624,0.0,0.11899961859096606,0.0,0.35345720045769086,0.5165368059717758,0.011006374979567357,,,True
2402,61150.75,False,14823.5,18864637.9,105987.75,0.24240861744535536,25707.393703162306,2,1.0,наблюдается,0.2682148009071775,0.1547792979865813,2.699026684957533,0.0,0.5059196546024893,0.0,0.22356393564272944,0.19894087091442642,0.07157553884035472,,,True
2403,60106.5,False,7517.0,8413401.25,93279.75,0.1250767183687294,11657.984042966167,2,1.0,наблюдается,0.2682148009071775,0.1547792979865813,14.18128858947304,0.0,0.37208992949314884,0.00538778768125582,0.09691366236530531,0.32260210190235467,0.2030065185579354,,,True
2404,58613.0,False,3618.5,3346006.8,77052.2,0.061736713844105034,4759.042875897359,2,1.0,наблюдается,0.2682148009071775,0.1547792979865813,-35.81628615441891,0.0,0.0,0.0,0.40776564874948185,0.47588779881166227,0.11634655243885583,,,True
2405,128858.25,False,11532.5,12125610.2,86884.85,0.08947391557006554,7836.8608047721555,2,1.0,наблюдается,0.2682148009071775,0.1547792979865813,7.071030692646093,0.0,0.0,0.0,0.44968567092998046,0.4871450249295469,0.06316930414047262,,,True
2406,73376.0,False,6501.5,7519584.25,96237.95000000001,0.08877481526150649,8561.220319076972,2,1.0,наблюдается,0.2682148009071775,0.1547792979865813,53.025704532720965,0.0,0.17903560716757672,0.0,0.23348458048142737,0.5094209028685688,0.07805890948242711,,,True
2407,50388.0,False,6816.5,7494084.1,91701.6,0.13527070998935603,12396.445988402676,2,1.0,наблюдается,0.2682148009071775,0.1547792979865813,-0.3431569032645936,0.0,0.0,0.0,0.0685102325240226,0.8931269713195922,0.03836279615638527,,,True
2408,35660.75,False,3739.5,3371600.15,75197.7,0.10485951395702925,7881.854456525447,2,1.0,наблюдается,0.2682148009071775,0.1547792979865813,-0.7432867200223815,0.0,0.0,0.0,0.0,0.6355127690867763,0.36448723091322366,,,True
2409,28503.25,False,3044.0,3304863.55,90205.15,0.10675993006245549,9649.867974359906,2,1.0,наблюдается,0.2682148009071775,0.1547792979865813,29.568556284800238,0.0,0.3046977660972405,0.021353482260183968,0.35758869908015767,0.13748357424441524,0.17887647831800269,,,True
2410,44524.75,False,6317.0,5803538.75,76648.35,0.14188035824509865,10861.507148024455,2,1.0,наблюдается,0.2682148009071775,0.1547792979865813,4.873388342925839,0.0,0.07622289061263259,0.0,0.14563875257242362,0.6317080892828875,0.14643026753205635,,,True
2411,15496.0,False,2240.0,2122459.8,79014.0,0.14455626159562168,11413.45972889347,2,1.0,наблюдается,0.2682148009071775,0.1547792979865813,3.0360807737392004,0.0,0.0,0.0,0.24174107142857143,0.7421875,0.016071428571428514,,,True
2412,45967.75,False,8900.0,10791664.850000001,101267.8,0.19363313178511726,19560.46746990206,2,1.0,наблюдается,0.2682148009071775,0.1547792979865813,9.844562931008474,0.0,0.1460112359550562,0.0029775280898876404,0.2051685393258427,0.6142134831460674,0.03162921348314607,,,True
2413,2451.5,False,47.0,43419.100000000006,79061.95000000001,0.019167450102747986,1475.6327993488467,2,1.0,наблюдается,,,-0.10248901903367555,0.0,0.0,0.0,0.0,0.0,1.0,,,True
2414,1488.25,False,323.0,257871.95,66619.1,0.2170217535438142,14439.603792017975,2,1.0,наблюдается,,,11.458808624859397,0.0,0.0,0.0,0.0,0.4086687306501548,0.5913312693498451,,,True
2415,1653.5,False,263.5,246304.95,77730.65,0.15940054408696613,12428.983372793526,2,1.0,наблюдается,,,-0.26673171192407014,0.0,0.0,0.0,0.0,0.0,1.0,,,True
2416,9893.75,False,3486.0,5813418.65,138928.0,0.3523404557430907,48957.652529917366,2,1.0,наблюдается,0.2682148009071775,0.1547792979865813,8.923110008244514,0.0,0.0,0.0,0.0,0.9472174411933448,0.052782558806655167,,,True
2417,2954.75,False,310.5,235882.9,63708.25,0.10518503822255537,6654.634965351004,2,1.0,наблюдается,,,6.274781175639172,0.0,0.0,0.0,0.27375201288244766,0.0,0.7262479871175523,,,True
2418,309.75,False,9.0,7559.8,78686.4,0.02936378466557912,2055.410549211528,1,1.0,наблюдается,,,-21.86771435972714,0.0,0.0,0.0,0.0,0.0,1.0,,,True
2419,801.25,False,584.0,526352.05,75189.1,0.7291195684616002,54872.91631111661,2,1.0,наблюдается,,,51.02456657031529,0.0,0.0,0.0,0.0,1.0,0.0,,,True
2420,1996.75,False,390.0,399318.6,85306.85,0.19533221120439886,16663.448984941566,2,1.0,наблюдается,,,43.3328222060737,0.0,0.0,0.0,0.0,0.0,1.0,,,True
2421,807.75,False,420.0,420550.05,83825.6,0.5199437666245951,43389.11841462957,2,1.0,наблюдается,,,0.4382246577137776,0.0,0.0,0.0,0.0,0.8333333333333334,0.16666666666666663,,,True
2422,38670.25,False,7010.0,7200215.550000001,85643.25,0.18127371874036613,15520.608776513163,2,1.0,наблюдается,0.2682148009071775,0.1547792979865813,-1.2630748178100522,0.0,0.15199714693295294,0.0,0.18388017118402283,0.5552781740370899,0.10884450784593436,,,True
2423,44995.75,False,62013.0,108497304.35,146763.05,1.3781378689777932,200946.0656364349,2,1.0,наблюдается,0.2682148009071775,0.1547792979865813,-95.69273336042497,0.012190992211310531,0.22422717817231871,0.03325915533839679,0.6229580894328609,0.10738071049618628,0.0,,,True
2424,65782.0,False,14405.5,18133427.3,103915.15,0.21906630716725858,22983.494050078567,2,1.0,наблюдается,0.2682148009071775,0.1547792979865813,15.298927901447893,0.0,0.024955746069209677,0.23886709937176773,0.35000520634479887,0.2201589670611919,0.16601298115303187,,,True
2425,83481.75,False,16750.0,24067794.6,120853.85,0.200596600606988,24023.907050112943,2,1.0,наблюдается,0.2682148009071775,0.1547792979865813,-2.447249633958844,0.0,0.09253731343283582,0.16011940298507463,0.3883582089552239,0.31770149253731345,0.041283582089552295,,,True
2426,45680.25,False,27899.0,46506743.4,138840.3,0.6107505198187009,84845.91300009421,2,1.0,наблюдается,0.2682148009071775,0.1547792979865813,20.54506525432719,0.0,0.05337108856948278,0.0931753826302018,0.6957597046489121,0.14887630381017242,0.008817520341230844,,,True
2427,93928.75,False,16876.0,26686117.0,131931.45,0.17967172221038602,23674.884895329727,2,1.0,наблюдается,0.2682148009071775,0.1547792979865813,19.073985413015762,0.0,0.13015525005925574,0.03756814410997867,0.60707513628822,0.22303863474757052,0.0021628347949751436,,,True
2428,28127.75,False,28379.0,37720802.3,110773.04999999999,1.009113708741718,111773.5296121623,2,1.0,наблюдается,0.2682148009071775,0.1547792979865813,71.35949200010523,0.0,0.2977553825011452,0.034391627611966596,0.5617886465344093,0.09667359667359668,0.009390746678882289,,,True
2429,27254.0,False,9453.5,9936120.85,87634.25,0.34687641319012097,30374.949860475208,2,1.0,наблюдается,0.2682148009071775,0.1547792979865813,1.4721307252083984,0.0,0.410958904109589,0.0,0.3259639287036547,0.12720156555772993,0.13587560162902634,,,True
2430,56876.5,False,8164.5,9442692.05,96126.0,0.14353565147418842,13827.559108657293,2,1.0,наблюдается,0.2682148009071775,0.1547792979865813,0.5217933641401101,0.0,0.34833731398126033,0.024128850511360156,0.11170310490538306,0.49507012064425254,0.02076060995774398,,,True
2431,70389.5,False,16584.0,22381279.549999997,112118.0,0.23557194203347515,26481.036880649015,2,1.0,наблюдается,0.2682148009071775,0.1547792979865813,5.259558804020076,0.0,0.5604799807042933,0.0,0.2549143753014954,0.167239507959479,0.01736613603473236,,,True
2432,80009.75,False,10254.5,12839679.350000001,104197.3,0.1281539893313985,13366.698911870728,2,1.0,наблюдается,0.2682148009071775,0.1547792979865813,4.590323946071706,0.0,0.07187088595250865,0.020186259690867424,0.1838217367984787,0.513335608757131,0.2107855088010142,,,True
2433,67696.25,False,3566.5,3418525.0,79828.6,0.052682945878733664,4207.137789294919,2,1.0,наблюдается,0.2682148009071775,0.1547792979865813,3.6296127305719623,0.0,0.0,0.0,0.41188840600028037,0.353567923734754,0.2345436702649657,,,True
2434,69723.0,False,3524.5,3981558.5,94137.6,0.050551274196426604,4757.744883656596,2,1.0,наблюдается,0.2682148009071775,0.1547792979865813,-0.04516503528302239,0.0,0.0,0.0,0.31025677401049795,0.6388140161725068,0.050929209816995336,,,True
2435,62116.75,False,2487.0,2579704.25,86442.55,0.040037704405583886,3460.5423223962166,2,1.0,наблюдается,0.2682148009071775,0.1547792979865813,3.1008628626569315,0.0,0.0,0.0,0.10213108162444713,0.8864093285082428,0.011459589867309994,,,True
2436,88415.5,False,8220.0,11727740.1,118951.65000000001,0.09297357142263342,11048.965684304245,2,1.0,наблюдается,0.2682148009071775,0.1547792979865813,0.8532709906225955,0.0,0.013199513381995133,0.0,0.1855839416058394,0.7337591240875913,0.06745742092457419,,,True
2437,18113.5,False,2514.5,2457879.6,81436.9,0.138829468675971,11301.153435577615,2,1.0,наблюдается,0.2682148009071775,0.1547792979865813,23.57707193199982,0.0,0.0,0.0,0.210379797176377,0.7198250149135017,0.06979518791012129,,,True
2438,1714.5,False,386.5,418633.94999999995,90379.0,0.22549867824323727,20343.93037216724,2,1.0,наблюдается,,,4.1908444908438875,0.0,0.0,0.0,0.0,0.0,1.0,,,True
2439,15548.25,False,8333.5,14437361.65,144139.65,0.5359468575970336,77341.41744181993,2,1.0,наблюдается,0.2682148009071775,0.1547792979865813,-85.39356954016903,0.0,0.031919361612767747,0.030239395212095756,0.2621947561048779,0.1613967720645587,0.5142497150056999,,,True
2440,16618.75,False,9378.5,16826959.4,149245.1,0.5642638139751481,84347.70961651244,2,1.0,наблюдается,0.2682148009071775,0.1547792979865813,2.6377182362817977,0.0,0.016687103481366955,0.10657354587620621,0.5127685664018766,0.2767500133283574,0.08722077091219282,,,True
2441,15897.75,False,26116.0,39275677.9,124850.45,1.641822561979958,205732.71015159585,2,1.0,наблюдается,0.2682148009071775,0.1547792979865813,6.668749034936107,0.0,0.017115944248736407,0.043306785112574665,0.795776535457191,0.09999617092969827,0.04380456425179968,,,True
2442,20731.25,False,22607.5,38143419.75,140545.85,1.0905097380523894,153253.0339186708,2,1.0,наблюдается,0.2682148009071775,0.1547792979865813,18.71340920939491,0.0,0.06851708503815106,0.044387924361384494,0.4390578347893398,0.4316045560101736,0.01643259980095113,,,True
2443,17576.25,False,6521.5,7823360.8,99898.15000000001,0.3710343074486976,37073.41576300848,2,1.0,наблюдается,0.2682148009071775,0.1547792979865813,9.21415652431439,0.0,0.3014643870275243,0.02139078432875872,0.28674384727440005,0.2075442766234762,0.1828567047458407,,,True
2444,29777.25,False,25478.0,52772430.0,171882.65000000002,0.8554448628688864,147565.53078066133,2,1.0,наблюдается,0.2682148009071775,0.1547792979865813,11.605895371027128,0.0,0.03340136588429233,0.044450113823691025,0.48110134233456314,0.4025826202998666,0.03846455765758694,,,True
2445,80789.5,False,14714.0,16271495.799999999,92226.45,0.18213610195585306,16780.502648151913,2,1.0,наблюдается,0.2682148009071775,0.1547792979865813,-0.6629255582958965,0.0,0.055015631371482944,0.0,0.4395473698518418,0.416610031262743,0.08882696751393226,,,True
2446,14386.5,False,5277.5,11501138.399999999,181434.5,0.36683106750019645,66578.58395541008,2,1.0,наблюдается,0.2682148009071775,0.1547792979865813,7.348666374914407,0.0,0.6385599242065372,0.0,0.07484604452865941,0.13225959261013737,0.15433443865466612,,,True
2447,108524.0,False,18853.5,20529813.25,90632.35,0.17372167638994904,15761.989346912302,2,1.0,наблюдается,0.2682148009071775,0.1547792979865813,6.5282915006827675,0.0,0.05776115840560108,0.0916010289866603,0.21107486673561937,0.6277879438830987,0.011775001989020595,,,True
2448,3129.5,False,89.0,76677.35,72400.35,0.02849949803073596,2045.3483222057628,2,1.0,наблюдается,,,-0.42763079526872677,0.0,0.0,0.0,0.0,0.0,1.0,,,True
2449,138893.25,False,16083.5,20092892.25,103505.05,0.11569471387752242,12020.914100344056,2,1.0,наблюдается,0.2682148009071775,0.1547792979865813,39.81281859142662,0.0,0.04796841483507943,0.015419529331302266,0.6529362390027046,0.1905679733888768,0.09310784344203693,,,True
2450,61214.0,False,28747.0,35685438.05,103169.45,0.4696162919932344,48580.65484228599,2,1.0,наблюдается,0.2682148009071775,0.1547792979865813,-34.028683293182276,0.0,0.19935993321042195,0.07077260235850698,0.4584304449159912,0.2664625874004244,0.004974432114655536,,,True
2451,67660.75,False,5754.0,6239462.5,90310.45000000001,0.08504308050848827,7685.361913503229,2,1.0,наблюдается,0.2682148009071775,0.1547792979865813,9.415940369488306,0.0,0.09854014598540146,0.0,0.06821341675356274,0.4417796315606535,0.3914668057003823,,,True
2452,55956.75,False,4688.5,5169517.85,91912.15,0.08378728762185195,7699.169619731759,2,1.0,наблюдается,0.2682148009071775,0.1547792979865813,13.442895616592606,0.0,0.0,0.0,0.14439586221606057,0.7837261384238029,0.0718779993601365,,,True
2453,92110.75,False,3211.0,3473080.2,90129.8,0.03486036215486282,3142.4338108606426,2,1.0,наблюдается,0.2682148009071775,0.1547792979865813,16.52118348094241,0.0,0.0,0.0,0.055590158829025224,0.9127997508564311,0.03161009031454376,,,True
2454,62357.0,False,9421.5,11091474.2,98083.85,0.15108943463048102,14821.924982017632,2,1.0,наблюдается,0.2682148009071775,0.1547792979865813,10.608887105944566,0.0,0.18404712625378125,0.017566204956747863,0.4219073395956058,0.30732898158467337,0.0691503476091917,,,True
2455,73773.75,False,5588.0,7131898.05,106390.55,0.07574437318082389,8056.2982557233445,2,1.0,наблюдается,0.2682148009071775,0.1547792979865813,6.274738503263254,0.0,0.0,0.002952755905511811,0.23711524695776665,0.7413206871868289,0.018611309949892685,,,True
2456,7295.5,False,26784.5,46387901.95,144525.3,3.6712452570999785,529929.9821548321,2,1.0,наблюдается,0.2682148009071775,0.1547792979865813,-271.27068335842927,0.0,0.017155444380145234,0.0031174746588512013,0.7187925852638652,0.23478131008605724,0.026153185611081042,,,True
2457,9000.0,False,21313.5,31102828.9,121973.45,2.3674616402939828,287937.4076897257,2,1.0,наблюдается,0.2682148009071775,0.1547792979865813,4.400631417103845,0.0,0.005301804020925704,0.005935205386257536,0.5521852347103948,0.434583714547118,0.0019940413353038977,,,True
2458,39856.75,False,31088.0,45740964.400000006,122417.2,0.780033283564871,95658.26046270673,2,1.0,наблюдается,0.2682148009071775,0.1547792979865813,4.776953594886896,0.0,0.04339294904786413,0.0343701749871333,0.4023417395779722,0.5104220277920741,0.009473108594956203,,,True
2459,73663.0,False,92293.0,148526224.3,133689.0,1.2530198007377504,168070.7756630432,2,1.0,наблюдается,0.2682148009071775,0.1547792979865813,9.11477896882029,0.003440130887499594,0.1338617229909094,0.02540279327793007,0.5209983422361393,0.314037901032581,0.0022591095749406875,,,True
2460,19490.0,False,19142.5,24653214.05,107522.55,0.9821551361027747,105411.30163854227,2,1.0,наблюдается,0.2682148009071775,0.1547792979865813,5.4404114518701086,0.0,0.07284837403682905,0.014809977798093248,0.5641112707326629,0.3340211571111401,0.014209220321274696,,,True
2461,49879.25,False,20919.0,37750743.25,150624.7,0.4193721608205476,63080.089648559646,2,1.0,наблюдается,0.2682148009071775,0.1547792979865813,0.5886068450812492,0.0,0.026985037525694346,0.054448109374253074,0.7483149290119031,0.16865050910655385,0.0016014149815956058,,,True
2462,108176.5,False,8417.5,13909827.100000001,137575.8,0.0778122341232984,10714.727175724114,2,1.0,наблюдается,0.2926098856866395,0.1572979269324259,7.813747335319347,0.0,0.14107514107514108,0.14784674784674784,0.3577071577071577,0.3306801306801307,0.022690822690822676,3.112913118214196,0.20045545783414184,False
2463,120046.25,False,9117.5,14333948.85,130536.95,0.07596307738648903,9953.273476512259,2,1.0,наблюдается,0.29124552466257436,0.13963511319325295,10.980186031757322,0.0,0.04134905401700027,0.0,0.21590348231423087,0.654510556621881,0.08823690704688791,5.015872466933458,0.08384407151504347,False
2464,73960.75,False,9096.5,14065420.0,129555.55,0.12299863708311899,15847.677196589193,2,1.0,наблюдается,0.23949515388286918,0.1582201591546928,9.356308126994437,0.0,0.02193151212004617,0.0,0.2612543285879184,0.6861430220414445,0.030671137250590896,3.172140101861387,0.24432193266562488,False
2465,12606.25,False,1637.5,1754299.0499999998,89576.1,0.12986761234669986,11599.54405506776,2,1.0,наблюдается,0.29872109434001803,0.12244088775128861,-2.743490443285215,0.0,0.0,0.0,0.006717557251908397,0.740763358778626,0.25251908396946565,2.498730036919781,0.13976214003387916,False
2466,164744.5,False,18785.0,28016568.2,124213.04999999999,0.11402675076788721,14173.246298399423,2,1.0,наблюдается,0.29340457154873956,0.1389303670915158,9.133734484095973,0.0,0.1434389140271493,0.126270960873037,0.5407772158637211,0.16350811817939845,0.026004791056694176,5.896571220449379,0.03677925214590981,False
2467,125094.25,False,3325.0,4142836.25,103904.7,0.02658011293908679,2759.782954034394,2,1.0,наблюдается,0.28584903808985196,0.11927852547632176,7.167581228082241,0.0,0.0393984962406015,0.0,0.06661654135338346,0.5481203007518797,0.3458646616541353,3.1126011035682906,0.11656573102212454,False
2468,108904.0,False,11043.0,15459156.850000001,116634.55,0.10140275213103872,11824.550895966273,2,1.0,наблюдается,0.28763675469656386,0.12894695588160288,6.248115710788419,0.0,0.03020012677714389,0.044598388119170516,0.32373449243864894,0.5995653355066558,0.001901657158380865,10.020077907503586,0.06312560960132287,False
2469,89549.0,False,6628.0,8596339.75,107143.54999999999,0.07399887830587898,7995.1086953853855,2,1.0,наблюдается,0.26818812979418344,0.16739289162276647,10.895998022630364,0.0,0.19674109837054918,0.0,0.4282589016294508,0.27821363910681957,0.09678636089318049,6.0857520969279175,0.22072254304683203,False
2470,99640.75,False,8347.0,11673912.149999999,117734.20000000001,0.08377030195912946,9763.505000902387,2,1.0,наблюдается,0.23517690611340678,0.16895810895620794,2.674294345997174,0.0,0.04127231340601414,0.03761830597819576,0.5132382892057027,0.34024200311489156,0.06762908829519576,6.8684168104654955,0.12250442491063276,False
2471,107430.25,False,3924.0,5236077.35,111094.1,0.03652259761604549,4060.3621139456336,2,1.0,наблюдается,0.28004849585167013,0.14645589050351332,5.538914896360862,0.0,0.03109072375127421,0.0,0.2213302752293578,0.5851172273190621,0.1624617737003058,3.3976390610659286,0.275092936802974,False
2472,40166.25,False,11159.0,13971932.8,104451.25,0.27785629146562607,28969.945709501506,2,1.0,наблюдается,0.2841954703651176,0.14879605153201292,24.063852909461048,0.0,0.3141410520655973,0.0,0.2346088359171969,0.25132180302894525,0.19992830898826064,4.732862623128275,0.01636662838209861,False
2473,134353.0,False,24639.0,37044171.85,125134.1,0.18340374343099752,22983.846528187783,2,1.0,наблюдается,0.309189043671077,0.11159029971233969,3.9018588818704494,0.0,0.23548033605259955,0.05765250213076829,0.4066723487154511,0.2882828036852145,0.011912009415966596,5.060260345969627,0.1366220547030752,False
2474,85087.0,False,3934.0,4736574.45,100290.95,0.04623468447730152,4638.51760381012,2,1.0,наблюдается,0.29168594197840114,0.1507212128778163,4.991831147753402,0.0,0.044229791560752414,0.0,0.349644128113879,0.539908490086426,0.06621759023894258,3.55967229108285,0.16549272425326333,False
2475,93188.25,False,48627.5,88442832.44999999,151565.90000000002,0.5218223130652544,79078.6196512966,2,1.0,наблюдается,0.31677362497771794,0.12879942679706913,12.589259209115333,0.0,0.2941956711737186,0.047658218086473705,0.5101948485939026,0.14746799650403578,0.00048326564186940146,10.381011801848336,0.043728034649435636,False
2476,60389.5,False,25076.0,50132540.8,166487.25,0.4152313420547109,69155.13725651757,2,1.0,наблюдается,0.2787750823423988,0.1406431154982428,8.549537407083852,0.0,0.06781384590843835,0.058601850374860424,0.5122627213271654,0.3604043707130324,0.0009172116765034932,4.73941050204189,0.16429143772893773,False
2477,88242.75,False,33704.0,73570224.35,181777.5,0.38194107113637604,69444.5850126584,2,1.0,наблюдается,0.2916778698954422,0.16076385212570402,5.460301710356922,0.0,0.05985936387372419,0.0728103489200095,0.6285010681224781,0.235580346546404,0.003248872537384151,5.477605901692448,0.0037395874087831206,False
2478,25432.0,True,13867.0,24576710.85,147476.75,0.5454123031909661,80613.97082592567,2,1.0,наблюдается,0.27403713099109794,0.178825743120675,-19.745988078186247,0.0,0.014170332443931637,0.007427706064758058,0.8851229537751496,0.044494122737434194,0.04878488497872646,4.866097278907134,0.027777777777777776,False
2479,76208.75,False,45875.5,97727689.75,177429.25,0.6019826972789208,106870.4965572916,2,1.0,наблюдается,0.2873411766424715,0.11784441758274994,-4.543767082099215,0.02272454796133012,0.050604353086069906,0.048588026288541815,0.7394578805680592,0.13792765201469193,0.0006975400813070687,12.27644592523765,0.044107986099504885,False
2480,82778.5,False,24111.0,69708091.5,239677.2,0.2912198599941914,70157.54383978758,2,1.0,наблюдается,0.276673861782656,0.16234817909327762,0.1715243340719083,0.0,0.05820994566795239,0.011447057359711335,0.7185102235494173,0.20637883123885364,0.0054539421840653635,8.238337731397989,0.019241948179582573,False
2481,152095.25,False,26025.5,45935562.4,146843.85,0.17112578279390028,25172.11741076542,2,1.0,наблюдается,0.3234119769296655,0.148974990833394,1.5651646617558865,0.0,0.10839369080325066,0.022362682753453343,0.5027761234174175,0.36560296632149236,0.0008645367043861318,5.430522887593613,0.06922036369598752,False
2482,146548.5,False,46925.0,115218838.69999999,203946.6,0.32022429667305663,65530.65664474935,2,1.0,наблюдается,0.2755138649133426,0.17765496310155093,1.7622907792515492,0.007171017581246671,0.16120404901438465,0.08217368140649974,0.6009696323921151,0.14733084709643046,0.0011507725093233834,5.387535895583843,0.027884675380890567,False
2483,122269.0,False,7882.5,11572782.5,122374.6,0.06447397822909048,7887.969427449249,2,1.0,наблюдается,0.2552804465381553,0.17163037019586613,-0.37320751786802664,0.0,0.15509039010466222,0.01820488423723438,0.3734221376466857,0.40799238820171263,0.045290199809705056,4.722950905340932,0.14734323848583483,False
2484,126995.25,False,33185.0,52315749.349999994,131242.3,0.2613115913312345,34332.486137628046,2,1.0,наблюдается,0.20945985676840775,0.15356615297356482,-1.3372702833265255,0.0,0.14749133644719,0.32844658731354526,0.3286424589422932,0.18835317161368087,0.007066445683290734,4.9228835793667765,0.2732545363065356,False
2485,65518.5,False,21758.5,67864626.45,265302.05,0.3321481509482737,86305.61408724348,2,1.0,наблюдается,0.2929818201223201,0.1408364805950006,6.809807024871232,0.034882919318886874,0.18312383666153456,0.0607119056920284,0.46011903394075876,0.2612082634372774,0.0,4.599707560837079,0.10812489383275146,False
2486,152684.75,False,49265.0,89302876.25,150732.15000000002,0.32263595925814476,48726.494077417505,2,1.0,наблюдается,0.23775458147970896,0.17053722494322335,4.183225519954858,0.003755201461483812,0.007266822287628133,0.15086775601339694,0.32259210392773774,0.5150106566527961,0.0005074596569571987,6.277398903908964,0.09210461495122864,False
2487,129383.5,False,12834.0,17980697.25,116668.65,0.09919696673351885,11571.984402053455,2,1.0,наблюдается,0.22682222184043924,0.18452959582927841,2.6122761554495746,0.0,0.27177808944989873,0.08247623500077918,0.21633941093969145,0.36224092254947793,0.06716534206015268,5.509978816871259,0.1206896551724138,False
2488,128421.25,False,25709.5,49620648.75,162671.6,0.20023648238755573,32199.757560269645,2,1.0,наблюдается,0.28503256471143434,0.1469637851278956,1.9003601947096984,0.0,0.24623193761061085,0.0875551838814446,0.2675859118224781,0.3928119955658414,0.005814971119625145,8.41660617024506,0.02188283287856155,False
2489,112548.5,False,49676.0,86712929.9,144576.75,0.44140378601199526,64219.50560038567,2,1.0,наблюдается,0.2821594753772739,0.10764513707215781,6.402594608267892,8.052178114179885e-05,0.1231379338110959,0.34293220066027863,0.33955028585232305,0.19251751348739835,0.0017815444077623477,10.360963567667156,0.03194883966035015,False
2490,112214.25,False,13038.0,24079936.6,153751.55,0.11618656676597919,17880.78316273108,2,1.0,наблюдается,0.3045071831849401,0.15474859455659096,-3.8835619604329805,0.0,0.010852891547783402,0.030756250958736003,0.5108145421076852,0.3367464335020709,0.11082988188372456,6.8585369212667056,0.06421638799816766,False
2491,111206.75,False,6623.0,8177562.649999999,102983.65,0.059585083505812104,6126.393677873694,2,1.0,наблюдается,0.24825443191894092,0.20570403256289765,31.837861166574584,0.0,0.03268911369470029,0.0,0.43243243243243246,0.4335648497659671,0.10131360410690016,6.118289655485282,0.15390150652122592,False
2492,42048.75,False,9671.5,15062296.35,129921.2,0.2300098319144732,29888.767169105406,2,1.0,наблюдается,0.2649925493006007,0.16846006854390835,20.712545066282466,0.0,0.3971462544589774,0.0018094401075324407,0.4487928449568319,0.1462027606886212,0.006048699788037126,7.203091613563153,0.1295728603710546,False
2493,41912.75,False,6483.5,11562451.7,147363.55,0.1546591340493239,22979.59232521038,2,1.0,наблюдается,0.2790108807880873,0.16750988250351642,18.02696477020961,0.0,0.4052595048970464,0.0035474666461016427,0.3190406416287499,0.17606231202282718,0.09609007480527498,7.050384053820701,0.21390747706811236,False
2494,82108.5,False,37971.5,101460145.5,221397.95,0.4623816109639547,102934.17386956673,2,1.0,наблюдается,0.2717543240170422,0.12232695397773141,14.784611033701072,0.0,0.0271256073634173,0.005662141342849242,0.8293193579395073,0.13608890878685329,0.0018039845673728516,8.146492932042552,0.08060410448410346,False
2495,43192.75,False,57845.5,123553195.69999999,177710.6,1.3391396713974208,238252.81140790292,2,1.0,наблюдается,0.2621847928764597,0.12692246223555814,17.669297408287605,0.003492060748027072,0.08822639617602061,0.038136069357166937,0.7316126578558402,0.13815249241514033,0.000380323447804809,9.440173183092693,0.046084798949135225,False
2496,79998.75,False,4639.0,8549350.3,153818.05,0.058016881896133056,8906.745752559784,2,1.0,наблюдается,0.2814343141858131,0.1709158333350031,3.2390027233820966,0.0,0.07921965940935546,0.0,0.42681612416469067,0.4285406337572753,0.06542358266867865,4.19960433426541,0.2547349663229949,False
2497,72241.75,False,44659.0,109615325.95,203865.95,0.6181342332109682,126417.08906821843,2,1.0,наблюдается,0.2876963042933103,0.13563293816217875,14.790535552719913,0.0026422445643655254,0.10596968136321906,0.1864013972547527,0.48353075527889117,0.20189659419154035,0.019559327347231092,13.485925681715234,0.05124507053839544,False
2498,101265.25,False,7290.0,10281463.7,118004.45,0.07198333873875151,8460.725453616164,2,1.0,наблюдается,0.24885391630224973,0.15432418732300948,5.585618648082492,0.0,0.37297668038408777,0.0,0.2799725651577503,0.2345679012345679,0.11248285322359397,2.648880259859689,0.046558002632257275,False
2499,106791.75,False,22925.0,38862015.400000006,140809.0,0.2145892058427914,30289.174793447506,2,1.0,наблюдается,0.2630144416030259,0.1353169556028488,20.442823427156032,0.0,0.07773173391494002,0.023380588876772083,0.7001744820065431,0.1376226826608506,0.06109051254089426,3.159418520224846,0.18323491074409068,False
2500,103777.5,False,7881.5,11535362.149999999,121699.25,0.0759376260586365,9259.537846502235,2,1.0,наблюдается,0.25080305817300474,0.14922179640542832,10.831073760385213,0.0,0.021061980587451627,0.014210492926473388,0.3029880098965933,0.36059125800926217,0.30114825858021954,2.7912755620264362,0.39591740582656726,False
2501,85112.0,False,9368.0,12084895.9,107675.35,0.11006638440605618,11832.532570015846,2,1.0,наблюдается,0.22808902565241987,0.18712451511991746,6.64438586466125,0.0,0.2561912894961571,0.07248078565328779,0.3556789069171648,0.29627455166524336,0.019374466268146984,7.79841427225825,0.18950280582782383,False
2502,103734.0,False,11596.5,25861820.450000003,185412.84999999998,0.11174539774837465,20764.805621439613,2,1.0,наблюдается,0.2514422446869196,0.1773849944709351,4.339273535284458,0.0,0.13236752468417196,0.015823739921528048,0.5975509852110551,0.2094166343293235,0.044841115853921476,4.566569133109408,0.2643659721815109,False
2503,55692.0,False,9631.5,14604304.3,126160.0,0.17292980100355798,21840.826127208442,2,1.0,наблюдается,0.28142083783157307,0.13401929594490025,12.665260170454932,0.0,0.011628510616207236,0.06592950215438924,0.6796449151222551,0.227326999948087,0.015470072159061377,8.450295408188808,0.13745371259564768,False
2504,13517.0,False,1346.5,2324726.65,143707.7,0.10007571763111578,14412.947225870652,2,1.0,наблюдается,0.25573406570020346,0.13250317782694648,38.60614811975688,0.0,0.1741552172298552,0.0,0.40883772744151503,0.18009654660230226,0.23691050872632757,2.8136109266970237,0.09901903651903651,False
2505,60378.75,False,73243.0,179410103.8,203838.3,1.2129453871256255,247533.31076626378,2,1.0,наблюдается,0.269111736513002,0.15584999307654068,11.323719724490843,0.0,0.03419439400352252,0.017974413937168057,0.9134661332823615,0.03146375762871537,0.0029013011482326156,8.90082693711993,0.06293472222495394,False
2506,57892.75,False,28642.5,46227315.1,134504.9,0.4947520465609758,66537.81434799664,2,1.0,наблюдается,0.26732820618749004,0.1174871536374088,5.877335123270955,0.0,0.40171074452299904,0.09180413720869338,0.3177969800122196,0.1795758051846033,0.009112333071484624,5.8880380298656485,0.154989317595796,False
2507,82914.0,False,18801.5,46690601.45,207152.45,0.22680505793282904,46922.690732080366,2,1.0,наблюдается,0.250328641133405,0.1484563981434602,12.269245612025271,0.0,0.01058426189399782,0.0,0.68021168523788,0.2956413052150094,0.013562747653112717,7.023441878603892,0.13835016439889528,False
2508,96885.5,False,19080.5,22546143.7,98551.6,0.1970942532681335,19371.985830230115,2,1.0,наблюдается,0.2780096620433208,0.1357774449139029,13.394385336593803,0.0,0.030947826314824036,0.0,0.81488954691963,0.09205733602368911,0.06210529074185678,5.443977128498737,0.10103549506945272,False
2509,75600.0,False,98899.5,201568525.39999998,169418.3,1.3080292639844628,222071.11677326006,2,1.0,наблюдается,0.24336536497976607,0.18277782943768278,15.326435579119703,0.0010465169186901855,0.03345820757435579,0.09387812880752683,0.7672738487049985,0.10292266391639998,0.0014206340780287263,9.12333479160245,0.22939537442302105,False
2510,78310.25,False,31145.5,53269018.9,142384.95,0.397703935969844,56674.27805468084,2,1.0,наблюдается,0.2694756779206888,0.16190414197615388,7.376162453296843,0.0,0.07463357467370889,0.0683405307347771,0.5775312645486507,0.2722062577258352,0.007288372317028169,7.663653254192969,0.23330706652522973,False
2511,55810.75,False,8885.5,12898597.95,120043.6,0.15918953897046279,19255.59019815623,2,1.0,наблюдается,0.26351153354309365,0.1284012382894621,6.91505693478334,0.0,0.02267739575713241,0.01631872151257667,0.7947217376624838,0.12604805582128187,0.04023408924652527,2.7615811470500904,0.07676374676953843,False
2512,83854.0,False,12876.5,19016409.5,122810.5,0.15387181562349259,18861.727050096786,2,1.0,наблюдается,0.2607827838476051,0.18685017126309933,28.898172963182528,0.0,0.08325243660932707,0.05490622451753194,0.2944123014794393,0.38038286801537685,0.18704616937832474,4.32732153392232,0.23811669848465045,False
2513,159078.75,False,4215.5,4998407.95,98681.7,0.026499368380738474,2618.4027044633513,2,1.0,наблюдается,0.2775004694192821,0.1371574779076692,4.874736877108897,0.0,0.0,0.0,0.2733958012098209,0.467916024196418,0.25868817459376114,3.6169221146731347,0.26466870029340134,False
2514,72013.75,False,24056.0,56063555.85,193312.1,0.3340733509163345,64885.10209679603,2,1.0,наблюдается,0.268944538683218,0.15859220809569713,1.6234774984017113,0.0,0.25972730295976054,0.016336880611905552,0.6327527435982707,0.08756651147322914,0.0036165613568340804,12.01900936029432,0.03584144126748399,False
2515,84195.0,False,7006.0,10284971.05,122379.55,0.08321151365533341,10182.578745236466,2,1.0,наблюдается,0.2682414720201715,0.14055212998775413,2.1170769204040547,0.0,0.09520411076220382,0.0,0.2598487011133314,0.46024835854981444,0.18469882957465034,2.4230167493939203,0.5058857268727796,False
2516,83183.5,False,4871.0,6281632.7,107537.6,0.058559465698481125,6291.6004711384085,2,1.0,наблюдается,0.24949234265896972,0.1672724339853296,4.63689156544253,0.0,0.046191747074522685,0.02217203859577089,0.1845616916444262,0.38647095052350644,0.36060357216177374,5.469577321269969,0.08895323405390528,False
2517,36899.75,False,4080.0,6456058.55,132052.15,0.11059136489522142,14576.77371893346,2,1.0,наблюдается,0.28213408919020544,0.127315352468932,15.855392823179583,0.0,0.09399509803921569,0.009191176470588236,0.5833333333333334,0.291421568627451,0.022058823529411686,4.447766100588765,0.3742231449924469,False
2518,62507.0,False,32710.0,67365329.25,171368.7,0.5233257619836404,89829.51531293422,2,1.0,наблюдается,0.2603131999830237,0.15933119774149926,1.22371872535691,0.0,0.11718129012534394,0.06192295933965148,0.5776520941608071,0.24302965453989606,0.00021400183430153596,3.813699709202684,0.2035020181664488,False
2519,65046.75,False,59748.5,108757597.55000001,151246.0,0.9185554274236027,139338.66712211928,2,1.0,наблюдается,0.22529028629989778,0.19213169400757427,4.616882762707623,0.0,0.05200967388302635,0.030712068085391266,0.877729148012084,0.02390018159451702,0.015648928424981334,7.462047728577232,0.32910966592166163,False
2520,187908.25,False,25584.0,37951582.0,123554.65,0.13615070119245115,16829.584515481944,2,1.0,наблюдается,0.21368444879552753,0.26623263480905757,8.166262423470142,0.0,0.06625234521575984,0.04537992495309569,0.6957277986241401,0.16877736085053158,0.023862570356472768,5.2219542585820715,0.02358434091279374,False
2521,52198.0,False,12617.0,21750832.45,143418.8,0.24170083166820655,34718.54503800921,2,1.0,наблюдается,0.17041851865884824,0.2366067089942675,10.23923965307287,0.0,0.020924149956408022,0.043829753507172865,0.39858920504081796,0.5191408417214869,0.01751604977411425,3.101140650429824,0.368623710959883,False
2522,60361.75,False,10715.0,16981449.55,131650.8,0.17753504415523091,23450.092737791878,2,1.0,наблюдается,0.2667984302819483,0.14277683440681077,1.187555888509286,0.0,0.24479701353243116,0.2264115725618292,0.4098926738217452,0.10289314045730284,0.01600559962669168,6.622802448782964,0.35588597998718624,False
2523,129742.75,False,5872.5,8114217.9,114967.90000000001,0.04525938519760403,5210.326383025296,2,1.0,наблюдается,0.2599462773160871,0.1660457959965678,5.823061012757366,0.0,0.13495104299702002,0.03175819497658578,0.4759472115793955,0.33707960834397616,0.020263942103022625,4.298842881078704,0.04048890053252329,False
2524,55786.5,False,3026.5,4420221.3,121627.65,0.05427710698669322,6606.379691594875,2,1.0,наблюдается,0.24423380438364212,0.14637821681414573,16.120312813986292,0.0,0.0,0.0,0.4075664959524203,0.4401123409879399,0.15232116305963983,8.681298394994798,0.14257467335661367,False
2525,88029.25,False,4689.0,6061443.6,108321.4,0.05328989644390544,5738.573540519377,2,1.0,наблюдается,0.26001838004456923,0.14779623577271417,16.889793197424563,0.0,0.24461505651524845,0.0,0.2687140115163148,0.3960332693538068,0.09063766261463002,3.4877180573398374,0.19653440394910818,False
2526,99194.0,False,12704.5,18985964.85,124234.45,0.12808015958378385,15951.30136883225,2,1.0,наблюдается,0.24258642094855604,0.16697564468780018,2.7175259098401217,0.0,0.030264866779487583,0.10752095714117045,0.26470935495296943,0.5967964107206108,0.0007084104057617502,5.631609812165385,0.05641994021276368,False
2527,33149.5,False,3580.5,4981381.25,116503.65,0.10809298355597396,12522.328295035746,2,1.0,наблюдается,0.2504573467562556,0.19100716629081754,19.763573628360692,0.0,0.18307498952660242,0.0,0.2225946096913839,0.448819997207094,0.14551040357491973,7.632297773665935,0.08475724696367647,False
2528,198284.75,False,7905.5,11271755.350000001,118862.7,0.039870139640183315,4737.060195454333,2,1.0,наблюдается,0.25392593292726484,0.17288926229387153,3.0896784044205203,0.0,0.029473151603314148,0.0,0.3284422237682626,0.6305104041490102,0.011574220479413144,7.496702496353192,0.10244948000682576,False
2529,67495.0,False,22267.0,41661849.05,155051.2,0.3298171153626571,51370.90805388996,2,1.0,наблюдается,0.2732002958803931,0.14372014545414008,15.663501392841686,0.0,0.3431984551129474,0.028270534872232453,0.38345982844568194,0.24385862487088517,0.0012125566982530422,8.74455686831744,0.1756090035475506,False
2530,172144.75,False,6711.0,9661062.55,119996.29999999999,0.03898492613890973,4676.467555887088,2,1.0,наблюдается,0.26432210091754416,0.1465983989390982,8.714127608983064,0.0,0.07301445388168679,0.0,0.4301147369989569,0.42206824616301597,0.07480256295634036,3.0650225256776724,0.25395773811001876,False
2531,162753.25,False,12120.0,18453497.6,125893.05,0.07445970025291548,9446.318588537602,2,1.0,наблюдается,0.27176375578087947,0.1292374893003435,8.869314168404193,0.0,0.04521452145214522,0.006600660066006601,0.33535478547854786,0.4955858085808581,0.1172442244224422,3.2241865747427627,0.04997327427389561,False
2532,182547.75,False,33190.0,53642893.5,135176.05,0.1818462870358572,24487.396786675956,2,1.0,наблюдается,0.2621669317279455,0.15841032251022497,11.950542786577214,0.0,0.015968665260620667,0.0859294968363965,0.6491563724013257,0.2325248568846038,0.0164206086170533,4.5140998441747096,0.043151828896067744,False
2533,110555.5,False,36546.0,67959931.65,154786.0,0.33054979603728407,51198.37230233069,2,1.0,наблюдается,0.25550373792013625,0.1712619236631528,8.999093827525071,0.004295955781754501,0.06281125157335961,0.057010343129207025,0.557010343129207,0.31818803699447273,0.0006840693919990537,7.3800849273422235,0.08607358139424824,False
2534,112686.75,False,13501.5,23163295.95,142873.65,0.11981234824880613,17122.179345097386,2,1.0,наблюдается,0.2777620641440255,0.1621704274325373,9.083781902131049,0.0,0.10072954856867755,0.026848868644224717,0.5658260193311854,0.3020405140169611,0.004555049438951242,5.879015256290023,0.12962170997695957,False
2535,36349.0,False,59592.5,167669945.45,234230.5,1.6393275624318788,384225.1666872951,2,1.0,наблюдается,0.2565665271823723,0.13009088391268875,7.080733034383911,0.0034400302051432645,0.011821957461089902,0.01489281369299828,0.6102194068045476,0.359625791836221,0.0,20.059867803578886,0.03999846036486293,False
2536,110987.25,False,186027.5,392486335.45,175694.25,1.676078881629452,294537.93253488827,2,1.0,наблюдается,0.2547040347201391,0.18948945194658473,6.730286045033098,0.00600986413299109,0.09790219188023276,0.06709760653666796,0.5917807850989772,0.19628549542406365,0.04092405692706724,16.017445751305726,0.08009357832613541,False
2537,55334.25,False,140956.5,357328969.3,210854.15,2.5469214852878697,537784.8424004294,2,1.0,наблюдается,0.26331884107556747,0.15763237982718803,10.229909589984183,0.00351526889501371,0.13556664644766292,0.05030984736425777,0.7198639296520558,0.09066272218734149,8.158545366820924e-05,23.984425479733602,0.07459037222183908,False
2538,37149.0,False,6670.0,10580423.35,132052.2,0.17952832044135283,23723.634569018934,2,1.0,наблюдается,0.2743794784012442,0.16624814451619183,12.62292537200538,0.0,0.09677661169415293,0.0,0.16529235382308846,0.6269865067466267,0.11094452773613184,6.563632184358684,0.2596443933843145,False
2539,45933.25,False,121967.5,335052407.75,228215.85,2.654994608006781,607613.6571261316,2,1.0,наблюдается,0.27034089017451424,0.11583892396512235,8.56193446053918,0.0017504663127472482,0.046959230942669156,0.0831205034127944,0.7057617808022629,0.15010146145489578,0.012306557074630464,20.071451375473835,0.10569138848165768,False
2540,55889.75,False,206117.0,436499615.95,176316.7,3.688150397269967,651118.3872845925,2,1.0,наблюдается,0.29527895667302434,0.11301838441674819,3.183439334063632,0.0010503743019741215,0.00817496858580321,0.007648568531465139,0.7807749967251609,0.2020963821518846,0.0002547097037119972,17.837243773796263,0.12804783068833042,False
2541,127621.5,False,198480.5,567682842.45,236477.3,1.5545758566489134,370356.918211328,2,1.0,наблюдается,0.2891317626167742,0.13989236471874877,14.685204826763856,0.012033927766203732,0.04339217202697494,0.1062698854547424,0.6754064001249493,0.16289257634881008,5.038278319546841e-06,18.880804336758434,0.05004204842719514,False
2542,134789.75,False,86208.0,197971506.25,191167.4,0.6395830971495853,122407.92314757439,2,1.0,наблюдается,0.2696900019086735,0.13488087800650633,4.087704523378164,0.0009627876763177431,0.03731092242019302,0.039219097995545654,0.6683428452115813,0.254083147735709,8.119896065328369e-05,7.768637164088359,0.2192959904302933,False
2543,75988.0,False,206935.5,547507548.35,220398.0,2.723224600199455,600297.3120008255,2,1.0,наблюдается,0.281115333032268,0.14674281895829278,4.423677655234752,0.002358222731237511,0.03208970911225962,0.03836461119527582,0.64269542925211,0.28446303316733956,2.8994541777516147e-05,33.43243811573332,0.017700091522530857,False
2544,105869.5,False,137013.0,331945790.35,201598.4,1.2940279800868666,261150.56468659692,2,1.0,наблюдается,0.27488598812582965,0.15086186437962967,4.364294380202623,0.007762037178953822,0.017717296898834417,0.0713399458445549,0.6156824534898149,0.28749826658784206,0.0,10.603116416416313,0.05086128928395909,False
2545,27235.25,False,77853.5,247581510.85,264629.9,2.8585831265853034,757589.8588597937,2,1.0,наблюдается,0.26803623866018994,0.12700589770488402,-8.602063602793603,0.04978581566660458,0.05227125305862935,0.04042207479432524,0.6050787697406026,0.25068879369585184,0.0017532930439864147,15.586434838919763,0.13448416158093576,False
2546,241702.75,False,26401.5,40742322.900000006,129072.65000000001,0.10923543527754884,14046.997544533448,2,1.0,наблюдается,0.29187906578742595,0.13161077158600312,2.555536517363172,0.0,0.1979811753120088,0.052743215347612823,0.324545953828381,0.4038406908698369,0.020888964642160612,4.578486811889118,0.022726022976501066,False
2547,32291.75,False,9284.0,17875423.799999997,159727.5,0.2876248428309982,46160.15491985663,2,1.0,наблюдается,0.27760588340763304,0.13163756458959683,-1.6846593829649161,0.0,0.351303317535545,0.4237397673416631,0.12936234381732012,0.0,0.09559457130547178,1.7576278820151403,0.25806451612903225,False
2548,140292.0,False,6203.5,8068960.65,108652.35,0.044218692079196195,4792.942366508884,2,1.0,наблюдается,0.25007061979355755,0.15841063709992492,3.107397856458208,0.0,0.01225114854517611,0.012976545498508907,0.2546143306198114,0.6429434996373016,0.07721447569920192,3.852645933159018,0.21311377283829333,False
2549,109665.75,False,57656.0,105215432.55000001,152250.55,0.5260460589455926,79920.74453676098,2,1.0,наблюдается,0.2524921724742967,0.1799331841335092,13.085861838775768,0.0,0.07407728597197169,0.04889343693631192,0.7262643957263771,0.14944671846815596,0.0013181628971833392,9.133355414463747,0.030253057673546472,False
2550,183718.75,False,20484.0,23862373.950000003,96983.3,0.1114904280350486,10819.678882968365,2,1.0,наблюдается,0.2384996180956145,0.15417293378224367,17.88605518775848,0.0,0.018599882835383715,0.12997949619214996,0.4686828744385862,0.38034563561804335,0.002392110915836798,2.869728171667595,0.3110678449913423,False
2551,272483.5,False,23932.5,29796526.049999997,103854.29999999999,0.0878325777478706,9111.65524593875,2,1.0,наблюдается,0.2601448496930865,0.17593310625882808,10.249349580107037,0.0,0.01529301159511125,0.05743236185103938,0.6389637522197849,0.2601483338556356,0.02816254047842892,2.848347912126663,0.32572372128786253,False
2552,112489.25,False,6042.5,10624264.899999999,145006.85,0.053648963312721704,7846.181709255867,2,1.0,наблюдается,0.23365830802029797,0.19421240073900203,35.42705654853726,0.0,0.05270997103847745,0.009515928837401738,0.11692180388911874,0.3434009102192801,0.4774513860157219,4.2569597709259295,0.2716417517674752,False
2553,50737.75,False,51810.5,123821219.6,201118.8,1.0220674154217089,203129.8997396096,2,1.0,наблюдается,0.26038699389127595,0.13783765148573962,17.835282942305902,3.860221383696355e-05,0.08572586637843681,0.026432865924860792,0.8352650524507581,0.030379942289690313,0.022157670742417035,10.582083781362346,0.026755040167946623,False
2554,89967.25,False,21440.5,36965678.7,143501.75,0.23831154611706745,34237.60950272083,2,1.0,наблюдается,0.28346591454645,0.12464174732263109,3.395848002117952,0.0006529698467852896,0.2694433432056155,0.020521909470394815,0.5435274363937408,0.15776217905366013,0.00809216202980334,5.610626323214463,0.12412856744128574,False
2555,108763.75,False,21520.0,29071712.049999997,112781.1,0.19788811131660028,22270.240069479063,2,1.0,наблюдается,0.252298402799301,0.16141469982474213,13.067205881985268,0.0,0.04897769516728624,0.0354089219330855,0.8159154275092937,0.08301579925650558,0.01668215613382895,5.641941251166042,0.03471219305229898,False
2556,101970.5,False,22882.0,39753623.45,144452.65,0.22440922993679746,32494.408948868586,2,1.0,наблюдается,0.2780955256587362,0.14177283003357644,5.948363276043095,0.010816362206100865,0.042675465431343415,0.017590245607901407,0.49519272790839963,0.34699764006642775,0.08672755877982696,3.7461932317047077,0.0,False
2557,72989.75,False,17945.0,34147873.35,158945.75,0.24587979486361938,38980.47904970942,2,1.0,наблюдается,0.26710483129985463,0.1508984915319544,14.437280065729654,0.0,0.08005015324602953,0.02931178601281694,0.6708275285594874,0.21702424073558094,0.0027862914460852206,23.150714729656798,0.030480709511742463,False
2558,114146.5,False,108029.5,412619154.7,317668.5,0.9463300815805191,301124.0094638984,2,1.0,наблюдается,0.26983441231498473,0.13898181638937154,11.902388657740852,0.016791709671895177,0.04737131987096117,0.026830634224910787,0.8330456032842881,0.07579874015893807,0.0001619927890066375,5.182036940518768,0.10111244145849824,False
2559,80546.0,False,32039.5,73450508.80000001,191247.35,0.3977660108132589,76002.23194833062,2,1.0,наблюдается,0.3146339252674997,0.1358766071682992,3.826724390513746,0.0,0.020365486352783284,0.0169946472323226,0.7684576850450225,0.1931678084863996,0.0010143728834719479,8.332314623928188,0.060414369743018934,False
2560,123868.5,False,29544.5,42039347.05,118255.65,0.23851810558537184,28283.201111191724,2,1.0,наблюдается,0.2634408821981795,0.14216930347010467,4.493766183085612,0.0,0.018497520689129958,0.1842982619438474,0.6254802078220989,0.16222985665690737,0.00949415288801636,5.633980135781665,0.15135505781587183,False
2561,152745.75,False,47364.5,85116709.05,150396.4,0.31014672115529146,46429.894830307036,2,1.0,наблюдается,0.2719310447594445,0.146337924726541,12.224933915008735,0.0,0.1081928448521572,0.03821427440382565,0.6377455689387621,0.21543561105891543,0.0004117007463396716,4.5256521561287855,0.09141139758335512,False
2562,65674.0,False,11912.0,22154301.15,154576.8,0.18131103495689418,28096.039505998106,2,1.0,наблюдается,0.25774642311374774,0.16500837385109324,11.151987402197335,0.0,0.13893552719946273,0.002686366689053056,0.7468519140362659,0.09381296171927468,0.017713230355943632,5.98214358824431,0.16367245734796868,False
2563,87219.5,False,8934.5,16482647.899999999,154255.34999999998,0.10242232876742055,15749.2085734653,2,1.0,наблюдается,0.309604693235172,0.1472565865694288,-0.08268567951422472,0.006435726677486149,0.03313000167888522,0.15333818344619174,0.3897252224522917,0.3812188706698752,0.036151995075270005,4.814034840455622,0.135459691934192,False
2564,88317.75,False,32361.0,61036616.599999994,157046.2,0.36638720331393604,57558.81880500373,2,1.0,наблюдается,0.2736578453810119,0.1727510882298089,-11.946793132845796,0.00012360557461141497,0.022249003430054697,0.08970674577423442,0.4468187015234387,0.44102469021352864,7.725348413212263e-05,9.753558168681765,0.06597608252339375,False
2565,97516.5,False,4396.5,6818388.25,129195.70000000001,0.04508486834922266,5827.077194933225,2,1.0,наблюдается,0.2475462321498701,0.15481000141657164,7.476901262653071,0.0,0.0,0.042306380075059706,0.4290913226430115,0.4924371659274423,0.03616513135448651,7.025351341187148,0.02279199227000024,False
2566,132384.0,False,6375.5,8793785.45,114859.25,0.04815808697780391,5534.792310335595,2,1.0,наблюдается,0.2922058785937991,0.14415385115614107,9.183408932606394,0.0,0.01066583013097012,0.023841267351580268,0.2767626068543644,0.6177554701592032,0.07097482550388201,4.5304639218266365,0.14888290592545472,False
2567,108080.0,False,68745.0,179666349.85000002,217461.5,0.6360365023182729,138502.88933278245,2,1.0,наблюдается,0.267006652165634,0.15087740706439956,6.749635520123396,0.020416030256745946,0.060389846534293405,0.09943268601352825,0.7032147792566732,0.0863553712997309,0.03019128663902826,6.535768315779285,0.11629875650530758,False
2568,203261.25,False,13287.5,17547720.85,109712.8,0.06554473153770535,7228.734189714812,2,1.0,наблюдается,0.21525773524020933,0.21759891050202318,19.46167762874381,0.0,0.06506114769520226,0.06265286923800564,0.4002634054562559,0.45990592662276575,0.012116650987770483,4.6027736546508615,0.2268960629506279,False
2569,176223.0,False,16307.5,26763865.55,136500.6,0.09253523628478647,12653.618685770589,2,1.0,наблюдается,0.2668034968412511,0.16252583751632912,10.503638256889712,0.0,0.13665491338341254,0.0,0.5909857427564005,0.24838264602176913,0.023976697838417937,6.179032757443572,0.05338009914761362,False
2570,156343.0,False,9715.0,12933149.649999999,110755.55,0.0621418164844449,6895.618224640455,2,1.0,наблюдается,0.26223832693061105,0.16851835080575317,7.598858224764811,0.0,0.13154915079773546,0.0,0.6267627380339681,0.23118888317035513,0.01049922799794134,3.3276824609491182,0.13155776879616893,False
2571,85391.0,False,7172.5,10133993.95,117418.65000000001,0.08400700105718373,9893.558620963868,2,1.0,наблюдается,0.2496943771650368,0.1604985752211019,4.10015200516366,0.0,0.3219240153363541,0.0,0.3892645521087487,0.20948065528058557,0.07933077727431159,1.740517816823564,0.5288666467528256,False
2572,101349.0,False,4060.5,5040295.15,103366.35,0.040069068619304093,4146.027995727947,2,1.0,наблюдается,0.290300505009054,0.15997743178218798,-2.90598583781001,0.0,0.0,0.05282600664942741,0.3334564708779707,0.4421869227927595,0.1715305996798424,4.532910037963314,0.2213065428217012,False
2573,104600.5,False,102965.5,238513371.6,192101.59999999998,0.9844235439780923,190047.0102215488,2,1.0,наблюдается,0.27634706841698664,0.1432762314050296,4.149776521033098,0.0003739116500186956,0.14601492733002802,0.04247539224303286,0.7086985446581622,0.1004219860050211,0.002015238113737272,19.98353912095229,0.09908796715720129,False
2574,51437.75,False,53518.0,116109010.15,181232.0,1.0402741703979006,188111.60604668313,2,1.0,наблюдается,0.25983264871056455,0.16855346683389627,-5.8328853108377015,0.012668634851825554,0.03216674763630928,0.025645577188983144,0.6930004858178557,0.2356590306065249,0.0008595238985014131,9.085926524770079,0.18868028401401235,False
2575,133654.25,False,5932.0,11292095.850000001,158109.95,0.04438318014350487,7040.615547289444,2,1.0,наблюдается,0.28218288154093485,0.1493365512986667,9.904508897101959,0.0,0.014160485502360081,0.0,0.10915374241402562,0.7942515171948753,0.08243425488873901,1.38136273082849,0.4536082474226804,False
2576,87469.0,False,25972.5,40855137.5,131240.75,0.29692903773940005,38924.27394716683,2,1.0,наблюдается,0.2700235445210718,0.13535393604668902,-4.889292467459658,0.0,0.06782173452690346,0.026682067571469823,0.3599191452497834,0.535624217922803,0.009952834729040294,4.408907799092863,0.2071690772702312,False
2577,83558.0,False,34426.0,62108724.45,149893.5,0.41199349210854547,61938.945610738636,2,1.0,наблюдается,0.2768784109112337,0.16846523120643164,1.5709596333837232,0.0,0.1625079881484924,0.03196711787602394,0.5784726660082495,0.22156219136699007,0.005490036600244053,12.849130044893116,0.08619546222295404,False
2578,120896.75,False,5760.0,7369411.0,110471.45,0.04765894125790353,5079.756121737079,2,1.0,наблюдается,0.2707284908432993,0.1657744333701779,8.465419992040173,0.0,0.0,0.0,0.4331597222222222,0.2612847222222222,0.3055555555555556,5.103515019839641,0.09789028609361923,False
2579,77024.75,False,20162.5,48303139.900000006,200010.7,0.2617457929093536,52287.14587581507,2,1.0,наблюдается,0.27118713348820467,0.15553630304004507,0.09430306155239818,0.0004463732176069436,0.05482951022938624,0.028915065096094233,0.72649721016739,0.15625542467451953,0.03305641661500314,7.71733063977359,0.032589726551311766,False
2580,125057.5,False,7991.5,10876962.7,113522.55,0.0638985507988321,7249.058282008994,2,1.0,наблюдается,0.291654427047093,0.11772192443073323,-2.6134012489394034,0.0,0.0,0.0,0.5669774135018457,0.3808421447788275,0.05218044171932679,6.165559916946147,0.10695931417716753,False
2581,147123.0,False,9891.0,13378806.7,112695.2,0.06723036967465973,7579.812032833129,2,1.0,наблюдается,0.26554424786660424,0.13462876129544948,7.783746398053076,0.0,0.011475078354059245,0.0,0.5662723688201395,0.3388939439894854,0.08335860883631585,6.258987048552431,0.08223099002682242,False
2582,119189.25,False,12262.0,16896553.4,115177.54999999999,0.10286076325728186,11817.45357609262,2,1.0,наблюдается,0.27972476014272296,0.13677116900957234,-3.126953277207174,0.0,0.27059207307127714,0.020999836894470724,0.336609036046322,0.3687816016962975,0.0030174522916326385,4.331127313956337,0.15182765192435624,False
2583,109950.5,False,10671.5,20222855.4,157846.1,0.09706122626159379,15329.620867674254,2,1.0,наблюдается,0.27667955593275034,0.12899924158581108,3.1196453367644428,0.0,0.05599025441596776,0.01429039966265286,0.7833013165909197,0.1390151337675116,0.007402895562948042,7.542564968690113,0.05692617692997202,False
2584,112188.75,False,8437.0,11905062.649999999,117384.75,0.07521149103472627,8846.130584833358,2,1.0,наблюдается,0.25854190549732714,0.15776462488139015,0.800622217363405,0.0,0.13737110347279838,0.010608036031764845,0.6192959582790091,0.22365769823396942,0.009067203982458305,12.14705914250047,0.5943574446148817,False
2585,156666.5,False,11809.0,19756391.1,138827.4,0.07538891230340014,10513.83239270361,2,1.0,наблюдается,0.24935035557197402,0.14473655505747596,-3.415826419208249,0.0,0.12752985011431958,0.07456177491743586,0.5678719620628334,0.21826572952832585,0.0117706833770852,4.5176478886284706,0.02965028752781575,False
2586,37613.0,False,12162.0,21045649.3,144422.7,0.3243157345619132,46523.175935917614,2,1.0,наблюдается,0.2519286890400056,0.2374965283371847,41.55518896948974,0.0,0.40753987830948857,0.0,0.2643890807432988,0.2763525735898701,0.051718467357342535,3.7555070995035744,0.06002120450661922,False
2587,85424.25,False,10625.5,15001818.899999999,117068.8,0.12640468358082035,14692.648954611603,2,1.0,наблюдается,0.2757412635360748,0.1678054110307216,35.06853522640116,0.0,0.09124276504635076,0.11594748482424357,0.30520916662745284,0.4542845042586231,0.03331607924332969,4.280108410089672,0.44691078786012484,False
2588,81499.25,False,8523.5,13864277.85,134702.3,0.10706676765633587,14341.364754970422,2,1.0,наблюдается,0.25516479387762236,0.2016545939336818,42.70402791158295,0.0,0.3451047105062474,0.06892708394438904,0.35730627089810524,0.16741948729981815,0.06124244735144024,5.152821499773365,0.2604349249645383,False
2589,80118.75,False,2899.5,4447897.3,127316.85,0.03727702844521681,4699.946817461825,2,1.0,наблюдается,0.12459283773228773,0.35928249227808984,37.58544490398441,0.0,0.0,0.0,0.33523021210553544,0.017416795999310227,0.6473529918951544,5.450478778528569,0.2915302189651975,False
2590,20018.5,True,1089.0,1341788.65,100572.84999999999,0.054460118854658915,5594.308111943573,2,1.0,наблюдается,0.2573953489829409,0.16856958109590284,20.972765386921623,0.0,0.0,0.0,0.7268135904499541,0.0,0.2731864095500459,4.740259101653176,0.5881906251112253,False
2591,17874.75,False,4097.5,5525140.7,112226.6,0.23644408832892777,26229.303725513208,2,1.0,наблюдается,0.28232860690281314,0.17429696392758415,-1.006115545688175,0.0,0.0,0.0,0.09835265405735204,0.49444783404514947,0.4071995118974985,8.948170845576728,0.34325440646638666,False
2592,46797.75,True,3140.0,3909470.8000000003,103400.80000000002,0.06707813287669256,6954.871101788994,2,1.0,наблюдается,0.24008983550019303,0.17535051126797752,94.09008354892671,0.0,0.0,0.010509554140127388,0.06576433121019108,0.3606687898089172,0.5630573248407643,9.739427227992987,0.13484107489778763,False
2593,12048.0,True,3003.5,3681433.45,102261.15,0.2492919256096136,25464.61492662334,2,1.0,наблюдается,0.3082643948050347,0.15303202930809384,18.626253649159487,0.0,0.0,0.0,0.7579490594306643,0.22373897120026637,0.018311969369069425,3.4864844457867714,0.32923205881448214,False
2594,5712.5,True,387.5,384202.4,85112.95,0.06796357233842942,5612.44592629805,2,1.0,наблюдается,0.3476947501937573,0.1122738372913129,39.03331091784592,0.0,0.0,0.0,0.0,0.0,1.0,5.098257767518015,0.3735380116959064,False
2595,21771.5,True,589.0,1194380.45,166837.59999999998,0.027055987066543823,4572.392318686616,2,1.0,наблюдается,0.2919127606001485,0.1187358756273021,3.2413543789243846,0.0,0.0,0.0,0.0,0.0,1.0,2.641338568849404,0.1542261770880192,False
2596,18772.5,False,1504.5,2051284.0,113971.45,0.08999219266475306,10030.469061158048,2,1.0,наблюдается,0.28569711449187507,0.20009329552970878,8.597035035294974,0.0,0.27849783981389165,0.0,0.05217680292455965,0.0,0.6693253572615487,4.165442347178596,0.4612328510064659,False
2597,16095.5,True,3482.0,4567791.8,107026.4,0.21592207407280445,23587.88411752556,2,1.0,наблюдается,0.29923869123259844,0.17934541761942657,27.39319609989814,0.0,0.2257323377369328,0.0,0.6748994830557151,0.0,0.09936817920735208,8.170555941135476,0.11674740268144462,False
2598,9152.0,True,4882.5,5920519.45,100423.5,0.5337470340865158,53952.689918952005,2,1.0,наблюдается,0.25878842720163064,0.22749916883145688,-5.474795910491463,0.0,0.0,0.8119815668202764,0.07260624679979519,0.025396825396825397,0.09001536098310292,7.0344874968717575,0.46721476670427325,False
2599,113612.5,True,25370.0,66903679.75,217268.05,0.22317749853463067,49016.76241173431,2,1.0,наблюдается,0.22115344335237225,0.21025277831019934,50.42193767860044,0.0,0.09195900670082775,0.03472605439495467,0.7563066614111155,0.09375246353961372,0.023255813953488302,16.678618098948274,0.09909752322459132,False
2600,21699.75,True,3347.0,4818119.199999999,119956.15,0.15424558697936652,18515.145801391598,2,1.0,наблюдается,0.29209469996085624,0.15664532043122825,-7.5082361532251465,0.0,0.0521362414102181,0.0,0.4886465491484912,0.37033164027487303,0.08888556916641766,3.065970041589548,0.7555241295082626,False
2601,22821.5,True,226.5,251897.35,93091.2,0.009931960656799,918.7053757736819,2,1.0,наблюдается,0.21675026525468147,0.21679611849483332,125.60282444483819,0.0,0.0,0.0,0.0,0.0,1.0,3.0271745340454568,0.188969529628026,False
2602,26497.25,True,1773.5,2014492.15,97883.7,0.06636342726015229,6291.0506731165315,2,1.0,наблюдается,0.23182354795980617,0.21343410710444544,127.78896735795536,0.0,0.0,0.0,0.10910628700310121,0.1840992387933465,0.7067944742035523,4.4025571878446055,0.13801181975095017,False
2603,6635.5,True,314.0,424169.5,140928.0,0.04757818047718969,5347.568032088446,2,1.0,наблюдается,0.31195779402792817,0.17030862462718865,35.92235091998477,0.0,0.0,0.0,0.0,0.0,1.0,5.520048513751893,0.39475783475783477,False
2604,32828.5,True,3120.0,6601706.1,176276.09999999998,0.09508082193417028,16765.745955003513,2,1.0,наблюдается,0.24525688168542287,0.17496165783524864,57.59508795291123,0.0,0.0,0.01266025641025641,0.6395833333333333,0.25785256410256413,0.08990384615384617,4.632312169429294,0.192732244116766,False
2605,120613.5,True,21495.5,39440358.349999994,152242.0,0.1780824233140637,27205.1683537009,2,1.0,наблюдается,0.1924985036983124,0.24435070130648942,111.14657217111342,0.0,0.07645786327370845,0.1705240631760136,0.41852945965434624,0.32741736642553093,0.007071247470400888,12.205597165615822,0.11234149349803169,False
2606,47356.0,False,764.5,906726.45,99042.3,0.02784407039668216,2641.5454834024263,2,1.0,наблюдается,0.23220877613800744,0.22158131181398305,88.58745515781253,0.0,0.0,0.0,0.13211249182472204,0.0,0.8678875081752779,5.56795997852989,0.21149890318403983,False
2607,13357.5,True,1925.0,2152073.75,92633.65,0.14411197728093045,13425.740187656324,2,1.0,наблюдается,0.308687540649039,0.11370259481037924,45.24468936309933,0.0,0.42103896103896105,0.0,0.054285714285714284,0.0,0.5246753246753246,6.6784579474521575,0.4554330968335398,False
2608,50664.5,False,3782.0,2868026.05,63279.95,0.07464561217295751,4717.890359205496,2,0.753373880524394,наблюдается,,,40.969176236990535,0.061343204653622425,0.07033315705975675,0.0,0.17993125330512957,0.1581173982020095,0.5302749867794817,,,True
2609,13667.25,False,1011.0,760855.25,62885.450000000004,0.07396196793072968,4639.4386162393375,2,1.0,наблюдается,,,-4.0477846372835815,0.0,0.0,0.0,0.0712166172106825,0.2423343224530168,0.6864490603363007,,,True
2610,7213.75,False,355.0,212351.3,49382.09999999999,0.049220879763024514,2454.1420843296696,2,0.0,наблюдается,,,-5.337879811384517,0.0,0.0,0.0,0.1591549295774648,0.05352112676056338,0.7873239436619719,,,True
2611,5067.25,False,128.0,64884.05,42305.0,0.025259242939696523,1067.0675106795736,2,0.0,наблюдается,,,-2.0972091395120374,0.0,0.0,0.0,0.09765625,0.0,0.90234375,,,True
2612,193850.0,False,16652.5,13407305.65,67005.3,0.08590154969817754,5762.311383948742,2,1.0,наблюдается,,,22.90445283257703,0.0,0.06101186008106891,0.056357904218585796,0.30695090827203125,0.5328929590151629,0.0427863684131512,,,True
2613,139073.75,False,35204.0,27389742.6,64914.4,0.2531241704027344,16416.29963267984,2,1.0,наблюдается,,,9.077305916859922,0.00042608794455175546,0.149514259743211,0.05238041131689581,0.3091268037722986,0.48841040790819223,0.0001420293148505225,47.553960726328505,0.03071598529093662,True
2614,127388.75,False,12853.0,8278403.6,53902.0,0.10090946868603123,5415.391684235019,2,1.0,наблюдается,,,25.043873543283926,0.0,0.16894888352913717,0.004162452345755855,0.22294405975258694,0.571967634015405,0.03197697035711511,,,True
2615,6318.75,False,435.5,289178.2,54728.9,0.06898884699702999,3820.223997773282,2,0.0,наблюдается,,,-4.19520606265769,0.0,0.0,0.0,0.0,0.22847301951779564,0.7715269804822044,,,True
2616,3374.5,False,596.5,424638.05000000005,59300.25,0.17676984061382073,10488.092784395405,2,0.0,наблюдается,,,-10.643435346378606,0.0,0.0,0.0,0.036881810561609385,0.0,0.9631181894383907,,,True
2617,13212.25,False,360.5,184359.8,42821.5,0.027280896582371407,1163.0061928191317,2,0.4591813642609944,наблюдается,,,-5.311230918638597,0.0,0.0,0.0,0.020804438280166437,0.4521497919556172,0.5270457697642164,,,True
2618,15156.25,False,3248.5,1844546.7999999998,47399.25,0.2142998947799275,10145.994444814416,2,0.8305679634138362,наблюдается,0.3172665187879024,0.18060070262029393,-3.305883225881457,0.0,0.22425734954594428,0.0,0.25873480067723564,0.43050638756349086,0.08650146221332922,15.812021714958467,0.48370691535776617,False
2619,54244.75,True,10466.5,7552613.65,60081.55,0.19295872219069404,11607.509090974581,2,0.6708613971416397,наблюдается,0.2895621629030597,0.1545367144984649,-6.990800642993858,0.014809153011990636,0.4298953804996895,0.0010032006879090432,0.1974394496727655,0.3562317871303683,0.0006210289972770067,14.065782528857532,0.3521583469804657,False
2620,100146.25,True,29640.5,23704671.6,66718.9,0.29596615019064976,19728.119042275386,2,0.8818550940951815,наблюдается,0.24310876745083787,0.18291221911300568,-2.1393742178283506,0.015316880619422749,0.576221723655134,0.009581484792766654,0.1324370371619912,0.26473912383394343,0.0017037499367420494,10.471168304638415,0.31379727540057,False
2621,147768.25,True,50661.0,49361481.3,81225.0,0.3428400193816084,27844.580918304255,2,0.953480518852611,наблюдается,0.2391918923310173,0.1961669412641162,-4.251335213606775,0.02240382148003395,0.5,0.09653382286176744,0.1912812617200608,0.18979096346301888,0.0,8.145538997040706,0.19041371669635943,False
2644,196000.25,False,33063.5,33616425.849999994,84671.05,0.16956007095215309,14232.9810663933,2,0.7723885599273892,наблюдается,0.23205295136763188,0.1796782645062514,8.549815127630575,0.0032966866786637832,0.4039953422958852,0.014502396902929211,0.2691941264536422,0.30595671964553056,0.0030547280233490515,11.166443651903297,0.3314932577160951,False
2646,131875.75,False,30275.0,32710812.9,89930.54999999999,0.22953429370718895,20661.903758852066,2,1.0,наблюдается,0.23079552841244885,0.18590596749042507,26.29449391751131,0.0,0.37241948802642444,0.002559867877786953,0.3378860445912469,0.28708505367464904,4.9545829892805315e-05,6.565301134393577,0.45773995232753073,False
2647,82754.5,False,21615.5,23285624.25,89545.75,0.26116336383212635,23428.732033053922,2,0.6625118683417038,наблюдается,0.2154282823958817,0.1546122402333944,34.15492276360465,0.0,0.6504360297009091,0.011866484698480258,0.1773495871018482,0.15042446392634914,0.009923434572413292,7.745556156670138,0.36243598563274415,False
2648,72253.75,False,6548.5,5737817.300000001,72967.55,0.09063628117868736,6611.65145678366,2,0.7709054502838408,наблюдается,0.18023826702976217,0.21587493236783453,31.10017366235236,0.0,0.40474917920134384,0.0,0.17843781018553867,0.34443002214247537,0.07238298847064217,6.712934364280201,0.21904586619028713,False
2649,219443.75,False,36057.0,40069763.4,92610.55,0.16431812471601404,15209.791126031314,2,0.8201981302158701,наблюдается,0.21766357801986103,0.19534858990205273,-0.25817254642994664,0.002066173003855007,0.3643675291898938,0.0019413706076490001,0.2974179770918268,0.32684360873062096,0.007363341376154464,6.673108231521146,0.09779860364380794,False
2650,48504.5,False,6730.0,3352724.05,41422.09999999999,0.13876701758720789,5762.864403295309,2,0.7851032864568975,наблюдается,0.24198016755278898,0.16912425567343015,1.4083152757335726,0.018276374442793463,0.21106983655274889,0.009435364041604754,0.26158989598811294,0.4924219910846954,0.007206537890044551,8.035893368943398,0.3395304377109501,False
2651,483427.5,False,102465.0,141637119.3,114822.7,0.21193374088082229,24402.64420070694,2,0.6741354438421433,наблюдается,0.2239239759495065,0.17823297204557648,7.9551031578844,0.02833650514809935,0.16981896257258577,0.030644610354755283,0.5084516664226809,0.26182598936222123,0.0009222661396575127,9.69142213332708,0.25908373468941004,False
2652,240617.5,False,39265.5,36672559.85,77880.95000000001,0.16318608772843246,12701.126790409773,2,0.7106429095064867,наблюдается,0.23707343394924177,0.17790349802927635,5.175966201695772,0.007029071322153035,0.3909284231704677,0.0038456151074098125,0.2641249952248157,0.3337026142542435,0.0003692809209102643,11.276729629257652,0.28626351867873434,False
2710,64166.75,True,11485.0,5908896.6,42874.9,0.1780606351888745,7634.174153688731,1,0.7487170946797019,наблюдается,0.29081757917996565,0.15745457893444637,-7.664312370847854,0.02002612102742708,0.2039181541140618,0.0,0.24318676534610362,0.4497170222028733,0.08315193730953419,12.214863747373071,0.3846112682959145,False
2714,34302.5,False,6147.5,3480792.35,47272.649999999994,0.17919562691324073,8459.416794272489,2,0.5082482967827094,наблюдается,0.26303528046496716,0.16435847423202027,-1.0130073978069698,0.24798698657991053,0.25644570963806423,0.014802765351769012,0.1433916226108174,0.3263928426189508,0.010980073200487883,11.857957651219303,0.6561127839993555,False
2748,14226.0,False,11376.5,16600214.35,120178.75,0.7988243805629307,97005.02546659509,2,1.0,наблюдается,0.16267139657645963,0.21537492226370678,41.00072790651721,0.0,0.0,0.005669582033138487,0.7783588977277721,0.19716081395859886,0.01881070628049053,33.583615464708075,0.1517679134672165,False
2808,214368.25,False,47578.5,46020251.6,80532.9,0.2219470019549537,17889.39216692051,2,0.7297350856305161,наблюдается,0.2412582963490525,0.18777905263525752,-4.032303327901999,0.02234202423363494,0.34982187332513637,0.01795979276353815,0.3333753691268115,0.2765009405508791,0.0,10.479603005158483,0.11857863326265186,False
2809,103196.25,False,15870.5,9919620.8,52219.8,0.15377716743730396,8012.154772147801,2,0.5968349159468689,наблюдается,0.23693800629200673,0.20907631837502322,-0.7177476463325347,0.10179263413251,0.27094294445669637,0.0011971897545761004,0.20780693739957784,0.41573989477332157,0.0025203994833180587,12.197623056572095,0.2395944536779908,False
2812,560846.25,False,93103.0,82349812.9,73683.5,0.16600455156931307,12236.03613268816,2,0.8423011848889491,наблюдается,0.21690704542591419,0.21105891341040867,-3.8652797503737006,0.0021696400760448107,0.07050793207522851,0.029644587177641967,0.47275597993619967,0.42491111994242936,1.0740792455665726e-05,15.231447040747595,0.20045394304815636,False
2813,101238.75,False,12609.0,10247505.9,67756.04999999999,0.12454592496204556,8437.066643528331,2,0.6505957313953897,наблюдается,0.24893559721243358,0.1709068649662353,-4.139350313060225,0.022999444840986597,0.3576413672773416,0.0,0.20255373146165437,0.41268141803473707,0.004124038385280304,9.979342362087387,0.10184367274019088,False
2814,301508.5,False,52737.5,51476788.150000006,81057.20000000001,0.17489639443791108,14223.221956745136,2,0.9148692726525663,наблюдается,0.21847617726371182,0.19568002976382565,4.904722098487456,0.03194121829817492,0.22248874140791658,0.02615785731215928,0.47184640910168285,0.2474994074425219,6.63664375444295e-05,5.644491818383732,0.22738437843445095,False
2872,10061.25,False,3797.5,5539569.7,122086.29999999999,0.3774262393435761,45881.96399693345,2,0.0,структурный ноль,0.10297597255681468,0.329234699368651,-2.0344643134650733,0.02554312047399605,0.12297564186965108,0.12100065832784727,0.18828176431863067,0.46135615536537194,0.08084265964450288,7.690392171178994,0.6058692323936227,False
2876,133566.5,True,16798.5,11838632.8,58607.0,0.12577152465734703,7386.936972694352,2,0.9466394952383594,наблюдается,0.2235606268062328,0.17554962298354349,-2.320329410557788,0.0,0.08012620174420335,0.010774771556984255,0.1647766169598476,0.7420007738786201,0.0023216358603447285,10.04575795047089,0.25548675748178284,False
2878,,False,,,,,,0,,нет данных,,,4.12894622111661,,,,,,,,,True
2879,34738.75,False,14383.5,25235635.85,146142.0,0.41406015779407523,60495.556486272915,2,1.0,наблюдается,0.10899748375264626,0.23224067554103478,15.35524248477917,0.3289533145618243,0.08582751068933153,0.06427503736920777,0.28539646122292905,0.2349219591893489,0.0006257169673584695,12.955643476000718,0.1922321838300201,False
2880,31267.25,False,13104.0,18354420.700000003,116812.45,0.4191263424335445,48906.98514901698,2,1.0,наблюдается,0.14672927698796248,0.21270368434456643,9.186547146439302,0.0027854090354090355,0.12805250305250304,0.2229471916971917,0.2800289987789988,0.33131105006105005,0.03487484737484747,8.611025869945145,0.06047654587308685,False
2881,109854.0,True,9145.0,5530544.25,50450.75,0.08324491298544741,4196.181544437626,2,0.0,наблюдается,0.2503072885088154,0.1679432797008099,-9.547428774847006,0.22268999453253144,0.16309458720612358,0.010442864953526518,0.12575177692728268,0.4496446145434664,0.02837616183706937,13.147506326514701,0.4150832311238125,False
2882,36607.0,False,56031.5,111967320.4,166500.15,1.5306233066213437,254889.08106205676,2,0.7426570394051324,наблюдается,0.12169402333951357,0.2573215217037454,-9.817762917990024,0.5041628369756298,0.11676467701203787,0.07982117201931056,0.19216869082569626,0.1070647760634643,1.7847103861101665e-05,13.689311114832302,0.537861361170334,False
2883,51873.5,True,7147.0,4138853.7,48260.2,0.13726281017131445,6624.1160597679955,1,0.7953233896242106,наблюдается,0.2835083973540233,0.1585489067236022,,0.0,0.21197705330908073,0.0,0.21785364488596615,0.476423674268924,0.09374562753602911,12.501850493894326,0.8958710066305005,False
2884,64008.5,True,13382.0,8241527.8,51322.09999999999,0.20828339740696353,10689.566893388743,1,0.8358663791730889,наблюдается,0.28794994592924456,0.15475050208558627,,0.056194888656404124,0.3107158870124047,0.042669257211179194,0.21132865042594529,0.36534150351218053,0.013749813181886172,12.56826300616861,0.22686759404913676,False
2885,50499.5,False,7373.5,4207858.75,47613.15,0.14600990041328604,6943.9721951501715,2,0.5710284224734626,наблюдается,0.22324618957133194,0.23773731396688108,3.4434648380680972,0.05499423611582017,0.07228588865531972,0.0,0.20722858886553197,0.6545738116227029,0.01091747474062521,11.168647386323297,0.4529033995168742,False
2886,43627.75,False,11054.5,8404298.5,63504.85,0.2533496607224216,16060.957250195024,2,0.9248933957934131,наблюдается,0.26951629875389466,0.1531556734206661,-1.0700665945699812,0.0,0.45379709620516534,0.012438373513048984,0.17517752951286805,0.316658374417658,0.0419286263512596,8.999901561434928,0.5543405057447379,False
2887,939530.75,False,227861.0,175510658.85,64199.20000000001,0.24252621670847885,15567.578378769778,2,0.9540299453762454,наблюдается,0.25070781326266534,0.16240111471103583,0.03298435530747537,0.017339518390597778,0.24935157837453537,0.019650137583877892,0.3363827070011981,0.37727386432956933,2.1943202215268798e-06,7.373490549139491,0.24566066080274956,False
3005,144779.75,False,38465.5,29262389.6,63345.1,0.2656880098125523,16846.51574130643,2,0.7695843008372817,наблюдается,0.26221460517704187,0.17917852062057366,0.22060369580129122,0.004679518009645007,0.48915261728042014,0.03362753636375453,0.19583782870364352,0.27411576607609417,0.0025867335664426783,7.4433303897864755,0.35538728660938035,False
3007,43200.0,True,22563.0,24426766.6,90215.6,0.5222916666666667,47119.534336419754,1,0.26002314814814814,наблюдается,0.25972382048331416,0.19861910241657077,,0.6209280680760537,0.04414306608163808,0.044940832336125516,0.16540353676372824,0.12462881708992599,0.0,7.997685185185186,0.6961374795417349,False
3008,278292.25,False,102874.5,150622712.2,122083.0,0.3696680242411447,45098.01861208803,2,0.9247656023148515,наблюдается,0.21759835488933385,0.1824629759907643,0.11515700037605958,0.0,0.13474670593781743,0.02012160447924413,0.6339423277877414,0.2109560678302203,0.00023329396497673294,9.719264954085867,0.3262259669822582,False
3009,289143.5,False,87473.0,58012104.7,55338.15,0.30251343408407727,16724.676676921288,2,0.8871957066950226,наблюдается,0.25561353226514655,0.15991407109429207,-2.6498920573879094,0.007539469321962205,0.2651389571639249,0.019171630103003212,0.29403358750700215,0.40047214569067024,0.013644210213437313,9.190024702125859,0.256917714693149,False
3010,73967.25,False,10766.0,7826329.9,60396.299999999996,0.14556500676425121,8820.920382353355,2,0.07303559701068343,наблюдается,0.2831529184238094,0.15870692202315398,-2.2914139371883007,0.14434330299089726,0.34413895597250604,0.002089912688092142,0.19190042727103845,0.2838565855470927,0.03367081553037332,5.11216207212772,0.638713344834775,False
3011,160296.0,False,27200.5,17331182.8,53124.7,0.16968838647038365,9013.432401303204,2,0.9889488559416241,наблюдается,0.2677762289390605,0.1722388082523048,-0.22992648566688,0.0,0.3374754140548887,0.0,0.29293579162147754,0.3680079410304958,0.0015808532931380626,7.407469244842847,0.4892531599369484,False
3012,24963.75,False,2516.5,1315215.65,43620.100000000006,0.10080011412022902,4392.081703850894,2,0.8252323757195278,наблюдается,0.3128906302770881,0.18038691274358185,-0.9567852017222134,0.0,0.04092986290482813,0.0,0.10530498708523743,0.7132922710113253,0.14047287899860916,11.521612015824388,0.027504950513754317,False
3013,136275.0,False,37086.5,41404573.5,92950.9,0.27216616108752173,25283.754642646512,2,0.5716212484637865,наблюдается,0.2197344825804928,0.14523020611177118,24.536771657646522,0.001280789505615251,0.24806870424548016,0.019966834292801963,0.45888665686975044,0.27055667156512475,0.0012403435212274827,8.900876530249576,0.5525582423011441,False
3014,122357.5,True,16014.0,15603438.2,81198.2,0.13072119505326313,10614.150578887937,1,0.8248758418187095,наблюдается,0.2352344325341625,0.16225349807708045,,0.0,0.44298738603721743,0.029911327588360185,0.24466092169351816,0.27994255026851506,0.0024978144123890544,7.0425696910330196,0.407188507854274,False
