territory_id,labor_type,cons_type,spend,wage,fund_pc,emp_rate,share_old,gap,resid,lisa,dist_capital_km,federal_city
1,1.0,2,27129.0,52916.0,11390.0,0.215,0.25,-0.105,0.489,не значимо,0.0,False
2,2.0,1,20444.0,43127.0,4423.0,0.103,0.217,0.558,-0.517,не значимо,101.0,False
3,1.0,1,20878.0,50406.0,8146.0,0.161,0.248,-0.032,-0.701,не значимо,36.0,False
4,2.0,3,22013.0,47111.0,4490.0,0.095,0.236,0.617,-0.24,не значимо,60.0,False
5,2.0,3,20779.0,45172.0,4825.0,0.107,0.226,0.487,-0.435,не значимо,78.0,False
6,2.0,2,24516.0,44742.0,3622.0,0.081,0.264,0.939,0.28,не значимо,14.0,False
7,3.0,2,36372.0,67672.0,7217.0,0.106,0.178,0.644,0.271,не значимо,122.0,False
8,1.0,2,28995.0,64583.0,13373.0,0.205,0.217,-0.199,-0.043,не значимо,82.0,False
9,2.0,0,19342.0,39504.0,4047.0,0.102,0.236,0.591,-0.394,не значимо,59.0,False
10,2.0,2,29986.0,67355.0,16842.0,0.25,0.167,-0.396,-0.017,не значимо,0.0,False
11,2.0,3,24771.0,63576.0,8443.0,0.133,0.111,0.103,-0.38,не значимо,457.0,False
12,1.0,2,31637.0,68766.0,14924.0,0.217,0.191,-0.222,0.155,не значимо,9.0,False
13,2.0,3,22834.0,42581.0,7207.0,0.169,0.211,0.18,0.313,не значимо,201.0,False
14,2.0,3,25060.0,52064.0,9377.0,0.18,0.218,0.01,0.397,не значимо,139.0,False
15,2.0,3,27182.0,57826.0,9651.0,0.167,0.127,0.062,0.025,не значимо,410.0,False
16,2.0,3,21525.0,41151.0,6091.0,0.148,0.179,0.289,0.177,не значимо,206.0,False
17,2.0,3,24862.0,43292.0,6982.0,0.161,0.181,0.297,0.65,не значимо,322.0,False
18,2.0,3,28184.0,58364.0,9450.0,0.162,0.2,0.119,-0.032,не значимо,99.0,False
19,2.0,0,21195.0,50580.0,9379.0,0.186,0.205,-0.158,-0.15,не значимо,65.0,False
20,2.0,3,21887.0,45460.0,6931.0,0.153,0.195,0.177,-0.144,не значимо,115.0,False
21,1.0,2,33671.0,80732.0,20543.0,0.255,0.216,-0.479,-0.045,не значимо,0.0,False
22,0.0,1,20241.0,57592.0,6003.0,0.105,0.315,0.242,-0.413,не значимо,221.0,False
23,1.0,2,26096.0,54382.0,9111.0,0.167,0.275,0.079,0.021,не значимо,233.0,False
25,1.0,2,29314.0,59168.0,11309.0,0.191,0.212,-0.021,0.275,не значимо,213.0,False
26,1.0,2,29516.0,62526.0,11753.0,0.188,0.246,-0.052,0.333,не значимо,179.0,False
27,1.0,2,28996.0,68107.0,14819.0,0.218,0.224,-0.302,-0.23,не значимо,158.0,False
28,2.0,2,27214.0,52067.0,7442.0,0.143,0.19,0.323,0.322,не значимо,407.0,False
29,1.0,2,29411.0,59794.0,10675.0,0.179,0.217,0.04,0.06,не значимо,127.0,False
30,2.0,3,17777.0,48460.0,6327.0,0.131,0.197,0.06,-1.01,не значимо,328.0,False
31,0.0,0,19885.0,55291.0,8068.0,0.146,0.281,-0.071,-0.819,не значимо,120.0,False
32,2.0,0,20500.0,43308.0,4522.0,0.104,0.264,0.538,-0.141,не значимо,87.0,False
33,2.0,0,18947.0,43478.0,5551.0,0.128,0.246,0.254,-0.539,не значимо,194.0,False
34,0.0,0,17131.0,43323.0,5160.0,0.119,0.307,0.227,-0.284,не значимо,82.0,False
35,2.0,3,20451.0,44621.0,4764.0,0.107,0.201,0.484,-0.216,не значимо,403.0,False
36,0.0,0,19441.0,39966.0,4415.0,0.111,0.287,0.509,-0.255,не значимо,174.0,False
37,0.0,0,18362.0,42029.0,4481.0,0.107,0.285,0.437,-0.465,не значимо,180.0,False
38,1.0,2,27456.0,53560.0,8692.0,0.162,0.25,0.177,0.243,не значимо,180.0,False
39,2.0,3,21513.0,47596.0,5496.0,0.115,0.252,0.391,-0.181,не значимо,272.0,False
40,1.0,2,26245.0,52441.0,11419.0,0.218,0.252,-0.141,0.167,не значимо,252.0,False
41,0.0,0,19798.0,46924.0,5538.0,0.118,0.29,0.301,-0.22,не значимо,200.0,False
42,2.0,2,25909.0,47336.0,5238.0,0.111,0.204,0.625,0.256,не значимо,101.0,False
43,2.0,0,20011.0,52529.0,6709.0,0.128,0.265,0.12,-0.428,не значимо,72.0,False
44,1.0,2,27867.0,69499.0,13299.0,0.191,0.225,-0.233,-0.269,не значимо,47.0,False
45,0.0,0,20297.0,48398.0,5663.0,0.117,0.291,0.303,-0.201,не значимо,112.0,False
46,1.0,0,19309.0,61006.0,10253.0,0.163,0.326,-0.34,-0.126,не значимо,150.0,False
47,2.0,3,18664.0,35889.0,4778.0,0.133,0.163,0.389,-0.063,не значимо,318.0,False
48,2.0,0,19924.0,44408.0,5039.0,0.113,0.263,0.401,-0.267,не значимо,131.0,False
49,2.0,1,22658.0,45218.0,5660.0,0.125,0.238,0.414,0.074,не значимо,100.0,False
50,2.0,3,22656.0,46874.0,6551.0,0.14,0.215,0.268,-0.105,не значимо,222.0,False
51,2.0,2,24770.0,52137.0,7374.0,0.142,0.242,0.238,0.191,не значимо,125.0,False
52,0.0,0,18501.0,52353.0,6163.0,0.118,0.294,0.126,-0.457,не значимо,209.0,False
53,2.0,3,20445.0,40725.0,4620.0,0.114,0.247,0.514,0.151,не значимо,334.0,False
54,2.0,3,20290.0,42496.0,5169.0,0.122,0.247,0.394,-0.01,не значимо,408.0,False
55,3.0,2,26401.0,60882.0,4558.0,0.075,0.223,0.783,-0.264,не значимо,39.0,False
56,1.0,0,18883.0,55789.0,8177.0,0.146,0.279,-0.136,-0.803,не значимо,154.0,False
57,1.0,2,29191.0,57090.0,8846.0,0.155,0.261,0.221,0.487,не значимо,152.0,False
58,1.0,1,19277.0,61365.0,9032.0,0.147,0.264,-0.215,-0.968,не значимо,205.0,False
59,2.0,0,19868.0,41378.0,4092.0,0.099,0.253,0.607,-0.175,не значимо,188.0,False
60,2.0,1,20688.0,51600.0,4900.0,0.095,0.253,0.467,-0.44,не значимо,52.0,False
61,2.0,3,20487.0,40982.0,4272.0,0.104,0.245,0.595,-0.074,не значимо,229.0,False
62,0.0,1,20457.0,58493.0,12302.0,0.211,0.289,-0.465,-0.395,не значимо,220.0,False
63,2.0,0,20014.0,43915.0,5215.0,0.119,0.268,0.372,-0.133,не значимо,272.0,False
65,0.0,1,19509.0,46328.0,4473.0,0.097,0.297,0.5,-0.274,не значимо,67.0,False
66,2.0,2,27763.0,50232.0,6720.0,0.134,0.236,0.445,0.608,не значимо,205.0,False
67,0.0,3,21569.0,41772.0,4671.0,0.112,0.27,0.557,0.083,не значимо,280.0,False
68,2.0,0,18052.0,41495.0,3581.0,0.087,0.252,0.644,-0.427,не значимо,133.0,False
69,0.0,0,18811.0,43688.0,4722.0,0.108,0.308,0.409,-0.182,не значимо,188.0,False
70,2.0,1,20639.0,41980.0,4858.0,0.116,0.253,0.473,-0.085,не значимо,86.0,False
71,2.0,3,20871.0,47905.0,7307.0,0.153,0.231,0.076,-0.356,не значимо,174.0,False
72,0.0,0,16684.0,40294.0,4502.0,0.112,0.344,0.337,-0.586,не значимо,180.0,False
73,2.0,2,29464.0,54926.0,5740.0,0.104,0.245,0.662,0.874,не значимо,127.0,False
74,1.0,0,19301.0,64056.0,12923.0,0.197,0.261,-0.572,-0.354,не значимо,215.0,False
75,1.0,2,27056.0,56696.0,8534.0,0.151,0.245,0.181,0.231,не значимо,166.0,False
76,3.0,2,30969.0,82760.0,13714.0,0.165,0.211,-0.159,-0.286,не значимо,1.0,False
77,1.0,2,27800.0,74217.0,16064.0,0.217,0.238,-0.425,0.094,не значимо,340.0,False
78,0.0,0,17934.0,41768.0,3880.0,0.093,0.295,0.558,-0.523,не значимо,201.0,False
79,2.0,3,22762.0,72912.0,15645.0,0.214,0.211,-0.598,-0.175,не значимо,491.0,False
80,2.0,0,19278.0,50334.0,6731.0,0.134,0.285,0.079,-0.386,не значимо,113.0,False
81,2.0,2,25169.0,56723.0,6655.0,0.117,0.247,0.357,0.025,не значимо,52.0,False
82,0.0,0,17437.0,50606.0,6521.0,0.129,0.283,0.01,-1.038,не значимо,162.0,False
83,1.0,3,22060.0,55957.0,8767.0,0.157,0.238,-0.051,-0.231,не значимо,211.0,False
167,1.0,2,25436.0,50125.0,10069.0,0.201,0.207,-0.047,-0.032,не значимо,0.0,False
168,2.0,0,19548.0,39160.0,2825.0,0.072,0.159,0.961,-0.391,не значимо,25.0,False
169,2.0,1,21731.0,42877.0,4403.0,0.103,0.241,0.623,-0.238,не значимо,62.0,False
173,2.0,0,18981.0,40837.0,3262.0,0.08,0.226,0.788,-0.225,не значимо,46.0,False
181,2.0,0,18705.0,34072.0,3404.0,0.1,0.25,0.731,-0.129,не значимо,236.0,False
184,2.0,0,19902.0,36065.0,2433.0,0.067,0.228,1.129,-0.138,не значимо,310.0,False
185,2.0,0,18274.0,34384.0,3187.0,0.093,0.253,0.773,-0.25,не значимо,193.0,False
188,3.0,0,20339.0,39135.0,3619.0,0.093,0.262,0.753,-0.472,не значимо,169.0,False
191,2.0,0,20714.0,39590.0,3795.0,0.096,0.235,0.724,0.039,не значимо,303.0,False
194,1.0,2,24340.0,52732.0,13089.0,0.248,0.23,-0.353,-0.395,не значимо,0.0,False
195,2.0,0,20090.0,39511.0,4236.0,0.107,0.219,0.583,-0.249,не значимо,55.0,False
196,2.0,3,22401.0,37248.0,4792.0,0.129,0.196,0.569,0.464,не значимо,35.0,False
198,2.0,0,21352.0,44366.0,4468.0,0.101,0.193,0.591,-0.192,не значимо,65.0,False
201,2.0,0,21786.0,32434.0,1903.0,0.059,0.195,1.465,0.622,не значимо,64.0,False
203,2.0,0,21330.0,51967.0,5073.0,0.098,0.189,0.463,-0.308,не значимо,102.0,False
204,2.0,0,18736.0,48037.0,5097.0,0.106,0.178,0.329,-1.002,не значимо,17.0,False
205,2.0,0,18382.0,35891.0,3142.0,0.088,0.197,0.793,-0.245,не значимо,35.0,False
206,1.0,6,40198.0,76073.0,21107.0,0.278,0.248,-0.329,0.771,HH,0.0,False
207,1.0,5,41549.0,104502.0,33588.0,0.321,0.259,-0.761,0.604,не значимо,494.0,False
208,1.0,5,32828.0,81514.0,20800.0,0.255,0.322,-0.517,0.36,не значимо,374.0,False
209,1.0,3,34341.0,65474.0,10936.0,0.167,0.306,0.171,0.941,не значимо,556.0,False
210,1.0,1,30657.0,92374.0,31698.0,0.343,0.282,-1.007,-0.47,не значимо,412.0,False
211,1.0,5,29150.0,67259.0,19073.0,0.284,0.303,-0.549,0.151,HH,57.0,False
212,0.0,2,32097.0,64171.0,10680.0,0.167,0.314,0.127,0.857,HH,286.0,False
213,1.0,5,34603.0,92298.0,19120.0,0.207,0.345,-0.38,0.116,не значимо,558.0,False
214,0.0,1,30089.0,70314.0,15542.0,0.221,0.306,-0.313,0.12,HH,162.0,False
215,0.0,3,30877.0,55134.0,7951.0,0.144,0.364,0.383,1.006,не значимо,376.0,False
216,0.0,1,27697.0,57047.0,9556.0,0.168,0.321,0.091,0.546,HH,148.0,False
217,0.0,5,31400.0,66194.0,15072.0,0.227,0.324,-0.239,0.662,HH,199.0,False
218,1.0,5,36376.0,77881.0,12269.0,0.157,0.244,0.114,1.148,не значимо,1.0,False
219,0.0,1,26069.0,65556.0,17680.0,0.269,0.299,-0.585,-0.069,LH,50.0,False
220,0.0,3,28098.0,63008.0,8758.0,0.139,0.313,0.192,0.493,не значимо,358.0,False
221,1.0,5,32558.0,72573.0,20393.0,0.281,0.287,-0.505,0.288,не значимо,261.0,False
222,1.0,2,36162.0,65118.0,13797.0,0.212,0.267,-0.01,0.854,HH,244.0,False
223,0.0,1,28316.0,69505.0,14904.0,0.214,0.34,-0.331,0.447,HH,135.0,False
224,1.0,5,36176.0,76987.0,23767.0,0.309,0.219,-0.553,0.302,не значимо,0.0,False
225,4.0,5,43031.0,111288.0,35331.0,0.318,0.187,-0.776,0.213,не значимо,1105.0,False
226,4.0,5,30316.0,106673.0,38592.0,0.362,0.242,-1.215,-0.352,не значимо,526.0,False
227,1.0,5,37525.0,90880.0,23054.0,0.254,0.259,-0.486,0.292,не значимо,819.0,False
228,4.0,5,38808.0,130600.0,77123.0,0.591,0.16,-1.66,0.127,не значимо,794.0,False
229,1.0,5,36748.0,94998.0,32602.0,0.343,0.23,-0.854,0.163,не значимо,316.0,False
230,2.0,3,27463.0,67256.0,11354.0,0.169,0.224,-0.09,-0.138,не значимо,556.0,False
231,1.0,3,28876.0,77693.0,29767.0,0.384,0.28,-1.004,-0.208,не значимо,128.0,False
232,0.0,3,23898.0,63077.0,13713.0,0.217,0.297,-0.418,-0.104,не значимо,186.0,False
233,2.0,3,21477.0,56286.0,9029.0,0.161,0.264,-0.107,-0.457,не значимо,47.0,False
234,1.0,5,35601.0,99507.0,32531.0,0.327,0.268,-0.883,-0.053,не значимо,590.0,False
235,0.0,1,22670.0,61560.0,17325.0,0.282,0.296,-0.704,-0.103,не значимо,182.0,False
236,1.0,5,30495.0,84230.0,22021.0,0.262,0.251,-0.648,-0.465,не значимо,334.0,False
237,2.0,5,29889.0,63579.0,14426.0,0.227,0.241,-0.245,0.475,не значимо,8.0,False
238,0.0,1,23265.0,57597.0,14595.0,0.253,0.306,-0.507,-0.31,не значимо,85.0,False
239,0.0,1,27935.0,57659.0,13121.0,0.228,0.342,-0.218,0.67,не значимо,459.0,False
240,2.0,3,27881.0,59849.0,13826.0,0.231,0.275,-0.272,0.557,не значимо,285.0,False
241,1.0,1,27888.0,68731.0,21939.0,0.32,0.28,-0.733,-0.304,не значимо,94.0,False
242,2.0,3,22489.0,57732.0,10713.0,0.186,0.262,-0.232,-0.278,не значимо,182.0,False
243,2.0,3,26843.0,64268.0,13186.0,0.205,0.257,-0.262,-0.11,не значимо,680.0,False
269,1.0,2,27906.0,64872.0,14721.0,0.227,0.237,-0.334,-0.297,не значимо,0.0,False
270,1.0,1,24143.0,65758.0,14824.0,0.225,0.258,-0.486,-0.813,LL,100.0,False
271,1.0,1,22639.0,56155.0,19504.0,0.347,0.254,-0.824,-0.702,не значимо,162.0,False
272,0.0,1,20069.0,46545.0,5442.0,0.117,0.259,0.332,-0.472,LL,100.0,False
273,0.0,0,17519.0,33023.0,1945.0,0.059,0.324,1.225,-0.025,LL,162.0,False
274,1.0,1,22592.0,57290.0,11891.0,0.208,0.278,-0.331,-0.536,не значимо,88.0,False
275,2.0,0,19600.0,41421.0,4765.0,0.115,0.245,0.441,-0.283,не значимо,82.0,False
276,0.0,0,17122.0,38147.0,7342.0,0.193,0.267,-0.127,-0.532,не значимо,71.0,False
277,0.0,0,17319.0,37013.0,5214.0,0.141,0.292,0.227,-0.314,не значимо,127.0,False
278,1.0,2,28092.0,52577.0,8964.0,0.171,0.228,0.169,0.578,не значимо,7.0,False
279,2.0,1,16973.0,41792.0,4993.0,0.12,0.245,0.25,-0.889,не значимо,94.0,False
280,0.0,0,17920.0,38998.0,6270.0,0.161,0.277,0.077,-0.268,не значимо,78.0,False
281,0.0,0,18030.0,43828.0,5647.0,0.129,0.276,0.188,-0.53,не значимо,34.0,False
282,0.0,0,16440.0,37968.0,4862.0,0.128,0.289,0.245,-0.483,не значимо,110.0,False
283,2.0,1,19397.0,47305.0,7709.0,0.163,0.234,-0.051,-0.636,не значимо,94.0,False
284,2.0,1,19474.0,43084.0,8090.0,0.188,0.249,-0.095,0.161,не значимо,41.0,False
285,0.0,0,18021.0,42412.0,7307.0,0.172,0.34,-0.071,-0.466,не значимо,203.0,False
287,0.0,0,16491.0,46095.0,6225.0,0.135,0.351,0.001,-1.075,не значимо,114.0,False
288,0.0,0,17703.0,34092.0,2951.0,0.087,0.286,0.818,-0.282,не значимо,140.0,False
289,0.0,0,18918.0,48364.0,11079.0,0.229,0.304,-0.438,-0.439,LL,78.0,False
290,0.0,0,16795.0,38725.0,4952.0,0.128,0.336,0.248,-0.816,LL,56.0,False
292,0.0,0,16335.0,44725.0,6527.0,0.146,0.363,-0.056,-1.179,LL,82.0,False
293,0.0,0,18923.0,41333.0,4716.0,0.114,0.357,0.416,-0.226,не значимо,143.0,False
294,1.0,0,21344.0,37826.0,10438.0,0.277,0.227,-0.258,-0.142,не значимо,192.0,False
295,0.0,0,20027.0,46374.0,7687.0,0.165,0.31,-0.016,-0.636,не значимо,75.0,False
296,0.0,0,19651.0,46324.0,8167.0,0.177,0.313,-0.095,-0.432,не значимо,63.0,False
297,0.0,0,19752.0,43110.0,5870.0,0.136,0.307,0.24,-0.029,не значимо,74.0,False
298,0.0,1,21373.0,43471.0,9580.0,0.22,0.315,-0.171,-0.109,не значимо,99.0,False
300,0.0,0,18949.0,42699.0,7084.0,0.166,0.326,0.011,-0.266,не значимо,110.0,False
301,0.0,2,24615.0,60163.0,8272.0,0.138,0.3,0.117,0.234,не значимо,14.0,False
302,0.0,0,18558.0,49303.0,7622.0,0.155,0.276,-0.083,-0.5,не значимо,30.0,False
303,1.0,1,24575.0,62317.0,15143.0,0.243,0.266,-0.489,-0.58,не значимо,24.0,False
304,0.0,0,16836.0,40892.0,4894.0,0.12,0.306,0.262,-0.538,не значимо,59.0,False
305,0.0,0,19416.0,39266.0,4809.0,0.122,0.374,0.422,-0.092,не значимо,167.0,False
306,0.0,0,18111.0,39512.0,5390.0,0.137,0.289,0.239,-0.437,не значимо,208.0,False
307,0.0,1,22551.0,50432.0,11978.0,0.237,0.248,-0.341,-0.195,не значимо,153.0,False
308,1.0,1,22360.0,61105.0,19369.0,0.317,0.287,-0.83,-0.583,LL,49.0,False
309,,7,44945.0,114297.0,25342.0,0.222,0.141,-0.4,,нет данных,0.0,False
312,4.0,5,42141.0,129741.0,72050.0,0.556,0.186,-1.51,0.526,не значимо,533.0,False
314,2.0,7,30476.0,77272.0,17121.0,0.222,0.186,-0.397,0.189,не значимо,198.0,False
316,4.0,7,48609.0,136292.0,49966.0,0.368,0.119,-1.001,-0.068,не значимо,2216.0,False
317,2.0,7,29484.0,79679.0,15806.0,0.198,0.148,-0.35,-0.244,не значимо,658.0,False
318,4.0,7,51177.0,111804.0,44780.0,0.401,0.211,-0.84,1.114,не значимо,1548.0,False
319,4.0,7,39917.0,111105.0,40116.0,0.36,0.168,-0.978,-0.078,не значимо,1264.0,False
320,2.0,7,30999.0,88448.0,21221.0,0.24,0.168,-0.594,-0.367,не значимо,575.0,False
321,2.0,3,26769.0,79344.0,17018.0,0.214,0.166,-0.52,-0.533,не значимо,184.0,False
323,4.0,7,33077.0,91542.0,27651.0,0.302,0.174,-0.794,0.027,не значимо,,False
324,4.0,7,31444.0,111079.0,38404.0,0.345,0.186,-1.173,-0.538,не значимо,,False
325,4.0,5,41654.0,140299.0,151403.0,1.087,0.191,-2.264,0.602,не значимо,3706.0,False
326,2.0,7,31392.0,82577.0,17573.0,0.213,0.184,-0.393,-0.102,не значимо,21.0,False
327,4.0,5,42229.0,159650.0,85233.0,0.533,0.124,-1.676,-0.257,не значимо,3664.0,False
329,2.0,7,31230.0,78829.0,14602.0,0.185,0.161,-0.213,-0.075,не значимо,84.0,False
330,4.0,5,43900.0,149436.0,72124.0,0.481,0.176,-1.47,0.278,не значимо,802.0,False
331,4.0,7,53767.0,113257.0,30163.0,0.267,0.183,-0.395,1.272,не значимо,2685.0,False
332,4.0,7,48417.0,174297.0,127595.0,0.731,0.179,-1.942,0.5,не значимо,974.0,False
333,4.0,7,40379.0,126261.0,77431.0,0.614,0.2,-1.624,0.586,не значимо,4117.0,False
334,4.0,7,43621.0,153944.0,77641.0,0.505,0.112,-1.55,0.176,не значимо,4468.0,False
335,2.0,7,38884.0,88745.0,24916.0,0.281,0.206,-0.528,0.675,не значимо,1901.0,False
336,2.0,7,31376.0,77584.0,17510.0,0.226,0.19,-0.39,0.217,не значимо,3849.0,False
337,2.0,7,27327.0,82128.0,17134.0,0.209,0.192,-0.506,-0.508,не значимо,256.0,False
338,4.0,7,38391.0,119053.0,50765.0,0.427,0.182,-1.253,-0.047,не значимо,410.0,False
339,2.0,7,26507.0,77006.0,15314.0,0.199,0.19,-0.425,-0.44,не значимо,126.0,False
340,4.0,7,38791.0,127473.0,53635.0,0.421,0.201,-1.297,-0.305,не значимо,375.0,False
341,4.0,7,48408.0,116249.0,39591.0,0.34,0.173,-0.772,0.802,не значимо,1866.0,False
342,2.0,5,31513.0,82414.0,17530.0,0.213,0.186,-0.387,-0.171,не значимо,80.0,False
343,2.0,7,28792.0,76029.0,15941.0,0.21,0.184,-0.382,-0.204,не значимо,180.0,False
345,1.0,2,30203.0,45650.0,9965.0,0.218,0.226,0.136,0.885,не значимо,0.0,False
346,2.0,2,23395.0,33606.0,3134.0,0.093,0.244,1.037,0.888,не значимо,42.0,False
347,2.0,0,22469.0,32252.0,2790.0,0.087,0.223,1.113,0.752,не значимо,42.0,False
348,2.0,0,22192.0,31979.0,3024.0,0.095,0.223,1.02,0.65,не значимо,53.0,False
349,2.0,0,19335.0,36096.0,3706.0,0.103,0.221,0.679,-0.123,не значимо,74.0,False
351,2.0,2,24641.0,46797.0,4298.0,0.092,0.219,0.773,0.553,не значимо,107.0,False
352,2.0,2,23328.0,37324.0,3417.0,0.092,0.229,0.948,0.577,не значимо,25.0,False
354,1.0,2,35199.0,86061.0,22006.0,0.256,0.226,-0.504,0.042,HL,0.0,False
355,1.0,2,31225.0,79074.0,19153.0,0.242,0.231,-0.485,-0.18,LL,238.0,False
356,1.0,1,20141.0,60661.0,10187.0,0.168,0.268,-0.292,-1.023,не значимо,318.0,False
357,1.0,1,22648.0,68500.0,15053.0,0.22,0.254,-0.565,-0.487,не значимо,312.0,False
358,2.0,0,17434.0,51023.0,6618.0,0.13,0.253,-0.005,-1.121,LL,185.0,False
359,1.0,0,17587.0,56028.0,10089.0,0.179,0.272,-0.418,-0.989,не значимо,364.0,False
360,1.0,1,21972.0,71073.0,14223.0,0.2,0.235,-0.538,-0.626,LL,92.0,False
361,2.0,0,18527.0,51422.0,9700.0,0.189,0.262,-0.326,-0.744,LL,138.0,False
362,1.0,2,30418.0,89249.0,26313.0,0.295,0.235,-0.828,-0.21,LL,255.0,False
363,1.0,0,16323.0,50098.0,8986.0,0.179,0.291,-0.376,-1.211,LL,113.0,False
364,2.0,0,18722.0,48279.0,5955.0,0.123,0.231,0.172,-0.724,LL,66.0,False
365,2.0,0,15873.0,48780.0,10363.0,0.213,0.267,-0.547,-1.019,LL,66.0,False
366,1.0,1,20857.0,66624.0,13372.0,0.2,0.282,-0.529,-0.912,не значимо,346.0,False
367,2.0,0,18040.0,49873.0,8787.0,0.175,0.238,-0.254,-0.682,LL,102.0,False
368,1.0,2,27763.0,66953.0,13333.0,0.199,0.244,-0.24,-0.068,не значимо,310.0,False
369,0.0,0,19523.0,50562.0,9769.0,0.193,0.292,-0.281,-0.709,LL,137.0,False
370,5.0,1,25564.0,164434.0,77608.0,0.47,0.255,-2.084,-2.868,LL,52.0,False
371,3.0,2,26063.0,66441.0,9528.0,0.143,0.213,0.033,-0.934,LL,21.0,False
372,0.0,0,16185.0,45780.0,6850.0,0.15,0.267,-0.113,-1.192,LL,210.0,False
373,4.0,2,29316.0,106061.0,42127.0,0.39,0.222,-1.336,-1.23,LL,208.0,False
374,1.0,2,24293.0,62679.0,11085.0,0.177,0.269,-0.189,-0.323,LL,232.0,False
375,1.0,2,29736.0,59229.0,19267.0,0.324,0.241,-0.539,0.105,HL,42.0,False
376,1.0,0,16658.0,59080.0,11621.0,0.197,0.276,-0.613,-1.189,LL,106.0,False
377,0.0,0,20370.0,52209.0,8695.0,0.167,0.297,-0.122,-0.571,LL,111.0,False
378,2.0,0,19043.0,51383.0,7259.0,0.142,0.234,-0.009,-0.943,не значимо,148.0,False
379,3.0,2,31703.0,95461.0,21727.0,0.227,0.211,-0.595,-1.054,LL,56.0,False
380,1.0,2,27225.0,69251.0,13326.0,0.193,0.252,-0.259,0.041,HL,290.0,False
381,1.0,0,19237.0,58470.0,9153.0,0.157,0.271,-0.231,-1.118,LL,164.0,False
382,1.0,1,22103.0,75447.0,13454.0,0.179,0.232,-0.477,-1.422,LL,228.0,False
383,0.0,1,21057.0,51675.0,7742.0,0.15,0.276,0.027,-0.427,LL,287.0,False
384,0.0,0,17368.0,52931.0,8428.0,0.159,0.296,-0.25,-1.138,LL,316.0,False
385,1.0,2,28562.0,90707.0,24555.0,0.271,0.238,-0.822,-0.726,LL,228.0,False
386,1.0,0,19473.0,84942.0,21922.0,0.258,0.248,-1.092,-1.392,не значимо,182.0,False
387,1.0,1,22196.0,64268.0,11873.0,0.185,0.252,-0.348,-0.501,LL,220.0,False
388,3.0,2,27104.0,59850.0,5774.0,0.096,0.184,0.573,-0.278,LL,40.0,False
390,2.0,0,18541.0,55701.0,14010.0,0.251,0.24,-0.693,-0.891,LL,100.0,False
391,1.0,0,17965.0,61645.0,11130.0,0.181,0.271,-0.494,-1.319,LL,273.0,False
392,0.0,1,20642.0,50890.0,7298.0,0.143,0.283,0.066,-0.721,LL,183.0,False
393,0.0,1,19002.0,47717.0,7165.0,0.15,0.294,0.002,-0.712,LL,146.0,False
395,2.0,0,16157.0,50428.0,8639.0,0.171,0.239,-0.347,-1.265,LL,76.0,False
396,2.0,0,17626.0,59907.0,11518.0,0.192,0.255,-0.548,-1.443,LL,233.0,False
397,1.0,2,24724.0,58522.0,9746.0,0.166,0.263,-0.042,-0.337,LL,127.0,False
398,1.0,1,19495.0,54452.0,9738.0,0.179,0.271,-0.279,-0.962,не значимо,364.0,False
401,2.0,3,18977.0,43180.0,6496.0,0.15,0.112,0.099,-0.167,не значимо,345.0,False
402,2.0,3,19367.0,45089.0,9016.0,0.2,0.1,-0.209,-0.341,не значимо,301.0,False
403,2.0,3,19378.0,47138.0,7380.0,0.156,0.099,-0.008,-0.254,не значимо,226.0,False
404,2.0,3,21271.0,55540.0,11710.0,0.211,0.131,-0.376,-0.358,не значимо,89.0,False
405,2.0,2,27840.0,57233.0,5586.0,0.098,0.104,0.633,0.234,не значимо,10.0,False
408,2.0,3,21699.0,53698.0,8633.0,0.159,0.148,-0.052,-0.168,не значимо,70.0,False
410,2.0,3,24500.0,52118.0,7309.0,0.14,0.108,0.236,0.095,не значимо,79.0,False
413,4.0,3,27587.0,90449.0,32945.0,0.364,0.078,-1.151,-0.576,не значимо,232.0,False
414,2.0,3,22008.0,48996.0,7335.0,0.15,0.107,0.125,-0.087,не значимо,114.0,False
416,2.0,3,21799.0,48355.0,6957.0,0.144,0.12,0.169,0.037,не значимо,109.0,False
418,1.0,2,32088.0,71147.0,19356.0,0.272,0.222,-0.468,0.069,не значимо,0.0,False
419,1.0,2,29274.0,68778.0,17631.0,0.256,0.243,-0.466,-0.146,не значимо,52.0,False
420,1.0,2,26451.0,58617.0,14503.0,0.248,0.268,-0.372,-0.129,не значимо,172.0,False
421,2.0,2,23186.0,48841.0,11072.0,0.227,0.232,-0.234,-0.146,не значимо,92.0,False
422,1.0,2,28800.0,66067.0,15954.0,0.241,0.254,-0.383,-0.21,не значимо,64.0,False
423,2.0,0,18708.0,41929.0,7148.0,0.171,0.226,-0.011,-0.228,LL,102.0,False
424,2.0,1,18870.0,44602.0,9671.0,0.217,0.273,-0.305,-0.407,не значимо,144.0,False
425,2.0,0,20566.0,52355.0,11433.0,0.219,0.254,-0.386,-0.156,не значимо,94.0,False
428,2.0,0,19820.0,43099.0,6477.0,0.151,0.271,0.145,-0.118,не значимо,144.0,False
429,2.0,0,19432.0,47448.0,10855.0,0.229,0.254,-0.391,-0.246,не значимо,135.0,False
430,1.0,2,30587.0,54744.0,8958.0,0.164,0.218,0.255,0.665,не значимо,19.0,False
431,2.0,1,21129.0,52466.0,10525.0,0.201,0.261,-0.276,-0.244,не значимо,93.0,False
432,1.0,1,21895.0,49738.0,11014.0,0.222,0.286,-0.286,-0.304,не значимо,110.0,False
433,2.0,0,18750.0,54192.0,15049.0,0.278,0.286,-0.753,-0.356,не значимо,118.0,False
434,2.0,0,19070.0,44450.0,8269.0,0.187,0.281,-0.138,-0.326,не значимо,166.0,False
435,2.0,0,20746.0,44491.0,7393.0,0.167,0.242,0.059,-0.303,не значимо,160.0,False
436,2.0,0,17900.0,43653.0,7107.0,0.163,0.295,-0.05,-0.54,не значимо,67.0,False
437,0.0,0,18555.0,44056.0,8267.0,0.188,0.339,-0.165,-0.419,не значимо,127.0,False
438,2.0,0,18679.0,46422.0,5810.0,0.125,0.242,0.195,-0.574,не значимо,39.0,False
440,2.0,2,22331.0,54015.0,9313.0,0.173,0.295,-0.099,0.133,не значимо,69.0,False
441,2.0,0,19921.0,44218.0,6801.0,0.154,0.262,0.101,-0.15,не значимо,128.0,False
442,2.0,0,20054.0,47329.0,8467.0,0.179,0.295,-0.111,-0.132,не значимо,136.0,False
443,1.0,3,22016.0,56569.0,17143.0,0.303,0.232,-0.723,-0.358,не значимо,92.0,False
444,2.0,0,19028.0,45458.0,7127.0,0.157,0.225,0.009,-0.241,не значимо,86.0,False
445,0.0,0,17850.0,38829.0,6325.0,0.163,0.32,0.064,-0.418,не значимо,164.0,False
446,2.0,0,19934.0,56172.0,11399.0,0.204,0.249,-0.414,-0.539,не значимо,41.0,False
447,0.0,0,17593.0,46333.0,7898.0,0.171,0.32,-0.172,-0.768,не значимо,208.0,False
448,1.0,2,31195.0,74136.0,18688.0,0.252,0.198,-0.461,-0.17,не значимо,0.0,False
449,0.0,3,25494.0,58197.0,11969.0,0.206,0.318,-0.217,0.02,не значимо,187.0,False
450,1.0,3,30057.0,84162.0,23531.0,0.28,0.266,-0.729,-0.406,не значимо,83.0,False
451,2.0,1,26337.0,67052.0,16212.0,0.242,0.241,-0.488,0.294,не значимо,110.0,False
452,1.0,2,28638.0,67775.0,10756.0,0.159,0.229,0.006,0.134,не значимо,16.0,False
453,2.0,3,24373.0,73644.0,13632.0,0.185,0.255,-0.392,-0.427,не значимо,22.0,False
455,2.0,3,27243.0,59099.0,9247.0,0.157,0.247,0.107,0.734,не значимо,101.0,False
456,2.0,0,20278.0,46934.0,7576.0,0.161,0.293,0.011,-0.333,не значимо,90.0,False
457,2.0,0,21569.0,47658.0,8877.0,0.186,0.283,-0.085,0.039,не значимо,236.0,False
458,2.0,3,23524.0,60320.0,8847.0,0.147,0.131,0.005,-0.538,не значимо,155.0,False
459,2.0,3,27004.0,55887.0,5732.0,0.102,0.222,0.577,0.385,не значимо,14.0,False
460,2.0,3,23687.0,57750.0,11928.0,0.206,0.282,-0.287,-0.071,не значимо,165.0,False
478,1.0,2,29272.0,66196.0,15395.0,0.233,0.207,-0.331,-0.061,LL,0.0,False
479,1.0,0,20025.0,45108.0,10530.0,0.233,0.332,-0.331,-0.561,LL,186.0,False
480,1.0,1,21303.0,55681.0,13188.0,0.237,0.247,-0.494,-0.742,LL,80.0,False
481,1.0,2,27926.0,55833.0,8653.0,0.155,0.22,0.198,0.051,HL,16.0,False
482,1.0,1,20580.0,55053.0,12381.0,0.225,0.318,-0.465,-0.789,LL,105.0,False
484,0.0,0,15015.0,41293.0,3821.0,0.093,0.302,0.395,-1.049,LL,61.0,False
485,0.0,0,15878.0,39095.0,3931.0,0.101,0.277,0.423,-0.851,LL,133.0,False
486,1.0,0,19046.0,49984.0,7706.0,0.154,0.246,-0.068,-0.796,LL,86.0,False
487,2.0,0,17845.0,48536.0,5198.0,0.107,0.269,0.26,-0.734,LL,110.0,False
489,0.0,0,18501.0,45605.0,7260.0,0.159,0.351,-0.038,-0.737,LL,89.0,False
490,0.0,0,15574.0,39039.0,3452.0,0.089,0.293,0.533,-0.961,LL,108.0,False
491,0.0,0,16360.0,55291.0,7259.0,0.131,0.302,-0.161,-1.499,LL,53.0,False
492,0.0,0,16151.0,39808.0,3556.0,0.09,0.321,0.54,-0.87,LL,97.0,False
493,0.0,1,16466.0,41217.0,4092.0,0.099,0.322,0.419,-0.9,не значимо,49.0,False
494,0.0,0,16606.0,48655.0,5174.0,0.106,0.275,0.193,-1.413,LL,48.0,False
495,0.0,0,18282.0,43344.0,4469.0,0.103,0.363,0.435,-0.495,LL,142.0,False
496,0.0,0,15492.0,38344.0,3230.0,0.084,0.299,0.594,-1.032,LL,76.0,False
497,1.0,1,19414.0,46716.0,9724.0,0.209,0.27,-0.282,-0.597,LL,36.0,False
498,2.0,2,22830.0,49511.0,6130.0,0.124,0.261,0.342,0.034,HL,12.0,False
499,0.0,0,15521.0,36779.0,3609.0,0.098,0.308,0.486,-0.754,LL,151.0,False
501,0.0,1,18307.0,49872.0,6791.0,0.136,0.321,0.018,-0.678,LL,79.0,False
502,0.0,0,13925.0,38370.0,3417.0,0.089,0.362,0.432,-0.919,LL,145.0,False
503,0.0,0,14927.0,39888.0,4188.0,0.105,0.304,0.298,-0.967,LL,97.0,False
504,1.0,2,32888.0,64164.0,14698.0,0.229,0.217,-0.168,0.444,не значимо,0.0,False
505,1.0,3,25501.0,53631.0,11296.0,0.211,0.235,-0.159,0.023,не значимо,130.0,False
506,1.0,2,30960.0,59486.0,22388.0,0.377,0.274,-0.649,0.164,не значимо,224.0,False
507,1.0,2,30834.0,56894.0,12034.0,0.211,0.216,-0.032,0.365,не значимо,157.0,False
508,1.0,2,25626.0,58874.0,14195.0,0.241,0.295,-0.383,-0.176,не значимо,112.0,False
509,1.0,2,29075.0,63575.0,15358.0,0.242,0.251,-0.335,-0.146,не значимо,22.0,False
510,1.0,2,27291.0,48461.0,9242.0,0.191,0.22,0.109,0.285,не значимо,290.0,False
511,2.0,3,25106.0,43859.0,6573.0,0.15,0.23,0.367,0.465,не значимо,412.0,False
512,0.0,3,25586.0,43151.0,5840.0,0.135,0.354,0.504,0.618,не значимо,424.0,False
515,2.0,3,23869.0,41105.0,4414.0,0.108,0.247,0.715,0.377,не значимо,242.0,False
516,0.0,0,19343.0,42159.0,4911.0,0.117,0.341,0.398,0.138,не значимо,245.0,False
517,2.0,3,24246.0,44973.0,4877.0,0.109,0.274,0.631,0.839,не значимо,157.0,False
518,1.0,3,22659.0,46996.0,9131.0,0.195,0.276,-0.064,-0.065,не значимо,318.0,False
519,0.0,0,19381.0,40468.0,5638.0,0.14,0.323,0.261,0.209,не значимо,454.0,False
520,0.0,0,17266.0,40503.0,5854.0,0.144,0.333,0.108,-0.284,не значимо,246.0,False
521,2.0,0,19425.0,40141.0,6154.0,0.153,0.28,0.176,-0.111,не значимо,346.0,False
522,0.0,0,16742.0,39481.0,6003.0,0.152,0.298,0.052,-0.663,не значимо,313.0,False
523,0.0,0,18419.0,37064.0,4632.0,0.125,0.348,0.407,-0.002,не значимо,222.0,False
524,0.0,0,19916.0,43478.0,6923.0,0.159,0.31,0.083,-0.062,не значимо,237.0,False
525,0.0,0,17927.0,40339.0,4532.0,0.112,0.299,0.402,-0.416,не значимо,130.0,False
527,2.0,1,22241.0,68918.0,16076.0,0.233,0.301,-0.649,-0.609,не значимо,328.0,False
528,2.0,0,17977.0,49360.0,6527.0,0.132,0.294,0.04,-0.663,не значимо,56.0,False
529,0.0,3,22196.0,42615.0,7802.0,0.183,0.315,0.072,0.151,не значимо,197.0,False
530,0.0,3,20651.0,38951.0,5623.0,0.144,0.299,0.328,0.307,не значимо,372.0,False
531,0.0,0,18321.0,40003.0,5225.0,0.131,0.312,0.281,-0.139,не значимо,79.0,False
532,2.0,0,19792.0,37039.0,5158.0,0.14,0.281,0.372,0.242,не значимо,240.0,False
533,0.0,0,19752.0,50711.0,7420.0,0.147,0.328,0.006,-0.377,не значимо,276.0,False
534,0.0,0,19206.0,38157.0,4509.0,0.118,0.313,0.476,0.162,не значимо,221.0,False
535,1.0,3,23087.0,50442.0,7953.0,0.157,0.264,0.092,-0.195,не значимо,376.0,False
536,0.0,0,19874.0,43447.0,7145.0,0.164,0.339,0.05,0.233,не значимо,274.0,False
537,0.0,0,18306.0,43181.0,7475.0,0.173,0.325,-0.078,-0.134,не значимо,132.0,False
538,0.0,1,19712.0,42232.0,5873.0,0.139,0.339,0.238,0.024,не значимо,368.0,False
539,0.0,0,18815.0,41290.0,5623.0,0.136,0.329,0.235,-0.3,не значимо,178.0,False
540,0.0,3,20533.0,41120.0,5706.0,0.139,0.304,0.307,0.094,не значимо,397.0,False
541,0.0,0,19672.0,43303.0,7578.0,0.175,0.317,-0.019,0.088,не значимо,250.0,False
542,2.0,0,17739.0,47166.0,10374.0,0.221,0.274,-0.437,-0.52,не значимо,140.0,False
543,1.0,1,20934.0,53537.0,9541.0,0.178,0.273,-0.187,-0.363,не значимо,58.0,False
544,0.0,0,19698.0,44872.0,6759.0,0.151,0.312,0.096,-0.149,не значимо,281.0,False
545,2.0,3,21507.0,44708.0,4433.0,0.099,0.252,0.606,-0.33,не значимо,22.0,False
546,2.0,0,19266.0,49253.0,9553.0,0.194,0.281,-0.272,-0.118,не значимо,274.0,False
547,2.0,0,20814.0,44103.0,8401.0,0.191,0.292,-0.066,0.091,не значимо,220.0,False
548,0.0,0,17760.0,39665.0,5926.0,0.149,0.317,0.124,-0.227,не значимо,113.0,False
549,0.0,0,18988.0,41312.0,5222.0,0.127,0.333,0.318,-0.055,не значимо,281.0,False
550,0.0,0,18993.0,43153.0,7086.0,0.164,0.331,0.013,-0.14,не значимо,208.0,False
552,2.0,1,21798.0,45066.0,6372.0,0.142,0.298,0.257,0.267,не значимо,189.0,False
553,2.0,0,21197.0,51894.0,11002.0,0.212,0.287,-0.317,0.323,не значимо,304.0,False
554,2.0,3,22023.0,48892.0,9012.0,0.185,0.293,-0.08,0.346,не значимо,206.0,False
555,0.0,0,20448.0,37048.0,5345.0,0.144,0.282,0.368,0.355,не значимо,310.0,False
556,0.0,0,16100.0,36327.0,5103.0,0.141,0.297,0.176,-0.397,не значимо,257.0,False
557,0.0,0,18934.0,41890.0,8261.0,0.198,0.323,-0.144,0.073,не значимо,90.0,False
558,2.0,0,21134.0,38794.0,6989.0,0.181,0.255,0.133,0.527,не значимо,404.0,False
559,2.0,1,21190.0,47232.0,6166.0,0.131,0.26,0.261,-0.197,не значимо,80.0,False
560,0.0,0,18816.0,44290.0,9775.0,0.221,0.331,-0.318,0.159,не значимо,169.0,False
561,2.0,0,19797.0,45494.0,8169.0,0.18,0.299,-0.088,-0.232,не значимо,102.0,False
562,2.0,0,20210.0,39989.0,7489.0,0.188,0.276,0.019,0.458,не значимо,351.0,False
563,0.0,0,18873.0,43383.0,6968.0,0.161,0.323,0.023,-0.352,не значимо,97.0,False
564,0.0,0,19530.0,36950.0,6446.0,0.175,0.306,0.135,0.344,не значимо,168.0,False
565,0.0,0,17773.0,39630.0,6194.0,0.157,0.312,0.081,-0.113,не значимо,379.0,False
566,0.0,0,18674.0,43320.0,6984.0,0.161,0.341,0.01,-0.424,не значимо,192.0,False
567,0.0,0,17882.0,37693.0,5085.0,0.134,0.369,0.284,0.007,не значимо,159.0,False
568,2.0,0,19570.0,41107.0,7787.0,0.19,0.302,-0.052,0.289,не значимо,341.0,False
569,0.0,0,19116.0,47845.0,9518.0,0.199,0.302,-0.276,-0.489,не значимо,167.0,False
570,2.0,0,19970.0,35763.0,5473.0,0.153,0.282,0.321,0.533,не значимо,302.0,False
571,0.0,0,20760.0,42288.0,6473.0,0.153,0.31,0.192,0.018,не значимо,178.0,False
572,2.0,0,20578.0,42331.0,6703.0,0.158,0.24,0.148,0.15,не значимо,403.0,False
574,2.0,3,26064.0,54787.0,15273.0,0.279,0.221,-0.439,0.026,не значимо,413.0,False
578,2.0,3,26777.0,76758.0,15292.0,0.2,0.23,-0.413,-0.074,не значимо,319.0,False
579,1.0,3,29092.0,68887.0,12984.0,0.189,0.167,-0.167,-0.049,не значимо,365.0,False
580,4.0,3,29560.0,124714.0,123945.0,0.982,0.187,-2.407,-0.301,не значимо,462.0,False
581,1.0,3,32574.0,85507.0,17244.0,0.202,0.12,-0.337,-0.381,не значимо,474.0,False
582,4.0,5,35041.0,167414.0,199992.0,1.203,0.165,-2.715,-1.027,не значимо,1728.0,False
583,2.0,3,24525.0,89006.0,29531.0,0.332,0.228,-1.159,-0.334,не значимо,579.0,False
584,1.0,3,25090.0,72884.0,15370.0,0.211,0.175,-0.483,-1.024,не значимо,95.0,False
585,1.0,2,31070.0,70225.0,18338.0,0.261,0.212,-0.446,-0.066,не значимо,516.0,False
586,2.0,3,24791.0,61177.0,10859.0,0.177,0.261,-0.148,-0.048,не значимо,523.0,False
587,2.0,3,27934.0,88986.0,17726.0,0.199,0.22,-0.518,-0.447,не значимо,410.0,False
588,4.0,3,29664.0,103182.0,43959.0,0.426,0.177,-1.367,-0.669,не значимо,588.0,False
589,2.0,3,27248.0,60648.0,11527.0,0.191,0.177,-0.113,0.281,не значимо,260.0,False
591,2.0,3,26773.0,66708.0,9941.0,0.149,0.197,0.017,-0.34,не значимо,253.0,False
592,2.0,3,23561.0,46102.0,7411.0,0.161,0.241,0.183,0.377,не значимо,240.0,False
593,2.0,3,23549.0,69682.0,11242.0,0.162,0.221,-0.234,-0.555,не значимо,413.0,False
594,2.0,3,26924.0,56095.0,11369.0,0.203,0.225,-0.111,0.445,не значимо,591.0,False
595,2.0,3,25825.0,87199.0,17992.0,0.206,0.209,-0.612,-0.675,не значимо,356.0,False
598,2.0,3,23101.0,57152.0,8310.0,0.146,0.242,0.049,-0.282,не значимо,115.0,False
599,2.0,3,24299.0,73810.0,17005.0,0.231,0.202,-0.616,-0.889,не значимо,264.0,False
600,4.0,3,27809.0,88464.0,22742.0,0.257,0.183,-0.772,-0.632,не значимо,304.0,False
601,2.0,3,25558.0,59765.0,5992.0,0.101,0.169,0.477,-0.4,не значимо,1.0,False
602,2.0,3,21812.0,54240.0,9437.0,0.175,0.266,-0.135,-0.102,не значимо,369.0,False
603,1.0,3,27181.0,66790.0,14386.0,0.215,0.224,-0.337,-0.172,не значимо,213.0,False
604,2.0,3,24986.0,57379.0,12270.0,0.214,0.139,-0.262,-0.247,не значимо,152.0,False
605,2.0,3,24719.0,45447.0,5316.0,0.117,0.191,0.564,0.536,не значимо,152.0,False
606,2.0,3,23386.0,54576.0,8617.0,0.158,0.179,0.025,-0.185,не значимо,192.0,False
607,2.0,3,24080.0,51015.0,7249.0,0.142,0.165,0.227,0.047,не значимо,190.0,False
608,4.0,4,55614.0,140414.0,47833.0,0.341,0.196,-0.823,0.842,не значимо,0.0,False
612,4.0,4,52796.0,111701.0,32177.0,0.288,0.207,-0.478,1.034,не значимо,30.0,False
613,1.0,5,44340.0,94892.0,23681.0,0.25,0.258,-0.346,0.827,не значимо,307.0,False
614,5.0,5,47500.0,185272.0,252380.0,1.37,0.235,-2.643,-0.21,не значимо,406.0,False
615,4.0,5,45596.0,151523.0,91546.0,0.602,0.231,-1.67,0.052,не значимо,218.0,False
616,1.0,5,47862.0,104376.0,31186.0,0.299,0.23,-0.545,1.137,не значимо,720.0,False
618,4.0,7,50078.0,205006.0,194777.0,0.949,0.174,-2.332,-0.88,не значимо,,False
619,4.0,7,52275.0,123090.0,52146.0,0.424,0.15,-0.971,1.144,не значимо,,False
621,,7,49464.0,,,,,,,нет данных,746.0,False
666,1.0,2,38775.0,91038.0,21304.0,0.234,0.203,-0.374,0.167,не значимо,0.0,False
667,1.0,2,32237.0,72569.0,19578.0,0.27,0.211,-0.475,-0.045,не значимо,173.0,False
668,1.0,1,25455.0,70396.0,24653.0,0.35,0.24,-0.941,-0.589,не значимо,239.0,False
669,1.0,1,26219.0,71405.0,20641.0,0.289,0.279,-0.734,-0.502,не значимо,147.0,False
670,1.0,2,29824.0,75862.0,14949.0,0.197,0.251,-0.283,-0.467,не значимо,38.0,False
671,1.0,5,32863.0,66833.0,18624.0,0.279,0.217,-0.405,0.05,не значимо,334.0,False
674,1.0,2,30742.0,59082.0,10192.0,0.173,0.233,0.131,0.293,не значимо,222.0,False
675,1.0,2,33437.0,70021.0,16158.0,0.231,0.225,-0.246,0.418,не значимо,291.0,False
676,1.0,2,31481.0,61873.0,11010.0,0.178,0.264,0.077,0.425,не значимо,427.0,False
677,1.0,2,27313.0,63838.0,13059.0,0.204,0.292,-0.235,-0.123,не значимо,207.0,False
678,4.0,5,52326.0,173207.0,82879.0,0.479,0.102,-1.433,-0.001,не значимо,,False
679,3.0,2,33442.0,68935.0,8165.0,0.119,0.259,0.437,0.348,не значимо,38.0,False
680,2.0,2,30111.0,50880.0,8155.0,0.16,0.263,0.333,0.884,не значимо,312.0,False
683,2.0,0,20943.0,53079.0,7446.0,0.14,0.27,0.061,-0.451,не значимо,284.0,False
685,2.0,3,25857.0,60280.0,13986.0,0.232,0.265,-0.359,0.148,не значимо,169.0,False
686,3.0,2,30478.0,69127.0,12559.0,0.182,0.213,-0.087,-0.259,не значимо,20.0,False
687,2.0,0,21605.0,56006.0,11976.0,0.214,0.289,-0.383,-0.336,не значимо,251.0,False
689,1.0,5,33947.0,81027.0,20217.0,0.249,0.217,-0.455,0.075,не значимо,559.0,False
690,2.0,0,22850.0,57795.0,14557.0,0.252,0.31,-0.522,0.013,не значимо,108.0,False
691,4.0,0,21764.0,99848.0,79269.0,0.794,0.26,-2.266,-1.599,не значимо,214.0,False
692,2.0,0,22062.0,53138.0,9907.0,0.186,0.273,-0.173,-0.051,не значимо,302.0,False
693,1.0,2,34203.0,85205.0,20098.0,0.236,0.216,-0.442,-0.194,не значимо,24.0,False
694,2.0,1,28701.0,73047.0,12171.0,0.167,0.245,-0.115,0.117,не значимо,334.0,False
695,2.0,3,24765.0,53642.0,8290.0,0.155,0.278,0.121,0.144,не значимо,506.0,False
696,2.0,0,20541.0,52459.0,10907.0,0.208,0.251,-0.34,-0.54,не значимо,427.0,False
697,1.0,1,23551.0,72167.0,18930.0,0.262,0.211,-0.755,-0.993,не значимо,252.0,False
698,2.0,3,23625.0,69341.0,18001.0,0.259,0.244,-0.701,-0.457,не значимо,186.0,False
699,2.0,0,22496.0,53055.0,11137.0,0.21,0.295,-0.27,-0.281,не значимо,202.0,False
701,2.0,0,23730.0,54935.0,10331.0,0.188,0.285,-0.142,0.049,не значимо,432.0,False
702,1.0,5,36672.0,88432.0,33537.0,0.38,0.23,-0.884,0.564,не значимо,688.0,False
703,2.0,0,22997.0,61622.0,13173.0,0.214,0.27,-0.416,-0.511,не значимо,112.0,False
704,2.0,3,23802.0,48982.0,12252.0,0.25,0.273,-0.309,0.487,не значимо,476.0,False
705,1.0,3,25967.0,56627.0,11069.0,0.195,0.274,-0.121,0.395,не значимо,376.0,False
706,2.0,0,20532.0,52297.0,7373.0,0.141,0.282,0.051,-0.538,не значимо,83.0,False
708,4.0,3,32456.0,91553.0,53100.0,0.581,0.212,-1.466,0.46,не значимо,798.0,False
710,2.0,3,24331.0,54585.0,11694.0,0.215,0.242,-0.241,-0.032,не значимо,279.0,False
711,2.0,3,24444.0,54335.0,12748.0,0.235,0.276,-0.322,0.282,не значимо,239.0,False
712,2.0,0,21533.0,60537.0,12572.0,0.208,0.291,-0.435,-0.515,не значимо,148.0,False
713,,0,22893.0,54408.0,,,0.266,,,нет данных,256.0,False
714,2.0,3,25284.0,66670.0,16821.0,0.252,0.246,-0.566,-0.279,не значимо,135.0,False
715,2.0,0,22214.0,52956.0,10111.0,0.191,0.294,-0.186,-0.28,не значимо,197.0,False
716,4.0,5,38371.0,140516.0,252887.0,1.805,0.187,-2.859,-0.185,не значимо,628.0,False
717,2.0,3,22856.0,53727.0,9168.0,0.171,0.273,-0.06,-0.001,не значимо,71.0,False
718,4.0,7,46840.0,148920.0,111865.0,0.743,0.125,-1.844,0.465,не значимо,,False
719,2.0,0,23145.0,52600.0,7730.0,0.147,0.277,0.123,0.066,не значимо,354.0,False
720,4.0,7,42064.0,137144.0,202474.0,1.468,0.201,-2.545,0.142,не значимо,,False
721,,0,22660.0,54917.0,,,0.258,,,нет данных,281.0,False
722,2.0,3,28106.0,64647.0,19024.0,0.294,0.217,-0.583,0.383,не значимо,289.0,False
723,2.0,1,23189.0,57659.0,13497.0,0.235,0.245,-0.432,-0.505,не значимо,111.0,False
725,1.0,3,27566.0,53367.0,9977.0,0.187,0.289,0.043,0.511,не значимо,482.0,False
726,4.0,7,38433.0,122566.0,117784.0,0.961,0.165,-2.093,0.025,не значимо,,False
727,1.0,2,35610.0,81247.0,21764.0,0.268,0.22,-0.481,0.202,не значимо,0.0,False
731,1.0,2,25818.0,54161.0,11256.0,0.208,0.281,-0.143,0.043,не значимо,154.0,False
734,2.0,1,24377.0,53224.0,8688.0,0.164,0.291,0.058,0.137,не значимо,233.0,False
735,2.0,3,21789.0,59440.0,7250.0,0.122,0.25,0.127,-0.704,не значимо,154.0,False
736,0.0,3,19256.0,56323.0,8641.0,0.154,0.288,-0.172,-0.8,не значимо,121.0,False
737,2.0,3,21745.0,48562.0,6288.0,0.13,0.27,0.267,-0.132,не значимо,128.0,False
738,2.0,3,23220.0,47502.0,6679.0,0.141,0.233,0.273,0.061,не значимо,131.0,False
739,2.0,1,24881.0,63012.0,12929.0,0.205,0.272,-0.319,-0.024,не значимо,168.0,False
741,1.0,1,27184.0,76430.0,16034.0,0.21,0.273,-0.445,-0.174,не значимо,64.0,False
742,0.0,3,21938.0,44877.0,6304.0,0.141,0.305,0.274,0.205,не значимо,189.0,False
743,0.0,1,19385.0,47970.0,5643.0,0.118,0.272,0.261,-0.629,не значимо,90.0,False
744,2.0,3,22522.0,45956.0,6191.0,0.135,0.233,0.318,0.473,не значимо,106.0,False
745,0.0,1,24205.0,46233.0,7284.0,0.157,0.298,0.228,0.383,не значимо,226.0,False
746,0.0,0,18280.0,47193.0,6357.0,0.135,0.339,0.083,-0.551,не значимо,119.0,False
747,0.0,1,23216.0,48386.0,6846.0,0.142,0.291,0.248,0.217,не значимо,303.0,False
748,1.0,2,29635.0,67843.0,12215.0,0.18,0.242,-0.087,0.037,не значимо,34.0,False
749,2.0,3,21965.0,47110.0,9117.0,0.194,0.251,-0.094,0.182,не значимо,218.0,False
751,2.0,1,24057.0,53899.0,9688.0,0.18,0.27,-0.064,0.029,не значимо,66.0,False
752,2.0,0,20295.0,55243.0,8098.0,0.147,0.255,-0.055,-0.354,не значимо,201.0,False
753,2.0,0,20037.0,49579.0,7361.0,0.149,0.266,0.028,-0.241,не значимо,114.0,False
754,1.0,1,25799.0,62295.0,12778.0,0.205,0.257,-0.271,0.093,не значимо,138.0,False
755,0.0,1,22048.0,43013.0,5523.0,0.129,0.285,0.411,0.234,не значимо,117.0,False
756,2.0,3,24275.0,55869.0,9395.0,0.169,0.254,-0.024,-0.06,не значимо,106.0,False
757,1.0,2,31194.0,66386.0,8878.0,0.134,0.205,0.283,0.241,не значимо,1.0,False
758,2.0,0,22088.0,45589.0,6957.0,0.153,0.253,0.182,0.53,не значимо,147.0,False
760,0.0,0,21001.0,61681.0,10321.0,0.167,0.279,-0.263,-0.775,не значимо,134.0,False
761,2.0,0,20014.0,47690.0,5063.0,0.106,0.277,0.401,-0.305,не значимо,171.0,False
763,1.0,2,28857.0,65384.0,13869.0,0.212,0.259,-0.241,0.056,не значимо,257.0,False
764,2.0,0,21369.0,54371.0,8146.0,0.15,0.239,-0.009,-0.25,не значимо,171.0,False
765,2.0,0,21233.0,45046.0,7541.0,0.168,0.26,0.062,0.067,не значимо,298.0,False
766,1.0,3,27083.0,68542.0,12715.0,0.186,0.228,-0.217,0.123,не значимо,225.0,False
767,1.0,2,28274.0,55826.0,11925.0,0.214,0.263,-0.11,0.403,не значимо,133.0,False
769,2.0,1,22832.0,57079.0,7009.0,0.123,0.225,0.208,-0.048,не значимо,352.0,False
770,0.0,3,20900.0,53914.0,7573.0,0.141,0.289,0.042,-0.295,не значимо,339.0,False
771,2.0,3,20912.0,60287.0,8294.0,0.138,0.218,-0.048,-0.669,не значимо,270.0,False
773,2.0,3,20231.0,42042.0,4938.0,0.118,0.206,0.437,0.226,не значимо,239.0,False
774,2.0,1,19139.0,45131.0,5285.0,0.117,0.276,0.314,-0.216,не значимо,206.0,False
775,1.0,4,46314.0,106730.0,29079.0,0.272,0.215,-0.508,0.625,не значимо,0.0,False
776,1.0,2,34281.0,86981.0,22670.0,0.26,0.299,-0.56,-0.067,не значимо,235.0,False
777,1.0,2,38745.0,82215.0,14509.0,0.176,0.215,0.009,0.649,не значимо,44.0,False
778,1.0,5,37300.0,113535.0,36696.0,0.323,0.242,-0.957,-0.403,не значимо,103.0,False
779,0.0,3,31962.0,67785.0,13525.0,0.2,0.298,-0.113,0.444,не значимо,487.0,False
780,1.0,3,29469.0,75909.0,11431.0,0.151,0.257,-0.026,-0.134,не значимо,408.0,False
781,1.0,3,28352.0,76233.0,13439.0,0.176,0.258,-0.227,-0.351,не значимо,350.0,False
782,1.0,2,39604.0,97412.0,22808.0,0.234,0.253,-0.421,0.544,не значимо,173.0,False
783,1.0,1,29081.0,79107.0,11571.0,0.146,0.308,-0.052,-0.263,не значимо,161.0,False
784,1.0,2,30394.0,62816.0,11958.0,0.19,0.289,-0.04,0.347,не значимо,223.0,False
785,1.0,2,39262.0,74133.0,12444.0,0.168,0.176,0.176,0.694,не значимо,95.0,False
787,2.0,1,23921.0,71017.0,8946.0,0.126,0.255,0.01,-0.6,не значимо,200.0,False
788,0.0,3,23355.0,56546.0,4688.0,0.083,0.271,0.633,0.043,не значимо,408.0,False
789,0.0,2,29678.0,66462.0,8204.0,0.123,0.341,0.313,0.365,не значимо,422.0,False
790,0.0,3,27025.0,58842.0,9244.0,0.157,0.318,0.099,0.338,не значимо,306.0,False
791,2.0,3,28272.0,75800.0,14704.0,0.194,0.256,-0.32,0.259,не значимо,476.0,False
792,1.0,3,28328.0,89282.0,27392.0,0.307,0.26,-0.94,-0.344,не значимо,240.0,False
793,2.0,1,23084.0,71620.0,13806.0,0.193,0.257,-0.459,-0.451,не значимо,112.0,False
794,3.0,2,32917.0,79761.0,9680.0,0.121,0.242,0.251,-0.431,не значимо,36.0,False
795,2.0,1,24296.0,65404.0,10518.0,0.161,0.259,-0.136,-0.516,не значимо,127.0,False
796,0.0,3,27781.0,71649.0,13082.0,0.183,0.268,-0.22,0.109,не значимо,434.0,False
797,1.0,3,28307.0,62346.0,7968.0,0.128,0.216,0.294,-0.179,не значимо,188.0,False
798,2.0,1,26154.0,63870.0,9507.0,0.149,0.207,0.039,-0.294,не значимо,189.0,False
799,1.0,1,31081.0,86969.0,19492.0,0.223,0.261,-0.507,0.052,не значимо,485.0,False
800,1.0,3,26735.0,67818.0,19852.0,0.293,0.259,-0.676,-0.175,не значимо,223.0,False
801,1.0,3,31783.0,73413.0,28321.0,0.386,0.234,-0.858,0.742,не значимо,659.0,False
802,2.0,3,26569.0,65692.0,8498.0,0.129,0.27,0.167,0.312,не значимо,204.0,False
803,1.0,3,31012.0,75241.0,14963.0,0.199,0.262,-0.244,0.07,не значимо,177.0,False
804,0.0,1,25770.0,61501.0,7085.0,0.116,0.301,0.318,0.034,не значимо,168.0,False
805,1.0,3,28283.0,67746.0,14915.0,0.22,0.241,-0.333,-0.14,не значимо,186.0,False
806,2.0,3,27957.0,58819.0,8009.0,0.136,0.239,0.277,0.3,не значимо,309.0,False
807,5.0,3,27207.0,105824.0,32495.0,0.308,0.264,-1.151,-0.905,не значимо,76.0,False
808,2.0,3,25535.0,60106.0,10879.0,0.181,0.251,-0.12,-0.015,не значимо,281.0,False
809,1.0,2,34251.0,67021.0,14110.0,0.211,0.226,-0.086,0.317,не значимо,0.0,False
810,2.0,0,22706.0,44098.0,5918.0,0.134,0.229,0.371,0.166,не значимо,149.0,False
811,2.0,2,25580.0,39910.0,3908.0,0.098,0.228,0.906,0.752,не значимо,203.0,False
812,3.0,2,32846.0,58519.0,7329.0,0.125,0.224,0.527,0.444,не значимо,184.0,False
813,1.0,2,30640.0,54784.0,9703.0,0.177,0.238,0.177,0.411,HH,180.0,False
814,1.0,2,25822.0,56946.0,9162.0,0.161,0.252,0.063,0.11,не значимо,54.0,False
815,0.0,1,22654.0,41631.0,6369.0,0.153,0.259,0.296,0.432,не значимо,126.0,False
817,2.0,1,21878.0,47406.0,4823.0,0.102,0.231,0.539,0.085,не значимо,228.0,False
818,3.0,2,29927.0,58371.0,10342.0,0.177,0.245,0.089,0.16,HH,192.0,False
819,1.0,2,29382.0,53146.0,9701.0,0.183,0.234,0.135,0.481,HH,172.0,False
820,1.0,2,29907.0,66281.0,16336.0,0.245,0.223,-0.369,0.016,не значимо,58.0,False
821,2.0,1,22593.0,46082.0,5903.0,0.128,0.19,0.369,0.299,не значимо,287.0,False
822,2.0,0,24749.0,45458.0,6358.0,0.14,0.238,0.386,0.669,не значимо,99.0,False
823,0.0,0,22739.0,40775.0,6145.0,0.151,0.276,0.335,0.287,не значимо,80.0,False
824,1.0,2,33806.0,59987.0,9616.0,0.16,0.218,0.284,0.71,HH,188.0,False
825,2.0,0,22730.0,42653.0,6138.0,0.144,0.25,0.336,0.342,не значимо,236.0,False
826,0.0,0,21276.0,41298.0,3781.0,0.091,0.271,0.754,-0.064,не значимо,110.0,False
827,2.0,0,22299.0,43062.0,3672.0,0.085,0.234,0.831,0.078,не значимо,110.0,False
828,2.0,0,21146.0,40510.0,7000.0,0.173,0.262,0.132,0.498,не значимо,167.0,False
829,2.0,0,20071.0,41000.0,4690.0,0.114,0.225,0.481,-0.008,не значимо,214.0,False
830,1.0,2,26925.0,50055.0,7494.0,0.15,0.217,0.306,0.442,не значимо,213.0,False
831,2.0,0,20181.0,46112.0,3424.0,0.074,0.238,0.801,-0.382,не значимо,40.0,False
832,1.0,0,23209.0,50199.0,6162.0,0.123,0.243,0.353,-0.017,не значимо,55.0,False
833,2.0,0,21940.0,54292.0,9322.0,0.172,0.259,-0.117,-0.06,не значимо,116.0,False
834,2.0,0,19903.0,42986.0,4065.0,0.095,0.182,0.615,-0.209,не значимо,298.0,False
835,2.0,0,19419.0,43052.0,3944.0,0.092,0.216,0.621,-0.36,не значимо,256.0,False
836,2.0,0,20303.0,43275.0,5715.0,0.132,0.217,0.294,0.141,не значимо,150.0,False
838,2.0,0,19884.0,41696.0,4378.0,0.105,0.198,0.54,-0.046,не значимо,304.0,False
839,2.0,0,21579.0,49137.0,5743.0,0.117,0.263,0.35,0.119,не значимо,50.0,False
840,2.0,0,19021.0,40650.0,5134.0,0.126,0.239,0.336,-0.05,не значимо,132.0,False
841,2.0,2,31669.0,54685.0,4951.0,0.09,0.187,0.883,0.928,не значимо,16.0,False
842,1.0,4,45072.0,98186.0,27618.0,0.282,0.224,-0.483,0.714,HH,0.0,False
843,1.0,2,40117.0,89233.0,23756.0,0.266,0.238,-0.449,0.405,не значимо,402.0,False
844,1.0,5,31947.0,86408.0,16216.0,0.188,0.227,-0.295,-0.217,не значимо,436.0,False
846,2.0,3,33607.0,65406.0,10746.0,0.164,0.167,0.167,0.551,не значимо,222.0,False
847,4.0,5,39391.0,107899.0,33171.0,0.307,0.156,-0.801,-0.114,не значимо,544.0,False
848,4.0,5,37656.0,119103.0,46167.0,0.386,0.18,-1.177,0.318,не значимо,930.0,False
849,2.0,3,27940.0,55307.0,7119.0,0.128,0.22,0.394,0.364,не значимо,125.0,False
851,2.0,3,25204.0,57161.0,7704.0,0.134,0.237,0.212,-0.107,не значимо,64.0,False
852,4.0,3,24921.0,83416.0,30503.0,0.359,0.204,-1.175,0.229,не значимо,198.0,False
853,4.0,5,38143.0,102611.0,37044.0,0.36,0.221,-0.944,0.558,не значимо,920.0,False
854,4.0,5,41451.0,117944.0,61983.0,0.525,0.188,-1.376,-0.13,не значимо,,False
855,4.0,5,31743.0,145519.0,92601.0,0.636,0.254,-2.044,-0.679,не значимо,735.0,False
856,1.0,5,36621.0,91615.0,13493.0,0.147,0.224,0.025,0.177,не значимо,572.0,False
857,4.0,1,29304.0,85700.0,19498.0,0.227,0.219,-0.566,-0.058,не значимо,440.0,False
859,2.0,3,28654.0,76944.0,15704.0,0.204,0.234,-0.372,-0.185,не значимо,774.0,False
860,1.0,2,37584.0,74919.0,7460.0,0.1,0.191,0.644,0.81,не значимо,1.0,False
870,1.0,3,26641.0,72853.0,14913.0,0.202,0.242,-0.393,0.121,не значимо,261.0,False
871,2.0,3,30377.0,59206.0,7799.0,0.132,0.218,0.386,0.809,не значимо,131.0,False
872,3.0,2,39233.0,71177.0,4229.0,0.059,0.182,1.254,1.232,не значимо,1.0,False
873,1.0,1,27582.0,82898.0,20785.0,0.248,0.271,-0.69,-0.151,не значимо,201.0,False
874,2.0,3,25116.0,66314.0,16051.0,0.243,0.268,-0.526,-0.095,не значимо,168.0,False
875,4.0,5,35557.0,115573.0,25601.0,0.22,0.238,-0.645,0.523,не значимо,508.0,False
876,2.0,3,28401.0,59326.0,9760.0,0.164,0.247,0.095,0.605,не значимо,42.0,False
877,2.0,3,25024.0,62962.0,10966.0,0.174,0.235,-0.148,0.258,не значимо,106.0,False
878,4.0,5,28381.0,112349.0,65745.0,0.589,0.24,-1.813,-0.327,не значимо,475.0,False
879,2.0,3,26169.0,59549.0,9709.0,0.164,0.218,0.018,0.116,не значимо,242.0,False
880,2.0,3,24415.0,65944.0,9206.0,0.14,0.244,0.002,-0.292,не значимо,137.0,False
881,2.0,3,29289.0,69413.0,12659.0,0.183,0.209,-0.134,0.216,не значимо,138.0,False
882,2.0,3,23478.0,56720.0,7979.0,0.141,0.28,0.106,-0.106,не значимо,160.0,False
883,5.0,5,27919.0,206819.0,121996.0,0.58,0.233,-2.448,-2.649,не значимо,153.0,False
884,4.0,5,32007.0,118399.0,106731.0,0.899,0.244,-2.178,0.386,не значимо,654.0,False
885,2.0,3,27169.0,59207.0,9291.0,0.157,0.202,0.1,0.207,не значимо,153.0,False
886,4.0,3,29101.0,100784.0,46403.0,0.464,0.204,-1.44,0.041,не значимо,631.0,False
888,4.0,5,36593.0,132628.0,60398.0,0.455,0.171,-1.474,0.135,не значимо,764.0,False
889,4.0,5,30436.0,118540.0,62478.0,0.525,0.226,-1.692,-0.631,не значимо,250.0,False
890,1.0,6,39062.0,86081.0,23834.0,0.277,0.249,-0.479,0.507,не значимо,0.0,False
891,1.0,1,30192.0,68894.0,22497.0,0.327,0.268,-0.679,0.051,не значимо,638.0,False
892,1.0,5,33373.0,73238.0,18238.0,0.249,0.257,-0.369,0.146,не значимо,606.0,False
895,1.0,1,28372.0,73754.0,20790.0,0.282,0.265,-0.662,-0.409,не значимо,25.0,False
896,1.0,5,41947.0,88350.0,40468.0,0.458,0.242,-0.937,0.729,не значимо,44.0,False
897,1.0,2,29510.0,66939.0,14208.0,0.212,0.286,-0.242,0.176,не значимо,509.0,False
898,0.0,1,22940.0,60850.0,10473.0,0.172,0.379,-0.189,0.239,не значимо,439.0,False
899,0.0,1,25104.0,60619.0,10831.0,0.179,0.365,-0.133,0.242,не значимо,703.0,False
900,0.0,3,25426.0,60396.0,10525.0,0.174,0.317,-0.091,0.156,не значимо,270.0,False
901,0.0,3,26548.0,56425.0,9341.0,0.166,0.293,0.071,0.162,не значимо,471.0,False
902,1.0,3,27634.0,68149.0,15744.0,0.232,0.298,-0.411,-0.13,не значимо,629.0,False
903,3.0,1,24282.0,89177.0,17997.0,0.202,0.298,-0.674,-1.471,не значимо,606.0,False
904,0.0,1,22372.0,62007.0,12659.0,0.204,0.33,-0.404,-0.4,не значимо,540.0,False
905,0.0,3,28943.0,83668.0,21932.0,0.262,0.294,-0.696,-0.188,не значимо,768.0,False
907,0.0,1,24198.0,102323.0,41519.0,0.406,0.383,-1.513,-1.184,не значимо,386.0,False
908,1.0,3,29029.0,74604.0,18857.0,0.253,0.279,-0.542,-0.088,не значимо,549.0,False
909,1.0,1,28598.0,67776.0,15310.0,0.226,0.308,-0.348,0.381,не значимо,202.0,False
911,1.0,3,29515.0,65645.0,13530.0,0.206,0.295,-0.193,0.321,не значимо,302.0,False
912,1.0,5,35166.0,81593.0,19751.0,0.243,0.24,-0.396,0.275,не значимо,1.0,False
913,0.0,3,27355.0,75166.0,18327.0,0.244,0.31,-0.573,-0.109,не значимо,581.0,False
914,0.0,1,22607.0,65857.0,10647.0,0.162,0.336,-0.22,-0.377,не значимо,78.0,False
915,0.0,1,24783.0,57214.0,8505.0,0.149,0.353,0.096,0.141,не значимо,383.0,False
916,4.0,5,46744.0,108247.0,50058.0,0.463,0.171,-1.042,0.397,не значимо,0.0,False
917,4.0,5,42387.0,147462.0,122302.0,0.83,0.201,-2.033,0.279,не значимо,8.0,False
918,,2,30092.0,61583.0,,,0.219,,,нет данных,0.0,False
920,1.0,1,23897.0,50727.0,10309.0,0.203,0.264,-0.133,-0.023,не значимо,310.0,False
922,1.0,0,20011.0,68627.0,9361.0,0.137,0.24,-0.214,-0.815,не значимо,143.0,False
923,2.0,0,18777.0,37459.0,3388.0,0.091,0.241,0.739,-0.201,LL,41.0,False
924,2.0,0,17809.0,36937.0,3227.0,0.087,0.234,0.735,-0.434,LL,32.0,False
925,4.0,0,17803.0,105180.0,35906.0,0.342,0.201,-1.675,-2.94,не значимо,35.0,False
926,2.0,0,19419.0,46654.0,5430.0,0.117,0.25,0.301,-0.508,не значимо,105.0,False
927,1.0,2,26241.0,72878.0,15139.0,0.207,0.218,-0.423,-0.46,LL,43.0,False
928,3.0,2,28250.0,47510.0,2660.0,0.056,0.179,1.39,0.384,HL,14.0,False
929,2.0,0,18649.0,46378.0,5306.0,0.115,0.216,0.284,-0.459,LL,163.0,False
930,2.0,0,19540.0,49947.0,7021.0,0.141,0.244,0.05,-0.283,не значимо,267.0,False
986,1.0,2,35398.0,67593.0,19221.0,0.284,0.272,-0.363,0.645,не значимо,0.0,False
987,1.0,2,28204.0,56780.0,12981.0,0.229,0.269,-0.197,0.287,не значимо,70.0,False
988,1.0,2,33021.0,66683.0,20717.0,0.311,0.268,-0.507,0.338,не значимо,74.0,False
989,1.0,2,30027.0,60344.0,15078.0,0.25,0.268,-0.284,0.227,не значимо,133.0,False
991,1.0,2,32806.0,58082.0,8236.0,0.142,0.257,0.409,0.657,не значимо,126.0,False
992,0.0,2,25736.0,44952.0,7942.0,0.177,0.295,0.202,0.574,не значимо,112.0,False
993,0.0,1,25798.0,56551.0,8634.0,0.153,0.325,0.121,0.094,не значимо,151.0,False
994,0.0,1,21547.0,52346.0,7124.0,0.136,0.279,0.134,-0.494,не значимо,70.0,False
995,0.0,1,24805.0,59426.0,8860.0,0.148,0.308,0.056,-0.346,не значимо,47.0,False
996,1.0,2,32469.0,70660.0,16450.0,0.232,0.284,-0.293,0.026,не значимо,113.0,False
998,1.0,2,30402.0,59418.0,10463.0,0.176,0.301,0.093,0.641,не значимо,78.0,False
999,0.0,1,21532.0,45514.0,6937.0,0.152,0.3,0.159,-0.085,не значимо,151.0,False
1001,1.0,2,32880.0,73537.0,15252.0,0.207,0.275,-0.205,0.065,не значимо,64.0,False
1002,0.0,1,21728.0,48107.0,6022.0,0.125,0.295,0.31,-0.207,не значимо,120.0,False
1003,1.0,1,25239.0,64204.0,14799.0,0.231,0.284,-0.439,-0.103,не значимо,33.0,False
1004,1.0,1,23717.0,49804.0,9279.0,0.185,0.274,-0.035,0.096,не значимо,40.0,False
1005,1.0,2,29170.0,57346.0,7911.0,0.137,0.28,0.332,0.255,не значимо,35.0,False
1006,0.0,1,25471.0,53904.0,9023.0,0.167,0.287,0.064,0.268,не значимо,73.0,False
1007,1.0,2,31721.0,64159.0,14267.0,0.222,0.251,-0.174,0.251,не значимо,0.0,False
1008,1.0,2,29633.0,62835.0,11252.0,0.179,0.251,-0.005,0.103,не значимо,27.0,False
1009,1.0,2,28713.0,46455.0,7853.0,0.169,0.25,0.323,0.636,не значимо,186.0,False
1010,1.0,3,25190.0,47975.0,7041.0,0.147,0.258,0.301,0.136,не значимо,197.0,False
1011,0.0,3,24112.0,44264.0,8759.0,0.198,0.274,0.039,0.149,не значимо,341.0,False
1012,0.0,1,23414.0,48208.0,7773.0,0.161,0.269,0.129,-0.021,не значимо,147.0,False
1013,0.0,0,20927.0,51885.0,9777.0,0.189,0.281,-0.212,-0.305,не значимо,300.0,False
1014,2.0,0,18957.0,43694.0,3848.0,0.088,0.236,0.621,-0.537,не значимо,144.0,False
1015,1.0,1,21746.0,59004.0,9895.0,0.168,0.228,-0.186,-0.939,не значимо,13.0,False
1016,0.0,0,21092.0,42784.0,5543.0,0.13,0.316,0.363,0.252,не значимо,235.0,False
1017,1.0,1,20914.0,58282.0,5603.0,0.096,0.258,0.344,-0.578,не значимо,48.0,False
1018,0.0,0,22069.0,48818.0,7228.0,0.148,0.274,0.143,-0.31,не значимо,318.0,False
1019,1.0,1,23192.0,49688.0,7653.0,0.154,0.274,0.135,-0.067,не значимо,304.0,False
1020,2.0,1,21510.0,51168.0,5771.0,0.113,0.26,0.342,-0.069,не значимо,87.0,False
1021,1.0,1,24341.0,46457.0,6377.0,0.137,0.273,0.366,0.323,не значимо,78.0,False
1023,0.0,0,21050.0,41324.0,4141.0,0.1,0.285,0.653,-0.044,не значимо,299.0,False
1024,2.0,0,20853.0,47089.0,6936.0,0.147,0.265,0.128,0.155,не значимо,177.0,False
1025,1.0,1,24665.0,80692.0,16132.0,0.199,0.21,-0.549,-1.123,не значимо,203.0,False
1026,1.0,1,22819.0,52393.0,8714.0,0.167,0.268,-0.011,-0.185,не значимо,223.0,False
1027,0.0,0,19450.0,42494.0,3784.0,0.089,0.292,0.664,-0.356,не значимо,240.0,False
1028,2.0,0,19669.0,39044.0,4462.0,0.114,0.239,0.51,-0.237,не значимо,59.0,False
1029,0.0,0,21200.0,43184.0,3961.0,0.092,0.319,0.704,0.095,не значимо,369.0,False
1030,2.0,0,20671.0,44534.0,5848.0,0.131,0.231,0.289,-0.067,не значимо,174.0,False
1031,0.0,0,23134.0,45492.0,6256.0,0.138,0.247,0.335,0.133,не значимо,260.0,False
1032,0.0,0,22784.0,46201.0,5976.0,0.129,0.253,0.365,0.158,не значимо,318.0,False
1033,2.0,0,21129.0,48339.0,4569.0,0.095,0.256,0.558,-0.194,не значимо,154.0,False
1034,2.0,0,21076.0,55664.0,6875.0,0.124,0.27,0.147,-0.437,не значимо,162.0,False
1035,2.0,0,20576.0,42448.0,4321.0,0.102,0.209,0.587,-0.048,не значимо,279.0,False
1036,0.0,0,21378.0,41828.0,5293.0,0.127,0.349,0.423,0.379,не значимо,303.0,False
1037,1.0,1,21912.0,55666.0,6103.0,0.109,0.239,0.305,-0.318,не значимо,73.0,False
1038,0.0,0,21705.0,43112.0,4035.0,0.094,0.291,0.709,-0.114,не значимо,227.0,False
1039,1.0,2,25834.0,59536.0,6026.0,0.101,0.263,0.482,-0.197,не значимо,29.0,False
1040,2.0,0,20029.0,42493.0,4468.0,0.105,0.246,0.527,-0.009,не значимо,352.0,False
1041,1.0,0,21789.0,38840.0,5692.0,0.147,0.246,0.369,-0.19,не значимо,136.0,False
1044,2.0,0,21145.0,43954.0,5427.0,0.124,0.263,0.387,0.044,не значимо,188.0,False
1047,1.0,1,25926.0,66739.0,16329.0,0.245,0.279,-0.511,-0.355,не значимо,293.0,False
1048,0.0,3,21774.0,50297.0,6162.0,0.123,0.313,0.289,-0.041,не значимо,239.0,False
1049,0.0,2,25301.0,53960.0,11705.0,0.217,0.325,-0.202,0.271,не значимо,214.0,False
1051,1.0,2,27028.0,51674.0,10348.0,0.2,0.281,-0.013,0.394,не значимо,441.0,False
1052,2.0,3,23829.0,48394.0,7080.0,0.146,0.282,0.24,0.191,не значимо,218.0,False
1053,0.0,1,23985.0,56316.0,6720.0,0.119,0.303,0.299,-0.025,не значимо,177.0,False
1054,2.0,2,30125.0,57576.0,8297.0,0.144,0.246,0.316,1.081,не значимо,1.0,False
1055,1.0,3,28972.0,64351.0,14728.0,0.229,0.269,-0.297,0.601,не значимо,328.0,False
1056,1.0,1,24110.0,65770.0,15333.0,0.234,0.255,-0.521,-0.49,не значимо,46.0,False
1057,1.0,1,24949.0,68562.0,11397.0,0.167,0.284,-0.19,-0.687,не значимо,172.0,False
1058,0.0,1,22773.0,51289.0,9847.0,0.192,0.314,-0.135,-0.282,не значимо,130.0,False
1059,0.0,3,22320.0,44441.0,5147.0,0.116,0.284,0.494,0.203,не значимо,445.0,False
1060,0.0,1,21656.0,47293.0,7979.0,0.169,0.312,0.025,0.063,не значимо,93.0,False
1061,2.0,3,23068.0,44674.0,6142.0,0.138,0.238,0.35,0.234,не значимо,409.0,False
1062,1.0,3,23692.0,68409.0,14270.0,0.209,0.288,-0.466,-0.699,не значимо,306.0,False
1063,1.0,1,26513.0,55779.0,12517.0,0.224,0.24,-0.223,-0.052,не значимо,38.0,False
1064,0.0,0,21929.0,55267.0,8298.0,0.151,0.305,-0.001,-0.231,не значимо,115.0,False
1065,0.0,3,23600.0,49977.0,6653.0,0.133,0.309,0.293,0.069,не значимо,327.0,False
1066,1.0,1,25026.0,58390.0,11273.0,0.193,0.262,-0.176,-0.153,не значимо,206.0,False
1067,0.0,1,22449.0,50011.0,5777.0,0.115,0.335,0.384,-0.144,не значимо,72.0,False
1068,0.0,1,23791.0,47812.0,6016.0,0.126,0.305,0.402,0.173,не значимо,244.0,False
1069,0.0,1,23989.0,51871.0,8667.0,0.167,0.324,0.045,-0.066,не значимо,110.0,False
1070,1.0,1,27983.0,59953.0,11099.0,0.185,0.3,-0.049,0.187,не значимо,320.0,False
1071,3.0,2,29101.0,71128.0,6827.0,0.096,0.305,0.477,0.066,не значимо,136.0,False
1072,1.0,1,26990.0,58920.0,15025.0,0.256,0.249,-0.388,0.057,не значимо,85.0,False
1107,1.0,2,33023.0,55901.0,11942.0,0.214,0.277,0.044,0.722,не значимо,0.0,False
1108,0.0,1,21270.0,35752.0,4966.0,0.139,0.296,0.481,0.408,не значимо,71.0,False
1109,0.0,2,25964.0,41800.0,6292.0,0.15,0.286,0.444,0.689,не значимо,103.0,False
1110,2.0,2,28438.0,44541.0,4056.0,0.091,0.223,0.974,0.917,не значимо,12.0,False
1111,2.0,1,24212.0,40166.0,7098.0,0.176,0.236,0.254,0.399,не значимо,34.0,False
1112,1.0,1,25484.0,48720.0,8004.0,0.164,0.278,0.185,0.153,не значимо,33.0,False
1113,0.0,0,21010.0,35530.0,2878.0,0.081,0.293,1.015,0.559,не значимо,71.0,False
1115,0.0,0,20514.0,43746.0,6143.0,0.141,0.331,0.232,0.293,не значимо,80.0,False
1116,0.0,0,22216.0,37943.0,3930.0,0.104,0.347,0.759,0.557,не значимо,114.0,False
1117,1.0,2,33094.0,57440.0,11020.0,0.192,0.264,0.126,0.682,не значимо,1.0,False
1118,0.0,0,19675.0,39043.0,4453.0,0.114,0.346,0.512,-0.18,не значимо,86.0,False
1119,0.0,1,22091.0,41213.0,9556.0,0.231,0.309,-0.135,0.07,не значимо,103.0,False
1120,0.0,1,22439.0,50925.0,3991.0,0.078,0.311,0.754,-0.566,не значимо,56.0,False
1121,0.0,1,20391.0,53008.0,9962.0,0.188,0.309,-0.257,-0.336,LH,27.0,False
1122,0.0,0,18505.0,38282.0,2543.0,0.066,0.363,1.011,-0.168,не значимо,94.0,False
1123,0.0,1,21137.0,43834.0,6140.0,0.14,0.338,0.263,0.18,не значимо,64.0,False
1124,0.0,0,18744.0,39898.0,4664.0,0.118,0.377,0.418,-0.186,не значимо,120.0,False
1125,0.0,1,22825.0,45934.0,6651.0,0.145,0.279,0.26,-0.043,не значимо,50.0,False
1126,0.0,0,19402.0,39285.0,6416.0,0.164,0.374,0.133,-0.122,не значимо,156.0,False
1127,1.0,1,22012.0,40338.0,6295.0,0.153,0.282,0.279,0.021,не значимо,52.0,False
1128,0.0,1,20170.0,41816.0,4254.0,0.102,0.334,0.583,0.033,не значимо,65.0,False
1129,0.0,1,21691.0,38153.0,2229.0,0.058,0.311,1.302,0.71,не значимо,34.0,False
1130,0.0,1,21823.0,50070.0,8233.0,0.165,0.294,0.002,-0.457,не значимо,33.0,False
1131,0.0,1,24729.0,38613.0,2200.0,0.057,0.285,1.446,1.045,не значимо,33.0,False
1132,0.0,1,21443.0,43049.0,4469.0,0.104,0.3,0.595,-0.134,не значимо,95.0,False
1133,0.0,0,20235.0,37465.0,4026.0,0.108,0.333,0.641,0.236,не значимо,163.0,False
1134,1.0,2,38148.0,93087.0,29348.0,0.315,0.218,-0.711,0.249,не значимо,0.0,False
1135,1.0,2,32616.0,74542.0,17038.0,0.229,0.22,-0.324,0.153,не значимо,44.0,False
1136,1.0,2,35939.0,86332.0,19054.0,0.221,0.243,-0.339,0.115,не значимо,612.0,False
1137,2.0,3,26114.0,72869.0,15687.0,0.215,0.189,-0.464,-0.575,не значимо,263.0,False
1138,1.0,3,29570.0,63393.0,19308.0,0.305,0.259,-0.547,0.124,не значимо,277.0,False
1139,1.0,3,28465.0,63507.0,14476.0,0.228,0.21,-0.297,0.137,не значимо,392.0,False
1140,2.0,2,30780.0,61334.0,10661.0,0.174,0.239,0.087,0.54,не значимо,75.0,False
1141,1.0,5,36107.0,82786.0,16636.0,0.201,0.243,-0.198,0.38,не значимо,888.0,False
1142,2.0,3,28965.0,64692.0,14130.0,0.218,0.208,-0.255,0.299,не значимо,141.0,False
1143,2.0,3,25776.0,56456.0,7955.0,0.141,0.233,0.202,0.054,не значимо,129.0,False
1144,2.0,3,23563.0,59152.0,9126.0,0.154,0.192,-0.025,-0.44,не значимо,273.0,False
1146,1.0,1,23627.0,82180.0,17244.0,0.21,0.24,-0.658,-0.952,не значимо,612.0,False
1147,4.0,3,27452.0,122714.0,275469.0,2.247,0.177,-3.279,-1.021,не значимо,390.0,False
1148,2.0,3,24360.0,59974.0,10822.0,0.181,0.19,-0.162,-0.269,не значимо,206.0,False
1149,,3,25216.0,57522.0,10537.0,0.183,0.216,-0.101,,нет данных,263.0,False
1150,,2,37137.0,60661.0,4396.0,0.072,0.169,1.161,,нет данных,1.0,False
1151,4.0,3,34883.0,110974.0,79153.0,0.717,0.213,-1.793,0.378,не значимо,696.0,False
1152,4.0,7,37896.0,140201.0,342450.0,2.427,0.24,-3.175,0.133,не значимо,1488.0,False
1153,2.0,3,23926.0,58997.0,10549.0,0.179,0.231,-0.154,-0.233,LL,255.0,False
1154,4.0,3,31448.0,107557.0,49440.0,0.461,0.217,-1.426,-0.266,не значимо,918.0,False
1155,2.0,3,25221.0,56676.0,8536.0,0.151,0.199,0.11,0.129,не значимо,320.0,False
1157,1.0,5,30945.0,86863.0,26839.0,0.309,0.245,-0.831,-0.001,не значимо,845.0,False
1158,1.0,3,25808.0,68702.0,17615.0,0.257,0.222,-0.591,-0.43,не значимо,510.0,False
1159,,3,23507.0,58010.0,7070.0,0.122,0.201,0.228,,нет данных,207.0,False
1160,1.0,3,26410.0,69175.0,14338.0,0.207,0.253,-0.362,-0.217,не значимо,104.0,False
1161,1.0,3,28082.0,79859.0,19830.0,0.248,0.204,-0.625,-0.474,не значимо,659.0,False
1163,,3,24596.0,74653.0,12889.0,0.173,0.21,-0.327,,нет данных,86.0,False
1164,4.0,3,23174.0,106652.0,34388.0,0.323,0.263,-1.368,-1.005,не значимо,888.0,False
1165,,5,38463.0,122912.0,99652.0,0.808,0.223,-1.925,,нет данных,856.0,False
1166,2.0,3,23685.0,55352.0,8607.0,0.156,0.193,0.039,-0.158,не значимо,300.0,False
1167,,3,23650.0,59480.0,7403.0,0.125,0.22,0.188,,нет данных,141.0,False
1168,,3,24064.0,59849.0,11210.0,0.187,0.253,-0.209,,нет данных,709.0,False
1169,,2,32894.0,81704.0,15925.0,0.195,0.232,-0.248,,нет данных,18.0,False
1170,2.0,3,24815.0,57890.0,8278.0,0.143,0.168,0.125,-0.367,не значимо,170.0,False
1171,2.0,3,21541.0,59431.0,8234.0,0.139,0.186,-0.012,-0.827,не значимо,134.0,False
1172,2.0,3,21832.0,55916.0,6947.0,0.124,0.173,0.172,-0.648,не значимо,118.0,False
1173,2.0,3,24010.0,58202.0,9208.0,0.158,0.168,-0.015,-0.101,не значимо,218.0,False
1174,2.0,3,22242.0,57714.0,7057.0,0.122,0.155,0.175,-0.539,не значимо,144.0,False
1175,2.0,3,23022.0,55331.0,11168.0,0.202,0.183,-0.25,-0.528,не значимо,70.0,False
1176,1.0,2,37661.0,74048.0,17371.0,0.234,0.243,-0.199,0.623,не значимо,0.0,False
1178,0.0,0,21238.0,51277.0,3526.0,0.069,0.241,0.822,-0.635,не значимо,46.0,False
1179,1.0,1,28168.0,65374.0,10436.0,0.159,0.271,0.02,-0.267,не значимо,39.0,False
1180,1.0,1,23065.0,96058.0,20899.0,0.216,0.258,-0.875,-1.98,не значимо,27.0,False
1181,1.0,1,25348.0,54557.0,8259.0,0.151,0.252,0.148,-0.312,не значимо,112.0,False
1184,1.0,2,29860.0,45640.0,11362.0,0.249,0.231,-0.007,0.635,не значимо,49.0,False
1185,0.0,1,22673.0,52983.0,5167.0,0.098,0.235,0.506,-0.391,не значимо,39.0,False
1186,3.0,2,37020.0,70914.0,7171.0,0.101,0.186,0.668,0.316,не значимо,11.0,False
1187,2.0,3,24788.0,48493.0,6597.0,0.136,0.216,0.35,0.005,не значимо,116.0,False
1188,3.0,2,37777.0,70259.0,10476.0,0.149,0.253,0.309,0.886,не значимо,32.0,False
1189,2.0,3,23204.0,59068.0,4389.0,0.074,0.241,0.692,-0.289,не значимо,146.0,False
1190,3.0,2,35382.0,60534.0,10308.0,0.17,0.297,0.26,0.758,не значимо,40.0,False
1191,2.0,3,23919.0,56208.0,6585.0,0.116,0.273,0.317,-0.118,не значимо,119.0,False
1192,2.0,3,22102.0,56311.0,7923.0,0.14,0.241,0.053,-0.238,не значимо,140.0,False
1193,2.0,3,22092.0,53473.0,5723.0,0.107,0.227,0.377,0.127,не значимо,121.0,False
1194,2.0,0,22295.0,53337.0,5287.0,0.099,0.241,0.466,-0.441,не значимо,46.0,False
1195,2.0,0,19800.0,65486.0,9851.0,0.15,0.226,-0.275,-1.061,не значимо,53.0,False
1196,2.0,3,22950.0,44468.0,3850.0,0.087,0.236,0.812,0.423,не значимо,109.0,False
1197,1.0,3,25713.0,56017.0,7345.0,0.131,0.247,0.28,-0.063,не значимо,88.0,False
1198,1.0,2,36213.0,72546.0,22837.0,0.315,0.256,-0.512,0.605,не значимо,0.0,False
1200,1.0,1,24120.0,62664.0,10103.0,0.161,0.253,-0.103,-0.705,не значимо,44.0,False
1201,2.0,0,24783.0,55649.0,7622.0,0.137,0.266,0.206,0.27,не значимо,39.0,False
1203,1.0,1,24888.0,62844.0,12083.0,0.192,0.285,-0.251,-0.496,не значимо,46.0,False
1204,0.0,1,22292.0,39328.0,3302.0,0.084,0.293,0.936,0.286,не значимо,77.0,False
1205,0.0,1,24583.0,40946.0,3578.0,0.087,0.255,0.954,0.772,не значимо,56.0,False
1206,1.0,1,27314.0,75530.0,10595.0,0.14,0.252,-0.026,-0.237,не значимо,84.0,False
1207,1.0,1,26608.0,51911.0,9578.0,0.185,0.278,0.048,0.169,не значимо,0.0,False
1208,0.0,0,23325.0,55644.0,5679.0,0.097,0.279,0.44,-0.191,не значимо,101.0,False
1209,0.0,1,25651.0,51982.0,8647.0,0.166,0.282,0.114,0.078,не значимо,68.0,False
1210,0.0,0,23922.0,50356.0,6712.0,0.133,0.277,0.298,0.16,не значимо,34.0,False
1211,1.0,1,26278.0,55493.0,13951.0,0.252,0.274,-0.34,0.056,не значимо,30.0,False
1212,1.0,2,30670.0,70464.0,10370.0,0.147,0.245,0.111,-0.05,не значимо,61.0,False
1213,0.0,1,24525.0,46685.0,10913.0,0.233,0.264,-0.163,0.193,не значимо,65.0,False
1214,0.0,1,23066.0,44692.0,3088.0,0.069,0.269,1.037,0.133,не значимо,80.0,False
1215,0.0,1,23142.0,45668.0,4396.0,0.096,0.305,0.688,0.468,не значимо,76.0,False
1217,0.0,0,23482.0,45263.0,5806.0,0.128,0.311,0.424,0.278,не значимо,68.0,False
1218,0.0,1,24249.0,47577.0,8278.0,0.174,0.284,0.102,0.208,не значимо,94.0,False
1219,0.0,1,26731.0,57943.0,6779.0,0.117,0.339,0.399,0.231,не значимо,71.0,False
1220,0.0,0,24062.0,51906.0,4592.0,0.088,0.262,0.683,0.035,не значимо,115.0,False
1221,3.0,2,27247.0,65037.0,8028.0,0.123,0.246,0.249,-0.072,не значимо,38.0,False
1222,2.0,0,20646.0,44183.0,4951.0,0.112,0.261,0.455,0.046,не значимо,102.0,False
1223,0.0,1,23560.0,45133.0,5342.0,0.119,0.333,0.511,0.394,не значимо,89.0,False
1224,1.0,2,36402.0,77794.0,19403.0,0.249,0.228,-0.344,0.488,не значимо,0.0,False
1225,1.0,2,28114.0,54176.0,10784.0,0.199,0.265,-0.015,0.445,не значимо,98.0,False
1226,1.0,2,30488.0,71657.0,17318.0,0.242,0.245,-0.408,0.295,не значимо,119.0,False
1227,1.0,2,29146.0,64498.0,10433.0,0.162,0.271,0.054,0.461,не значимо,42.0,False
1228,1.0,2,27348.0,70770.0,15189.0,0.215,0.277,-0.385,0.134,не значимо,255.0,False
1229,1.0,2,30956.0,68025.0,13052.0,0.192,0.266,-0.11,0.686,не значимо,174.0,False
1230,1.0,2,31751.0,69133.0,18176.0,0.263,0.255,-0.415,0.457,не значимо,87.0,False
1231,1.0,2,34218.0,76521.0,23078.0,0.302,0.248,-0.579,0.695,не значимо,295.0,False
1232,1.0,2,28770.0,68219.0,15318.0,0.225,0.257,-0.343,0.192,не значимо,269.0,False
1233,1.0,2,34703.0,71643.0,16602.0,0.232,0.233,-0.236,0.462,не значимо,218.0,False
1234,1.0,2,29275.0,63423.0,11776.0,0.186,0.268,-0.063,0.357,не значимо,247.0,False
1235,2.0,2,28141.0,72218.0,12958.0,0.179,0.258,-0.198,0.322,не значимо,94.0,False
1236,1.0,2,31294.0,57334.0,8648.0,0.151,0.261,0.313,0.816,не значимо,187.0,False
1237,1.0,2,26734.0,64185.0,15417.0,0.24,0.238,-0.423,-0.372,не значимо,104.0,False
1238,1.0,2,30721.0,47193.0,7981.0,0.169,0.259,0.375,0.976,не значимо,97.0,False
1240,4.0,3,24703.0,84135.0,42072.0,0.5,0.241,-1.506,-0.108,не значимо,117.0,False
1241,2.0,3,26177.0,63985.0,11547.0,0.18,0.28,-0.155,0.16,не значимо,150.0,False
1242,0.0,0,22496.0,47316.0,7763.0,0.164,0.31,0.091,-0.0,не значимо,139.0,False
1243,1.0,2,32846.0,78691.0,27125.0,0.345,0.255,-0.782,0.98,не значимо,1.0,False
1244,2.0,3,24674.0,47217.0,6795.0,0.144,0.277,0.316,0.298,не значимо,84.0,False
1246,1.0,3,25204.0,45788.0,8718.0,0.19,0.249,0.088,0.24,не значимо,167.0,False
1249,1.0,3,24976.0,51912.0,7169.0,0.138,0.244,0.275,0.188,не значимо,72.0,False
1250,1.0,2,32383.0,60700.0,13152.0,0.217,0.245,-0.072,1.19,не значимо,373.0,False
1251,0.0,3,24996.0,58358.0,11286.0,0.193,0.279,-0.178,0.002,не значимо,217.0,False
1252,1.0,2,27079.0,56834.0,9974.0,0.175,0.251,0.026,0.078,не значимо,35.0,False
1253,0.0,0,22979.0,44868.0,8540.0,0.19,0.3,0.017,0.184,не значимо,218.0,False
1254,2.0,3,23961.0,43966.0,10782.0,0.245,0.251,-0.175,0.598,не значимо,145.0,False
1256,1.0,3,24764.0,47515.0,10203.0,0.215,0.258,-0.087,0.132,не значимо,128.0,False
1257,1.0,3,25907.0,55555.0,12426.0,0.224,0.261,-0.239,-0.006,не значимо,83.0,False
1258,1.0,2,33882.0,65372.0,17761.0,0.271,0.229,-0.327,0.305,не значимо,0.0,False
1259,0.0,1,23217.0,48377.0,12514.0,0.259,0.333,-0.355,0.038,HL,331.0,False
1260,1.0,2,29277.0,61310.0,17803.0,0.291,0.334,-0.476,0.195,не значимо,40.0,False
1261,0.0,1,21848.0,44020.0,11185.0,0.254,0.315,-0.304,-0.128,не значимо,120.0,False
1262,1.0,1,22756.0,50407.0,13360.0,0.265,0.312,-0.441,-0.152,не значимо,36.0,False
1264,0.0,0,18843.0,40312.0,7922.0,0.197,0.425,-0.107,0.156,не значимо,194.0,False
1265,2.0,1,19404.0,38494.0,6700.0,0.174,0.266,0.09,0.139,не значимо,246.0,False
1266,0.0,1,19021.0,41142.0,6625.0,0.161,0.363,0.081,-0.224,не значимо,80.0,False
1267,0.0,0,17168.0,48445.0,10420.0,0.215,0.448,-0.474,-0.532,не значимо,127.0,False
1268,0.0,1,21847.0,42845.0,11141.0,0.262,0.301,-0.3,0.044,не значимо,190.0,False
1269,0.0,0,18823.0,45065.0,7486.0,0.166,0.343,-0.051,-0.113,не значимо,77.0,False
1270,0.0,1,20786.0,39571.0,4217.0,0.107,0.374,0.622,0.332,HL,331.0,False
1271,0.0,0,18873.0,40309.0,7518.0,0.187,0.383,-0.053,0.042,не значимо,180.0,False
1272,0.0,1,20168.0,48724.0,10844.0,0.223,0.378,-0.353,-0.059,не значимо,116.0,False
1273,0.0,0,17982.0,36340.0,5333.0,0.147,0.412,0.242,-0.029,не значимо,260.0,False
1274,0.0,0,18768.0,38930.0,5437.0,0.14,0.348,0.266,-0.086,не значимо,289.0,False
1275,0.0,1,24078.0,51457.0,8600.0,0.166,0.324,0.056,0.077,не значимо,40.0,False
1276,0.0,1,19095.0,42333.0,5329.0,0.126,0.438,0.303,0.351,не значимо,120.0,False
1277,0.0,1,21066.0,53113.0,15439.0,0.291,0.321,-0.662,-0.053,не значимо,62.0,False
1278,0.0,0,18567.0,37774.0,5715.0,0.151,0.427,0.205,0.166,не значимо,181.0,False
1279,0.0,1,21525.0,42718.0,7150.0,0.168,0.347,0.129,0.389,не значимо,356.0,False
1280,0.0,1,19188.0,41222.0,6867.0,0.167,0.349,0.054,-0.065,не значимо,284.0,False
1281,0.0,1,19796.0,59821.0,19634.0,0.328,0.342,-0.965,-0.771,не значимо,113.0,False
1282,0.0,0,17305.0,41441.0,6719.0,0.162,0.398,-0.027,-0.318,не значимо,124.0,False
1284,0.0,1,19592.0,40461.0,6853.0,0.17,0.335,0.077,0.02,не значимо,141.0,False
1285,1.0,1,23077.0,50278.0,14603.0,0.291,0.292,-0.516,-0.265,не значимо,170.0,False
1286,0.0,1,20834.0,43211.0,7769.0,0.18,0.356,0.013,0.352,не значимо,181.0,False
1287,0.0,1,20576.0,46355.0,8949.0,0.193,0.327,-0.141,-0.233,не значимо,46.0,False
1288,0.0,0,19001.0,45094.0,9912.0,0.22,0.348,-0.323,-0.06,не значимо,74.0,False
1289,0.0,0,19271.0,42766.0,9128.0,0.214,0.362,-0.226,0.281,не значимо,170.0,False
1290,0.0,1,19869.0,44295.0,8331.0,0.188,0.38,-0.104,-0.143,не значимо,287.0,False
1291,0.0,0,17960.0,36893.0,6593.0,0.179,0.366,0.029,-0.253,не значимо,273.0,False
1292,0.0,0,19916.0,40820.0,5886.0,0.144,0.37,0.246,0.115,не значимо,172.0,False
1293,0.0,1,21472.0,47782.0,5632.0,0.118,0.309,0.365,-0.384,не значимо,36.0,False
1294,0.0,1,20749.0,44256.0,10429.0,0.236,0.32,-0.285,0.052,не значимо,137.0,False
1295,0.0,1,17781.0,47278.0,12207.0,0.258,0.384,-0.597,0.025,не значимо,96.0,False
1296,0.0,0,18960.0,37243.0,5901.0,0.159,0.398,0.194,0.02,не значимо,214.0,False
1297,0.0,0,17960.0,40867.0,7876.0,0.193,0.373,-0.149,-0.256,не значимо,188.0,False
1298,0.0,0,20178.0,43081.0,8953.0,0.208,0.34,-0.161,0.045,не значимо,192.0,False
1299,0.0,0,18135.0,41770.0,7464.0,0.179,0.395,-0.086,-0.085,не значимо,144.0,False
1300,0.0,0,19636.0,41121.0,6362.0,0.155,0.383,0.154,0.185,не значимо,198.0,False
1301,0.0,1,20152.0,55745.0,12347.0,0.222,0.336,-0.483,-0.743,не значимо,66.0,False
1302,0.0,1,20669.0,41281.0,6966.0,0.169,0.359,0.114,0.08,не значимо,216.0,False
1303,1.0,2,31201.0,61461.0,14854.0,0.242,0.266,-0.231,0.379,не значимо,0.0,False
1304,1.0,1,24201.0,57367.0,19802.0,0.345,0.241,-0.773,-0.462,не значимо,102.0,False
1305,1.0,1,24584.0,65897.0,23810.0,0.364,0.258,-0.941,-0.766,не значимо,45.0,False
1306,1.0,1,25322.0,50120.0,18618.0,0.372,0.252,-0.666,-0.135,не значимо,123.0,False
1308,2.0,1,24713.0,50449.0,10485.0,0.208,0.242,-0.116,-0.018,не значимо,316.0,False
1309,0.0,0,20360.0,40334.0,6583.0,0.163,0.348,0.156,0.068,не значимо,164.0,False
1310,0.0,1,23841.0,37579.0,3125.0,0.083,0.336,1.059,1.014,не значимо,102.0,False
1311,0.0,0,19224.0,39019.0,8471.0,0.217,0.366,-0.154,0.002,не значимо,451.0,False
1312,0.0,1,22002.0,56455.0,9412.0,0.167,0.337,-0.124,0.162,не значимо,123.0,False
1313,0.0,0,19841.0,37772.0,6075.0,0.161,0.341,0.21,0.349,не значимо,144.0,False
1314,0.0,0,19873.0,35987.0,7184.0,0.2,0.398,0.044,0.611,не значимо,337.0,False
1315,2.0,2,28727.0,46905.0,6573.0,0.14,0.268,0.502,1.127,не значимо,1.0,False
1316,1.0,1,24078.0,70754.0,18929.0,0.267,0.24,-0.733,-1.068,не значимо,37.0,False
1317,0.0,0,18728.0,37208.0,5086.0,0.137,0.4,0.33,-0.04,не значимо,183.0,False
1319,0.0,0,19667.0,40125.0,6779.0,0.169,0.378,0.092,0.373,не значимо,313.0,False
1320,0.0,0,21959.0,44571.0,8594.0,0.193,0.337,-0.035,0.043,не значимо,221.0,False
1321,1.0,1,23117.0,50775.0,9222.0,0.181,0.311,-0.054,-0.199,не значимо,44.0,False
1322,0.0,0,19716.0,39087.0,5432.0,0.139,0.344,0.316,0.196,не значимо,469.0,False
1323,0.0,0,19942.0,40267.0,6830.0,0.17,0.333,0.098,-0.173,не значимо,88.0,False
1324,0.0,0,19484.0,37198.0,6180.0,0.166,0.376,0.175,0.357,не значимо,403.0,False
1325,0.0,0,20766.0,38796.0,5997.0,0.155,0.326,0.269,0.259,не значимо,199.0,False
1326,0.0,3,20492.0,39401.0,6199.0,0.158,0.303,0.222,0.339,не значимо,366.0,False
1327,0.0,0,19489.0,39494.0,6726.0,0.171,0.345,0.091,0.335,не значимо,362.0,False
1328,0.0,0,20485.0,45037.0,8650.0,0.192,0.289,-0.111,-0.11,не значимо,218.0,False
1329,1.0,1,21030.0,49436.0,9610.0,0.195,0.29,-0.19,-0.584,не значимо,51.0,False
1330,0.0,0,20258.0,43338.0,10785.0,0.249,0.351,-0.343,-0.294,не значимо,61.0,False
1331,0.0,0,21177.0,36280.0,5479.0,0.151,0.307,0.379,0.427,не значимо,170.0,False
1333,1.0,2,30219.0,68248.0,20907.0,0.306,0.266,-0.605,0.092,HL,0.0,False
1334,1.0,2,25189.0,58625.0,14667.0,0.25,0.263,-0.433,-0.538,не значимо,149.0,False
1335,0.0,0,17819.0,40139.0,5292.0,0.132,0.347,0.241,-0.121,не значимо,162.0,False
1336,0.0,0,16811.0,42132.0,5588.0,0.133,0.329,0.128,-0.52,не значимо,47.0,False
1337,1.0,0,18702.0,50739.0,8712.0,0.172,0.292,-0.209,-0.812,не значимо,38.0,False
1338,1.0,1,21397.0,53111.0,11665.0,0.22,0.328,-0.367,-0.246,не значимо,200.0,False
1339,0.0,0,17356.0,38474.0,6230.0,0.162,0.31,0.051,-0.506,не значимо,120.0,False
1340,2.0,0,19860.0,46217.0,6056.0,0.131,0.288,0.214,-0.42,не значимо,88.0,False
1341,0.0,1,21091.0,46287.0,8243.0,0.178,0.305,-0.034,-0.153,не значимо,222.0,False
1343,2.0,0,19080.0,43628.0,6703.0,0.154,0.297,0.073,-0.266,не значимо,90.0,False
1344,0.0,0,18236.0,42742.0,5909.0,0.139,0.311,0.154,-0.473,не значимо,94.0,False
1345,2.0,0,19444.0,48841.0,9260.0,0.191,0.284,-0.231,-0.288,не значимо,135.0,False
1346,0.0,0,19482.0,44464.0,8339.0,0.188,0.32,-0.125,-0.127,не значимо,100.0,False
1347,2.0,0,18210.0,40565.0,5698.0,0.141,0.303,0.189,-0.213,не значимо,126.0,False
1348,0.0,0,18688.0,43628.0,6901.0,0.159,0.294,0.023,-0.549,не значимо,181.0,False
1349,0.0,0,17034.0,40552.0,6807.0,0.168,0.317,-0.056,-0.533,не значимо,90.0,False
1350,0.0,0,16986.0,44491.0,6091.0,0.137,0.363,0.052,-0.521,не значимо,64.0,False
1351,0.0,0,17448.0,39213.0,5401.0,0.138,0.335,0.199,-0.359,не значимо,205.0,False
1352,0.0,0,16859.0,39451.0,5357.0,0.136,0.351,0.173,-0.254,не значимо,164.0,False
1353,2.0,0,18662.0,40583.0,5777.0,0.143,0.294,0.199,-0.065,не значимо,191.0,False
1355,0.0,0,18497.0,39591.0,5672.0,0.143,0.341,0.209,-0.005,не значимо,167.0,False
1356,0.0,1,21594.0,48629.0,7093.0,0.146,0.293,0.14,-0.291,не значимо,146.0,False
1357,2.0,3,21872.0,49283.0,11506.0,0.234,0.291,-0.331,-0.06,не значимо,176.0,False
1358,1.0,0,20730.0,55147.0,12500.0,0.227,0.291,-0.467,-0.655,не значимо,63.0,False
1392,1.0,2,31142.0,69454.0,13071.0,0.188,0.287,-0.105,0.067,не значимо,280.0,False
1393,1.0,2,31196.0,63097.0,8203.0,0.13,0.255,0.363,0.438,не значимо,41.0,False
1394,1.0,2,33995.0,70636.0,17675.0,0.25,0.298,-0.319,0.43,не значимо,155.0,False
1395,3.0,6,44258.0,90474.0,11940.0,0.131,0.182,0.337,0.121,не значимо,65.0,False
1396,1.0,2,38525.0,84648.0,17608.0,0.208,0.28,-0.19,0.516,не значимо,181.0,False
1397,1.0,2,38989.0,76231.0,13087.0,0.172,0.271,0.118,0.674,не значимо,0.0,False
1398,5.0,2,38938.0,111287.0,50276.0,0.445,0.259,-1.229,0.463,не значимо,98.0,False
1399,1.0,2,34904.0,79607.0,25425.0,0.32,0.281,-0.656,0.376,HH,154.0,False
1400,1.0,2,37913.0,80695.0,16002.0,0.198,0.277,-0.111,0.643,не значимо,72.0,False
1401,0.0,2,33343.0,54401.0,9406.0,0.174,0.283,0.292,1.067,HH,254.0,False
1402,3.0,6,40652.0,106593.0,23905.0,0.224,0.225,-0.442,-0.475,не значимо,56.0,False
1403,0.0,2,35412.0,64702.0,8858.0,0.137,0.311,0.412,0.933,HH,97.0,False
1404,0.0,2,30096.0,56356.0,8910.0,0.158,0.349,0.244,0.65,не значимо,297.0,False
1405,0.0,2,34721.0,65003.0,12698.0,0.196,0.312,0.033,0.947,HH,188.0,False
1406,0.0,2,33330.0,69467.0,9169.0,0.132,0.288,0.317,0.526,не значимо,150.0,False
1407,1.0,2,33472.0,72923.0,20304.0,0.278,0.301,-0.473,0.251,не значимо,249.0,False
1408,1.0,2,38385.0,74643.0,13886.0,0.186,0.257,0.044,0.864,не значимо,54.0,False
1409,5.0,6,42288.0,112088.0,42128.0,0.376,0.281,-0.969,0.501,не значимо,88.0,False
1410,1.0,2,34064.0,72299.0,19309.0,0.267,0.256,-0.406,0.409,не значимо,0.0,False
1411,1.0,2,30331.0,55603.0,13620.0,0.245,0.266,-0.173,0.664,не значимо,82.0,False
1412,0.0,0,21472.0,42463.0,5549.0,0.131,0.294,0.38,0.126,не значимо,159.0,False
1413,1.0,1,25807.0,70066.0,13390.0,0.191,0.266,-0.317,-0.666,не значимо,32.0,False
1414,0.0,1,25904.0,53805.0,11306.0,0.21,0.292,-0.144,0.392,не значимо,88.0,False
1415,0.0,0,22491.0,59469.0,8339.0,0.14,0.29,0.019,-0.236,не значимо,92.0,False
1416,0.0,0,20697.0,43185.0,6032.0,0.14,0.321,0.26,-0.002,не значимо,39.0,False
1417,0.0,0,21126.0,51468.0,8750.0,0.17,0.3,-0.092,-0.18,не значимо,115.0,False
1419,0.0,0,22740.0,62094.0,10985.0,0.177,0.313,-0.246,-0.42,не значимо,57.0,False
1420,0.0,0,21061.0,44711.0,7136.0,0.16,0.299,0.109,0.177,не значимо,124.0,False
1421,0.0,0,22923.0,59753.0,17593.0,0.292,0.276,-0.709,-0.495,не значимо,83.0,False
1422,1.0,1,25030.0,60037.0,16451.0,0.274,0.274,-0.554,-0.244,не значимо,63.0,False
1423,2.0,1,25767.0,55859.0,9571.0,0.172,0.25,0.017,0.556,не значимо,92.0,False
1425,0.0,1,20099.0,49907.0,8012.0,0.161,0.29,-0.054,-0.56,не значимо,108.0,False
1426,1.0,0,23609.0,56694.0,12941.0,0.228,0.265,-0.372,-0.18,не значимо,125.0,False
1427,0.0,1,22832.0,60088.0,8813.0,0.147,0.273,-0.021,-0.359,не значимо,72.0,False
1428,0.0,0,21996.0,53435.0,9065.0,0.17,0.312,-0.087,-0.129,не значимо,65.0,False
1429,1.0,1,23701.0,54417.0,9011.0,0.166,0.263,-0.006,-0.173,не значимо,81.0,False
1430,4.0,5,57815.0,145207.0,46828.0,0.323,0.19,-0.762,0.739,HH,0.0,False
1431,0.0,5,41137.0,108018.0,24023.0,0.223,0.877,-0.435,3.042,не значимо,37.0,False
1438,4.0,5,48422.0,157955.0,114928.0,0.729,0.23,-1.838,0.398,HH,524.0,False
1439,3.0,4,44528.0,94404.0,10683.0,0.113,0.216,0.454,0.793,не значимо,,False
1440,1.0,2,38675.0,74554.0,19439.0,0.261,0.212,-0.285,0.84,не значимо,,False
1443,1.0,4,43175.0,100032.0,21158.0,0.211,0.204,-0.26,0.551,не значимо,,False
1444,1.0,4,48187.0,128820.0,23880.0,0.185,0.224,-0.271,0.511,не значимо,,False
1445,3.0,4,42885.0,107496.0,31635.0,0.294,0.214,-0.669,-0.05,не значимо,,False
1446,1.0,4,44206.0,109024.0,27824.0,0.254,0.283,-0.51,0.404,не значимо,,False
1447,1.0,2,34975.0,76557.0,13904.0,0.182,0.263,-0.051,0.071,HH,,False
1448,1.0,4,44443.0,108567.0,27053.0,0.249,0.245,-0.477,0.371,не значимо,,False
1449,2.0,2,29983.0,60021.0,8693.0,0.145,0.264,0.265,0.52,не значимо,,False
1453,1.0,4,44863.0,102539.0,21932.0,0.214,0.233,-0.258,0.571,не значимо,,False
1454,1.0,2,36395.0,77806.0,17834.0,0.229,0.249,-0.26,0.397,не значимо,,False
1456,1.0,4,47895.0,108976.0,22884.0,0.21,0.217,-0.235,0.643,не значимо,,False
1457,3.0,4,46957.0,111150.0,17280.0,0.155,0.123,0.026,0.086,не значимо,,False
1459,3.0,4,51765.0,126681.0,35681.0,0.281,0.184,-0.601,0.055,не значимо,,False
1461,4.0,4,43617.0,142953.0,42021.0,0.294,0.197,-0.936,-0.171,не значимо,,False
1463,1.0,2,35425.0,85064.0,20090.0,0.236,0.263,-0.406,0.23,не значимо,,False
1464,3.0,4,42947.0,102143.0,18201.0,0.178,0.22,-0.115,0.334,не значимо,,False
1465,3.0,4,44048.0,103977.0,16413.0,0.158,0.227,0.014,0.189,не значимо,,False
1467,3.0,4,47330.0,102246.0,25305.0,0.247,0.186,-0.347,0.364,не значимо,,False
1468,3.0,2,43055.0,82225.0,12088.0,0.146,0.187,0.297,0.673,не значимо,,False
1472,5.0,4,42554.0,159927.0,44659.0,0.279,0.218,-1.022,-0.675,не значимо,,False
1473,1.0,2,32017.0,82557.0,17709.0,0.215,0.283,-0.381,-0.179,не значимо,,False
1474,3.0,1,31623.0,81266.0,13570.0,0.168,0.304,-0.127,0.095,не значимо,,False
1475,1.0,4,48728.0,97458.0,17016.0,0.174,0.221,0.079,1.097,не значимо,,False
1477,1.0,2,36005.0,84960.0,16758.0,0.198,0.282,-0.208,0.021,не значимо,,False
1478,2.0,2,31751.0,65658.0,11421.0,0.174,0.264,0.049,0.619,не значимо,,False
1480,1.0,2,38607.0,90968.0,24175.0,0.268,0.258,-0.505,0.23,не значимо,,False
1481,1.0,4,42398.0,116535.0,33101.0,0.284,0.24,-0.726,0.1,не значимо,,False
1483,5.0,2,38482.0,131746.0,66144.0,0.499,0.295,-1.515,-0.421,не значимо,,False
1484,1.0,2,41641.0,83621.0,14315.0,0.171,0.208,0.094,0.706,не значимо,,False
1486,3.0,2,33256.0,67082.0,8348.0,0.124,0.259,0.409,0.479,не значимо,,False
1488,1.0,4,40952.0,146434.0,27516.0,0.189,0.225,-0.576,-0.539,не значимо,,False
1489,1.0,2,35314.0,71595.0,9743.0,0.136,0.316,0.314,0.701,не значимо,,False
1490,1.0,2,37764.0,81793.0,11859.0,0.145,0.241,0.185,0.447,не значимо,,False
1491,1.0,2,40257.0,82997.0,19990.0,0.241,0.229,-0.273,0.772,HH,,False
1492,1.0,2,38627.0,76361.0,11414.0,0.149,0.267,0.246,0.676,HH,,False
1493,3.0,4,48647.0,109225.0,14349.0,0.131,0.124,0.248,0.43,не значимо,,False
1494,0.0,1,27884.0,56507.0,5115.0,0.09,0.289,0.723,0.625,не значимо,,False
1495,1.0,2,37178.0,66973.0,8976.0,0.134,0.268,0.448,0.772,не значимо,,False
1496,1.0,2,39268.0,97313.0,25987.0,0.266,0.272,-0.56,0.002,не значимо,,False
1500,1.0,4,41782.0,90264.0,15751.0,0.174,0.245,0.002,0.433,не значимо,,False
1501,1.0,2,39400.0,82667.0,19655.0,0.237,0.247,-0.278,0.632,не значимо,,False
1504,3.0,2,31843.0,79080.0,8845.0,0.112,0.293,0.308,0.096,не значимо,,False
1506,1.0,5,47155.0,117261.0,36995.0,0.316,0.225,-0.731,0.477,не значимо,0.0,False
1507,1.0,5,46774.0,94113.0,24596.0,0.262,0.238,-0.331,0.984,не значимо,196.0,False
1508,5.0,5,49830.0,141575.0,86388.0,0.609,0.233,-1.524,0.689,HH,212.0,False
1509,1.0,5,42162.0,104731.0,37320.0,0.356,0.239,-0.851,0.167,не значимо,136.0,False
1510,1.0,5,40231.0,91271.0,25006.0,0.274,0.2,-0.498,0.582,не значимо,105.0,False
1511,5.0,5,46623.0,137673.0,58408.0,0.424,0.234,-1.199,-0.077,LH,219.0,False
1512,1.0,5,45392.0,107983.0,44078.0,0.408,0.256,-0.944,0.925,HH,292.0,False
1518,1.0,5,41614.0,87077.0,25662.0,0.295,0.263,-0.49,0.764,не значимо,246.0,False
1519,4.0,5,34098.0,129467.0,94243.0,0.729,0.234,-1.99,-0.234,LH,12.0,False
1520,1.0,5,39596.0,79451.0,28884.0,0.364,0.248,-0.658,0.796,HH,166.0,False
1521,4.0,5,47974.0,100872.0,32706.0,0.325,0.157,-0.59,1.234,не значимо,189.0,False
1522,3.0,5,34554.0,82103.0,18717.0,0.228,0.365,-0.36,0.166,HH,359.0,False
1523,1.0,2,36294.0,83956.0,26462.0,0.315,0.258,-0.657,0.238,не значимо,0.0,False
1525,1.0,2,32929.0,63637.0,13245.0,0.208,0.267,-0.063,0.464,не значимо,21.0,False
1526,1.0,2,32489.0,82542.0,34403.0,0.416,0.246,-1.031,-0.143,не значимо,184.0,False
1527,1.0,2,35320.0,72810.0,16636.0,0.228,0.259,-0.22,0.387,не значимо,41.0,False
1528,1.0,1,26535.0,63055.0,13232.0,0.21,0.263,-0.277,-0.366,не значимо,185.0,False
1529,1.0,1,24110.0,58913.0,13621.0,0.232,0.306,-0.402,-0.437,не значимо,155.0,False
1530,0.0,1,22786.0,47338.0,6031.0,0.127,0.272,0.356,-0.236,не значимо,102.0,False
1532,1.0,1,24670.0,46945.0,8563.0,0.182,0.253,0.085,-0.006,не значимо,74.0,False
1533,0.0,1,23254.0,46527.0,9175.0,0.198,0.301,-0.043,0.115,не значимо,253.0,False
1534,0.0,1,22650.0,56967.0,17757.0,0.312,0.295,-0.73,-0.25,не значимо,182.0,False
1535,0.0,1,22653.0,51362.0,9562.0,0.186,0.318,-0.111,-0.255,не значимо,138.0,False
1536,0.0,1,24314.0,47338.0,7287.0,0.154,0.323,0.232,0.215,не значимо,98.0,False
1537,1.0,0,20854.0,48292.0,8016.0,0.166,0.281,-0.017,-0.438,не значимо,162.0,False
1539,1.0,2,30521.0,57297.0,11247.0,0.196,0.276,0.025,0.436,не значимо,38.0,False
1540,1.0,2,29925.0,49847.0,6376.0,0.128,0.257,0.573,0.849,не значимо,42.0,False
1541,0.0,0,22843.0,48339.0,8444.0,0.175,0.289,0.022,-0.054,не значимо,205.0,False
1542,0.0,1,21472.0,49699.0,8380.0,0.169,0.298,-0.032,-0.334,не значимо,89.0,False
1543,0.0,0,22884.0,46483.0,6823.0,0.147,0.31,0.237,0.066,не значимо,121.0,False
1544,2.0,1,22697.0,61384.0,15333.0,0.249,0.265,-0.581,-0.428,не значимо,105.0,False
1545,0.0,0,23710.0,38986.0,10950.0,0.282,0.26,-0.201,0.296,не значимо,170.0,False
1546,0.0,0,21978.0,43373.0,5098.0,0.118,0.338,0.488,-0.025,не значимо,106.0,False
1547,0.0,0,22914.0,40411.0,7513.0,0.186,0.285,0.142,0.231,не значимо,244.0,False
1548,0.0,0,21157.0,42965.0,5301.0,0.124,0.299,0.411,0.059,не значимо,216.0,False
1549,1.0,1,24650.0,58356.0,12503.0,0.214,0.252,-0.294,-0.441,не значимо,60.0,False
1550,0.0,1,20102.0,48593.0,9016.0,0.186,0.344,-0.172,-0.468,LL,143.0,False
1551,0.0,0,21841.0,43241.0,5512.0,0.128,0.302,0.404,0.008,не значимо,141.0,False
1552,0.0,0,20251.0,43818.0,8598.0,0.196,0.338,-0.117,-0.04,не значимо,168.0,False
1553,1.0,2,29095.0,54693.0,13494.0,0.247,0.279,-0.205,0.364,не значимо,62.0,False
1554,0.0,1,23743.0,50389.0,6065.0,0.12,0.287,0.392,0.077,не значимо,70.0,False
1555,0.0,1,25141.0,46702.0,6656.0,0.143,0.31,0.356,0.438,не значимо,169.0,False
1556,1.0,1,23998.0,54382.0,14224.0,0.262,0.249,-0.45,-0.537,не значимо,105.0,False
1557,2.0,1,22234.0,46816.0,8699.0,0.186,0.274,-0.035,0.085,не значимо,123.0,False
1558,0.0,3,22625.0,41953.0,7667.0,0.183,0.253,0.109,0.034,не значимо,138.0,False
1559,0.0,0,19471.0,37807.0,5511.0,0.146,0.36,0.289,-0.033,не значимо,174.0,False
1560,1.0,2,34976.0,77505.0,16710.0,0.215,0.238,-0.235,0.363,не значимо,27.0,False
1561,0.0,0,22048.0,40729.0,6537.0,0.161,0.294,0.242,0.054,не значимо,173.0,False
1562,1.0,1,26601.0,45446.0,9683.0,0.213,0.294,0.037,0.61,не значимо,90.0,False
1563,1.0,2,29517.0,69657.0,16041.0,0.23,0.271,-0.363,-0.153,не значимо,78.0,False
1564,0.0,0,22076.0,48732.0,8233.0,0.169,0.34,0.013,-0.128,не значимо,178.0,False
1565,0.0,3,24335.0,47749.0,8628.0,0.181,0.295,0.064,0.169,не значимо,224.0,False
1566,1.0,1,24151.0,53989.0,12857.0,0.239,0.291,-0.343,0.017,не значимо,149.0,False
1567,0.0,0,21760.0,48990.0,8648.0,0.177,0.282,-0.051,-0.27,не значимо,201.0,False
1568,0.0,1,21979.0,50161.0,9681.0,0.193,0.314,-0.153,-0.443,не значимо,94.0,False
1569,0.0,0,19582.0,40921.0,6445.0,0.158,0.324,0.138,-0.295,не значимо,144.0,False
1570,0.0,3,23243.0,40314.0,6839.0,0.17,0.295,0.25,0.387,не значимо,249.0,False
1571,2.0,3,23561.0,40403.0,8386.0,0.208,0.222,0.06,0.239,не значимо,283.0,False
1572,2.0,3,24318.0,45859.0,7431.0,0.162,0.246,0.212,0.19,не значимо,199.0,False
1573,2.0,3,22781.0,41325.0,6169.0,0.149,0.229,0.333,0.172,не значимо,273.0,False
1574,0.0,1,21131.0,44460.0,7119.0,0.16,0.296,0.115,-0.402,не значимо,141.0,False
1575,1.0,2,35575.0,69070.0,19263.0,0.279,0.255,-0.36,0.552,не значимо,0.0,False
1577,1.0,2,29171.0,54626.0,13028.0,0.239,0.265,-0.167,0.329,HH,179.0,False
1578,1.0,1,28445.0,55159.0,13906.0,0.252,0.291,-0.258,0.332,не значимо,145.0,False
1579,0.0,1,22291.0,44377.0,4778.0,0.108,0.271,0.567,0.177,не значимо,87.0,False
1580,0.0,0,22713.0,44643.0,6525.0,0.147,0.323,0.274,0.289,не значимо,176.0,False
1581,2.0,1,25377.0,63999.0,13872.0,0.217,0.265,-0.369,0.1,не значимо,90.0,False
1582,0.0,1,25453.0,52231.0,9954.0,0.19,0.323,-0.034,0.402,не значимо,175.0,False
1583,0.0,1,25872.0,55543.0,9130.0,0.164,0.284,0.068,-0.122,не значимо,85.0,False
1584,0.0,0,21312.0,40864.0,6535.0,0.16,0.311,0.209,0.265,не значимо,227.0,False
1585,0.0,0,23258.0,39784.0,5079.0,0.128,0.33,0.548,0.715,не значимо,228.0,False
1586,1.0,2,33769.0,60295.0,8579.0,0.142,0.253,0.397,0.833,не значимо,1.0,False
1587,1.0,1,26515.0,58496.0,14088.0,0.242,0.294,-0.341,0.131,не значимо,142.0,False
1588,0.0,1,22311.0,43977.0,7736.0,0.176,0.274,0.086,-0.169,не значимо,113.0,False
1589,2.0,1,27449.0,48485.0,6344.0,0.131,0.251,0.492,0.794,HH,299.0,False
1590,0.0,0,22433.0,41084.0,6288.0,0.153,0.301,0.299,0.324,не значимо,162.0,False
1591,0.0,1,23370.0,42063.0,6524.0,0.155,0.327,0.303,0.561,не значимо,80.0,False
1592,0.0,1,25545.0,50914.0,10167.0,0.2,0.33,-0.052,0.056,не значимо,100.0,False
1593,0.0,1,26764.0,53565.0,10699.0,0.2,0.301,-0.056,0.35,не значимо,252.0,False
1594,0.0,1,23687.0,48546.0,7184.0,0.147,0.306,0.22,0.178,не значимо,202.0,False
1595,1.0,1,27851.0,63058.0,11859.0,0.188,0.279,-0.12,0.009,не значимо,70.0,False
1596,0.0,1,22766.0,53338.0,8271.0,0.155,0.327,0.039,-0.179,не значимо,50.0,False
1597,1.0,2,37048.0,78755.0,18827.0,0.239,0.25,-0.296,0.449,не значимо,0.0,False
1598,1.0,2,34023.0,59108.0,8712.0,0.147,0.25,0.389,0.749,не значимо,36.0,False
1599,1.0,2,30383.0,63524.0,13714.0,0.216,0.25,-0.178,0.181,не значимо,57.0,False
1600,1.0,2,33507.0,85436.0,29969.0,0.351,0.25,-0.862,-0.318,не значимо,21.0,False
1601,1.0,2,41506.0,108127.0,33668.0,0.311,0.25,-0.764,0.526,не значимо,24.0,False
1602,2.0,3,22025.0,43569.0,8981.0,0.206,0.252,-0.076,0.43,не значимо,425.0,False
1603,1.0,3,25094.0,54332.0,12315.0,0.227,0.262,-0.261,-0.108,не значимо,322.0,False
1604,2.0,3,24703.0,48692.0,8564.0,0.176,0.248,0.086,0.25,не значимо,142.0,False
1605,2.0,0,20848.0,44699.0,8625.0,0.193,0.308,-0.091,0.258,не значимо,450.0,False
1606,0.0,0,19156.0,41826.0,8488.0,0.203,0.338,-0.159,-0.067,не значимо,272.0,False
1607,0.0,0,20107.0,46177.0,8577.0,0.186,0.345,-0.121,-0.07,не значимо,351.0,False
1608,1.0,1,24974.0,60110.0,12557.0,0.209,0.28,-0.286,-0.044,не значимо,57.0,False
1609,1.0,3,23903.0,50870.0,12044.0,0.237,0.25,-0.288,-0.005,не значимо,381.0,False
1610,2.0,1,21492.0,44774.0,9493.0,0.212,0.309,-0.156,0.178,не значимо,184.0,False
1611,2.0,3,23767.0,48726.0,7300.0,0.15,0.265,0.207,0.334,не значимо,52.0,False
1612,2.0,1,24484.0,53808.0,6808.0,0.127,0.235,0.307,-0.084,не значимо,82.0,False
1613,2.0,0,20539.0,46555.0,8482.0,0.182,0.309,-0.089,-0.217,не значимо,201.0,False
1614,2.0,0,21512.0,48759.0,7370.0,0.151,0.304,0.098,0.061,не значимо,293.0,False
1615,1.0,2,26025.0,51387.0,9177.0,0.179,0.273,0.069,0.087,не значимо,331.0,False
1616,2.0,3,22606.0,45844.0,8618.0,0.188,0.274,-0.009,0.069,не значимо,459.0,False
1617,2.0,0,22941.0,44944.0,7908.0,0.176,0.302,0.092,0.326,не значимо,560.0,False
1618,2.0,1,23109.0,54424.0,9774.0,0.18,0.256,-0.113,0.167,не значимо,146.0,False
1619,2.0,1,24391.0,55580.0,7107.0,0.128,0.251,0.26,-0.265,не значимо,71.0,False
1620,3.0,2,37238.0,69146.0,13087.0,0.189,0.218,0.072,0.458,не значимо,1.0,False
1621,1.0,3,24611.0,50151.0,7807.0,0.156,0.3,0.175,0.207,не значимо,102.0,False
1622,0.0,0,22292.0,42768.0,7736.0,0.181,0.296,0.085,0.424,не значимо,452.0,False
1623,2.0,3,23779.0,43292.0,7032.0,0.162,0.258,0.245,0.504,не значимо,186.0,False
1624,2.0,3,24161.0,48832.0,9040.0,0.185,0.248,0.01,0.073,не значимо,477.0,False
1625,2.0,3,22949.0,48824.0,8271.0,0.169,0.26,0.047,0.047,не значимо,118.0,False
1626,0.0,0,20971.0,42038.0,8495.0,0.202,0.32,-0.07,0.183,не значимо,225.0,False
1627,2.0,1,22789.0,43499.0,8370.0,0.192,0.264,0.028,0.432,не значимо,515.0,False
1628,2.0,3,23755.0,50346.0,10676.0,0.212,0.262,-0.173,0.236,не значимо,424.0,False
1629,2.0,1,23752.0,49608.0,6871.0,0.139,0.243,0.267,-0.085,не значимо,104.0,False
1630,0.0,3,21575.0,41844.0,7488.0,0.179,0.288,0.085,0.035,не значимо,497.0,False
1631,1.0,1,21991.0,50802.0,10095.0,0.199,0.287,-0.195,-0.316,не значимо,142.0,False
1632,1.0,2,32680.0,71583.0,17843.0,0.249,0.246,-0.368,0.256,не значимо,0.0,False
1633,2.0,1,20937.0,46568.0,5541.0,0.119,0.214,0.356,-0.074,не значимо,45.0,False
1634,0.0,1,19665.0,41718.0,6731.0,0.162,0.303,0.099,-0.175,не значимо,199.0,False
1635,0.0,0,19301.0,41099.0,8364.0,0.204,0.291,-0.137,-0.296,не значимо,281.0,False
1636,2.0,0,18146.0,40992.0,4807.0,0.117,0.274,0.355,-0.314,не значимо,96.0,False
1637,2.0,0,21440.0,39344.0,7722.0,0.196,0.254,0.048,0.211,не значимо,348.0,False
1638,2.0,1,21625.0,42566.0,7747.0,0.182,0.227,0.053,0.254,не значимо,148.0,False
1639,1.0,1,21611.0,48194.0,8480.0,0.176,0.27,-0.038,-0.219,не значимо,86.0,False
1640,0.0,0,19815.0,40354.0,7597.0,0.188,0.306,-0.015,0.014,не значимо,229.0,False
1641,2.0,1,20764.0,48699.0,7638.0,0.157,0.234,0.027,-0.239,не значимо,48.0,False
1642,0.0,0,20051.0,42570.0,7406.0,0.174,0.292,0.023,-0.102,не значимо,192.0,False
1643,2.0,1,20607.0,46343.0,6173.0,0.133,0.231,0.232,-0.385,не значимо,62.0,False
1644,2.0,1,21014.0,46533.0,6424.0,0.138,0.216,0.212,-0.283,не значимо,57.0,False
1645,2.0,0,20858.0,44307.0,6390.0,0.144,0.211,0.21,0.044,не значимо,108.0,False
1646,0.0,0,19926.0,40007.0,6999.0,0.175,0.306,0.073,0.055,не значимо,212.0,False
1647,0.0,0,19495.0,43140.0,6689.0,0.155,0.261,0.096,-0.382,не значимо,208.0,False
1648,0.0,0,18248.0,40376.0,6014.0,0.149,0.299,0.137,-0.254,не значимо,121.0,False
1649,2.0,0,19909.0,46716.0,7237.0,0.155,0.253,0.039,-0.394,не значимо,154.0,False
1650,2.0,0,19580.0,43822.0,6473.0,0.148,0.217,0.134,-0.378,не значимо,94.0,False
1651,2.0,0,19755.0,42010.0,5618.0,0.134,0.239,0.284,-0.202,не значимо,121.0,False
1652,1.0,2,24863.0,51062.0,8435.0,0.166,0.245,0.108,0.401,не значимо,16.0,False
1653,2.0,1,20370.0,44322.0,7864.0,0.178,0.239,-0.022,0.039,не значимо,97.0,False
1654,2.0,0,20879.0,43961.0,7353.0,0.167,0.233,0.07,-0.005,не значимо,145.0,False
1655,2.0,0,20473.0,41450.0,7109.0,0.172,0.244,0.084,0.197,не значимо,160.0,False
1656,2.0,0,20163.0,41689.0,5652.0,0.136,0.275,0.299,-0.16,не значимо,104.0,False
1657,2.0,0,19280.0,40845.0,7554.0,0.185,0.286,-0.036,-0.261,не значимо,288.0,False
1658,2.0,1,20754.0,44153.0,5727.0,0.129,0.244,0.314,-0.194,не значимо,58.0,False
1659,1.0,3,23954.0,45728.0,7911.0,0.173,0.23,0.135,-0.029,не значимо,294.0,False
1660,2.0,0,21334.0,41948.0,6830.0,0.163,0.245,0.166,0.136,не значимо,364.0,False
1661,2.0,0,19408.0,43015.0,6876.0,0.16,0.274,0.064,-0.327,не значимо,141.0,False
1662,2.0,3,20867.0,41057.0,7118.0,0.174,0.259,0.102,0.296,не значимо,452.0,False
1663,2.0,1,21138.0,41276.0,5062.0,0.123,0.259,0.456,0.221,не значимо,146.0,False
1664,2.0,0,20031.0,42515.0,6335.0,0.149,0.227,0.178,-0.015,не значимо,94.0,False
1665,1.0,2,30990.0,72517.0,19971.0,0.275,0.239,-0.534,0.017,не значимо,0.0,False
1666,0.0,0,20357.0,58750.0,10073.0,0.172,0.306,-0.27,-0.949,не значимо,278.0,False
1667,1.0,2,27258.0,56811.0,10978.0,0.193,0.252,-0.064,0.066,не значимо,354.0,False
1668,1.0,2,29848.0,73220.0,23096.0,0.315,0.211,-0.717,0.161,не значимо,252.0,False
1669,1.0,1,23409.0,75838.0,25206.0,0.333,0.268,-1.047,-0.857,не значимо,286.0,False
1670,0.0,1,21351.0,47554.0,5597.0,0.118,0.311,0.366,-0.267,не значимо,195.0,False
1671,1.0,1,22087.0,58874.0,10984.0,0.186,0.285,-0.275,-0.877,не значимо,213.0,False
1672,1.0,2,27216.0,68291.0,20896.0,0.306,0.253,-0.709,-0.582,не значимо,275.0,False
1673,1.0,2,28696.0,64867.0,13611.0,0.21,0.238,-0.227,-0.159,LL,279.0,False
1674,2.0,1,22263.0,46530.0,8540.0,0.184,0.229,-0.015,-0.003,не значимо,73.0,False
1675,2.0,3,23509.0,45122.0,6213.0,0.138,0.237,0.357,0.101,не значимо,172.0,False
1676,2.0,1,23243.0,58285.0,13901.0,0.238,0.232,-0.459,-0.194,не значимо,396.0,False
1678,2.0,0,18838.0,39696.0,4879.0,0.123,0.255,0.378,0.118,не значимо,402.0,False
1679,2.0,1,18602.0,37807.0,5124.0,0.136,0.247,0.316,-0.218,не значимо,121.0,False
1680,2.0,0,17900.0,50188.0,6975.0,0.139,0.282,-0.031,-0.681,не значимо,154.0,False
1681,0.0,0,19744.0,46326.0,4782.0,0.103,0.323,0.445,-0.107,не значимо,326.0,False
1682,2.0,1,17691.0,45535.0,5668.0,0.125,0.293,0.165,-0.49,не значимо,111.0,False
1683,2.0,1,23879.0,50534.0,3738.0,0.074,0.27,0.881,0.445,не значимо,354.0,False
1685,0.0,0,19804.0,48084.0,7101.0,0.148,0.332,0.052,-0.193,не значимо,251.0,False
1686,2.0,1,19701.0,50987.0,8663.0,0.171,0.254,-0.152,-0.576,не значимо,388.0,False
1687,2.0,0,19170.0,43612.0,4170.0,0.096,0.246,0.552,-0.303,не значимо,127.0,False
1688,2.0,0,19642.0,49469.0,5943.0,0.121,0.269,0.222,-0.306,не значимо,441.0,False
1689,2.0,0,20481.0,41815.0,3511.0,0.084,0.281,0.79,0.113,не значимо,238.0,False
1690,0.0,0,19174.0,47992.0,5215.0,0.109,0.311,0.329,-0.451,не значимо,271.0,False
1691,0.0,0,18311.0,43522.0,5628.0,0.129,0.351,0.206,-0.339,не значимо,270.0,False
1692,2.0,1,19246.0,62395.0,8943.0,0.144,0.276,-0.207,-1.191,не значимо,323.0,False
1693,2.0,1,20739.0,51808.0,9338.0,0.181,0.273,-0.175,-0.249,не значимо,118.0,False
1694,2.0,1,18798.0,49684.0,8831.0,0.178,0.282,-0.218,-0.507,не значимо,73.0,False
1696,2.0,1,19586.0,48670.0,5793.0,0.119,0.232,0.245,-0.238,не значимо,292.0,False
1697,2.0,0,19069.0,49401.0,6973.0,0.141,0.3,0.033,-0.491,не значимо,73.0,False
1698,0.0,0,19920.0,38760.0,3548.0,0.092,0.317,0.752,0.021,не значимо,216.0,False
1699,2.0,1,17603.0,49498.0,5859.0,0.119,0.25,0.127,-0.764,не значимо,39.0,False
1700,2.0,1,19952.0,47160.0,4587.0,0.098,0.26,0.497,-0.33,не значимо,97.0,False
1701,2.0,1,22280.0,41432.0,4615.0,0.111,0.265,0.601,0.571,не значимо,487.0,False
1702,0.0,0,18665.0,55733.0,9783.0,0.176,0.323,-0.327,-0.824,не значимо,386.0,False
1703,2.0,0,18871.0,52988.0,10137.0,0.192,0.258,-0.352,-0.381,не значимо,188.0,False
1704,2.0,2,27364.0,42708.0,4240.0,0.1,0.199,0.891,0.958,не значимо,205.0,False
1705,0.0,1,18782.0,39043.0,4514.0,0.116,0.297,0.452,-0.118,не значимо,121.0,False
1706,0.0,0,18523.0,43373.0,5002.0,0.115,0.317,0.336,-0.472,не значимо,148.0,False
1707,1.0,2,30811.0,56985.0,15410.0,0.27,0.276,-0.28,0.556,не значимо,0.0,False
1708,1.0,1,24698.0,47789.0,14093.0,0.295,0.262,-0.412,-0.079,не значимо,139.0,False
1709,1.0,1,27333.0,47821.0,12755.0,0.264,0.295,-0.211,0.382,не значимо,46.0,False
1710,2.0,1,21141.0,42030.0,7611.0,0.181,0.257,0.048,0.035,не значимо,62.0,False
1711,0.0,1,22221.0,47950.0,7893.0,0.165,0.299,0.062,0.033,не значимо,92.0,False
1712,0.0,1,19459.0,45764.0,7079.0,0.155,0.309,0.038,-0.314,не значимо,64.0,False
1714,0.0,0,19860.0,47812.0,10157.0,0.213,0.281,-0.303,-0.475,не значимо,172.0,False
1715,0.0,0,19703.0,44830.0,8022.0,0.179,0.295,-0.075,-0.167,не значимо,64.0,False
1717,0.0,0,20377.0,59728.0,8655.0,0.145,0.308,-0.117,-0.726,не значимо,124.0,False
1718,0.0,0,20896.0,47697.0,11111.0,0.233,0.314,-0.342,-0.107,не значимо,184.0,False
1719,1.0,1,25806.0,49687.0,11588.0,0.233,0.259,-0.173,0.319,не значимо,39.0,False
1722,0.0,0,21278.0,43326.0,7554.0,0.175,0.283,0.062,0.27,не значимо,80.0,False
1724,0.0,0,21348.0,48138.0,9185.0,0.191,0.295,-0.13,0.07,не значимо,108.0,False
1725,0.0,0,20432.0,46098.0,7414.0,0.16,0.281,0.041,-0.109,не значимо,78.0,False
1726,1.0,2,31786.0,61069.0,11660.0,0.191,0.251,0.03,0.827,не значимо,1.0,False
1727,0.0,0,20518.0,50417.0,9475.0,0.188,0.284,-0.201,-0.198,не значимо,78.0,False
1728,2.0,1,19386.0,46164.0,8835.0,0.192,0.265,-0.187,-0.48,не значимо,44.0,False
1730,0.0,0,20182.0,52344.0,8857.0,0.169,0.292,-0.15,-0.24,не значимо,69.0,False
1731,2.0,1,19482.0,40064.0,7153.0,0.18,0.247,0.029,-0.522,не значимо,30.0,False
1732,0.0,0,19890.0,49644.0,9269.0,0.187,0.283,-0.21,-0.429,не значимо,72.0,False
1733,0.0,0,19720.0,55068.0,13318.0,0.241,0.311,-0.581,-0.117,не значимо,72.0,False
1737,0.0,0,20911.0,56104.0,8165.0,0.146,0.269,-0.033,-0.444,не значимо,162.0,False
1738,0.0,0,21094.0,43563.0,8506.0,0.195,0.29,-0.065,0.088,не значимо,152.0,False
1739,0.0,0,19139.0,42916.0,6047.0,0.141,0.325,0.179,-0.492,не значимо,125.0,False
1740,1.0,2,23029.0,56005.0,8216.0,0.147,0.266,0.057,-0.012,не значимо,14.0,False
1741,0.0,0,19372.0,43686.0,4316.0,0.099,0.332,0.528,-0.275,не значимо,160.0,False
1742,0.0,1,18086.0,43795.0,3272.0,0.075,0.264,0.737,-0.881,не значимо,50.0,False
1743,0.0,0,19566.0,47740.0,6107.0,0.128,0.33,0.191,-0.319,не значимо,201.0,False
1744,0.0,0,18960.0,44968.0,5597.0,0.124,0.354,0.247,-0.097,не значимо,91.0,False
1745,0.0,1,21747.0,51123.0,6596.0,0.129,0.311,0.22,-0.311,не значимо,79.0,False
1746,0.0,0,18154.0,38986.0,3780.0,0.097,0.331,0.596,-0.401,не значимо,109.0,False
1747,0.0,0,19319.0,45035.0,5566.0,0.124,0.32,0.271,-0.158,не значимо,73.0,False
1749,0.0,0,16720.0,42936.0,3916.0,0.091,0.342,0.478,-0.696,не значимо,106.0,False
1750,0.0,0,18402.0,42038.0,4263.0,0.101,0.322,0.489,-0.259,не значимо,50.0,False
1751,0.0,0,18365.0,38084.0,3166.0,0.083,0.35,0.785,-0.101,не значимо,113.0,False
1752,0.0,1,19305.0,45216.0,5833.0,0.129,0.3,0.224,-0.389,не значимо,41.0,False
1753,0.0,0,19324.0,43973.0,4783.0,0.109,0.306,0.423,-0.02,не значимо,139.0,False
1754,0.0,0,16408.0,36990.0,2912.0,0.079,0.325,0.756,-0.519,не значимо,160.0,False
1755,1.0,0,21686.0,59266.0,21196.0,0.357,0.291,-0.95,-0.621,не значимо,111.0,False
1756,0.0,0,18887.0,47306.0,5733.0,0.121,0.328,0.219,-0.763,не значимо,110.0,False
1757,0.0,0,18726.0,43676.0,3619.0,0.083,0.312,0.67,-0.287,не значимо,142.0,False
1758,1.0,2,29846.0,54150.0,6201.0,0.114,0.225,0.598,0.657,не значимо,53.0,False
1759,0.0,1,21675.0,44146.0,7078.0,0.16,0.291,0.146,-0.101,не значимо,110.0,False
1760,0.0,0,21052.0,35840.0,2782.0,0.078,0.322,1.051,0.569,HL,120.0,False
1761,0.0,0,20741.0,45959.0,4663.0,0.101,0.258,0.519,-0.248,не значимо,168.0,False
1762,0.0,0,19487.0,45208.0,5013.0,0.111,0.311,0.384,-0.167,не значимо,164.0,False
1764,1.0,2,34399.0,59042.0,16076.0,0.272,0.248,-0.213,0.911,HH,0.0,False
1765,1.0,2,29176.0,55559.0,18282.0,0.329,0.27,-0.506,0.233,не значимо,269.0,False
1766,0.0,1,22975.0,44450.0,8867.0,0.2,0.338,-0.021,0.459,HH,171.0,False
1768,0.0,1,21899.0,40501.0,5806.0,0.144,0.345,0.354,0.361,HH,120.0,False
1769,0.0,1,23579.0,47728.0,8959.0,0.188,0.321,-0.006,0.307,не значимо,126.0,False
1770,1.0,1,24940.0,57446.0,16713.0,0.291,0.299,-0.573,-0.335,LH,112.0,False
1771,0.0,0,21370.0,35840.0,5366.0,0.15,0.334,0.409,0.363,не значимо,138.0,False
1773,0.0,0,21277.0,38018.0,4749.0,0.125,0.346,0.526,0.227,не значимо,198.0,False
1774,0.0,0,21601.0,42885.0,7431.0,0.173,0.351,0.094,0.291,не значимо,247.0,False
1775,0.0,0,21833.0,36047.0,4333.0,0.12,0.354,0.644,0.529,не значимо,137.0,False
1776,0.0,1,22100.0,48450.0,8120.0,0.168,0.313,0.028,0.057,не значимо,246.0,False
1777,0.0,1,23161.0,40164.0,6543.0,0.163,0.336,0.291,0.553,не значимо,132.0,False
1778,0.0,1,24845.0,42628.0,6820.0,0.161,0.297,0.319,0.323,HH,55.0,False
1780,0.0,1,23379.0,48712.0,7391.0,0.154,0.299,0.178,0.151,HH,48.0,False
1781,0.0,1,22389.0,49237.0,8390.0,0.169,0.379,0.008,0.299,HH,105.0,False
1782,0.0,1,23496.0,42247.0,9153.0,0.217,0.338,-0.031,0.54,HH,86.0,False
1783,3.0,2,38410.0,48678.0,6012.0,0.124,0.224,0.881,1.785,не значимо,1.0,False
1784,0.0,0,22512.0,40572.0,5266.0,0.13,0.364,0.48,0.477,не значимо,194.0,False
1785,0.0,1,24389.0,44553.0,11283.0,0.254,0.356,-0.202,0.582,не значимо,114.0,False
1786,0.0,1,23471.0,48233.0,7786.0,0.162,0.274,0.13,-0.096,LH,103.0,False
1787,0.0,3,25256.0,47884.0,7769.0,0.162,0.276,0.206,0.181,не значимо,189.0,False
1788,0.0,1,24350.0,40123.0,5856.0,0.146,0.336,0.452,0.817,HH,78.0,False
1845,1.0,2,34544.0,63592.0,18134.0,0.285,0.281,-0.329,0.665,не значимо,0.0,False
1846,1.0,2,25721.0,44889.0,10807.0,0.241,0.253,-0.106,0.246,не значимо,164.0,False
1848,0.0,1,23363.0,41017.0,7622.0,0.186,0.299,0.147,0.228,не значимо,96.0,False
1849,0.0,0,19291.0,42974.0,5548.0,0.129,0.352,0.273,-0.268,не значимо,258.0,False
1850,0.0,0,19994.0,42297.0,5703.0,0.135,0.322,0.281,0.545,не значимо,43.0,False
1851,0.0,0,20500.0,33650.0,3164.0,0.094,0.326,0.895,0.635,не значимо,260.0,False
1852,0.0,1,22108.0,51666.0,9597.0,0.186,0.321,-0.139,-0.305,не значимо,164.0,False
1853,0.0,1,22281.0,43462.0,6359.0,0.146,0.336,0.281,0.207,не значимо,74.0,False
1854,0.0,0,21049.0,43636.0,4891.0,0.112,0.289,0.486,0.343,не значимо,97.0,False
1855,0.0,0,21787.0,38962.0,4800.0,0.123,0.295,0.539,0.588,не значимо,132.0,False
1856,0.0,0,22961.0,50677.0,6881.0,0.136,0.283,0.232,-0.464,не значимо,64.0,False
1857,2.0,0,22388.0,43784.0,8419.0,0.192,0.25,0.005,0.588,не значимо,144.0,False
1858,0.0,0,20927.0,45639.0,7692.0,0.169,0.345,0.028,-0.118,не значимо,224.0,False
1859,1.0,1,22580.0,46419.0,8051.0,0.173,0.281,0.058,-0.169,не значимо,62.0,False
1860,0.0,0,21034.0,58497.0,7057.0,0.121,0.273,0.119,-0.503,не значимо,119.0,False
1861,1.0,1,25580.0,66319.0,14669.0,0.221,0.262,-0.417,-0.508,LH,20.0,False
1862,2.0,1,24987.0,40864.0,7278.0,0.178,0.253,0.26,0.626,не значимо,114.0,False
1863,1.0,2,30875.0,57592.0,9821.0,0.171,0.293,0.172,0.655,не значимо,1.0,False
1864,0.0,0,22709.0,43441.0,7251.0,0.167,0.329,0.168,0.639,не значимо,135.0,False
1865,0.0,0,20808.0,44263.0,7398.0,0.167,0.317,0.061,0.27,не значимо,165.0,False
1868,0.0,1,21650.0,41006.0,5349.0,0.13,0.34,0.425,-0.047,не значимо,59.0,False
1869,2.0,1,21908.0,47671.0,8774.0,0.184,0.252,-0.058,0.207,не значимо,54.0,False
1870,0.0,0,20314.0,37110.0,3879.0,0.105,0.312,0.682,0.433,не значимо,125.0,False
1871,0.0,0,20932.0,40250.0,5041.0,0.125,0.298,0.451,0.299,не значимо,160.0,False
1872,0.0,0,21372.0,42046.0,6865.0,0.163,0.329,0.162,0.183,не значимо,162.0,False
1873,0.0,1,22556.0,43214.0,6525.0,0.151,0.329,0.267,-0.007,не значимо,101.0,False
1874,1.0,2,35105.0,75236.0,21462.0,0.285,0.254,-0.481,0.342,не значимо,0.0,False
1875,1.0,2,29836.0,58203.0,12094.0,0.208,0.286,-0.07,0.607,не значимо,90.0,False
1876,1.0,2,29628.0,56751.0,10568.0,0.186,0.207,0.058,0.484,не значимо,37.0,False
1877,1.0,2,32059.0,65371.0,17950.0,0.275,0.25,-0.393,0.54,не значимо,29.0,False
1878,0.0,1,21957.0,58740.0,12812.0,0.218,0.321,-0.435,-0.66,не значимо,146.0,False
1879,1.0,2,30040.0,70391.0,19607.0,0.279,0.255,-0.547,0.3,не значимо,84.0,False
1880,2.0,1,25138.0,51804.0,10130.0,0.196,0.238,-0.064,0.16,не значимо,145.0,False
1881,1.0,2,29674.0,60469.0,14728.0,0.244,0.25,-0.273,0.239,не значимо,164.0,False
1883,1.0,2,28093.0,57492.0,11796.0,0.204,0.269,-0.105,0.016,не значимо,52.0,False
1884,0.0,0,22172.0,46398.0,6377.0,0.137,0.3,0.273,-0.068,не значимо,126.0,False
1885,1.0,1,25068.0,54217.0,11147.0,0.206,0.283,-0.163,0.234,не значимо,93.0,False
1886,0.0,1,21993.0,49376.0,8529.0,0.173,0.31,-0.026,-0.146,не значимо,98.0,False
1887,0.0,0,22157.0,48260.0,7269.0,0.151,0.277,0.141,-0.015,не значимо,112.0,False
1888,2.0,1,22531.0,48458.0,8513.0,0.175,0.264,0.0,0.009,не значимо,148.0,False
1889,0.0,0,22376.0,44165.0,4804.0,0.109,0.282,0.565,0.04,не значимо,122.0,False
1890,3.0,2,33467.0,69977.0,12531.0,0.179,0.195,0.009,-0.091,не значимо,1.0,False
1891,0.0,0,20880.0,45375.0,5418.0,0.12,0.298,0.376,-0.095,не значимо,83.0,False
1892,0.0,0,20430.0,41858.0,5503.0,0.132,0.268,0.339,-0.312,не значимо,148.0,False
1893,0.0,0,19977.0,45983.0,5618.0,0.122,0.287,0.295,-0.507,не значимо,173.0,False
1894,1.0,1,21748.0,67732.0,9709.0,0.14,0.283,-0.167,-0.944,не значимо,37.0,False
1895,0.0,1,23255.0,51873.0,7962.0,0.154,0.277,0.099,0.067,не значимо,102.0,False
1896,0.0,0,21651.0,49157.0,7585.0,0.154,0.282,0.076,-0.215,не значимо,192.0,False
1897,0.0,0,21695.0,49698.0,7527.0,0.152,0.267,0.085,-0.16,не значимо,125.0,False
1898,0.0,1,22137.0,50531.0,7576.0,0.15,0.279,0.099,-0.082,не значимо,74.0,False
1899,1.0,1,25495.0,61725.0,10042.0,0.163,0.262,-0.042,-0.111,не значимо,35.0,False
1900,1.0,1,25854.0,51002.0,10397.0,0.204,0.279,-0.062,0.24,не значимо,99.0,False
1901,0.0,1,22645.0,53494.0,9615.0,0.179,0.302,-0.117,-0.3,не значимо,109.0,False
1902,0.0,0,20083.0,44772.0,3524.0,0.079,0.309,0.767,-0.116,не значимо,145.0,False
1903,0.0,1,23047.0,45807.0,6539.0,0.143,0.273,0.287,0.178,не значимо,148.0,False
1904,1.0,1,23191.0,64790.0,14634.0,0.226,0.258,-0.513,-0.37,не значимо,110.0,False
1905,3.0,2,30446.0,63194.0,7217.0,0.114,0.253,0.466,0.049,не значимо,85.0,False
1906,0.0,2,25128.0,52041.0,7083.0,0.136,0.324,0.293,0.505,не значимо,164.0,False
1907,0.0,0,22272.0,48244.0,6508.0,0.135,0.272,0.257,-0.166,не значимо,132.0,False
1908,0.0,0,19973.0,44248.0,6112.0,0.138,0.306,0.211,-0.302,не значимо,169.0,False
1909,0.0,0,20598.0,45571.0,7240.0,0.159,0.314,0.072,-0.34,LL,184.0,False
1910,1.0,0,21514.0,54566.0,9090.0,0.167,0.316,-0.112,-0.276,не значимо,146.0,False
1912,0.0,3,25893.0,46840.0,6605.0,0.141,0.358,0.393,0.711,не значимо,134.0,False
1915,2.0,0,19156.0,48112.0,6374.0,0.133,0.216,0.127,-0.602,не значимо,269.0,False
1916,0.0,0,20417.0,41106.0,6473.0,0.158,0.335,0.175,0.153,не значимо,244.0,False
1917,0.0,1,20854.0,44460.0,6983.0,0.157,0.297,0.121,-0.147,не значимо,100.0,False
1918,0.0,0,18390.0,38938.0,5665.0,0.146,0.301,0.204,-0.382,не значимо,101.0,False
1919,1.0,2,28543.0,66472.0,13965.0,0.21,0.274,-0.258,-0.233,не значимо,156.0,False
1920,0.0,2,24216.0,44291.0,6669.0,0.151,0.291,0.316,0.195,не значимо,214.0,False
1921,0.0,0,19799.0,37466.0,4773.0,0.127,0.286,0.449,0.177,не значимо,136.0,False
1922,1.0,3,24704.0,45891.0,9897.0,0.216,0.295,-0.058,0.225,не значимо,146.0,False
1923,0.0,0,18275.0,44133.0,5576.0,0.127,0.354,0.214,-0.342,не значимо,110.0,False
1924,0.0,0,18319.0,37001.0,6621.0,0.179,0.301,0.044,0.11,не значимо,225.0,False
1925,0.0,0,19452.0,45641.0,7186.0,0.158,0.319,0.022,-0.077,не значимо,247.0,False
1926,0.0,0,20535.0,44982.0,5655.0,0.126,0.283,0.316,-0.028,не значимо,152.0,False
1927,0.0,0,19756.0,49532.0,12287.0,0.249,0.311,-0.498,-0.541,не значимо,180.0,False
1928,2.0,0,20707.0,40517.0,7426.0,0.183,0.275,0.052,0.5,не значимо,268.0,False
1929,0.0,0,20242.0,44103.0,7014.0,0.159,0.307,0.087,0.016,не значимо,117.0,False
1930,0.0,1,21682.0,39809.0,5679.0,0.143,0.274,0.366,-0.029,не значимо,78.0,False
1931,2.0,1,21022.0,43574.0,5603.0,0.129,0.244,0.349,-0.122,не значимо,126.0,False
1932,0.0,0,19232.0,38704.0,6056.0,0.157,0.351,0.182,0.182,не значимо,222.0,False
1933,0.0,0,19665.0,49494.0,7431.0,0.15,0.277,-0.0,-0.545,не значимо,90.0,False
1934,2.0,1,22645.0,44249.0,6725.0,0.152,0.259,0.241,0.139,не значимо,61.0,False
1935,0.0,0,18772.0,41185.0,4712.0,0.114,0.288,0.409,-0.058,не значимо,76.0,False
1936,2.0,1,19684.0,37874.0,4370.0,0.116,0.237,0.532,-0.101,не значимо,216.0,False
1937,2.0,1,20576.0,37038.0,5064.0,0.137,0.251,0.429,0.32,не значимо,296.0,False
1938,2.0,0,19098.0,42396.0,8019.0,0.189,0.252,-0.105,0.243,не значимо,343.0,False
1939,0.0,1,19840.0,44012.0,5334.0,0.121,0.308,0.34,-0.396,не значимо,123.0,False
1940,0.0,0,19387.0,35834.0,3668.0,0.102,0.257,0.692,-0.08,не значимо,172.0,False
1941,1.0,0,22186.0,42164.0,7126.0,0.169,0.268,0.162,0.125,не значимо,228.0,False
1942,2.0,0,18600.0,38701.0,3342.0,0.086,0.229,0.743,-0.136,не значимо,102.0,False
1943,0.0,0,18610.0,37013.0,3656.0,0.099,0.332,0.654,-0.001,не значимо,254.0,False
1944,0.0,1,20983.0,45680.0,8321.0,0.182,0.294,-0.048,-0.424,не значимо,208.0,False
1945,0.0,0,19196.0,36131.0,4296.0,0.119,0.306,0.524,-0.087,не значимо,193.0,False
1947,0.0,1,20795.0,47221.0,5301.0,0.112,0.277,0.393,-0.371,не значимо,82.0,False
1948,0.0,0,20814.0,50698.0,9177.0,0.181,0.27,-0.154,-0.457,не значимо,45.0,False
1949,0.0,0,20619.0,37315.0,4674.0,0.125,0.344,0.511,0.2,не значимо,269.0,False
1950,0.0,1,19402.0,45619.0,5006.0,0.11,0.295,0.381,-0.174,не значимо,122.0,False
1951,0.0,1,21022.0,38410.0,5304.0,0.138,0.336,0.404,0.115,не значимо,224.0,False
1952,1.0,2,29330.0,55015.0,9049.0,0.164,0.237,0.203,0.416,не значимо,9.0,False
1954,1.0,5,34684.0,89100.0,18982.0,0.213,0.292,-0.37,0.172,не значимо,535.0,False
1955,2.0,5,41757.0,100227.0,14684.0,0.146,0.184,0.072,0.558,не значимо,38.0,False
1956,2.0,5,32714.0,97669.0,14935.0,0.153,0.244,-0.189,-0.377,не значимо,44.0,False
1957,1.0,5,40875.0,120287.0,21847.0,0.181,0.219,-0.347,0.089,не значимо,39.0,False
1958,4.0,5,53175.0,139318.0,53914.0,0.387,0.118,-0.987,0.572,не значимо,45.0,False
1959,2.0,5,32468.0,88694.0,19316.0,0.218,0.26,-0.454,0.308,не значимо,212.0,False
1960,2.0,5,34491.0,101538.0,24551.0,0.242,0.244,-0.633,-0.144,не значимо,93.0,False
1961,4.0,5,45708.0,178581.0,117151.0,0.658,0.202,-1.914,0.505,не значимо,612.0,False
1962,4.0,5,43865.0,118226.0,35369.0,0.299,0.212,-0.758,0.607,не значимо,840.0,False
1963,1.0,5,35197.0,85958.0,17786.0,0.207,0.261,-0.291,0.315,не значимо,289.0,False
1965,1.0,3,31046.0,89089.0,23219.0,0.261,0.234,-0.683,-0.212,не значимо,350.0,False
1966,1.0,3,30765.0,95413.0,27201.0,0.285,0.278,-0.85,-0.473,не значимо,180.0,False
1967,2.0,5,37167.0,93451.0,19684.0,0.211,0.239,-0.338,0.24,не значимо,480.0,False
1968,4.0,5,39341.0,136540.0,69530.0,0.509,0.285,-1.543,0.338,не значимо,292.0,False
1969,1.0,5,33772.0,99493.0,22053.0,0.222,0.27,-0.547,-0.308,не значимо,93.0,False
1970,4.0,7,52076.0,141564.0,51593.0,0.365,0.12,-0.964,0.627,не значимо,42.0,False
1971,1.0,2,39007.0,93066.0,27272.0,0.293,0.232,-0.615,0.374,не значимо,0.0,False
1972,2.0,2,27986.0,51774.0,8245.0,0.159,0.262,0.249,0.403,не значимо,148.0,False
1973,1.0,1,26125.0,54311.0,10610.0,0.195,0.279,-0.072,0.021,не значимо,111.0,False
1974,1.0,2,31664.0,57006.0,15045.0,0.264,0.26,-0.229,0.802,не значимо,81.0,False
1975,0.0,1,27179.0,62654.0,9590.0,0.153,0.287,0.068,0.363,не значимо,96.0,False
1976,1.0,1,28763.0,80388.0,24707.0,0.308,0.244,-0.821,-0.542,не значимо,100.0,False
1977,1.0,2,35606.0,69095.0,12910.0,0.187,0.209,0.041,0.772,не значимо,16.0,False
1978,1.0,2,29252.0,58557.0,15132.0,0.258,0.25,-0.314,0.406,не значимо,94.0,False
1979,3.0,2,37721.0,110242.0,27241.0,0.247,0.189,-0.648,-0.789,не значимо,16.0,False
1980,3.0,1,29928.0,77990.0,10020.0,0.128,0.194,0.121,-0.504,не значимо,23.0,False
1981,1.0,2,32075.0,75102.0,34283.0,0.456,0.261,-1.04,-0.16,не значимо,171.0,False
1982,1.0,2,31657.0,85773.0,24985.0,0.291,0.233,-0.737,-0.513,не значимо,54.0,False
1983,2.0,2,29649.0,69887.0,16502.0,0.237,0.19,-0.387,0.003,не значимо,516.0,False
1984,1.0,1,25968.0,95903.0,32580.0,0.34,0.187,-1.2,-1.529,не значимо,618.0,False
1985,1.0,2,28995.0,53090.0,12428.0,0.234,0.231,-0.126,0.382,не значимо,197.0,False
1986,1.0,2,31980.0,71804.0,21435.0,0.299,0.233,-0.573,-0.017,не значимо,100.0,False
1987,1.0,3,27081.0,55555.0,15390.0,0.277,0.203,-0.408,-0.04,не значимо,139.0,False
1988,2.0,1,27925.0,59415.0,11241.0,0.189,0.245,-0.063,0.201,не значимо,389.0,False
1989,0.0,1,26862.0,52625.0,11173.0,0.213,0.253,-0.096,0.416,не значимо,408.0,False
1990,1.0,2,31227.0,75403.0,23511.0,0.312,0.261,-0.689,0.504,не значимо,247.0,False
1991,1.0,1,27649.0,62500.0,18050.0,0.289,0.277,-0.547,-0.402,не значимо,91.0,False
1992,0.0,1,26306.0,54924.0,13766.0,0.25,0.289,-0.326,0.223,не значимо,90.0,False
1993,1.0,2,33941.0,69851.0,19610.0,0.281,0.228,-0.425,0.429,не значимо,379.0,False
1994,1.0,1,26036.0,70972.0,19040.0,0.268,0.253,-0.66,-0.862,не значимо,203.0,False
1995,1.0,2,27462.0,64694.0,17420.0,0.268,0.218,-0.518,-0.228,не значимо,198.0,False
1996,1.0,1,25320.0,62002.0,13481.0,0.217,0.284,-0.343,-0.266,не значимо,186.0,False
1997,1.0,1,26502.0,71590.0,23078.0,0.322,0.273,-0.835,-0.64,не значимо,196.0,False
1999,1.0,2,29694.0,66523.0,14741.0,0.222,0.266,-0.273,0.134,не значимо,86.0,False
2000,1.0,2,34358.0,71083.0,22400.0,0.315,0.235,-0.545,0.387,не значимо,138.0,False
2001,1.0,1,28282.0,57656.0,11713.0,0.203,0.244,-0.092,0.264,не значимо,182.0,False
2002,1.0,1,28405.0,62803.0,14817.0,0.236,0.26,-0.322,0.157,не значимо,227.0,False
2004,1.0,2,31773.0,71572.0,18427.0,0.257,0.233,-0.428,0.188,не значимо,45.0,False
2005,1.0,2,32835.0,69499.0,18185.0,0.261,0.264,-0.382,0.343,не значимо,58.0,False
2006,1.0,2,32443.0,76182.0,16007.0,0.21,0.235,-0.267,-0.035,не значимо,49.0,False
2007,0.0,1,25502.0,50227.0,4090.0,0.082,0.26,0.857,0.587,не значимо,52.0,False
2008,1.0,2,27960.0,60390.0,9699.0,0.161,0.256,0.085,0.006,не значимо,82.0,False
2009,1.0,1,30143.0,68413.0,17955.0,0.262,0.275,-0.455,0.522,не значимо,436.0,False
2010,1.0,2,30766.0,67050.0,15235.0,0.227,0.211,-0.27,0.046,не значимо,348.0,False
2011,1.0,2,29118.0,67150.0,15714.0,0.234,0.234,-0.356,-0.123,не значимо,107.0,False
2012,0.0,1,25864.0,47347.0,7632.0,0.162,0.268,0.247,0.282,не значимо,356.0,False
2015,2.0,1,25338.0,54290.0,12024.0,0.222,0.249,-0.228,0.131,не значимо,148.0,False
2017,2.0,3,22795.0,46639.0,7279.0,0.156,0.293,0.168,0.251,не значимо,172.0,False
2018,1.0,1,21127.0,55620.0,13316.0,0.238,0.29,-0.512,-0.02,не значимо,177.0,False
2019,2.0,1,28012.0,60784.0,10607.0,0.175,0.193,-0.002,0.235,не значимо,54.0,False
2021,2.0,3,25988.0,53455.0,10114.0,0.189,0.245,-0.03,0.214,не значимо,296.0,False
2022,0.0,0,21988.0,73418.0,24938.0,0.341,0.273,-1.099,-0.983,не значимо,478.0,False
2023,2.0,1,23046.0,54352.0,11281.0,0.208,0.255,-0.259,0.259,не значимо,197.0,False
2024,2.0,2,29115.0,50387.0,6653.0,0.132,0.275,0.503,1.082,не значимо,100.0,False
2025,0.0,3,23216.0,46080.0,6221.0,0.135,0.312,0.344,0.484,не значимо,198.0,False
2027,2.0,1,24066.0,44212.0,5205.0,0.118,0.255,0.558,0.626,не значимо,103.0,False
2028,0.0,1,25838.0,46502.0,8820.0,0.191,0.261,0.102,0.351,не значимо,285.0,False
2030,2.0,3,24988.0,48313.0,7868.0,0.163,0.259,0.182,0.424,не значимо,175.0,False
2031,2.0,1,26408.0,62025.0,8242.0,0.133,0.221,0.191,0.096,не значимо,429.0,False
2032,1.0,2,32198.0,64822.0,12229.0,0.188,0.254,-0.005,0.116,не значимо,46.0,False
2033,3.0,2,32841.0,71908.0,11476.0,0.16,0.198,0.078,-0.151,не значимо,25.0,False
2034,1.0,1,25690.0,51938.0,9415.0,0.181,0.29,0.03,0.263,не значимо,216.0,False
2035,0.0,1,23362.0,45965.0,7452.0,0.162,0.296,0.169,0.201,не значимо,266.0,False
2036,2.0,1,24549.0,47826.0,8052.0,0.169,0.262,0.142,0.449,не значимо,258.0,False
2037,2.0,0,22325.0,45587.0,7027.0,0.154,0.277,0.183,0.159,не значимо,165.0,False
2039,2.0,1,24590.0,49309.0,11381.0,0.231,0.276,-0.203,0.549,не значимо,242.0,False
2040,2.0,3,31384.0,46626.0,8534.0,0.184,0.208,0.329,1.119,не значимо,139.0,False
2041,0.0,1,24398.0,48167.0,7844.0,0.163,0.287,0.161,0.139,не значимо,291.0,False
2042,0.0,1,25254.0,56619.0,10732.0,0.189,0.295,-0.117,-0.229,не значимо,98.0,False
2043,0.0,0,23525.0,45570.0,11792.0,0.259,0.267,-0.283,0.073,не значимо,441.0,False
2044,1.0,2,33466.0,62690.0,17939.0,0.286,0.242,-0.35,0.554,не значимо,0.0,False
2045,1.0,2,31659.0,80686.0,34911.0,0.433,0.304,-1.071,-0.163,не значимо,144.0,False
2046,0.0,1,21120.0,39497.0,5235.0,0.133,0.332,0.422,0.226,не значимо,122.0,False
2047,1.0,2,29444.0,54975.0,12516.0,0.228,0.272,-0.118,0.287,не значимо,170.0,False
2048,1.0,2,30088.0,69296.0,15336.0,0.221,0.281,-0.299,0.21,HH,224.0,False
2049,0.0,0,21028.0,43601.0,7647.0,0.176,0.326,0.038,0.059,не значимо,96.0,False
2050,0.0,0,19642.0,36787.0,6087.0,0.165,0.335,0.198,-0.216,не значимо,79.0,False
2051,0.0,1,27801.0,62456.0,15496.0,0.247,0.32,-0.389,0.031,не значимо,89.0,False
2052,0.0,1,22645.0,46140.0,6416.0,0.139,0.319,0.288,-0.006,не значимо,57.0,False
2053,0.0,0,23241.0,41134.0,4726.0,0.115,0.298,0.62,0.536,не значимо,106.0,False
2054,0.0,0,19649.0,37036.0,5259.0,0.142,0.339,0.345,0.105,не значимо,146.0,False
2055,1.0,1,21696.0,46795.0,9739.0,0.208,0.295,-0.172,-0.43,не значимо,28.0,False
2056,0.0,0,19617.0,40647.0,4992.0,0.123,0.347,0.395,-0.081,не значимо,48.0,False
2057,0.0,0,18491.0,39621.0,5672.0,0.144,0.369,0.209,-0.042,не значимо,56.0,False
2058,0.0,0,22904.0,37322.0,7142.0,0.192,0.297,0.192,0.603,не значимо,216.0,False
2059,0.0,1,23203.0,45861.0,9574.0,0.209,0.318,-0.088,0.166,не значимо,53.0,False
2060,0.0,1,25675.0,49185.0,8988.0,0.183,0.296,0.076,0.301,не значимо,112.0,False
2061,0.0,0,21204.0,41663.0,6175.0,0.148,0.324,0.26,-0.162,не значимо,70.0,False
2062,1.0,1,26054.0,49890.0,10036.0,0.201,0.296,-0.019,0.224,не значимо,97.0,False
2063,1.0,2,33672.0,55048.0,9110.0,0.166,0.224,0.334,0.809,не значимо,1.0,False
2064,0.0,1,24657.0,48296.0,9808.0,0.203,0.27,-0.051,0.03,не значимо,234.0,False
2065,0.0,0,24544.0,39114.0,5003.0,0.128,0.357,0.617,1.04,не значимо,222.0,False
2066,0.0,1,23291.0,41387.0,6144.0,0.149,0.333,0.359,0.704,не значимо,247.0,False
2067,0.0,0,19840.0,39114.0,5883.0,0.151,0.35,0.242,0.203,не значимо,80.0,False
2068,0.0,0,22899.0,58504.0,10775.0,0.184,0.302,-0.219,-0.227,не значимо,150.0,False
2069,0.0,1,19058.0,36442.0,5088.0,0.14,0.362,0.347,0.015,не значимо,129.0,False
2070,0.0,2,26015.0,50766.0,8758.0,0.172,0.325,0.115,0.224,не значимо,60.0,False
2072,0.0,0,21765.0,46046.0,9465.0,0.205,0.308,-0.141,-0.36,не значимо,96.0,False
2073,1.0,1,22427.0,52411.0,14077.0,0.264,0.332,-0.508,-0.563,не значимо,23.0,False
2074,1.0,2,25306.0,55072.0,11682.0,0.212,0.301,-0.2,-0.317,не значимо,73.0,False
2075,0.0,1,22445.0,39939.0,7443.0,0.187,0.321,0.131,0.1,не значимо,88.0,False
2076,0.0,1,22833.0,45649.0,6240.0,0.137,0.287,0.324,-0.101,не значимо,36.0,False
2077,0.0,1,22319.0,43089.0,8097.0,0.188,0.358,0.041,0.127,не значимо,121.0,False
2078,0.0,0,16995.0,42632.0,6218.0,0.146,0.395,0.032,-0.319,не значимо,59.0,False
2079,0.0,0,20462.0,49356.0,7333.0,0.148,0.316,0.053,0.067,не значимо,119.0,False
2080,0.0,0,22193.0,60189.0,10983.0,0.182,0.305,-0.27,-0.28,не значимо,123.0,False
2081,0.0,0,20541.0,47015.0,9747.0,0.208,0.327,-0.228,-0.054,не значимо,45.0,False
2082,0.0,0,20444.0,46617.0,11115.0,0.238,0.345,-0.364,-0.213,не значимо,108.0,False
2085,0.0,0,19920.0,45714.0,6681.0,0.146,0.36,0.119,-0.215,не значимо,92.0,False
2087,0.0,0,20157.0,41936.0,5325.0,0.127,0.378,0.358,0.084,не значимо,150.0,False
2088,0.0,0,19339.0,46989.0,7146.0,0.152,0.327,0.022,-0.471,не значимо,51.0,False
2089,1.0,0,20300.0,51964.0,11329.0,0.218,0.299,-0.39,-0.38,не значимо,112.0,False
2090,0.0,0,19114.0,48010.0,7801.0,0.163,0.364,-0.077,-0.285,не значимо,93.0,False
2091,0.0,0,18995.0,43189.0,5515.0,0.128,0.316,0.263,-0.2,не значимо,97.0,False
2093,0.0,0,20139.0,43537.0,5326.0,0.122,0.344,0.357,0.009,не значимо,97.0,False
2094,0.0,0,20124.0,44676.0,5886.0,0.132,0.302,0.256,-0.063,не значимо,53.0,False
2095,0.0,0,18435.0,37472.0,5746.0,0.153,0.368,0.192,-0.094,не значимо,67.0,False
2096,0.0,0,19374.0,48048.0,6127.0,0.128,0.34,0.178,-0.102,не значимо,112.0,False
2098,0.0,0,20469.0,56402.0,15654.0,0.277,0.328,-0.705,-0.539,не значимо,97.0,False
2100,0.0,0,19768.0,44342.0,5097.0,0.115,0.327,0.382,-0.355,не значимо,120.0,False
2101,1.0,2,36285.0,65118.0,18346.0,0.282,0.276,-0.291,0.797,HH,0.0,False
2105,0.0,1,28830.0,52060.0,11371.0,0.218,0.31,-0.043,0.61,HH,193.0,False
2108,1.0,2,29269.0,52483.0,13683.0,0.261,0.271,-0.213,0.508,HH,66.0,False
2109,1.0,2,31311.0,83992.0,26933.0,0.321,0.295,-0.823,-0.278,LH,183.0,False
2110,0.0,3,26346.0,40828.0,7367.0,0.18,0.296,0.301,1.119,HH,281.0,False
2111,1.0,1,24501.0,46816.0,10040.0,0.214,0.268,-0.081,0.349,HH,122.0,False
2112,0.0,0,22471.0,37704.0,5159.0,0.137,0.313,0.498,0.54,HH,255.0,False
2113,1.0,1,26311.0,48970.0,12926.0,0.264,0.282,-0.263,0.322,HH,181.0,False
2114,0.0,1,22515.0,37967.0,4464.0,0.118,0.346,0.645,0.726,не значимо,244.0,False
2116,0.0,0,21999.0,34026.0,5735.0,0.169,0.355,0.371,0.865,HH,307.0,False
2117,0.0,3,23848.0,38152.0,6501.0,0.17,0.286,0.326,0.661,HH,273.0,False
2118,0.0,1,23831.0,44648.0,5639.0,0.126,0.301,0.468,0.282,HH,124.0,False
2119,3.0,2,34671.0,60650.0,10875.0,0.179,0.259,0.186,0.534,HH,1.0,False
2120,0.0,1,27180.0,42803.0,5212.0,0.122,0.282,0.678,0.883,не значимо,163.0,False
2121,0.0,1,24535.0,44298.0,8737.0,0.197,0.325,0.059,0.357,не значимо,145.0,False
2122,4.0,1,24815.0,69657.0,54911.0,0.788,0.251,-1.768,-0.307,не значимо,174.0,False
2124,1.0,2,31273.0,59351.0,12425.0,0.209,0.307,-0.05,0.757,не значимо,79.0,False
2125,0.0,0,21248.0,38926.0,5983.0,0.154,0.305,0.294,0.28,HH,164.0,False
2126,0.0,1,26118.0,52339.0,7993.0,0.153,0.272,0.211,0.515,HH,115.0,False
2127,0.0,0,22059.0,36594.0,5283.0,0.144,0.33,0.456,0.86,HH,194.0,False
2128,2.0,1,24039.0,43062.0,5856.0,0.136,0.261,0.439,0.299,HH,54.0,False
2129,0.0,0,22611.0,37841.0,3874.0,0.102,0.297,0.791,0.629,не значимо,119.0,False
2130,0.0,3,22041.0,36729.0,4739.0,0.129,0.313,0.564,0.428,не значимо,179.0,False
2131,0.0,1,24892.0,38418.0,7036.0,0.183,0.295,0.29,0.703,HH,226.0,False
2132,0.0,3,23885.0,32232.0,3862.0,0.12,0.27,0.849,1.015,HH,182.0,False
2133,0.0,0,25156.0,35792.0,5156.0,0.144,0.329,0.612,1.207,HH,230.0,False
2134,0.0,1,22308.0,42725.0,3481.0,0.081,0.296,0.884,0.083,HH,61.0,False
2136,0.0,3,22460.0,37497.0,4725.0,0.126,0.331,0.586,0.702,HH,224.0,False
2137,0.0,1,23558.0,39613.0,4634.0,0.117,0.305,0.653,0.587,HH,173.0,False
2138,0.0,0,22495.0,36302.0,5078.0,0.14,0.274,0.515,0.737,не значимо,154.0,False
2139,2.0,0,22231.0,35454.0,4833.0,0.136,0.281,0.553,0.709,HH,112.0,False
2140,0.0,0,23825.0,43060.0,5704.0,0.132,0.288,0.456,0.555,HH,74.0,False
2142,0.0,3,25884.0,40301.0,9998.0,0.248,0.283,-0.022,0.787,HH,313.0,False
2143,0.0,0,23777.0,36852.0,3744.0,0.102,0.284,0.875,0.796,HH,197.0,False
2144,1.0,2,35590.0,84272.0,19685.0,0.234,0.22,-0.381,0.194,не значимо,0.0,False
2145,2.0,1,28780.0,71700.0,10316.0,0.144,0.239,0.053,0.031,HL,538.0,False
2146,1.0,5,35679.0,96353.0,23269.0,0.242,0.199,-0.546,0.258,не значимо,1395.0,False
2148,4.0,3,29716.0,117809.0,54009.0,0.459,0.253,-1.571,-0.687,не значимо,1373.0,False
2149,2.0,1,23959.0,48269.0,8478.0,0.176,0.253,0.066,0.02,не значимо,112.0,False
2150,2.0,0,23386.0,58592.0,8060.0,0.138,0.233,0.092,-0.553,не значимо,419.0,False
2151,2.0,3,26333.0,60911.0,8776.0,0.144,0.24,0.125,0.034,не значимо,312.0,False
2152,2.0,0,20427.0,48508.0,7493.0,0.155,0.282,0.03,-0.375,не значимо,125.0,False
2153,4.0,1,26378.0,94006.0,43216.0,0.46,0.237,-1.467,-0.661,не значимо,452.0,False
2154,2.0,1,21409.0,51771.0,8741.0,0.169,0.263,-0.077,-0.105,не значимо,105.0,False
2155,1.0,3,27650.0,73473.0,13199.0,0.18,0.265,-0.234,-0.342,не значимо,457.0,False
2156,2.0,0,23167.0,61283.0,9190.0,0.15,0.274,-0.049,-0.3,не значимо,162.0,False
2157,2.0,3,24444.0,64672.0,10819.0,0.167,0.254,-0.158,-0.579,не значимо,191.0,False
2158,4.0,1,27930.0,108589.0,57058.0,0.526,0.221,-1.688,-0.724,не значимо,395.0,False
2159,2.0,0,21993.0,48204.0,7854.0,0.163,0.251,0.056,0.402,не значимо,124.0,False
2160,2.0,0,23833.0,67957.0,14087.0,0.208,0.223,-0.447,-0.337,не значимо,253.0,False
2161,2.0,2,36696.0,60726.0,9655.0,0.159,0.225,0.362,1.574,не значимо,1.0,False
2162,2.0,0,23719.0,65615.0,7503.0,0.114,0.255,0.178,-0.758,не значимо,283.0,False
2163,0.0,1,22270.0,46999.0,7135.0,0.152,0.291,0.165,-0.165,не значимо,64.0,False
2164,1.0,2,37276.0,78977.0,26178.0,0.331,0.284,-0.62,0.414,не значимо,0.0,False
2165,1.0,2,30973.0,58999.0,22046.0,0.368,0.317,-0.633,0.356,не значимо,61.0,False
2167,1.0,2,27885.0,51859.0,7779.0,0.149,0.28,0.303,0.293,не значимо,63.0,False
2168,1.0,2,29118.0,59658.0,11798.0,0.197,0.298,-0.07,0.165,не значимо,141.0,False
2169,1.0,2,32490.0,73175.0,16672.0,0.228,0.284,-0.306,0.121,не значимо,58.0,False
2171,0.0,1,25460.0,43584.0,3725.0,0.086,0.278,0.949,0.625,не значимо,101.0,False
2172,0.0,1,25665.0,50378.0,7032.0,0.14,0.304,0.321,0.237,не значимо,122.0,False
2173,1.0,2,27684.0,60043.0,8496.0,0.142,0.277,0.208,-0.007,не значимо,67.0,False
2174,0.0,1,26304.0,55733.0,5776.0,0.104,0.325,0.543,0.005,не значимо,52.0,False
2175,0.0,1,25424.0,63735.0,14044.0,0.22,0.261,-0.38,0.163,не значимо,100.0,False
2176,0.0,1,24654.0,49927.0,6869.0,0.138,0.316,0.305,0.069,не значимо,50.0,False
2177,0.0,2,32071.0,55446.0,4856.0,0.088,0.336,0.915,0.964,не значимо,69.0,False
2178,0.0,1,23870.0,54309.0,7343.0,0.135,0.316,0.206,0.256,не значимо,144.0,False
2179,0.0,1,24500.0,55908.0,7985.0,0.143,0.31,0.148,-0.374,не значимо,76.0,False
2180,0.0,1,26106.0,51085.0,5020.0,0.098,0.288,0.675,0.142,не значимо,43.0,False
2181,0.0,0,24481.0,51883.0,8700.0,0.168,0.298,0.061,0.266,не значимо,128.0,False
2182,0.0,1,25238.0,50404.0,6328.0,0.125,0.312,0.41,0.049,не значимо,77.0,False
2183,1.0,1,27438.0,53412.0,8467.0,0.158,0.251,0.203,0.265,не значимо,58.0,False
2184,0.0,1,25035.0,53850.0,7061.0,0.131,0.322,0.292,-0.111,не значимо,92.0,False
2185,0.0,0,24023.0,45731.0,4871.0,0.107,0.281,0.622,0.236,не значимо,72.0,False
2186,1.0,2,29791.0,66839.0,15569.0,0.231,0.287,-0.324,-0.065,не значимо,50.0,False
2187,0.0,3,26518.0,50952.0,6878.0,0.135,0.265,0.376,0.683,не значимо,95.0,False
2188,1.0,2,31818.0,67189.0,12479.0,0.185,0.285,-0.037,0.457,не значимо,22.0,False
2189,1.0,1,28457.0,76389.0,11560.0,0.151,0.294,-0.072,-0.367,не значимо,44.0,False
2190,1.0,2,41251.0,98458.0,24125.0,0.245,0.21,-0.437,0.49,не значимо,0.0,False
2191,2.0,3,27503.0,56941.0,10396.0,0.183,0.243,-0.0,0.353,не значимо,100.0,False
2192,1.0,2,29562.0,59855.0,12923.0,0.216,0.231,-0.146,0.123,не значимо,330.0,False
2193,1.0,2,36464.0,87974.0,21997.0,0.25,0.221,-0.468,0.353,не значимо,244.0,False
2194,1.0,3,27847.0,58677.0,9932.0,0.169,0.259,0.058,0.032,не значимо,79.0,False
2195,2.0,3,23856.0,53782.0,5701.0,0.106,0.262,0.458,0.001,не значимо,358.0,False
2196,2.0,0,23525.0,49820.0,5160.0,0.104,0.261,0.544,0.238,не значимо,220.0,False
2197,2.0,0,22396.0,51426.0,5672.0,0.11,0.297,0.4,0.476,не значимо,264.0,False
2198,2.0,0,23697.0,50426.0,7582.0,0.15,0.277,0.166,0.379,не значимо,271.0,False
2199,2.0,1,23246.0,55226.0,7920.0,0.143,0.246,0.103,-0.187,не значимо,281.0,False
2200,2.0,3,23815.0,49542.0,5646.0,0.114,0.262,0.466,0.278,не значимо,414.0,False
2201,2.0,3,23731.0,56107.0,10730.0,0.192,0.236,-0.18,0.068,не значимо,222.0,False
2202,2.0,3,23931.0,54168.0,6830.0,0.126,0.252,0.281,0.079,не значимо,80.0,False
2203,2.0,3,25413.0,53595.0,5555.0,0.103,0.266,0.547,0.468,не значимо,330.0,False
2204,2.0,3,23471.0,51568.0,6394.0,0.124,0.271,0.327,0.225,не значимо,343.0,False
2205,2.0,1,23692.0,54671.0,5937.0,0.109,0.228,0.411,-0.119,не значимо,85.0,False
2206,2.0,3,24084.0,53249.0,8237.0,0.155,0.251,0.1,0.052,не значимо,170.0,False
2207,2.0,0,21660.0,50837.0,6797.0,0.134,0.26,0.186,-0.056,не значимо,395.0,False
2208,2.0,3,25255.0,51011.0,8150.0,0.16,0.246,0.158,0.493,не значимо,356.0,False
2210,3.0,2,35794.0,76118.0,9603.0,0.126,0.213,0.342,0.503,не значимо,1.0,False
2211,4.0,1,30838.0,112540.0,64595.0,0.574,0.195,-1.713,-0.595,не значимо,374.0,False
2212,2.0,1,24446.0,50437.0,8050.0,0.16,0.242,0.138,0.605,не значимо,130.0,False
2213,2.0,0,24539.0,50705.0,8142.0,0.161,0.263,0.13,0.314,не значимо,177.0,False
2215,2.0,3,23261.0,58049.0,6597.0,0.114,0.231,0.287,-0.329,не значимо,109.0,False
2216,4.0,5,46374.0,126145.0,50587.0,0.401,0.127,-1.06,-0.055,не значимо,0.0,False
2217,4.0,5,42346.0,129349.0,54061.0,0.418,0.133,-1.218,0.049,не значимо,468.0,False
2218,4.0,5,34647.0,105538.0,25548.0,0.242,0.15,-0.669,-0.211,не значимо,417.0,False
2219,4.0,5,39598.0,116791.0,33088.0,0.283,0.17,-0.794,0.119,не значимо,479.0,False
2220,4.0,5,42266.0,124826.0,42586.0,0.341,0.193,-0.981,0.254,не значимо,238.0,False
2221,4.0,5,42837.0,110452.0,27982.0,0.254,0.172,-0.547,0.392,не значимо,510.0,False
2222,4.0,5,42689.0,107502.0,25306.0,0.235,0.176,-0.45,0.557,не значимо,292.0,False
2223,4.0,5,35157.0,106738.0,35642.0,0.335,0.145,-0.987,0.19,не значимо,483.0,False
2224,4.0,5,36744.0,109753.0,41951.0,0.382,0.157,-1.106,0.228,не значимо,261.0,False
2225,4.0,5,31790.0,107252.0,22521.0,0.212,0.157,-0.629,-0.557,не значимо,662.0,False
2226,4.0,5,44670.0,133512.0,37258.0,0.279,0.155,-0.792,-0.037,не значимо,295.0,False
2227,4.0,5,40001.0,106051.0,26284.0,0.248,0.193,-0.553,0.273,не значимо,430.0,False
2228,4.0,5,36828.0,136942.0,46969.0,0.343,0.187,-1.217,-1.032,не значимо,378.0,False
2229,4.0,5,36851.0,139596.0,51777.0,0.371,0.136,-1.313,-0.767,не значимо,539.0,False
2230,4.0,5,35905.0,115815.0,37247.0,0.322,0.178,-1.01,-0.575,не значимо,560.0,False
2231,4.0,3,33949.0,108565.0,37714.0,0.347,0.23,-1.078,-0.166,не значимо,538.0,False
2232,4.0,5,35957.0,128046.0,75420.0,0.587,0.151,-1.714,-0.204,не значимо,238.0,False
2233,4.0,5,30050.0,117684.0,130601.0,1.112,0.167,-2.443,-0.549,не значимо,510.0,False
2234,4.0,5,33455.0,121425.0,57614.0,0.475,0.199,-1.517,-0.266,не значимо,371.0,False
2235,1.0,5,33802.0,98688.0,25296.0,0.256,0.221,-0.683,-0.155,не значимо,365.0,False
2236,4.0,5,35127.0,132546.0,95943.0,0.725,0.12,-1.978,-0.237,не значимо,295.0,False
2237,4.0,2,31428.0,130995.0,162549.0,1.241,0.215,-2.617,-0.552,не значимо,1.0,False
2238,4.0,5,54589.0,160183.0,76414.0,0.477,0.129,-1.31,-0.047,не значимо,0.0,False
2241,4.0,5,40514.0,121338.0,35443.0,0.292,0.116,-0.84,-0.229,не значимо,1004.0,False
2242,4.0,5,45811.0,166449.0,107731.0,0.646,0.115,-1.828,0.143,не значимо,581.0,False
2243,4.0,5,43745.0,147584.0,46243.0,0.313,0.164,-1.029,-0.307,не значимо,1110.0,False
2244,4.0,7,43792.0,167057.0,140857.0,0.844,0.121,-2.142,0.048,не значимо,897.0,False
2245,4.0,5,42694.0,185466.0,111042.0,0.599,0.122,-1.929,-0.585,не значимо,345.0,False
2248,4.0,7,43001.0,167414.0,288642.0,1.731,0.092,-2.877,0.2,не значимо,902.0,False
2249,4.0,7,40996.0,110689.0,38730.0,0.35,0.153,-0.916,0.308,не значимо,197.0,False
2250,4.0,7,45077.0,151115.0,355855.0,2.37,0.096,-3.039,0.76,не значимо,215.0,False
2251,1.0,2,30970.0,63342.0,15358.0,0.242,0.259,-0.272,0.224,HL,0.0,False
2252,1.0,2,28171.0,59847.0,15095.0,0.252,0.257,-0.349,0.079,HL,90.0,False
2253,1.0,1,20977.0,54741.0,10713.0,0.194,0.304,-0.301,-0.986,LL,26.0,False
2254,0.0,0,20237.0,35061.0,5386.0,0.153,0.301,0.35,0.174,не значимо,167.0,False
2255,0.0,0,19159.0,38336.0,4941.0,0.129,0.317,0.382,-0.166,не значимо,134.0,False
2256,0.0,0,18684.0,37078.0,4846.0,0.131,0.341,0.376,-0.019,не значимо,116.0,False
2257,0.0,0,20787.0,41000.0,6230.0,0.153,0.315,0.232,-0.166,не значимо,166.0,False
2258,0.0,0,17431.0,36011.0,5248.0,0.146,0.319,0.227,-0.384,не значимо,102.0,False
2259,0.0,0,19299.0,39140.0,5038.0,0.128,0.32,0.37,-0.107,не значимо,110.0,False
2260,0.0,0,18917.0,39026.0,5239.0,0.135,0.332,0.311,-0.258,не значимо,77.0,False
2262,0.0,0,18380.0,44100.0,6172.0,0.14,0.32,0.118,-0.56,не значимо,198.0,False
2264,1.0,1,20983.0,49312.0,12293.0,0.249,0.251,-0.439,-0.415,не значимо,163.0,False
2265,0.0,0,17819.0,45966.0,7319.0,0.159,0.317,-0.084,-0.933,не значимо,250.0,False
2266,0.0,0,19404.0,36688.0,4026.0,0.11,0.308,0.599,-0.053,не значимо,203.0,False
2267,0.0,0,18861.0,49832.0,8169.0,0.164,0.335,-0.137,-0.819,не значимо,70.0,False
2268,0.0,0,15570.0,33814.0,4478.0,0.133,0.445,0.273,-0.354,не значимо,222.0,False
2269,0.0,0,17388.0,37764.0,3571.0,0.095,0.298,0.61,-0.598,LL,59.0,False
2270,0.0,0,18278.0,36127.0,4039.0,0.112,0.322,0.536,-0.162,LL,126.0,False
2271,0.0,0,18100.0,38506.0,3928.0,0.102,0.382,0.554,-0.282,не значимо,74.0,False
2272,2.0,1,19074.0,48230.0,5983.0,0.124,0.263,0.186,-0.83,LL,17.0,False
2274,1.0,0,19522.0,61454.0,10132.0,0.165,0.282,-0.317,-1.246,не значимо,33.0,False
2275,1.0,2,34641.0,76750.0,21360.0,0.278,0.22,-0.49,0.188,не значимо,0.0,False
2276,1.0,1,24267.0,53075.0,10270.0,0.193,0.308,-0.113,0.156,не значимо,150.0,False
2278,1.0,1,24824.0,59891.0,17531.0,0.293,0.27,-0.625,0.156,не значимо,109.0,False
2279,1.0,2,32538.0,64246.0,11347.0,0.177,0.222,0.08,0.454,не значимо,17.0,False
2280,1.0,2,29440.0,59946.0,15442.0,0.258,0.269,-0.328,0.228,не значимо,97.0,False
2281,1.0,2,30110.0,75302.0,20160.0,0.268,0.216,-0.572,-0.271,не значимо,297.0,False
2282,1.0,2,32152.0,71263.0,17706.0,0.248,0.251,-0.377,0.082,не значимо,100.0,False
2286,1.0,2,25985.0,53356.0,9090.0,0.17,0.255,0.077,-0.007,не значимо,136.0,False
2287,0.0,1,24612.0,51117.0,13226.0,0.259,0.296,-0.352,0.214,не значимо,256.0,False
2288,1.0,2,30410.0,51457.0,10386.0,0.202,0.231,0.101,0.572,не значимо,79.0,False
2289,1.0,2,28220.0,62666.0,14173.0,0.226,0.27,-0.285,-0.119,не значимо,89.0,False
2292,2.0,1,20668.0,53832.0,6658.0,0.124,0.225,0.159,-0.486,не значимо,56.0,False
2293,1.0,1,25997.0,65238.0,17456.0,0.268,0.29,-0.575,-0.289,не значимо,329.0,False
2294,2.0,0,20455.0,44080.0,4778.0,0.109,0.243,0.481,0.027,не значимо,391.0,False
2295,2.0,3,22435.0,65903.0,15953.0,0.242,0.274,-0.632,-0.215,не значимо,266.0,False
2296,2.0,1,21592.0,64470.0,13525.0,0.21,0.288,-0.506,-0.315,не значимо,237.0,False
2297,2.0,1,23879.0,48852.0,6392.0,0.131,0.283,0.345,0.335,не значимо,51.0,False
2298,2.0,1,23433.0,55856.0,7482.0,0.134,0.255,0.168,-0.223,не значимо,43.0,False
2299,1.0,1,21452.0,58557.0,10559.0,0.18,0.275,-0.264,-0.723,не значимо,314.0,False
2300,0.0,1,24706.0,52255.0,8906.0,0.171,0.335,0.047,0.333,не значимо,118.0,False
2301,2.0,1,23343.0,48423.0,7825.0,0.162,0.285,0.12,0.119,не значимо,254.0,False
2302,0.0,0,18910.0,43379.0,3988.0,0.092,0.286,0.583,-0.167,не значимо,360.0,False
2303,2.0,2,26320.0,54121.0,8133.0,0.15,0.275,0.201,0.345,не значимо,39.0,False
2304,3.0,1,22523.0,55267.0,5571.0,0.101,0.258,0.424,-0.725,не значимо,39.0,False
2305,2.0,0,20112.0,47396.0,6199.0,0.13,0.263,0.204,-0.278,не значимо,76.0,False
2307,0.0,0,18201.0,53323.0,9840.0,0.185,0.332,-0.358,-0.721,не значимо,252.0,False
2308,0.0,0,20800.0,42202.0,6865.0,0.163,0.31,0.135,0.152,не значимо,194.0,False
2309,2.0,0,18945.0,47733.0,6209.0,0.13,0.309,0.142,-0.16,не значимо,145.0,False
2310,2.0,1,25177.0,99243.0,21935.0,0.221,0.26,-0.835,-1.061,не значимо,120.0,False
2311,1.0,2,27567.0,54950.0,12578.0,0.229,0.266,-0.189,0.284,не значимо,188.0,False
2312,3.0,2,33253.0,71212.0,11253.0,0.158,0.214,0.11,-0.055,не значимо,22.0,False
2314,2.0,1,21202.0,64249.0,11798.0,0.184,0.245,-0.387,-0.832,не значимо,93.0,False
2315,0.0,0,19753.0,43803.0,5157.0,0.118,0.307,0.37,-0.133,не значимо,150.0,False
2316,2.0,1,22410.0,53935.0,7733.0,0.144,0.244,0.091,0.137,не значимо,79.0,False
2317,2.0,0,21200.0,49266.0,6423.0,0.131,0.267,0.221,-0.206,не значимо,208.0,False
2318,1.0,2,35755.0,70799.0,20085.0,0.284,0.242,-0.397,0.524,не значимо,0.0,False
2320,1.0,2,30711.0,66862.0,19465.0,0.291,0.285,-0.517,0.123,не значимо,85.0,False
2321,0.0,1,21874.0,46856.0,7623.0,0.163,0.308,0.081,0.021,не значимо,63.0,False
2322,2.0,1,24471.0,48611.0,7404.0,0.152,0.29,0.222,0.39,не значимо,75.0,False
2323,0.0,0,22725.0,42557.0,8015.0,0.189,0.361,0.069,0.248,не значимо,229.0,False
2324,0.0,1,23633.0,56643.0,13404.0,0.237,0.285,-0.406,-0.125,не значимо,43.0,False
2325,1.0,1,22307.0,49870.0,9752.0,0.196,0.293,-0.146,-0.32,не значимо,67.0,False
2326,0.0,1,21320.0,45070.0,7579.0,0.169,0.31,0.061,0.036,не значимо,108.0,False
2327,1.0,1,24838.0,58795.0,14159.0,0.241,0.303,-0.411,-0.304,не значимо,146.0,False
2328,0.0,1,22533.0,54364.0,15440.0,0.285,0.368,-0.595,-0.329,не значимо,166.0,False
2329,0.0,1,23375.0,51282.0,8878.0,0.173,0.335,-0.005,-0.049,не значимо,46.0,False
2330,0.0,1,21397.0,46109.0,8448.0,0.183,0.32,-0.044,-0.109,не значимо,96.0,False
2332,0.0,1,21026.0,41332.0,7102.0,0.172,0.359,0.112,0.107,не значимо,147.0,False
2333,1.0,2,27496.0,54196.0,12567.0,0.232,0.286,-0.19,0.281,не значимо,55.0,False
2334,1.0,2,26303.0,62387.0,12527.0,0.201,0.312,-0.231,0.279,не значимо,85.0,False
2335,1.0,2,28074.0,52052.0,8402.0,0.162,0.272,0.233,0.378,не значимо,38.0,False
2336,0.0,2,28836.0,52974.0,9202.0,0.174,0.295,0.169,0.531,не значимо,109.0,False
2337,3.0,2,35606.0,70572.0,14056.0,0.199,0.238,-0.044,0.374,не значимо,1.0,False
2338,1.0,2,38025.0,71281.0,19881.0,0.279,0.226,-0.325,0.881,не значимо,0.0,False
2339,2.0,3,27928.0,56405.0,7297.0,0.129,0.203,0.369,0.615,HH,0.0,False
2340,2.0,3,31371.0,60548.0,8790.0,0.145,0.172,0.299,0.525,HH,122.0,False
2341,4.0,5,35696.0,89368.0,33087.0,0.37,0.207,-0.897,0.286,не значимо,170.0,False
2342,2.0,3,27372.0,52862.0,7612.0,0.144,0.221,0.307,0.652,не значимо,216.0,False
2343,1.0,3,31294.0,85974.0,15101.0,0.174,0.252,-0.245,0.115,HH,77.0,False
2344,4.0,7,69747.0,186078.0,138718.0,0.744,0.119,-1.661,0.946,не значимо,0.0,False
2345,4.0,7,59050.0,159067.0,70594.0,0.444,0.148,-1.152,0.223,не значимо,,False
2348,4.0,7,62873.0,155843.0,60277.0,0.387,0.162,-0.931,0.849,не значимо,,False
2349,4.0,7,67195.0,183473.0,170230.0,0.921,0.145,-1.903,1.274,HH,,False
2351,1.0,6,44815.0,102058.0,53777.0,0.528,0.268,-1.156,,нет данных,,True
2352,5.0,6,43744.0,142788.0,103063.0,0.724,0.268,-1.83,,нет данных,,True
2353,5.0,6,46754.0,158411.0,284020.0,1.798,0.268,-2.777,,нет данных,,True
2354,5.0,6,43414.0,115130.0,175870.0,1.528,0.268,-2.372,,нет данных,,True
2355,5.0,6,49194.0,95778.0,72276.0,0.748,0.268,-1.358,,нет данных,,True
2356,5.0,6,40330.0,116569.0,101911.0,0.873,0.268,-1.9,,нет данных,,True
2357,5.0,6,46423.0,125680.0,157221.0,1.25,0.268,-2.193,,нет данных,,True
2358,5.0,6,46180.0,124360.0,57005.0,0.458,0.268,-1.184,,нет данных,,True
2359,5.0,6,48709.0,170523.0,56686.0,0.331,0.268,-1.125,,нет данных,,True
2360,3.0,6,49252.0,119420.0,6662.0,0.056,0.268,1.027,,нет данных,,True
2361,3.0,6,49315.0,140262.0,23101.0,0.164,0.268,-0.215,,нет данных,,True
2362,1.0,6,45013.0,118194.0,27067.0,0.226,0.268,-0.465,,нет данных,,True
2363,3.0,6,44606.0,96406.0,6997.0,0.073,0.268,0.879,,нет данных,,True
2364,5.0,6,47702.0,127590.0,148536.0,1.164,0.268,-2.109,,нет данных,,True
2365,5.0,6,48601.0,108444.0,39610.0,0.366,0.268,-0.769,,нет данных,,True
2366,3.0,6,45081.0,103401.0,12411.0,0.12,0.268,0.317,,нет данных,,True
2367,3.0,6,42249.0,100281.0,8425.0,0.084,0.268,0.639,,нет данных,,True
2368,3.0,6,42109.0,120753.0,22545.0,0.187,0.268,-0.349,,нет данных,,True
2369,3.0,6,45109.0,84772.0,5650.0,0.067,0.268,1.104,,нет данных,,True
2370,4.0,6,50540.0,104747.0,43558.0,0.419,0.268,-0.825,,нет данных,,True
2371,5.0,6,45004.0,414018.0,228205.0,0.553,0.268,-2.597,,нет данных,,True
2372,3.0,6,49617.0,116236.0,13655.0,0.117,0.268,0.317,,нет данных,,True
2373,5.0,6,49088.0,143128.0,40198.0,0.281,0.268,-0.773,,нет данных,,True
2374,3.0,6,46956.0,112747.0,18632.0,0.165,0.268,-0.049,,нет данных,,True
2375,3.0,6,46988.0,102788.0,22354.0,0.218,0.268,-0.23,,нет данных,,True
2376,3.0,6,47156.0,122966.0,12544.0,0.102,0.268,0.351,,нет данных,,True
2377,3.0,6,50306.0,111038.0,12557.0,0.113,0.268,0.415,,нет данных,,True
2378,1.0,6,44178.0,126712.0,28230.0,0.222,0.268,-0.525,,нет данных,,True
2379,3.0,6,45024.0,112576.0,16780.0,0.149,0.268,0.014,,нет данных,,True
2380,5.0,6,42738.0,129396.0,87225.0,0.673,0.268,-1.687,,нет данных,,True
2381,3.0,6,42503.0,94322.0,7395.0,0.078,0.268,0.775,,нет данных,,True
2382,3.0,6,47303.0,98914.0,10528.0,0.106,0.268,0.529,,нет данных,,True
2383,3.0,6,41932.0,80570.0,5057.0,0.063,0.268,1.142,,нет данных,,True
2384,3.0,6,43247.0,76118.0,4581.0,0.06,0.268,1.272,,нет данных,,True
2385,1.0,6,41196.0,119080.0,22599.0,0.19,0.268,-0.373,,нет данных,,True
2386,0.0,6,41171.0,77840.0,4323.0,0.056,0.268,1.28,,нет данных,,True
2387,3.0,6,41703.0,75663.0,2634.0,0.035,0.268,1.789,,нет данных,,True
2388,5.0,6,40773.0,122366.0,51537.0,0.42,0.268,-1.208,,нет данных,,True
2389,5.0,6,40215.0,109488.0,123883.0,1.127,0.268,-2.098,,нет данных,,True
2390,3.0,6,41688.0,81900.0,2744.0,0.034,0.268,1.748,,нет данных,,True
2391,5.0,6,38598.0,119673.0,118292.0,0.988,0.268,-2.093,,нет данных,,True
2392,3.0,6,38597.0,96541.0,21297.0,0.22,0.268,-0.379,,нет данных,,True
2393,1.0,2,37848.0,110256.0,31794.0,0.289,0.268,-0.799,,нет данных,,True
2395,5.0,2,35798.0,113074.0,51135.0,0.452,0.268,-1.33,,нет данных,,True
2398,1.0,6,42661.0,101670.0,13471.0,0.132,0.268,0.18,,нет данных,,True
2399,3.0,6,45160.0,112202.0,25561.0,0.228,0.268,-0.404,,нет данных,,True
2400,5.0,6,44777.0,136819.0,60852.0,0.445,0.268,-1.28,,нет данных,,True
2401,3.0,6,40674.0,93299.0,6656.0,0.071,0.268,0.837,,нет данных,,True
2402,1.0,6,41723.0,105988.0,25685.0,0.242,0.268,-0.488,,нет данных,,True
2403,3.0,6,40571.0,93280.0,11677.0,0.125,0.268,0.272,,нет данных,,True
2404,0.0,6,43524.0,77052.0,4752.0,0.062,0.268,1.242,,нет данных,,True
2405,3.0,6,47782.0,86885.0,7834.0,0.089,0.268,0.835,,нет данных,,True
2406,3.0,6,42970.0,96238.0,8535.0,0.089,0.268,0.643,,нет данных,,True
2407,0.0,6,41617.0,91702.0,12383.0,0.135,0.268,0.239,,нет данных,,True
2408,0.0,6,40862.0,75198.0,7876.0,0.105,0.268,0.673,,нет данных,,True
2409,3.0,6,42122.0,90205.0,9664.0,0.107,0.268,0.499,,нет данных,,True
2410,1.0,2,40031.0,76648.0,10861.0,0.142,0.268,0.331,,нет данных,,True
2411,3.0,6,43865.0,79014.0,11406.0,0.144,0.268,0.374,,нет данных,,True
2412,3.0,4,46699.0,101268.0,19559.0,0.194,0.268,-0.103,,нет данных,,True
2416,1.0,6,45596.0,138928.0,48925.0,0.352,0.268,-1.044,,нет данных,,True
2422,1.0,6,40023.0,85643.0,15501.0,0.181,0.268,-0.025,,нет данных,,True
2423,5.0,6,48985.0,146763.0,200821.0,1.377,0.268,-2.384,,нет данных,,True
2424,3.0,6,45797.0,103915.0,22953.0,0.219,0.268,-0.283,,нет данных,,True
2425,1.0,6,43962.0,120854.0,24009.0,0.201,0.268,-0.368,,нет данных,,True
2426,5.0,6,46300.0,138840.0,84775.0,0.61,0.268,-1.578,,нет данных,,True
2427,3.0,6,48737.0,131931.0,23659.0,0.18,0.268,-0.251,,нет данных,,True
2428,5.0,6,42294.0,110773.0,111652.0,1.008,0.268,-1.944,,нет данных,,True
2429,1.0,6,42474.0,87634.0,30345.0,0.346,0.268,-0.637,,нет данных,,True
2430,1.0,6,42312.0,96126.0,13819.0,0.143,0.268,0.146,,нет данных,,True
2431,1.0,6,42222.0,112118.0,26465.0,0.235,0.268,-0.506,,нет данных,,True
2432,3.0,6,41292.0,104197.0,13359.0,0.128,0.268,0.155,,нет данных,,True
2433,3.0,6,42132.0,79829.0,4203.0,0.053,0.268,1.332,,нет данных,,True
2434,3.0,6,44503.0,94138.0,4754.0,0.05,0.268,1.263,,нет данных,,True
2435,3.0,6,41272.0,86443.0,3457.0,0.04,0.268,1.506,,нет данных,,True
2436,3.0,6,46364.0,118952.0,11043.0,0.093,0.268,0.461,,нет данных,,True
2437,3.0,6,45724.0,81437.0,11304.0,0.139,0.268,0.424,,нет данных,,True
2439,5.0,6,48861.0,144140.0,77200.0,0.535,0.268,-1.431,,нет данных,,True
2440,5.0,6,48339.0,149245.0,84172.0,0.563,0.268,-1.528,,нет данных,,True
2441,5.0,6,52652.0,124850.0,205404.0,1.639,0.268,-2.335,,нет данных,,True
2442,5.0,6,55427.0,140546.0,152960.0,1.088,0.268,-1.988,,нет данных,,True
2443,5.0,6,51709.0,99898.0,37006.0,0.37,0.268,-0.639,,нет данных,,True
2444,5.0,6,60039.0,171883.0,147317.0,0.853,0.268,-1.871,,нет данных,,True
2445,1.0,6,41752.0,92226.0,16753.0,0.182,0.268,-0.06,,нет данных,,True
2446,5.0,6,42315.0,181434.0,66438.0,0.366,0.268,-1.424,,нет данных,,True
2447,3.0,6,46660.0,90632.0,15762.0,0.174,0.268,0.112,,нет данных,,True
2449,3.0,6,41810.0,103505.0,12054.0,0.116,0.268,0.27,,нет данных,,True
2450,5.0,6,40486.0,103169.0,48575.0,0.47,0.268,-1.155,,нет данных,,True
2451,3.0,6,41434.0,90310.0,7684.0,0.085,0.268,0.712,,нет данных,,True
2452,3.0,6,41480.0,91912.0,7699.0,0.084,0.268,0.711,,нет данных,,True
2453,3.0,6,41806.0,90130.0,3142.0,0.035,0.268,1.615,,нет данных,,True
2454,3.0,6,44131.0,98084.0,14819.0,0.151,0.268,0.118,,нет данных,,True
2455,3.0,6,40846.0,106391.0,8055.0,0.076,0.268,0.65,,нет данных,,True
2456,5.0,6,49811.0,144525.0,529325.0,3.668,0.268,-3.337,,нет данных,,True
2457,5.0,6,46318.0,121973.0,287755.0,2.366,0.268,-2.8,,нет данных,,True
2458,5.0,6,49087.0,122417.0,95547.0,0.779,0.268,-1.639,,нет данных,,True
2459,5.0,6,50149.0,133689.0,167863.0,1.252,0.268,-2.181,,нет данных,,True
2460,5.0,6,48037.0,107523.0,105314.0,0.981,0.268,-1.758,,нет данных,,True
2461,5.0,6,45399.0,150625.0,63006.0,0.419,0.268,-1.301,,нет данных,,True
2462,3.0,4,48091.0,137576.0,10695.0,0.078,0.293,0.53,,нет данных,,True
2463,3.0,4,42678.0,130537.0,9938.0,0.076,0.291,0.484,,нет данных,,True
2464,3.0,4,47220.0,129556.0,15840.0,0.123,0.239,0.119,,нет данных,,True
2465,0.0,4,40797.0,89576.0,11550.0,0.129,0.299,0.289,,нет данных,,True
2466,3.0,4,43993.0,124213.0,14171.0,0.114,0.293,0.16,,нет данных,,True
2467,3.0,4,44998.0,103905.0,2760.0,0.027,0.286,1.818,,нет данных,,True
2468,3.0,4,47853.0,116635.0,11821.0,0.101,0.288,0.425,,нет данных,,True
2469,3.0,4,47448.0,107144.0,7996.0,0.074,0.268,0.807,,нет данных,,True
2470,3.0,4,47327.0,117734.0,9754.0,0.084,0.235,0.606,,нет данных,,True
2471,3.0,4,47116.0,111094.0,4062.0,0.037,0.28,1.478,,нет данных,,True
2472,3.0,4,41870.0,104451.0,28977.0,0.278,0.284,-0.605,,нет данных,,True
2473,3.0,4,44666.0,125134.0,22974.0,0.183,0.309,-0.308,,нет данных,,True
2474,3.0,4,43620.0,100291.0,4637.0,0.046,0.292,1.268,,нет данных,,True
2475,5.0,4,46758.0,151566.0,78981.0,0.521,0.317,-1.497,,нет данных,,True
2476,5.0,4,54040.0,166487.0,69182.0,0.415,0.279,-1.22,,нет данных,,True
2477,5.0,4,48404.0,181778.0,69396.0,0.382,0.292,-1.334,,нет данных,,True
2478,5.0,4,44490.0,147477.0,79747.0,0.54,0.274,-1.557,,нет данных,,True
2479,5.0,4,61897.0,177429.0,106612.0,0.601,0.287,-1.517,,нет данных,,True
2480,5.0,4,60950.0,239677.0,70058.0,0.291,0.277,-1.113,,нет данных,,True
2481,3.0,4,52801.0,146844.0,25132.0,0.171,0.323,-0.231,,нет данных,,True
2482,5.0,4,49810.0,203947.0,65431.0,0.32,0.276,-1.246,,нет данных,,True
2483,3.0,4,49493.0,122375.0,7883.0,0.064,0.255,0.864,,нет данных,,True
2484,5.0,4,52266.0,131242.0,34288.0,0.261,0.209,-0.552,,нет данных,,True
2485,5.0,4,61195.0,265302.0,86229.0,0.332,0.293,-1.316,,нет данных,,True
2486,5.0,4,67735.0,150732.0,48660.0,0.322,0.238,-0.643,,нет данных,,True
2487,3.0,4,50760.0,116669.0,11490.0,0.098,0.227,0.512,,нет данных,,True
2488,5.0,4,60378.0,162672.0,32166.0,0.2,0.285,-0.344,,нет данных,,True
2489,5.0,4,59947.0,144577.0,64174.0,0.441,0.282,-1.041,,нет данных,,True
2490,3.0,4,52268.0,153752.0,17867.0,0.116,0.305,0.1,,нет данных,,True
2491,3.0,4,48721.0,102984.0,6118.0,0.059,0.248,1.102,,нет данных,,True
2492,3.0,4,46879.0,129921.0,30089.0,0.232,0.265,-0.53,,нет данных,,True
2493,3.0,4,46785.0,147364.0,23014.0,0.155,0.279,-0.264,,нет данных,,True
2494,5.0,4,58302.0,221398.0,102859.0,0.462,0.272,-1.541,,нет данных,,True
2495,5.0,4,59020.0,177711.0,238371.0,1.339,0.262,-2.369,,нет данных,,True
2496,3.0,4,46817.0,153818.0,8902.0,0.058,0.281,0.687,,нет данных,,True
2497,5.0,4,54215.0,203866.0,126405.0,0.618,0.288,-1.82,,нет данных,,True
2498,3.0,4,45889.0,118004.0,8458.0,0.072,0.249,0.718,,нет данных,,True
2499,3.0,4,47594.0,140809.0,30308.0,0.215,0.263,-0.522,,нет данных,,True
2500,3.0,4,46603.0,121699.0,9255.0,0.076,0.251,0.643,,нет данных,,True
2501,3.0,4,47377.0,107675.0,11815.0,0.11,0.228,0.415,,нет данных,,True
2502,3.0,4,48068.0,185413.0,20772.0,0.112,0.251,-0.134,,нет данных,,True
2503,3.0,4,54705.0,126160.0,21817.0,0.173,0.281,-0.054,,нет данных,,True
2504,3.0,4,44768.0,143708.0,14269.0,0.099,0.255,0.17,,нет данных,,True
2505,5.0,4,51236.0,203838.0,247304.0,1.212,0.269,-2.547,,нет данных,,True
2506,5.0,4,55231.0,134505.0,66459.0,0.494,0.267,-1.158,,нет данных,,True
2507,3.0,4,48687.0,207152.0,46900.0,0.227,0.25,-0.936,,нет данных,,True
2508,3.0,4,52959.0,98552.0,19349.0,0.196,0.278,0.034,,нет данных,,True
2509,5.0,4,64689.0,169418.0,222122.0,1.308,0.243,-2.207,,нет данных,,True
2510,5.0,4,52667.0,142385.0,56534.0,0.397,0.27,-1.044,,нет данных,,True
2511,3.0,4,44125.0,120044.0,19251.0,0.159,0.264,-0.144,,нет данных,,True
2512,3.0,4,47364.0,122810.0,19264.0,0.157,0.258,-0.074,,нет данных,,True
2513,3.0,4,44204.0,98682.0,2617.0,0.026,0.278,1.854,,нет данных,,True
2514,5.0,4,48662.0,193312.0,64783.0,0.334,0.269,-1.259,,нет данных,,True
2515,3.0,4,47908.0,122380.0,10176.0,0.083,0.268,0.576,,нет данных,,True
2516,3.0,4,48744.0,107538.0,6292.0,0.059,0.249,1.074,,нет данных,,True
2517,3.0,4,52790.0,132052.0,14559.0,0.11,0.282,0.315,,нет данных,,True
2518,5.0,4,52218.0,171369.0,89659.0,0.522,0.26,-1.514,,нет данных,,True
2519,5.0,4,54102.0,151246.0,139185.0,0.918,0.225,-1.918,,нет данных,,True
2520,3.0,4,46749.0,123555.0,16826.0,0.136,0.214,0.049,,нет данных,,True
2521,4.0,4,51418.0,143419.0,34706.0,0.242,0.17,-0.58,,нет данных,,True
2522,3.0,4,52401.0,131651.0,23399.0,0.177,0.267,-0.167,,нет данных,,True
2523,3.0,4,46798.0,114968.0,5210.0,0.045,0.26,1.222,,нет данных,,True
2524,3.0,4,50886.0,121628.0,6601.0,0.054,0.244,1.069,,нет данных,,True
2525,3.0,4,48197.0,108321.0,5741.0,0.053,0.26,1.154,,нет данных,,True
2526,3.0,4,44952.0,124234.0,15932.0,0.128,0.243,0.064,,нет данных,,True
2527,3.0,4,65709.0,116504.0,12541.0,0.108,0.25,0.683,,нет данных,,True
2528,3.0,4,53204.0,118863.0,4736.0,0.04,0.254,1.446,,нет данных,,True
2529,5.0,4,48997.0,155051.0,51405.0,0.33,0.273,-1.021,,нет данных,,True
2530,3.0,4,46774.0,119996.0,4676.0,0.039,0.264,1.33,,нет данных,,True
2531,3.0,4,51187.0,125893.0,9455.0,0.075,0.272,0.716,,нет данных,,True
2532,3.0,4,57002.0,135176.0,24486.0,0.182,0.262,-0.128,,нет данных,,True
2533,5.0,4,57114.0,154786.0,51215.0,0.33,0.255,-0.864,,нет данных,,True
2534,3.0,4,47046.0,142874.0,17127.0,0.12,0.278,0.037,,нет данных,,True
2535,5.0,4,69993.0,234230.0,384036.0,1.638,0.257,-2.676,,нет данных,,True
2536,5.0,4,57682.0,175694.0,294961.0,1.678,0.255,-2.605,,нет данных,,True
2537,5.0,4,56702.0,210854.0,538003.0,2.547,0.263,-3.223,,нет данных,,True
2538,3.0,4,50448.0,132052.0,23691.0,0.179,0.274,-0.217,,нет данных,,True
2539,5.0,4,51713.0,228216.0,607498.0,2.654,0.27,-3.437,,нет данных,,True
2540,5.0,4,56577.0,176317.0,649847.0,3.682,0.295,-3.414,,нет данных,,True
2541,5.0,4,62778.0,236477.0,370570.0,1.555,0.289,-2.749,,нет данных,,True
2542,5.0,4,56054.0,191167.0,122386.0,0.64,0.27,-1.754,,нет данных,,True
2543,5.0,4,61248.0,220398.0,599766.0,2.72,0.281,-3.255,,нет данных,,True
2544,5.0,4,68111.0,201598.0,260649.0,1.291,0.275,-2.315,,нет данных,,True
2545,5.0,4,66281.0,264630.0,755568.0,2.851,0.268,-3.407,,нет данных,,True
2546,3.0,4,45938.0,129073.0,14040.0,0.109,0.292,0.212,,нет данных,,True
2547,5.0,4,38744.0,159728.0,46068.0,0.287,0.278,-1.146,,нет данных,,True
2548,3.0,4,43590.0,108652.0,4788.0,0.044,0.25,1.235,,нет данных,,True
2549,5.0,4,50263.0,152251.0,79963.0,0.526,0.252,-1.438,,нет данных,,True
2550,3.0,4,43420.0,96983.0,10831.0,0.112,0.238,0.415,,нет данных,,True
2551,3.0,4,46911.0,103854.0,9110.0,0.088,0.26,0.666,,нет данных,,True
2552,3.0,4,44725.0,145007.0,7879.0,0.054,0.234,0.763,,нет данных,,True
2553,5.0,4,43951.0,201119.0,203233.0,1.02,0.26,-2.505,,нет данных,,True
2554,5.0,4,42485.0,143502.0,34186.0,0.238,0.283,-0.756,,нет данных,,True
2555,3.0,4,48658.0,112781.0,22267.0,0.198,0.252,-0.192,,нет данных,,True
2556,3.0,4,44453.0,144453.0,32443.0,0.224,0.278,-0.658,,нет данных,,True
2557,5.0,4,49972.0,158946.0,39009.0,0.246,0.267,-0.726,,нет данных,,True
2558,5.0,4,58167.0,317668.0,301307.0,0.947,0.27,-2.618,,нет данных,,True
2559,5.0,4,63042.0,191247.0,75976.0,0.398,0.315,-1.16,,нет данных,,True
2560,5.0,4,49201.0,118256.0,28238.0,0.238,0.263,-0.418,,нет данных,,True
2561,5.0,4,49521.0,150396.0,46417.0,0.31,0.272,-0.909,,нет данных,,True
2562,3.0,4,47691.0,154577.0,28116.0,0.181,0.258,-0.445,,нет данных,,True
2563,3.0,4,61863.0,154255.0,15738.0,0.102,0.31,0.396,,нет данных,,True
2564,5.0,4,58499.0,157046.0,57362.0,0.365,0.274,-0.954,,нет данных,,True
2565,3.0,4,51988.0,129196.0,5827.0,0.045,0.248,1.215,,нет данных,,True
2566,3.0,4,50825.0,114859.0,5529.0,0.048,0.292,1.245,,нет данных,,True
2567,5.0,4,55430.0,217462.0,138474.0,0.636,0.267,-1.889,,нет данных,,True
2568,3.0,4,49685.0,109713.0,7288.0,0.066,0.215,0.946,,нет данных,,True
2569,3.0,4,48214.0,136501.0,12663.0,0.093,0.267,0.364,,нет данных,,True
2570,3.0,4,44703.0,110756.0,6891.0,0.062,0.262,0.897,,нет данных,,True
2571,3.0,4,40582.0,117419.0,9887.0,0.084,0.25,0.439,,нет данных,,True
2572,3.0,4,45200.0,103366.0,4143.0,0.04,0.29,1.416,,нет данных,,True
2573,5.0,4,52502.0,192102.0,189821.0,0.983,0.276,-2.259,,нет данных,,True
2574,5.0,4,52104.0,181232.0,187927.0,1.039,0.26,-2.256,,нет данных,,True
2575,3.0,4,45667.0,158110.0,7041.0,0.044,0.282,0.896,,нет данных,,True
2576,5.0,4,48432.0,131241.0,38849.0,0.296,0.27,-0.753,,нет данных,,True
2577,5.0,4,50358.0,149894.0,61900.0,0.412,0.277,-1.18,,нет данных,,True
2578,3.0,4,49713.0,110471.0,5078.0,0.048,0.271,1.308,,нет данных,,True
2579,5.0,4,48811.0,200011.0,52270.0,0.262,0.271,-1.042,,нет данных,,True
2580,3.0,4,47282.0,113523.0,7245.0,0.064,0.292,0.903,,нет данных,,True
2581,3.0,4,47621.0,112695.0,7575.0,0.067,0.266,0.865,,нет данных,,True
2582,3.0,4,43938.0,115178.0,11808.0,0.103,0.28,0.341,,нет данных,,True
2583,3.0,4,49996.0,157846.0,15313.0,0.097,0.277,0.21,,нет данных,,True
2584,3.0,4,46413.0,117385.0,8838.0,0.075,0.259,0.685,,нет данных,,True
2585,3.0,4,47988.0,138827.0,10496.0,0.075,0.249,0.547,,нет данных,,True
2586,3.0,4,46485.0,144423.0,46715.0,0.324,0.251,-0.978,,нет данных,,True
2587,3.0,4,48271.0,117069.0,13886.0,0.118,0.276,0.273,,нет данных,,True
2588,3.0,4,42339.0,134702.0,13168.0,0.097,0.255,0.195,,нет данных,,True
2589,3.0,4,59012.0,127317.0,4342.0,0.034,0.125,1.636,,нет данных,,True
2590,3.0,4,49208.0,100573.0,5558.0,0.054,0.257,1.208,,нет данных,,True
2591,3.0,2,41132.0,112227.0,24261.0,0.216,0.282,-0.445,,нет данных,,True
2592,3.0,4,48886.0,103401.0,7021.0,0.068,0.24,0.967,,нет данных,,True
2593,3.0,2,30636.0,102261.0,25447.0,0.249,0.308,-0.788,,нет данных,,True
2595,3.0,2,34069.0,166838.0,4568.0,0.027,0.292,1.036,,нет данных,,True
2596,3.0,2,40186.0,113971.0,8263.0,0.073,0.286,0.608,,нет данных,,True
2597,3.0,2,41837.0,107026.0,23849.0,0.218,0.299,-0.411,,нет данных,,True
2598,4.0,2,35225.0,100424.0,53645.0,0.531,0.259,-1.394,,нет данных,,True
2599,3.0,4,54510.0,217268.0,49347.0,0.225,0.221,-0.874,,нет данных,,True
2600,3.0,4,43317.0,119956.0,18410.0,0.153,0.292,-0.118,,нет данных,,True
2601,3.0,2,36880.0,93091.0,935.0,0.01,0.217,2.702,,нет данных,,True
2602,3.0,4,50942.0,97884.0,6475.0,0.068,0.231,1.089,,нет данных,,True
2604,3.0,4,45682.0,176276.0,16863.0,0.096,0.245,0.023,,нет данных,,True
2605,3.0,4,56422.0,152242.0,27637.0,0.181,0.192,-0.26,,нет данных,,True
2606,3.0,4,43476.0,99042.0,1321.0,0.013,0.232,2.521,,нет данных,,True
2607,3.0,2,36286.0,92634.0,13429.0,0.144,0.309,0.021,,нет данных,,True
2618,0.0,1,23439.0,47399.0,10140.0,0.214,0.317,-0.135,0.107,не значимо,260.0,False
2619,1.0,2,31546.0,60082.0,11559.0,0.192,0.29,0.031,0.576,не значимо,122.0,False
2620,1.0,2,33343.0,66719.0,19687.0,0.295,0.243,-0.446,0.365,не значимо,206.0,False
2621,1.0,2,34126.0,81225.0,27761.0,0.342,0.239,-0.767,0.254,не значимо,178.0,False
2644,1.0,2,39589.0,84671.0,13953.0,0.165,0.232,0.07,0.407,не значимо,,False
2646,3.0,2,39687.0,89931.0,20702.0,0.23,0.231,-0.322,-0.072,не значимо,76.0,False
2647,3.0,2,31950.0,89546.0,23391.0,0.261,0.215,-0.661,-1.204,не значимо,87.0,False
2648,3.0,2,39484.0,72968.0,6611.0,0.091,0.18,0.814,0.469,не значимо,,False
2649,1.0,4,42154.0,92611.0,15190.0,0.164,0.218,0.047,0.557,не значимо,,False
2651,1.0,4,47654.0,114823.0,24395.0,0.212,0.224,-0.304,0.489,не значимо,,False
2652,1.0,2,37653.0,77881.0,12696.0,0.163,0.237,0.114,0.429,не значимо,,False
2710,0.0,2,28022.0,42875.0,7634.0,0.178,0.291,0.327,1.007,не значимо,130.0,False
2808,1.0,2,39487.0,80533.0,17871.0,0.222,0.241,-0.181,0.748,не значимо,,False
2809,1.0,2,26939.0,52220.0,8012.0,0.154,0.237,0.239,0.378,не значимо,91.0,False
2813,1.0,2,35545.0,67756.0,8434.0,0.125,0.249,0.465,0.732,не значимо,,False
2814,1.0,4,43195.0,81057.0,14218.0,0.175,0.218,0.138,0.997,не значимо,,False
2872,4.0,7,41148.0,122086.0,45933.0,0.378,0.103,-1.083,0.174,не значимо,61.0,False
2876,1.0,2,33378.0,58607.0,7380.0,0.126,0.224,0.536,0.712,не значимо,200.0,False
2879,4.0,5,47181.0,146142.0,60664.0,0.415,0.109,-1.225,0.005,не значимо,866.0,False
2880,4.0,5,47829.0,116812.0,48933.0,0.419,0.147,-0.996,0.563,не значимо,22.0,False
2881,2.0,2,27022.0,50451.0,4185.0,0.083,0.25,0.892,0.835,HH,187.0,False
2882,4.0,5,42050.0,166500.0,255046.0,1.532,0.122,-2.776,-0.134,не значимо,787.0,False
2883,,2,31413.0,48260.0,6624.0,0.137,0.284,0.583,,нет данных,101.0,False
2884,,2,28018.0,51322.0,10690.0,0.208,0.288,-0.01,,нет данных,121.0,False
2885,2.0,3,24183.0,47613.0,6947.0,0.146,0.223,0.274,0.091,не значимо,195.0,False
2886,1.0,1,26400.0,63505.0,16058.0,0.253,0.27,-0.476,-0.414,не значимо,200.0,False
2887,1.0,2,31290.0,64199.0,15555.0,0.242,0.251,-0.274,0.215,не значимо,0.0,False
3005,1.0,2,29822.0,63345.0,16839.0,0.266,0.262,-0.402,0.117,не значимо,111.0,False
3007,,3,26669.0,90216.0,47120.0,0.522,0.26,-1.542,,нет данных,187.0,False
3009,1.0,2,30861.0,55338.0,16716.0,0.302,0.256,-0.36,0.505,не значимо,0.0,False
3011,1.0,2,28542.0,53125.0,9011.0,0.17,0.268,0.18,0.358,не значимо,140.0,False
3012,0.0,1,21305.0,43620.0,4391.0,0.101,0.313,0.606,-0.024,не значимо,172.0,False
3013,3.0,2,42617.0,92951.0,25272.0,0.272,0.224,-0.451,0.037,не значимо,,False
